use_policy,architecture,hidden_layers,parameters,n_input,seed,fold,battery_id,rmse,mae
False,linear,none,600,11,20260815,1,1,0.002108958949765432,0.0014690340030938387
False,linear,none,600,11,20260815,1,6,0.0001334193689189314,9.012698865262792e-05
False,linear,none,600,11,20260815,1,12,0.00046314340121808985,0.00035876035690307617
False,linear,none,600,11,20260815,1,13,0.00011533945790210771,0.00010036706953542307
False,linear,none,600,11,20260815,1,20,9.143126656995576e-05,7.648706377949566e-05
False,linear,none,600,11,20260815,1,22,0.00010588024044621644,8.468508895020932e-05
False,linear,none,600,11,20260815,1,47,0.00044028950142524276,0.00034980298369191587
False,linear,none,600,11,20260815,1,49,8.173548665762849e-05,7.254481170093641e-05
False,linear,none,600,11,20260815,2,3,0.0016856459948688522,0.0014971208292990923
False,linear,none,600,11,20260815,2,17,0.0002812490496871874,0.00023621798027306795
False,linear,none,600,11,20260815,2,30,0.00023261312671585377,0.00017553687212057412
False,linear,none,600,11,20260815,2,38,0.00018132926169940806,0.00013095379108563066
False,linear,none,600,11,20260815,2,40,0.0001459112816944047,0.00010668516188161448
False,linear,none,600,11,20260815,2,41,0.00034297785678992124,0.00029257297865115106
False,linear,none,600,11,20260815,2,42,9.13426061119283e-05,6.945252243895084e-05
False,linear,none,600,11,20260815,2,45,0.00014912357892107184,0.00012048602366121486
False,linear,none,600,11,20260815,3,7,0.0007734282169606585,0.0006156754679977894
False,linear,none,600,11,20260815,3,8,0.001788469220568899,0.0014663409674540162
False,linear,none,600,11,20260815,3,23,0.0005873432381043617,0.00047100544907152653
False,linear,none,600,11,20260815,3,26,0.00022169117318119924,0.0001846575760282576
False,linear,none,600,11,20260815,3,33,0.00020541143419240159,0.00016046404198277742
False,linear,none,600,11,20260815,3,34,5.8189862510367416e-05,4.6923159970901906e-05
False,linear,none,600,11,20260815,3,35,0.0005267088134082875,0.0004424297949299216
False,linear,none,600,11,20260815,3,37,0.00031117644771922197,0.0002558767737355083
False,linear,none,600,11,20260815,4,4,0.0004405782461072965,0.0003318929811939597
False,linear,none,600,11,20260815,4,15,0.00029829475430962166,0.00022767305199522525
False,linear,none,600,11,20260815,4,19,0.00016725279458451418,0.0001332533429376781
False,linear,none,600,11,20260815,4,27,0.00017412866280749054,0.00015046834596432745
False,linear,none,600,11,20260815,4,29,7.568436341096541e-05,6.250858132261783e-05
False,linear,none,600,11,20260815,4,43,0.0005804019845010443,0.0004971051239408553
False,linear,none,600,11,20260815,4,44,0.0002803567812466439,0.00021057724370621145
False,linear,none,600,11,20260815,4,48,0.00024667744999979193,0.00019717813120223582
False,linear,none,600,11,20260815,5,18,0.00033069331602985014,0.00026914835325442255
False,linear,none,600,11,20260815,5,21,0.00015685708303918763,0.0001281785953324288
False,linear,none,600,11,20260815,5,28,7.604289005945561e-05,6.142973870737478e-05
False,linear,none,600,11,20260815,5,31,8.309406440644902e-05,7.127404387574643e-05
False,linear,none,600,11,20260815,5,32,0.00015965624536505986,0.00013983130338601768
False,linear,none,600,11,20260815,5,36,6.560496451890634e-05,5.338430491974577e-05
False,linear,none,600,11,20260815,5,39,6.457926365050638e-05,4.8466921725776047e-05
False,linear,none,600,11,20260815,5,46,0.000470370974768213,0.0003977453743573278
False,linear,none,600,11,20260816,1,1,0.002106082579737492,0.0014601624570786953
False,linear,none,600,11,20260816,1,6,0.00010376321711068771,8.044957940001041e-05
False,linear,none,600,11,20260816,1,12,0.0004724455453434132,0.0003632354782894254
False,linear,none,600,11,20260816,1,13,0.0001374909334543609,0.00010957240738207474
False,linear,none,600,11,20260816,1,20,8.27703264271882e-05,6.773114000679925e-05
False,linear,none,600,11,20260816,1,22,9.862241873936945e-05,7.995009218575433e-05
False,linear,none,600,11,20260816,1,47,0.00038975999974929197,0.00031272292835637927
False,linear,none,600,11,20260816,1,49,9.421643529152489e-05,7.859111065044999e-05
False,linear,none,600,11,20260816,2,3,0.0016978599750933267,0.0015029131900519133
False,linear,none,600,11,20260816,2,17,0.0002691050896778966,0.00023067474830895662
False,linear,none,600,11,20260816,2,30,0.00020874873280642763,0.00015443444135598838
False,linear,none,600,11,20260816,2,38,0.00016986214764685127,0.00012794137001037598
False,linear,none,600,11,20260816,2,40,0.00012994520005163822,0.0001014101508189924
False,linear,none,600,11,20260816,2,41,0.0003873902813823043,0.0003285133861936629
False,linear,none,600,11,20260816,2,42,8.073909248010788e-05,6.260156806092709e-05
False,linear,none,600,11,20260816,2,45,0.00015112371264391973,0.00011839866783702746
False,linear,none,600,11,20260816,3,7,0.00076313448439697,0.000607625232078135
False,linear,none,600,11,20260816,3,8,0.0018450896363534546,0.001510118250735104
False,linear,none,600,11,20260816,3,23,0.0005861828783122182,0.00046839952119626105
False,linear,none,600,11,20260816,3,26,0.00019880870821486297,0.00016315937682520598
False,linear,none,600,11,20260816,3,33,0.00019978359310362552,0.0001569581072544679
False,linear,none,600,11,20260816,3,34,6.332364121184675e-05,5.155086546437815e-05
False,linear,none,600,11,20260816,3,35,0.0005204612870890957,0.0004368186055216938
False,linear,none,600,11,20260816,3,37,0.0003072809114993423,0.00025349139468744397
False,linear,none,600,11,20260816,4,4,0.00042999205509297345,0.00032423020456917584
False,linear,none,600,11,20260816,4,15,0.0002958678986345011,0.0002249622339149937
False,linear,none,600,11,20260816,4,19,0.00016005838814553628,0.00012932777462992817
False,linear,none,600,11,20260816,4,27,0.00019234578639094785,0.00015894412354100496
False,linear,none,600,11,20260816,4,29,7.706418711817799e-05,6.631255382671952e-05
False,linear,none,600,11,20260816,4,43,0.0005775642714685132,0.0004970717709511518
False,linear,none,600,11,20260816,4,44,0.00028124066197152315,0.00021050572104286402
False,linear,none,600,11,20260816,4,48,0.00024341391217472317,0.00019651174079626799
False,linear,none,600,11,20260816,5,18,0.0003296343148520686,0.0002665281353984028
False,linear,none,600,11,20260816,5,21,0.0001519288722653221,0.00012503266043495387
False,linear,none,600,11,20260816,5,28,8.870185525180615e-05,7.369518425548449e-05
False,linear,none,600,11,20260816,5,31,6.735946921405592e-05,5.437135769170709e-05
False,linear,none,600,11,20260816,5,32,0.0001653127220468833,0.00015012860239949077
False,linear,none,600,11,20260816,5,36,6.35718814905536e-05,5.1600931328721344e-05
False,linear,none,600,11,20260816,5,39,6.25449043016856e-05,4.730939690489322e-05
False,linear,none,600,11,20260816,5,46,0.00047172432370887137,0.0003976595471613109
False,linear,none,600,11,20260817,1,1,0.0020929468739053097,0.001457821112126112
False,linear,none,600,11,20260817,1,6,0.00013211537920379543,8.636236452730373e-05
False,linear,none,600,11,20260817,1,12,0.00046276696128641335,0.00035916685010306537
False,linear,none,600,11,20260817,1,13,0.00012020059892759126,9.889960347209126e-05
False,linear,none,600,11,20260817,1,20,9.793257627529693e-05,7.82513598096557e-05
False,linear,none,600,11,20260817,1,22,0.00010710060725006565,8.308887481689453e-05
False,linear,none,600,11,20260817,1,47,0.000428487920634155,0.00034197806962765753
False,linear,none,600,11,20260817,1,49,9.05325293952521e-05,8.098364196484908e-05
False,linear,none,600,11,20260817,2,3,0.0016877143148714636,0.001496151671744883
False,linear,none,600,11,20260817,2,17,0.0002773402263957192,0.00023395776224788278
False,linear,none,600,11,20260817,2,30,0.00023635529519229874,0.000174334054463543
False,linear,none,600,11,20260817,2,38,0.00017540362868781375,0.0001305210607824847
False,linear,none,600,11,20260817,2,40,0.00014121279422591964,0.00010469317203387618
False,linear,none,600,11,20260817,2,41,0.00040839695098972734,0.0003362929855939001
False,linear,none,600,11,20260817,2,42,8.363043309514423e-05,6.503462645923719e-05
False,linear,none,600,11,20260817,2,45,0.00015059055997416736,0.00011978864495176822
False,linear,none,600,11,20260817,3,7,0.0007476097661459256,0.000590095529332757
False,linear,none,600,11,20260817,3,8,0.0018825066603253523,0.0015525103081017733
False,linear,none,600,11,20260817,3,23,0.0005970234255081625,0.0004798972513526678
False,linear,none,600,11,20260817,3,26,0.00020940188230373456,0.00016779541329015046
False,linear,none,600,11,20260817,3,33,0.00020747509555777314,0.00016255259106401354
False,linear,none,600,11,20260817,3,34,6.420744192251154e-05,5.20443900313694e-05
False,linear,none,600,11,20260817,3,35,0.0005136764942984768,0.0004291081568226218
False,linear,none,600,11,20260817,3,37,0.00031114302825112117,0.0002570426440797746
False,linear,none,600,11,20260817,4,4,0.0004494549726783729,0.0003407585609238595
False,linear,none,600,11,20260817,4,15,0.0002993763365955132,0.0002284705697093159
False,linear,none,600,11,20260817,4,19,0.00016784048839483317,0.00013297796249389648
False,linear,none,600,11,20260817,4,27,0.0001763023781773699,0.0001553225447423756
False,linear,none,600,11,20260817,4,29,7.734794760092477e-05,6.607174873352051e-05
False,linear,none,600,11,20260817,4,43,0.0005788298844931588,0.0004964041872881353
False,linear,none,600,11,20260817,4,44,0.00028191908196359953,0.00021186351659707725
False,linear,none,600,11,20260817,4,48,0.00025020411213228297,0.00019994855392724276
False,linear,none,600,11,20260817,5,18,0.0003348013324057221,0.0002715206064749509
False,linear,none,600,11,20260817,5,21,0.00015390403474560324,0.00012621283531188965
False,linear,none,600,11,20260817,5,28,7.338077699863287e-05,6.288290023803711e-05
False,linear,none,600,11,20260817,5,31,7.399366611739758e-05,6.0685873904731125e-05
False,linear,none,600,11,20260817,5,32,0.00015670464667561082,0.00013988971477374434
False,linear,none,600,11,20260817,5,36,6.327409596609639e-05,5.1827431889250875e-05
False,linear,none,600,11,20260817,5,39,6.246190321954715e-05,4.920482751913369e-05
False,linear,none,600,11,20260817,5,46,0.00047401332673330785,0.0003999638429377228
False,bottleneck_4,4,298,11,20260815,1,1,0.0022672670728128416,0.00159563182387501
False,bottleneck_4,4,298,11,20260815,1,6,0.0002346333415808903,0.000204341413336806
False,bottleneck_4,4,298,11,20260815,1,12,0.00027828304999513584,0.00020403385860845447
False,bottleneck_4,4,298,11,20260815,1,13,0.00018371211299242785,0.00015765070565976202
False,bottleneck_4,4,298,11,20260815,1,20,0.00013962287212911586,0.00013339042197912931
False,bottleneck_4,4,298,11,20260815,1,22,3.5258677531180404e-05,2.6384592274553142e-05
False,bottleneck_4,4,298,11,20260815,1,47,0.0001948287843356174,0.00016350745863746852
False,bottleneck_4,4,298,11,20260815,1,49,0.0001634827684722026,0.0001331782405031845
False,bottleneck_4,4,298,11,20260815,2,3,0.005531822378266165,0.0048928093165159225
False,bottleneck_4,4,298,11,20260815,2,17,0.00026537535494617747,0.00022802353487350047
False,bottleneck_4,4,298,11,20260815,2,30,0.000349010273002239,0.00024203538487199694
False,bottleneck_4,4,298,11,20260815,2,38,7.463528885464377e-05,5.8922767493641004e-05
False,bottleneck_4,4,298,11,20260815,2,40,0.00010348977352730998,8.555888780392706e-05
False,bottleneck_4,4,298,11,20260815,2,41,0.0001771791152213643,0.00012373566278256476
False,bottleneck_4,4,298,11,20260815,2,42,0.0001573193662187388,0.00012625932868104428
False,bottleneck_4,4,298,11,20260815,2,45,3.856924722488793e-05,3.0343531761900522e-05
False,bottleneck_4,4,298,11,20260815,3,7,0.0006908393396546632,0.0005134785315021873
False,bottleneck_4,4,298,11,20260815,3,8,0.006663361417275077,0.005804265849292278
False,bottleneck_4,4,298,11,20260815,3,23,0.00035107937238576417,0.00027806044090539217
False,bottleneck_4,4,298,11,20260815,3,26,0.0007631209276853597,0.0006422793958336115
False,bottleneck_4,4,298,11,20260815,3,33,0.00019061704252511458,0.00014492153422906995
False,bottleneck_4,4,298,11,20260815,3,34,0.0001316888988692001,7.82561328378506e-05
False,bottleneck_4,4,298,11,20260815,3,35,0.0006783111442429514,0.0006572604179382324
False,bottleneck_4,4,298,11,20260815,3,37,0.0003022429115943379,0.0002544283925089985
False,bottleneck_4,4,298,11,20260815,4,4,0.0009041126136800403,0.0007082510273903608
False,bottleneck_4,4,298,11,20260815,4,15,0.00025546347710304993,0.00019655228243209422
False,bottleneck_4,4,298,11,20260815,4,19,5.912177624483315e-05,4.476308822631836e-05
False,bottleneck_4,4,298,11,20260815,4,27,0.0001352092577830031,0.00011676788562908769
False,bottleneck_4,4,298,11,20260815,4,29,0.00014660367322636163,0.00013657688396051526
False,bottleneck_4,4,298,11,20260815,4,43,0.0009271609613951785,0.000805476913228631
False,bottleneck_4,4,298,11,20260815,4,44,0.00017442790869588688,0.00013405084609985352
False,bottleneck_4,4,298,11,20260815,4,48,0.0004626739360504286,0.00039186954381875694
False,bottleneck_4,4,298,11,20260815,5,18,0.0003532830399567039,0.0002813446626532823
False,bottleneck_4,4,298,11,20260815,5,21,9.862049146926768e-05,8.22162619442679e-05
False,bottleneck_4,4,298,11,20260815,5,28,0.00018382255088514812,0.00014360070053953677
False,bottleneck_4,4,298,11,20260815,5,31,0.00016733187953229175,0.00013013840361963958
False,bottleneck_4,4,298,11,20260815,5,32,0.00011154089603634989,9.026288898894563e-05
False,bottleneck_4,4,298,11,20260815,5,36,0.0001363610984537303,0.00011100291885668412
False,bottleneck_4,4,298,11,20260815,5,39,0.00011897428639422084,9.250164293916896e-05
False,bottleneck_4,4,298,11,20260815,5,46,0.000607147365022029,0.0005114567466080189
False,bottleneck_4,4,298,11,20260816,1,1,0.002134988202198247,0.001473346957936883
False,bottleneck_4,4,298,11,20260816,1,6,0.0006191190430549795,0.00048293350846506655
False,bottleneck_4,4,298,11,20260816,1,12,0.00030241230521323463,0.00023773909197188914
False,bottleneck_4,4,298,11,20260816,1,13,0.00014603159865538083,0.00013110757572576404
False,bottleneck_4,4,298,11,20260816,1,20,0.0001031326924084183,9.404301817994565e-05
False,bottleneck_4,4,298,11,20260816,1,22,7.985677846141393e-05,6.453037349274382e-05
False,bottleneck_4,4,298,11,20260816,1,47,0.00022476411277496414,0.000191069848369807
False,bottleneck_4,4,298,11,20260816,1,49,8.224527422303083e-05,6.558180029969662e-05
False,bottleneck_4,4,298,11,20260816,2,3,0.003817298598251367,0.003349816892296076
False,bottleneck_4,4,298,11,20260816,2,17,0.00023756174258776692,0.00020291924010962248
False,bottleneck_4,4,298,11,20260816,2,30,0.0004505006116019188,0.00038688062340952456
False,bottleneck_4,4,298,11,20260816,2,38,0.0002016233606514382,0.0001516878546681255
False,bottleneck_4,4,298,11,20260816,2,40,7.997865920108837e-05,5.8168174291495234e-05
False,bottleneck_4,4,298,11,20260816,2,41,0.00010364671886389734,7.369756349362433e-05
False,bottleneck_4,4,298,11,20260816,2,42,0.00013589159028321629,0.00010737776756286621
False,bottleneck_4,4,298,11,20260816,2,45,0.00011135801566048695,9.379148832522333e-05
False,bottleneck_4,4,298,11,20260816,3,7,0.0007344030677525493,0.0005474913050420582
False,bottleneck_4,4,298,11,20260816,3,8,0.0022452217737282524,0.0018902564188465476
False,bottleneck_4,4,298,11,20260816,3,23,0.00013547402152042356,0.00010181546531384811
False,bottleneck_4,4,298,11,20260816,3,26,0.0004556947510577858,0.00038769483217038214
False,bottleneck_4,4,298,11,20260816,3,33,0.00015251813608254628,0.00011183500464539975
False,bottleneck_4,4,298,11,20260816,3,34,0.00010220790646796291,6.127596134319901e-05
False,bottleneck_4,4,298,11,20260816,3,35,0.0013801910897515398,0.0012383842840790749
False,bottleneck_4,4,298,11,20260816,3,37,0.0002536959519203033,0.00021434546215459704
False,bottleneck_4,4,298,11,20260816,4,4,0.0006077172896311468,0.0004905581590719521
False,bottleneck_4,4,298,11,20260816,4,15,0.0003289495078843008,0.0002536976244300604
False,bottleneck_4,4,298,11,20260816,4,19,0.00011843166938449865,0.00010236621164949611
False,bottleneck_4,4,298,11,20260816,4,27,0.00013938452829114016,0.00012396097008604556
False,bottleneck_4,4,298,11,20260816,4,29,0.00011880514810390853,0.00011152863589813933
False,bottleneck_4,4,298,11,20260816,4,43,0.0005661526154308235,0.0004886424285359681
False,bottleneck_4,4,298,11,20260816,4,44,9.012708634260811e-05,7.978916255524382e-05
False,bottleneck_4,4,298,11,20260816,4,48,0.00011874636531227857,9.808302274905145e-05
False,bottleneck_4,4,298,11,20260816,5,18,0.00013079783324022832,0.00011360645294189453
False,bottleneck_4,4,298,11,20260816,5,21,6.329568469678626e-05,5.374908505473286e-05
False,bottleneck_4,4,298,11,20260816,5,28,4.568798569643803e-05,4.030108539154753e-05
False,bottleneck_4,4,298,11,20260816,5,31,0.0001819275245720073,0.00013717055844608694
False,bottleneck_4,4,298,11,20260816,5,32,7.464435926724098e-05,6.39939316897653e-05
False,bottleneck_4,4,298,11,20260816,5,36,0.00010892302400257208,9.827971371123567e-05
False,bottleneck_4,4,298,11,20260816,5,39,5.085265728816808e-05,4.0981769416248426e-05
False,bottleneck_4,4,298,11,20260816,5,46,0.0007115886381081092,0.0006037461571395397
False,bottleneck_4,4,298,11,20260817,1,1,0.0020005408463204368,0.0013955056201666594
False,bottleneck_4,4,298,11,20260817,1,6,8.79583271032444e-05,7.179379463195801e-05
False,bottleneck_4,4,298,11,20260817,1,12,0.00024796101043210586,0.00018937468121293932
False,bottleneck_4,4,298,11,20260817,1,13,0.0001814845939619648,0.00015685081598348916
False,bottleneck_4,4,298,11,20260817,1,20,0.0001492333550438172,0.00014085769362282008
False,bottleneck_4,4,298,11,20260817,1,22,3.241909690768113e-05,2.5434494091314264e-05
False,bottleneck_4,4,298,11,20260817,1,47,0.0001811031395346581,0.00015393018838949502
False,bottleneck_4,4,298,11,20260817,1,49,0.0001625265873861063,0.00013214349746704102
False,bottleneck_4,4,298,11,20260817,2,3,0.0038250785475393255,0.003329781349748373
False,bottleneck_4,4,298,11,20260817,2,17,0.00017623662245470486,0.0001531279121991247
False,bottleneck_4,4,298,11,20260817,2,30,0.0003286908174715269,0.00027215242153033614
False,bottleneck_4,4,298,11,20260817,2,38,0.00023229867100920572,0.00016557693015784025
False,bottleneck_4,4,298,11,20260817,2,40,9.789526720039329e-05,7.140875095501542e-05
False,bottleneck_4,4,298,11,20260817,2,41,0.00016955016601480287,0.0001171243202406913
False,bottleneck_4,4,298,11,20260817,2,42,0.00011896780260683587,9.254336328012869e-05
False,bottleneck_4,4,298,11,20260817,2,45,8.299397002199836e-05,6.578564352821559e-05
False,bottleneck_4,4,298,11,20260817,3,7,0.001010668308604043,0.0007902944344095886
False,bottleneck_4,4,298,11,20260817,3,8,0.006544159022109099,0.0056574344635009766
False,bottleneck_4,4,298,11,20260817,3,23,7.181674889509048e-05,5.99288941884879e-05
False,bottleneck_4,4,298,11,20260817,3,26,0.00037991579772825936,0.00031134128221310675
False,bottleneck_4,4,298,11,20260817,3,33,0.00011430113032793046,7.718324923189357e-05
False,bottleneck_4,4,298,11,20260817,3,34,8.461497866781903e-05,6.978512101341039e-05
False,bottleneck_4,4,298,11,20260817,3,35,0.0007988685463235946,0.0007705605239607394
False,bottleneck_4,4,298,11,20260817,3,37,0.00020422680671958394,0.0001720166183076799
False,bottleneck_4,4,298,11,20260817,4,4,0.0002755015532531128,0.00023675442207604647
False,bottleneck_4,4,298,11,20260817,4,15,0.000260308067150409,0.00019368171342648566
False,bottleneck_4,4,298,11,20260817,4,19,3.5068216856900076e-05,2.9718876248807646e-05
False,bottleneck_4,4,298,11,20260817,4,27,0.00012545471593462836,0.00010776519775390625
False,bottleneck_4,4,298,11,20260817,4,29,0.00011347036119667483,0.00010526895493967459
False,bottleneck_4,4,298,11,20260817,4,43,0.0003469625436185784,0.0002985882747452706
False,bottleneck_4,4,298,11,20260817,4,44,4.252146674395974e-05,3.5810469853458926e-05
False,bottleneck_4,4,298,11,20260817,4,48,4.416715992189094e-05,3.6157369322609156e-05
False,bottleneck_4,4,298,11,20260817,5,18,0.00021144650913054491,0.00017137288523372263
False,bottleneck_4,4,298,11,20260817,5,21,0.000137212209636398,0.00011524081492098048
False,bottleneck_4,4,298,11,20260817,5,28,5.8472101461727764e-05,4.865408118348569e-05
False,bottleneck_4,4,298,11,20260817,5,31,0.00020134449005126953,0.00015537023136857897
False,bottleneck_4,4,298,11,20260817,5,32,0.00010043035534455151,5.670905011356808e-05
False,bottleneck_4,4,298,11,20260817,5,36,8.395417894624418e-05,7.44163990020752e-05
False,bottleneck_4,4,298,11,20260817,5,39,4.764078114676902e-05,3.98743140976876e-05
False,bottleneck_4,4,298,11,20260817,5,46,0.0024164978097313446,0.00211411714553833
False,hidden_8,8,546,11,20260815,1,1,0.002099868058816905,0.0014536583330482244
False,hidden_8,8,546,11,20260815,1,6,0.00012220338998574745,0.00010461091733304784
False,hidden_8,8,546,11,20260815,1,12,0.0002674665705128089,0.00019676089868880808
False,hidden_8,8,546,11,20260815,1,13,0.00016643662936620464,0.00014328479301184416
False,hidden_8,8,546,11,20260815,1,20,0.00017782659937603225,0.00016849279927555472
False,hidden_8,8,546,11,20260815,1,22,3.329490661806196e-05,2.844214395736344e-05
False,hidden_8,8,546,11,20260815,1,47,0.00011000458261130047,7.969021680764854e-05
False,hidden_8,8,546,11,20260815,1,49,0.00016774853404307908,0.00013224482245277613
False,hidden_8,8,546,11,20260815,2,3,0.004165950046422537,0.0035641563590615988
False,hidden_8,8,546,11,20260815,2,17,0.0001619841842923906,0.00014059424574952573
False,hidden_8,8,546,11,20260815,2,30,0.00021223551838555835,0.00018025397730525583
False,hidden_8,8,546,11,20260815,2,38,0.00020043733989699613,0.00014174223178997636
False,hidden_8,8,546,11,20260815,2,40,5.316076500600427e-05,3.644347088993527e-05
False,hidden_8,8,546,11,20260815,2,41,0.00029741040643106335,0.00021817446395289153
False,hidden_8,8,546,11,20260815,2,42,0.00012674421419270064,9.435773245058954e-05
False,hidden_8,8,546,11,20260815,2,45,0.00011616691814244277,0.00010004758951254189
False,hidden_8,8,546,11,20260815,3,7,0.0007726636706198454,0.0005855751223862171
False,hidden_8,8,546,11,20260815,3,8,0.001994555171862331,0.0016228747554123402
False,hidden_8,8,546,11,20260815,3,23,0.00013024555293465054,0.00010885834490181878
False,hidden_8,8,546,11,20260815,3,26,0.0007033018734866346,0.0005960333510302007
False,hidden_8,8,546,11,20260815,3,33,0.00012328280273460226,9.465575567446649e-05
False,hidden_8,8,546,11,20260815,3,34,9.284999034038312e-05,7.816075958544388e-05
False,hidden_8,8,546,11,20260815,3,35,0.0016372286979816325,0.0014210509834811091
False,hidden_8,8,546,11,20260815,3,37,0.00023839562275755743,0.00020735859288834035
False,hidden_8,8,546,11,20260815,4,4,0.0007827034669514523,0.0006033432437106967
False,hidden_8,8,546,11,20260815,4,15,0.00032448188330193604,0.00024209260300267488
False,hidden_8,8,546,11,20260815,4,19,0.00012162284315270463,0.00010563850082689896
False,hidden_8,8,546,11,20260815,4,27,8.83112914926587e-05,7.748484495095909e-05
False,hidden_8,8,546,11,20260815,4,29,0.0001240011282407074,0.00011512041237438098
False,hidden_8,8,546,11,20260815,4,43,0.0006306789292206792,0.0005446386057883501
False,hidden_8,8,546,11,20260815,4,44,4.999594959041121e-05,4.030585114378482e-05
False,hidden_8,8,546,11,20260815,4,48,0.00012192147572434226,9.885430335998535e-05
False,hidden_8,8,546,11,20260815,5,18,8.317974999730108e-05,6.79337972542271e-05
False,hidden_8,8,546,11,20260815,5,21,5.478356942698422e-05,4.585266287904233e-05
False,hidden_8,8,546,11,20260815,5,28,0.00012692194360278743,0.00010126709821633995
False,hidden_8,8,546,11,20260815,5,31,0.0002025411084990281,0.0001572298933751881
False,hidden_8,8,546,11,20260815,5,32,7.80588678112201e-05,6.611466233152896e-05
False,hidden_8,8,546,11,20260815,5,36,0.0001405776652688891,0.00012483001046348363
False,hidden_8,8,546,11,20260815,5,39,5.3866133380272236e-05,3.7382840673672035e-05
False,hidden_8,8,546,11,20260815,5,46,0.000442904544801888,0.0003774583456106484
False,hidden_8,8,546,11,20260816,1,1,0.0024602165377108566,0.0017504655988886952
False,hidden_8,8,546,11,20260816,1,6,0.00033154054823996505,0.0002466702426318079
False,hidden_8,8,546,11,20260816,1,12,0.00039205292995139307,0.0002988922642543912
False,hidden_8,8,546,11,20260816,1,13,0.00018221833039933807,0.00015476465341635048
False,hidden_8,8,546,11,20260816,1,20,8.249497361318896e-05,7.014274888206273e-05
False,hidden_8,8,546,11,20260816,1,22,4.8497996467355875e-05,4.045724926982075e-05
False,hidden_8,8,546,11,20260816,1,47,0.00040300251469369333,0.0003420257708057761
False,hidden_8,8,546,11,20260816,1,49,0.00018723025779482705,0.00014965653826948255
False,hidden_8,8,546,11,20260816,2,3,0.0036838752654668803,0.003164148423820734
False,hidden_8,8,546,11,20260816,2,17,0.000151653234011606,0.0001346051722066477
False,hidden_8,8,546,11,20260816,2,30,0.00014941521464696512,0.00011557101970538497
False,hidden_8,8,546,11,20260816,2,38,0.0002465608793385969,0.0001763868349371478
False,hidden_8,8,546,11,20260816,2,40,8.59826157082145e-05,5.584835889749229e-05
False,hidden_8,8,546,11,20260816,2,41,0.000270667284274965,0.0001928174460772425
False,hidden_8,8,546,11,20260816,2,42,0.0001316791324420045,0.00010205626313108951
False,hidden_8,8,546,11,20260816,2,45,9.233999392242555e-05,7.345080666709691e-05
False,hidden_8,8,546,11,20260816,3,7,0.0005098349830424355,0.0004149997257627547
False,hidden_8,8,546,11,20260816,3,8,0.00805915672215054,0.0069317687302827835
False,hidden_8,8,546,11,20260816,3,23,0.00034628156474267427,0.0002714836737141013
False,hidden_8,8,546,11,20260816,3,26,0.0006883378292465573,0.0005913007189519703
False,hidden_8,8,546,11,20260816,3,33,0.0001246468230193896,9.08315196284093e-05
False,hidden_8,8,546,11,20260816,3,34,0.00011747632070923361,9.840368875302374e-05
False,hidden_8,8,546,11,20260816,3,35,0.0009851954208419584,0.0009096574503928423
False,hidden_8,8,546,11,20260816,3,37,0.0003029176658902702,0.0002632582327350974
False,hidden_8,8,546,11,20260816,4,4,0.00027244723064305206,0.0002232754195574671
False,hidden_8,8,546,11,20260816,4,15,0.0002859707992088154,0.0002138531272066757
False,hidden_8,8,546,11,20260816,4,19,6.112079240233344e-05,5.470633550430648e-05
False,hidden_8,8,546,11,20260816,4,27,0.00010505387968822093,9.527325892122462e-05
False,hidden_8,8,546,11,20260816,4,29,0.00011743425039613743,0.00010939836647594348
False,hidden_8,8,546,11,20260816,4,43,0.00029346433868009965,0.00025422096950933337
False,hidden_8,8,546,11,20260816,4,44,4.7118722866916504e-05,3.632068546721712e-05
False,hidden_8,8,546,11,20260816,4,48,4.857662446735015e-05,4.0009021176956594e-05
False,hidden_8,8,546,11,20260816,5,18,8.115721789747397e-05,6.583452341146767e-05
False,hidden_8,8,546,11,20260816,5,21,7.015504987335845e-05,5.52082055946812e-05
False,hidden_8,8,546,11,20260816,5,28,9.177512313006614e-05,7.33304041204974e-05
False,hidden_8,8,546,11,20260816,5,31,0.00011562716930789753,9.173989383270964e-05
False,hidden_8,8,546,11,20260816,5,32,8.04731991884245e-05,5.279183460515924e-05
False,hidden_8,8,546,11,20260816,5,36,0.00014484614240253528,0.00012582421186380088
False,hidden_8,8,546,11,20260816,5,39,4.780583511402315e-05,3.4725664590951055e-05
False,hidden_8,8,546,11,20260816,5,46,0.002227166760903611,0.0019392382819205523
False,hidden_8,8,546,11,20260817,1,1,0.0021555204198381948,0.0014916121726855636
False,hidden_8,8,546,11,20260817,1,6,0.000677380226179237,0.000567986979149282
False,hidden_8,8,546,11,20260817,1,12,0.000265912533755096,0.0002085566520690918
False,hidden_8,8,546,11,20260817,1,13,0.00014671226553342127,0.00012630224227905273
False,hidden_8,8,546,11,20260817,1,20,0.00013935829170105322,0.00013331651280168444
False,hidden_8,8,546,11,20260817,1,22,4.333842562640911e-05,3.334402936161496e-05
False,hidden_8,8,546,11,20260817,1,47,0.00014583804143392348,0.0001324284094152972
False,hidden_8,8,546,11,20260817,1,49,0.0001402725318422985,0.00011663079203572124
False,hidden_8,8,546,11,20260817,2,3,0.004005773393534385,0.003465744201093912
False,hidden_8,8,546,11,20260817,2,17,0.00017142421740353416,0.00014927625306881964
False,hidden_8,8,546,11,20260817,2,30,0.000152139568533575,0.00010455250594532117
False,hidden_8,8,546,11,20260817,2,38,0.0002128988135411142,0.0001447081594960764
False,hidden_8,8,546,11,20260817,2,40,9.151944324144091e-05,6.367921741912141e-05
False,hidden_8,8,546,11,20260817,2,41,0.00015987086332366272,0.00010629534517647699
False,hidden_8,8,546,11,20260817,2,42,0.000115721281914511,9.069323277799413e-05
False,hidden_8,8,546,11,20260817,2,45,8.954193438310361e-05,7.452130375895649e-05
False,hidden_8,8,546,11,20260817,3,7,0.00043335067449190313,0.00035649657365866005
False,hidden_8,8,546,11,20260817,3,8,0.006474181319488239,0.00560667272657156
False,hidden_8,8,546,11,20260817,3,23,0.0003701471284129346,0.0002947533212136477
False,hidden_8,8,546,11,20260817,3,26,0.0008926209155993647,0.00073592783883214
False,hidden_8,8,546,11,20260817,3,33,0.00023087812028560798,0.00018890858336817473
False,hidden_8,8,546,11,20260817,3,34,7.246541168425631e-05,5.1300525228725746e-05
False,hidden_8,8,546,11,20260817,3,35,0.0005919930918582056,0.0005359578062780201
False,hidden_8,8,546,11,20260817,3,37,0.0003842096168903119,0.0003206837282050401
False,hidden_8,8,546,11,20260817,4,4,0.0004339439195200297,0.0003212499723304063
False,hidden_8,8,546,11,20260817,4,15,0.0003005433579155868,0.0002309143601451069
False,hidden_8,8,546,11,20260817,4,19,7.462543479908904e-05,5.742669236497022e-05
False,hidden_8,8,546,11,20260817,4,27,0.000147586853788759,0.00013080835924483836
False,hidden_8,8,546,11,20260817,4,29,0.00018316781794213894,0.00017060160462278873
False,hidden_8,8,546,11,20260817,4,43,0.0006682476388510384,0.0005773770972155035
False,hidden_8,8,546,11,20260817,4,44,4.3325076842218463e-05,3.520488826325163e-05
False,hidden_8,8,546,11,20260817,4,48,0.00017989125168887084,0.0001432824064977467
False,hidden_8,8,546,11,20260817,5,18,0.00014853156968052493,0.00012348055315669626
False,hidden_8,8,546,11,20260817,5,21,0.00011006632744454328,8.890271419659257e-05
False,hidden_8,8,546,11,20260817,5,28,0.00012329465340029823,0.00010039448534371331
False,hidden_8,8,546,11,20260817,5,31,0.00017701003015688671,0.00013305067841429263
False,hidden_8,8,546,11,20260817,5,32,0.00015022882183425546,9.705305274110287e-05
False,hidden_8,8,546,11,20260817,5,36,0.00012538162533361436,0.00010914087033597752
False,hidden_8,8,546,11,20260817,5,39,4.4649354628491603e-05,3.4537315514171496e-05
False,hidden_8,8,546,11,20260817,5,46,0.002040692794686929,0.0017843449022620916
False,hidden_16,16,1042,11,20260815,1,1,0.0026157388121075013,0.0019146454287692904
False,hidden_16,16,1042,11,20260815,1,6,0.0004275638226977941,0.00037552713183686137
False,hidden_16,16,1042,11,20260815,1,12,0.00019420206776463395,0.0001414489815942943
False,hidden_16,16,1042,11,20260815,1,13,0.0001473936757809283,0.0001343798649031669
False,hidden_16,16,1042,11,20260815,1,20,0.00012474327291196649,0.00011962413555011153
False,hidden_16,16,1042,11,20260815,1,22,7.263063512309448e-05,5.841493475600146e-05
False,hidden_16,16,1042,11,20260815,1,47,0.00018026340633403327,0.00015269994037225842
False,hidden_16,16,1042,11,20260815,1,49,0.00010174146219898067,8.122206054395065e-05
False,hidden_16,16,1042,11,20260815,2,3,0.0035499424465746136,0.00302691338583827
False,hidden_16,16,1042,11,20260815,2,17,0.00018979345020265836,0.00016536712064407766
False,hidden_16,16,1042,11,20260815,2,30,0.0005272251824544609,0.00046988128451630473
False,hidden_16,16,1042,11,20260815,2,38,0.00022003684927109443,0.00015938401338644326
False,hidden_16,16,1042,11,20260815,2,40,6.63973203405775e-05,4.1294097172794864e-05
False,hidden_16,16,1042,11,20260815,2,41,0.00022543846163914667,0.0001606023288331926
False,hidden_16,16,1042,11,20260815,2,42,0.00013300907696673527,9.921789023792371e-05
False,hidden_16,16,1042,11,20260815,2,45,0.00014244228169688427,0.00012215255992487073
False,hidden_16,16,1042,11,20260815,3,7,0.0006278014148592583,0.0004601037362590432
False,hidden_16,16,1042,11,20260815,3,8,0.0035679129345948866,0.003044804325327277
False,hidden_16,16,1042,11,20260815,3,23,0.00015143749763820257,0.00011394381726859137
False,hidden_16,16,1042,11,20260815,3,26,0.000877402431013757,0.0007515180041082203
False,hidden_16,16,1042,11,20260815,3,33,0.000137216934865182,0.00010980367369484156
False,hidden_16,16,1042,11,20260815,3,34,8.185192787978463e-05,6.60812875139527e-05
False,hidden_16,16,1042,11,20260815,3,35,0.0015977254943548957,0.0014082586858421564
False,hidden_16,16,1042,11,20260815,3,37,0.00032498842114424346,0.000283739558653906
False,hidden_16,16,1042,11,20260815,4,4,0.0008166607590611058,0.0006413042428903282
False,hidden_16,16,1042,11,20260815,4,15,0.00033787009476509913,0.00025172234745696187
False,hidden_16,16,1042,11,20260815,4,19,9.888412813740546e-05,7.588267180835828e-05
False,hidden_16,16,1042,11,20260815,4,27,9.045972018246074e-05,8.281588816316798e-05
False,hidden_16,16,1042,11,20260815,4,29,0.00011717243451909457,0.00011014223127858713
False,hidden_16,16,1042,11,20260815,4,43,0.0006138384624344049,0.000530871155206114
False,hidden_16,16,1042,11,20260815,4,44,8.885476331095459e-05,7.716655818512663e-05
False,hidden_16,16,1042,11,20260815,4,48,0.00019127109148067673,0.0001485419343225658
False,hidden_16,16,1042,11,20260815,5,18,3.166336868961906e-05,2.630591370689217e-05
False,hidden_16,16,1042,11,20260815,5,21,7.835914429828925e-05,6.721496902173385e-05
False,hidden_16,16,1042,11,20260815,5,28,9.057625939323533e-05,7.494568853871897e-05
False,hidden_16,16,1042,11,20260815,5,31,0.00014655655581610345,0.00011770128912758082
False,hidden_16,16,1042,11,20260815,5,32,7.866084046997242e-05,6.621837383136153e-05
False,hidden_16,16,1042,11,20260815,5,36,0.00015283613644803733,0.0001361715840175748
False,hidden_16,16,1042,11,20260815,5,39,5.3088443755920855e-05,3.5188197216484696e-05
False,hidden_16,16,1042,11,20260815,5,46,0.0004030559866467582,0.00034908534144051373
False,hidden_16,16,1042,11,20260816,1,1,0.002298316322094458,0.0015998614253476262
False,hidden_16,16,1042,11,20260816,1,6,0.0006031492697148348,0.0004539525543805212
False,hidden_16,16,1042,11,20260816,1,12,9.440535623267827e-05,7.947206177050248e-05
False,hidden_16,16,1042,11,20260816,1,13,0.00016558985624845542,0.00014109611220192164
False,hidden_16,16,1042,11,20260816,1,20,0.00017280298350758283,0.00016552209854125977
False,hidden_16,16,1042,11,20260816,1,22,5.660521619497483e-05,4.344940316514112e-05
False,hidden_16,16,1042,11,20260816,1,47,0.00024829326236598534,0.0002101731370203197
False,hidden_16,16,1042,11,20260816,1,49,0.00019286116958951895,0.00015889645146671683
False,hidden_16,16,1042,11,20260816,2,3,0.00403205087442236,0.003421412780880928
False,hidden_16,16,1042,11,20260816,2,17,0.00022428401775440848,0.00019791125669144094
False,hidden_16,16,1042,11,20260816,2,30,0.0005299105949282168,0.0004721915756817907
False,hidden_16,16,1042,11,20260816,2,38,0.00014634972293335884,9.525537461740896e-05
False,hidden_16,16,1042,11,20260816,2,40,5.6381599046313295e-05,3.757953527383506e-05
False,hidden_16,16,1042,11,20260816,2,41,0.00011050068587446512,9.653091547079384e-05
False,hidden_16,16,1042,11,20260816,2,42,0.00020104605155594316,0.0001574826310388744
False,hidden_16,16,1042,11,20260816,2,45,8.815627713301524e-05,7.546543929493055e-05
False,hidden_16,16,1042,11,20260816,3,7,0.0006919741415945848,0.0005341398646123707
False,hidden_16,16,1042,11,20260816,3,8,0.0039860761807039916,0.0034654701594263315
False,hidden_16,16,1042,11,20260816,3,23,0.0002962758815235453,0.000211379534448497
False,hidden_16,16,1042,11,20260816,3,26,0.00017738555586786035,0.00016413569392170757
False,hidden_16,16,1042,11,20260816,3,33,0.0001373295413530116,0.00010524988465476781
False,hidden_16,16,1042,11,20260816,3,34,8.40913864454226e-05,5.341887299437076e-05
False,hidden_16,16,1042,11,20260816,3,35,0.0007693837366180389,0.0006847798940725625
False,hidden_16,16,1042,11,20260816,3,37,0.0002466400300805301,0.0002134931128239259
False,hidden_16,16,1042,11,20260816,4,4,0.0005916480139589869,0.00044477940537035465
False,hidden_16,16,1042,11,20260816,4,15,0.0003666826008765294,0.00027062295703217387
False,hidden_16,16,1042,11,20260816,4,19,0.00016687229679408688,0.00013398170995060354
False,hidden_16,16,1042,11,20260816,4,27,6.17588580379835e-05,5.16235813847743e-05
False,hidden_16,16,1042,11,20260816,4,29,0.000126581469281406,0.00012001991126453504
False,hidden_16,16,1042,11,20260816,4,43,0.0005702153287784436,0.0004925703979097307
False,hidden_16,16,1042,11,20260816,4,44,4.83689075690294e-05,3.871679291478358e-05
False,hidden_16,16,1042,11,20260816,4,48,0.0001263399501600592,0.00010045528324553743
False,hidden_16,16,1042,11,20260816,5,18,9.493938511380862e-05,7.566928979940712e-05
False,hidden_16,16,1042,11,20260816,5,21,0.00012461182448061958,0.00010224700235994533
False,hidden_16,16,1042,11,20260816,5,28,8.85240450656284e-05,7.129073492251337e-05
False,hidden_16,16,1042,11,20260816,5,31,8.1746613193226e-05,6.360888801282272e-05
False,hidden_16,16,1042,11,20260816,5,32,9.835743042829136e-05,7.595658098580316e-05
False,hidden_16,16,1042,11,20260816,5,36,0.00016018774065839733,0.00013928413682151586
False,hidden_16,16,1042,11,20260816,5,39,0.00010603976637157238,7.746100163785741e-05
False,hidden_16,16,1042,11,20260816,5,46,0.0008727949958967562,0.0007713353843428195
False,hidden_16,16,1042,11,20260817,1,1,0.0024713956083078576,0.001783682149834931
False,hidden_16,16,1042,11,20260817,1,6,0.0006085686188381681,0.000500128255225718
False,hidden_16,16,1042,11,20260817,1,12,0.00024098453471559683,0.00022337674454320222
False,hidden_16,16,1042,11,20260817,1,13,0.00019088793922597007,0.00015664458624087274
False,hidden_16,16,1042,11,20260817,1,20,0.0001487911679932294,0.00014109611220192164
False,hidden_16,16,1042,11,20260817,1,22,3.516416261153581e-05,2.7414560463512316e-05
False,hidden_16,16,1042,11,20260817,1,47,0.0002755814804900132,0.0002482151903677732
False,hidden_16,16,1042,11,20260817,1,49,0.00015750721645600816,0.00011849999282276258
False,hidden_16,16,1042,11,20260817,2,3,0.003744554689368945,0.0032535528298467398
False,hidden_16,16,1042,11,20260817,2,17,0.00018598477337915817,0.00016655684157740325
False,hidden_16,16,1042,11,20260817,2,30,0.00023667109354015163,0.0001731741358526051
False,hidden_16,16,1042,11,20260817,2,38,0.00017127405306927468,0.00011996626562904567
False,hidden_16,16,1042,11,20260817,2,40,4.55563762899813e-05,3.54087351297494e-05
False,hidden_16,16,1042,11,20260817,2,41,0.00021740424662568305,0.0001732039381749928
False,hidden_16,16,1042,11,20260817,2,42,0.00017747583004395711,0.0001435375161236152
False,hidden_16,16,1042,11,20260817,2,45,9.697453604589163e-05,7.819890743121505e-05
False,hidden_16,16,1042,11,20260817,3,7,0.0004389024919174219,0.0003291750035714358
False,hidden_16,16,1042,11,20260817,3,8,0.00422539222150435,0.003654648084193468
False,hidden_16,16,1042,11,20260817,3,23,9.812982955679611e-05,7.777095015626401e-05
False,hidden_16,16,1042,11,20260817,3,26,0.0007948537529306535,0.0006547176744788885
False,hidden_16,16,1042,11,20260817,3,33,9.498482655399383e-05,7.91025158832781e-05
False,hidden_16,16,1042,11,20260817,3,34,8.665549898089725e-05,6.345153087750077e-05
False,hidden_16,16,1042,11,20260817,3,35,0.000858641400318108,0.0007928907871246338
False,hidden_16,16,1042,11,20260817,3,37,0.0003804192570795583,0.00032413244480267167
False,hidden_16,16,1042,11,20260817,4,4,0.00026671713922000106,0.0002209007798228413
False,hidden_16,16,1042,11,20260817,4,15,0.0003151635483676427,0.00023174285888671875
False,hidden_16,16,1042,11,20260817,4,19,8.169667318126159e-05,5.752682773163542e-05
False,hidden_16,16,1042,11,20260817,4,27,0.00011455080783878003,0.00010597347863949835
False,hidden_16,16,1042,11,20260817,4,29,0.0001291928716182873,0.00011852025636471808
False,hidden_16,16,1042,11,20260817,4,43,0.0004372503790288659,0.0003795528318732977
False,hidden_16,16,1042,11,20260817,4,44,2.3011044294888846e-05,1.801371581677813e-05
False,hidden_16,16,1042,11,20260817,4,48,0.00010032360791818825,7.770657248329371e-05
False,hidden_16,16,1042,11,20260817,5,18,5.5688324875139925e-05,4.7079323849175125e-05
False,hidden_16,16,1042,11,20260817,5,21,9.085479323192767e-05,7.613182242494076e-05
False,hidden_16,16,1042,11,20260817,5,28,0.00011311322567438077,9.171724377665669e-05
False,hidden_16,16,1042,11,20260817,5,31,0.0001381777856025346,0.00010836363071575761
False,hidden_16,16,1042,11,20260817,5,32,9.81662804337363e-05,6.925701745785773e-05
False,hidden_16,16,1042,11,20260817,5,36,0.00011965552272741863,0.00010566711716819555
False,hidden_16,16,1042,11,20260817,5,39,7.45367909613703e-05,5.516648161574267e-05
False,hidden_16,16,1042,11,20260817,5,46,0.0013213560748000334,0.001148470677435398
False,hidden_16_8,16-8,778,11,20260815,1,1,0.002256228569115267,0.0015774333151057363
False,hidden_16_8,16-8,778,11,20260815,1,6,0.00044408345288771605,0.00035983562702313066
False,hidden_16_8,16-8,778,11,20260815,1,12,0.0005681651556390285,0.0004476213362067938
False,hidden_16_8,16-8,778,11,20260815,1,13,0.00024344115288990647,0.0002059829275822267
False,hidden_16_8,16-8,778,11,20260815,1,20,0.00012474539466901172,0.00011504888243507594
False,hidden_16_8,16-8,778,11,20260815,1,22,7.276424226699924e-05,5.851388050359674e-05
False,hidden_16_8,16-8,778,11,20260815,1,47,0.0006960859379054435,0.0005851328605785966
False,hidden_16_8,16-8,778,11,20260815,1,49,0.0001870412747424647,0.00015552282275166363
False,hidden_16_8,16-8,778,11,20260815,2,3,0.002394151554188577,0.002059805439785123
False,hidden_16_8,16-8,778,11,20260815,2,17,0.0003565837798421186,0.00030680058989673853
False,hidden_16_8,16-8,778,11,20260815,2,30,0.000334339885041248,0.00031071066041477025
False,hidden_16_8,16-8,778,11,20260815,2,38,0.00035342655416812193,0.00026522992993704975
False,hidden_16_8,16-8,778,11,20260815,2,40,9.85859428163183e-05,5.967140168650076e-05
False,hidden_16_8,16-8,778,11,20260815,2,41,0.0007373569356823262,0.0005850493907928467
False,hidden_16_8,16-8,778,11,20260815,2,42,0.00013724976747536542,0.00010329484939575195
False,hidden_16_8,16-8,778,11,20260815,2,45,5.248221761694751e-05,4.5858621888328344e-05
False,hidden_16_8,16-8,778,11,20260815,3,7,0.0010743085088130535,0.0008503770804964006
False,hidden_16_8,16-8,778,11,20260815,3,8,0.0019718133819717795,0.0016370308585464954
False,hidden_16_8,16-8,778,11,20260815,3,23,0.00011573695351357657,9.516954742139205e-05
False,hidden_16_8,16-8,778,11,20260815,3,26,0.000594601214179971,0.0004818653978873044
False,hidden_16_8,16-8,778,11,20260815,3,33,0.0003389178175601408,0.00027602672344073653
False,hidden_16_8,16-8,778,11,20260815,3,34,0.0001726317422329101,0.00011709093814715743
False,hidden_16_8,16-8,778,11,20260815,3,35,0.0009444639275262739,0.0008745717932470143
False,hidden_16_8,16-8,778,11,20260815,3,37,0.00027659581487426337,0.00023152708308771253
False,hidden_16_8,16-8,778,11,20260815,4,4,0.0009391285738176952,0.00072432158049196
False,hidden_16_8,16-8,778,11,20260815,4,15,0.00031326186056872805,0.00023504138516727835
False,hidden_16_8,16-8,778,11,20260815,4,19,8.869721907644978e-05,7.904052472440526e-05
False,hidden_16_8,16-8,778,11,20260815,4,27,9.246927315105013e-05,8.202672324841842e-05
False,hidden_16_8,16-8,778,11,20260815,4,29,0.00018288595249232466,0.00016746640903875232
False,hidden_16_8,16-8,778,11,20260815,4,43,0.0004572517635900543,0.0003979837929364294
False,hidden_16_8,16-8,778,11,20260815,4,44,0.00015010825385546693,0.00013604163541458547
False,hidden_16_8,16-8,778,11,20260815,4,48,0.00012296443995605234,9.843349107541144e-05
False,hidden_16_8,16-8,778,11,20260815,5,18,0.00011171415951045146,9.84215730568394e-05
False,hidden_16_8,16-8,778,11,20260815,5,21,7.628165086391573e-05,6.458521238528192e-05
False,hidden_16_8,16-8,778,11,20260815,5,28,0.00010334825363089524,8.207440259866416e-05
False,hidden_16_8,16-8,778,11,20260815,5,31,7.775107776929549e-05,6.20317441644147e-05
False,hidden_16_8,16-8,778,11,20260815,5,32,7.771515728912328e-05,6.066799323889427e-05
False,hidden_16_8,16-8,778,11,20260815,5,36,5.379814291265746e-05,4.45199002570007e-05
False,hidden_16_8,16-8,778,11,20260815,5,39,8.46978279581419e-05,5.9692858485504985e-05
False,hidden_16_8,16-8,778,11,20260815,5,46,0.0010801161069103889,0.0009379410766996443
False,hidden_16_8,16-8,778,11,20260816,1,1,0.0027543770259515787,0.0020799601916223764
False,hidden_16_8,16-8,778,11,20260816,1,6,4.927124323610165e-05,3.937602014048025e-05
False,hidden_16_8,16-8,778,11,20260816,1,12,0.00045294182549615884,0.00035531044704839587
False,hidden_16_8,16-8,778,11,20260816,1,13,0.000279079156588633,0.00023211837105918676
False,hidden_16_8,16-8,778,11,20260816,1,20,0.00016766634013854593,0.0001611733459867537
False,hidden_16_8,16-8,778,11,20260816,1,22,5.705035813833257e-05,4.2390824091853574e-05
False,hidden_16_8,16-8,778,11,20260816,1,47,0.0007666526897519027,0.0006298601510934532
False,hidden_16_8,16-8,778,11,20260816,1,49,0.0001818187005263461,0.0001387608062941581
False,hidden_16_8,16-8,778,11,20260816,2,3,0.0024000180048978498,0.002090893918648362
False,hidden_16_8,16-8,778,11,20260816,2,17,0.000371821437211244,0.0003157627652399242
False,hidden_16_8,16-8,778,11,20260816,2,30,0.0006216423271267971,0.0004947733832523227
False,hidden_16_8,16-8,778,11,20260816,2,38,0.0003039325759963322,0.00023173332738224417
False,hidden_16_8,16-8,778,11,20260816,2,40,0.0001519735584759723,0.0001108062278944999
False,hidden_16_8,16-8,778,11,20260816,2,41,0.00030640907279622006,0.00023439765209332108
False,hidden_16_8,16-8,778,11,20260816,2,42,6.14654024152233e-05,5.4214000556385145e-05
False,hidden_16_8,16-8,778,11,20260816,2,45,6.63713075554811e-05,5.075216176919639e-05
False,hidden_16_8,16-8,778,11,20260816,3,7,0.0014064567210844453,0.0012020289432257414
False,hidden_16_8,16-8,778,11,20260816,3,8,0.001055420318556728,0.0009301650570705533
False,hidden_16_8,16-8,778,11,20260816,3,23,0.00018617064017783003,0.00014943837595637888
False,hidden_16_8,16-8,778,11,20260816,3,26,0.0006092491382512384,0.0004972600727342069
False,hidden_16_8,16-8,778,11,20260816,3,33,0.000289891048791319,0.00023426413827110082
False,hidden_16_8,16-8,778,11,20260816,3,34,0.00010405547333049842,7.16078284312971e-05
False,hidden_16_8,16-8,778,11,20260816,3,35,0.0012105145446246366,0.0011016225907951593
False,hidden_16_8,16-8,778,11,20260816,3,37,0.0005798052106952096,0.00048648356460034847
False,hidden_16_8,16-8,778,11,20260816,4,4,0.000652239855325718,0.0005168700008653104
False,hidden_16_8,16-8,778,11,20260816,4,15,0.00035168972995170864,0.00026956916553899646
False,hidden_16_8,16-8,778,11,20260816,4,19,0.00014132028738286358,0.0001243281294591725
False,hidden_16_8,16-8,778,11,20260816,4,27,0.00010510080438579493,9.387135651195422e-05
False,hidden_16_8,16-8,778,11,20260816,4,29,0.00013416708306799745,0.00012549280654639006
False,hidden_16_8,16-8,778,11,20260816,4,43,0.000434851305899933,0.00037474872078746557
False,hidden_16_8,16-8,778,11,20260816,4,44,0.00011777532798452364,9.505629714112729e-05
False,hidden_16_8,16-8,778,11,20260816,4,48,0.0001492988500202372,0.00012208461703266948
False,hidden_16_8,16-8,778,11,20260816,5,18,6.880149326574535e-05,5.714893268304877e-05
False,hidden_16_8,16-8,778,11,20260816,5,21,0.000184474883050381,0.00015712380991317332
False,hidden_16_8,16-8,778,11,20260816,5,28,0.00011040198225893408,9.046793275047094e-05
False,hidden_16_8,16-8,778,11,20260816,5,31,8.619968983867817e-05,6.830692291259766e-05
False,hidden_16_8,16-8,778,11,20260816,5,32,0.00016335130568227604,0.00014063477283343673
False,hidden_16_8,16-8,778,11,20260816,5,36,6.242203317409034e-05,5.080819028080441e-05
False,hidden_16_8,16-8,778,11,20260816,5,39,0.0001101452550073063,8.839130168780684e-05
False,hidden_16_8,16-8,778,11,20260816,5,46,0.0007754648858356146,0.0006545448559336364
False,hidden_16_8,16-8,778,11,20260817,1,1,0.002192447474289159,0.0015320718521252275
False,hidden_16_8,16-8,778,11,20260817,1,6,0.0008101626097608187,0.000694515707436949
False,hidden_16_8,16-8,778,11,20260817,1,12,0.000167828412071105,0.00015531539975199848
False,hidden_16_8,16-8,778,11,20260817,1,13,0.00016084958075131294,0.0001360285241389647
False,hidden_16_8,16-8,778,11,20260817,1,20,0.00023642131821775424,0.00021916269906796515
False,hidden_16_8,16-8,778,11,20260817,1,22,6.10311725331992e-05,4.461407661437988e-05
False,hidden_16_8,16-8,778,11,20260817,1,47,0.00021772528367815084,0.00020445584959816188
False,hidden_16_8,16-8,778,11,20260817,1,49,0.0002136711043665519,0.0001814746792661026
False,hidden_16_8,16-8,778,11,20260817,2,3,0.004640408711528698,0.00402947049587965
False,hidden_16_8,16-8,778,11,20260817,2,17,0.00022589861558331944,0.00020397425396367908
False,hidden_16_8,16-8,778,11,20260817,2,30,0.0007180500284474383,0.000593894743360579
False,hidden_16_8,16-8,778,11,20260817,2,38,0.00021976439454604956,0.00015695094771217555
False,hidden_16_8,16-8,778,11,20260817,2,40,4.999027556916801e-05,4.0503739000996575e-05
False,hidden_16_8,16-8,778,11,20260817,2,41,0.00017283912303184314,0.0001150465031969361
False,hidden_16_8,16-8,778,11,20260817,2,42,0.00024247221509442573,0.00019983768288511783
False,hidden_16_8,16-8,778,11,20260817,2,45,4.704953336396616e-05,4.0862560126697645e-05
False,hidden_16_8,16-8,778,11,20260817,3,7,0.0008929210914531511,0.0007017719908617437
False,hidden_16_8,16-8,778,11,20260817,3,8,0.0008025369822990091,0.0006733703776262701
False,hidden_16_8,16-8,778,11,20260817,3,23,0.00014834572305371283,0.00011242031905567273
False,hidden_16_8,16-8,778,11,20260817,3,26,0.0006787714557608863,0.0005385077092796564
False,hidden_16_8,16-8,778,11,20260817,3,33,8.121083909070992e-05,5.2856208640150726e-05
False,hidden_16_8,16-8,778,11,20260817,3,34,0.00011638106819713241,7.657647074665874e-05
False,hidden_16_8,16-8,778,11,20260817,3,35,0.0008529553205826462,0.0008036649087443948
False,hidden_16_8,16-8,778,11,20260817,3,37,0.0004109073314049609,0.0003504157066345215
False,hidden_16_8,16-8,778,11,20260817,4,4,0.0005105283929111495,0.000400689837988466
False,hidden_16_8,16-8,778,11,20260817,4,15,0.0003605343806363074,0.0002721285854931921
False,hidden_16_8,16-8,778,11,20260817,4,19,5.371125360966284e-05,4.1515828343108296e-05
False,hidden_16_8,16-8,778,11,20260817,4,27,0.00014964614711230524,0.00013573766045738012
False,hidden_16_8,16-8,778,11,20260817,4,29,0.0001643916579717888,0.00015461325529031456
False,hidden_16_8,16-8,778,11,20260817,4,43,0.00034817558237261535,0.0003057706344407052
False,hidden_16_8,16-8,778,11,20260817,4,44,4.644336731220674e-05,3.961086258641444e-05
False,hidden_16_8,16-8,778,11,20260817,4,48,3.8980416632598595e-05,3.3057927794288844e-05
False,hidden_16_8,16-8,778,11,20260817,5,18,0.00012466568294996393,0.00010524749814067036
False,hidden_16_8,16-8,778,11,20260817,5,21,6.827660350299879e-05,5.8463811001274735e-05
False,hidden_16_8,16-8,778,11,20260817,5,28,9.81016269442699e-05,7.944345270516351e-05
False,hidden_16_8,16-8,778,11,20260817,5,31,0.00010898069143727623,8.4198713011574e-05
False,hidden_16_8,16-8,778,11,20260817,5,32,9.557906804131969e-05,8.147954940795898e-05
False,hidden_16_8,16-8,778,11,20260817,5,36,0.00021941865492149887,0.00019077300385106355
False,hidden_16_8,16-8,778,11,20260817,5,39,0.00011883940159395028,8.504033030476421e-05
False,hidden_16_8,16-8,778,11,20260817,5,46,0.00045805502103635464,0.0004204392316751182
False,hidden_32_16,32-16,1762,11,20260815,1,1,0.001811880999856389,0.0013231455814093351
False,hidden_32_16,32-16,1762,11,20260815,1,6,0.0006725813048518344,0.0005609023501165211
False,hidden_32_16,32-16,1762,11,20260815,1,12,0.00024762346338388637,0.0002347290574107319
False,hidden_32_16,32-16,1762,11,20260815,1,13,0.00021563917620354055,0.00015949606313370168
False,hidden_32_16,32-16,1762,11,20260815,1,20,9.19648580529022e-05,7.995247869985178e-05
False,hidden_32_16,32-16,1762,11,20260815,1,22,9.204791627699484e-05,7.421970076393336e-05
False,hidden_32_16,32-16,1762,11,20260815,1,47,0.00016559247908911384,0.00013736606342718005
False,hidden_32_16,32-16,1762,11,20260815,1,49,0.0002558530609344959,0.00021088123321533203
False,hidden_32_16,32-16,1762,11,20260815,2,3,0.0026621214268580645,0.002319229766726494
False,hidden_32_16,32-16,1762,11,20260815,2,17,0.00023028960890702615,0.0002097439719364047
False,hidden_32_16,32-16,1762,11,20260815,2,30,0.0006566816813341269,0.0005712759448215365
False,hidden_32_16,32-16,1762,11,20260815,2,38,0.00030553218818611113,0.00022760391584597528
False,hidden_32_16,32-16,1762,11,20260815,2,40,0.00013974777699604605,9.684443648438901e-05
False,hidden_32_16,32-16,1762,11,20260815,2,41,0.0003709635265395992,0.0002889001334551722
False,hidden_32_16,32-16,1762,11,20260815,2,42,0.0002535195404185535,0.00018460274441167712
False,hidden_32_16,32-16,1762,11,20260815,2,45,4.317760529240345e-05,3.59392179234419e-05
False,hidden_32_16,32-16,1762,11,20260815,3,7,0.0011753645671841615,0.000977666350081563
False,hidden_32_16,32-16,1762,11,20260815,3,8,0.0012531867478035117,0.0009399032569490373
False,hidden_32_16,32-16,1762,11,20260815,3,23,0.0003594299451298839,0.00028576015029102564
False,hidden_32_16,32-16,1762,11,20260815,3,26,0.0001907539730631738,0.00013518930063582957
False,hidden_32_16,32-16,1762,11,20260815,3,33,0.00010876411349693618,7.210731564555317e-05
False,hidden_32_16,32-16,1762,11,20260815,3,34,9.43971802085499e-05,5.7700872275745496e-05
False,hidden_32_16,32-16,1762,11,20260815,3,35,0.0007146802812557816,0.0006595075246877968
False,hidden_32_16,32-16,1762,11,20260815,3,37,0.0003663929270381279,0.0003082012990489602
False,hidden_32_16,32-16,1762,11,20260815,4,4,0.0006350868831266442,0.0004925322718918324
False,hidden_32_16,32-16,1762,11,20260815,4,15,0.000324166796693704,0.00024171947734430432
False,hidden_32_16,32-16,1762,11,20260815,4,19,0.00014116852705193557,0.00011936903320020065
False,hidden_32_16,32-16,1762,11,20260815,4,27,0.00010279914434052207,9.522795880911872e-05
False,hidden_32_16,32-16,1762,11,20260815,4,29,9.533147115276663e-05,7.930874562589452e-05
False,hidden_32_16,32-16,1762,11,20260815,4,43,0.0004691823522637547,0.00040649413131177425
False,hidden_32_16,32-16,1762,11,20260815,4,44,0.0002946263318979452,0.00025639295927248895
False,hidden_32_16,32-16,1762,11,20260815,4,48,5.657329809019725e-05,5.0417183956597e-05
False,hidden_32_16,32-16,1762,11,20260815,5,18,0.000249239999050582,0.0002106893080053851
False,hidden_32_16,32-16,1762,11,20260815,5,21,6.766682763162068e-05,5.449771924759261e-05
False,hidden_32_16,32-16,1762,11,20260815,5,28,8.507001799566572e-05,6.833195948274806e-05
False,hidden_32_16,32-16,1762,11,20260815,5,31,0.00018068190264479734,0.0001410281693097204
False,hidden_32_16,32-16,1762,11,20260815,5,32,5.883413040479605e-05,4.0962695493362844e-05
False,hidden_32_16,32-16,1762,11,20260815,5,36,9.394026246726758e-05,7.921576616354287e-05
False,hidden_32_16,32-16,1762,11,20260815,5,39,0.00015361609893368034,0.0001217496392200701
False,hidden_32_16,32-16,1762,11,20260815,5,46,0.0005606498688202073,0.0005043399287387729
False,hidden_32_16,32-16,1762,11,20260816,1,1,0.0019190870518122597,0.0013718354748561978
False,hidden_32_16,32-16,1762,11,20260816,1,6,0.00020656698896469056,0.00016728640184737742
False,hidden_32_16,32-16,1762,11,20260816,1,12,0.00020495208565567109,0.00019120097567792982
False,hidden_32_16,32-16,1762,11,20260816,1,13,0.00037437511788238704,0.0002849566808436066
False,hidden_32_16,32-16,1762,11,20260816,1,20,8.49024098296497e-05,7.690310303587466e-05
False,hidden_32_16,32-16,1762,11,20260816,1,22,5.009844632693608e-05,4.129529042984359e-05
False,hidden_32_16,32-16,1762,11,20260816,1,47,0.00022146881190620855,0.0001857888710219413
False,hidden_32_16,32-16,1762,11,20260816,1,49,0.00028916209148456036,0.00023988723114598542
False,hidden_32_16,32-16,1762,11,20260816,2,3,0.0023173843387413566,0.001993799116462469
False,hidden_32_16,32-16,1762,11,20260816,2,17,0.00016150333037282975,0.00014996767276898026
False,hidden_32_16,32-16,1762,11,20260816,2,30,0.00061875432169724,0.0005431151366792619
False,hidden_32_16,32-16,1762,11,20260816,2,38,0.00019304681092100485,0.0001412892306689173
False,hidden_32_16,32-16,1762,11,20260816,2,40,4.0004016297187184e-05,3.13484670186881e-05
False,hidden_32_16,32-16,1762,11,20260816,2,41,0.00019022259055072018,0.00012760281970258802
False,hidden_32_16,32-16,1762,11,20260816,2,42,0.00027401512226906386,0.00022203802654985338
False,hidden_32_16,32-16,1762,11,20260816,2,45,6.089331216339696e-05,5.296349627315067e-05
False,hidden_32_16,32-16,1762,11,20260816,3,7,0.0013807732842244917,0.0011256671277806163
False,hidden_32_16,32-16,1762,11,20260816,3,8,0.0010800478999866475,0.0009103656047955155
False,hidden_32_16,32-16,1762,11,20260816,3,23,6.443869283590836e-05,4.912018630420789e-05
False,hidden_32_16,32-16,1762,11,20260816,3,26,0.0012597761577089188,0.0009804893052205443
False,hidden_32_16,32-16,1762,11,20260816,3,33,0.0002107864391767627,0.00015752077160868794
False,hidden_32_16,32-16,1762,11,20260816,3,34,0.00012181568309097414,6.752252375008538e-05
False,hidden_32_16,32-16,1762,11,20260816,3,35,0.000992646756445781,0.0009027314372360706
False,hidden_32_16,32-16,1762,11,20260816,3,37,0.00042421925042976795,0.00033946038456633687
False,hidden_32_16,32-16,1762,11,20260816,4,4,0.000814030931440044,0.0006236100452952087
False,hidden_32_16,32-16,1762,11,20260816,4,15,0.0003507815939790536,0.0002581322332844138
False,hidden_32_16,32-16,1762,11,20260816,4,19,0.00019324334178794488,0.0001662051654420793
False,hidden_32_16,32-16,1762,11,20260816,4,27,9.770309484011379e-05,8.482217526761815e-05
False,hidden_32_16,32-16,1762,11,20260816,4,29,9.2737098647019e-05,7.944941171444952e-05
False,hidden_32_16,32-16,1762,11,20260816,4,43,0.0005110917804133775,0.00044177414383739233
False,hidden_32_16,32-16,1762,11,20260816,4,44,8.918710338028803e-05,6.809711339883506e-05
False,hidden_32_16,32-16,1762,11,20260816,4,48,0.00010953290081848473,7.917285256553441e-05
False,hidden_32_16,32-16,1762,11,20260816,5,18,9.913166345796287e-05,7.684349839109927e-05
False,hidden_32_16,32-16,1762,11,20260816,5,21,0.00015139359187223776,0.00012968182272743434
False,hidden_32_16,32-16,1762,11,20260816,5,28,0.00010346593778529674,8.644461922813207e-05
False,hidden_32_16,32-16,1762,11,20260816,5,31,0.00021444959318417357,0.00016558050992898643
False,hidden_32_16,32-16,1762,11,20260816,5,32,7.46535594485823e-05,5.861759200342931e-05
False,hidden_32_16,32-16,1762,11,20260816,5,36,0.00010363060306789342,7.991194433998317e-05
False,hidden_32_16,32-16,1762,11,20260816,5,39,0.00012592514901364098,9.717702778289095e-05
False,hidden_32_16,32-16,1762,11,20260816,5,46,0.0008360312613343017,0.0007336592534556985
False,hidden_32_16,32-16,1762,11,20260817,1,1,0.002193791632521456,0.001579750794917345
False,hidden_32_16,32-16,1762,11,20260817,1,6,0.0002030257571565943,0.0001771032839315012
False,hidden_32_16,32-16,1762,11,20260817,1,12,9.712375225146492e-05,7.456302409991622e-05
False,hidden_32_16,32-16,1762,11,20260817,1,13,0.0003280725307337405,0.0002560961293056607
False,hidden_32_16,32-16,1762,11,20260817,1,20,0.00012395264901661498,0.00011448979057604447
False,hidden_32_16,32-16,1762,11,20260817,1,22,4.361018753110448e-05,3.438472776906565e-05
False,hidden_32_16,32-16,1762,11,20260817,1,47,0.00013529232906654018,0.00012231826258357614
False,hidden_32_16,32-16,1762,11,20260817,1,49,0.0001853335959523565,0.00015042304585222155
False,hidden_32_16,32-16,1762,11,20260817,2,3,0.003403067837271927,0.0029083467088639736
False,hidden_32_16,32-16,1762,11,20260817,2,17,0.00011429126135036092,0.00010370969539508224
False,hidden_32_16,32-16,1762,11,20260817,2,30,0.0007555108589155779,0.0006417763070203364
False,hidden_32_16,32-16,1762,11,20260817,2,38,0.00024169972291013155,0.00017503737763036042
False,hidden_32_16,32-16,1762,11,20260817,2,40,6.20264195277014e-05,3.821253631031141e-05
False,hidden_32_16,32-16,1762,11,20260817,2,41,0.00043765308599602137,0.00031719208345748484
False,hidden_32_16,32-16,1762,11,20260817,2,42,0.00018839778944714178,0.00015019893180578947
False,hidden_32_16,32-16,1762,11,20260817,2,45,7.885148784780483e-05,6.596445746254176e-05
False,hidden_32_16,32-16,1762,11,20260817,3,7,0.001269358562094711,0.0010583949042484164
False,hidden_32_16,32-16,1762,11,20260817,3,8,0.0013388149851333078,0.001097512198612094
False,hidden_32_16,32-16,1762,11,20260817,3,23,7.951744947140988e-05,6.57808777759783e-05
False,hidden_32_16,32-16,1762,11,20260817,3,26,0.0004264526018235433,0.0003339362156111747
False,hidden_32_16,32-16,1762,11,20260817,3,33,0.0002714087535178667,0.00021237015607766807
False,hidden_32_16,32-16,1762,11,20260817,3,34,0.00020665153838347278,0.00014881610695738345
False,hidden_32_16,32-16,1762,11,20260817,3,35,0.0008870424994674201,0.0008290791301988065
False,hidden_32_16,32-16,1762,11,20260817,3,37,0.0003759883292137494,0.0003194034215994179
False,hidden_32_16,32-16,1762,11,20260817,4,4,0.0002950368504896582,0.000249567034188658
False,hidden_32_16,32-16,1762,11,20260817,4,15,0.00031864736751671365,0.00023818374029360712
False,hidden_32_16,32-16,1762,11,20260817,4,19,5.591188715597355e-05,4.6902896428946406e-05
False,hidden_32_16,32-16,1762,11,20260817,4,27,8.045840280092957e-05,7.473468576790765e-05
False,hidden_32_16,32-16,1762,11,20260817,4,29,0.00015147800166232173,0.0001430463744327426
False,hidden_32_16,32-16,1762,11,20260817,4,43,0.0005644067518238497,0.00048756360774859786
False,hidden_32_16,32-16,1762,11,20260817,4,44,0.00011221562601040775,8.534669905202463e-05
False,hidden_32_16,32-16,1762,11,20260817,4,48,8.171475618569885e-05,6.909370131324977e-05
False,hidden_32_16,32-16,1762,11,20260817,5,18,0.00011179258310030847,9.299516386818141e-05
False,hidden_32_16,32-16,1762,11,20260817,5,21,6.160356666477428e-05,5.333423541742377e-05
False,hidden_32_16,32-16,1762,11,20260817,5,28,0.00011360468605384723,9.115457214647904e-05
False,hidden_32_16,32-16,1762,11,20260817,5,31,4.626429247616486e-05,3.229618232580833e-05
False,hidden_32_16,32-16,1762,11,20260817,5,32,0.00011470484923778423,8.75175028340891e-05
False,hidden_32_16,32-16,1762,11,20260817,5,36,0.00015186669886956526,0.00012701391824521124
False,hidden_32_16,32-16,1762,11,20260817,5,39,0.0001481895420494038,0.00011119246482849121
False,hidden_32_16,32-16,1762,11,20260817,5,46,0.00040363577148486043,0.0003547584929037839
False,hidden_64_32,64-32,4498,11,20260815,1,1,0.0016987588612683566,0.0012892067898064852
False,hidden_64_32,64-32,4498,11,20260815,1,6,0.0007766048528173799,0.0006524622440338135
False,hidden_64_32,64-32,4498,11,20260815,1,12,0.00017975587903024034,0.0001701795990811661
False,hidden_64_32,64-32,4498,11,20260815,1,13,0.00033341145148538243,0.00024400830443482846
False,hidden_64_32,64-32,4498,11,20260815,1,20,0.00013988229170059703,0.00012775302457157522
False,hidden_64_32,64-32,4498,11,20260815,1,22,0.00012115438386581309,9.008288179757074e-05
False,hidden_64_32,64-32,4498,11,20260815,1,47,8.964663410205293e-05,8.206367783714086e-05
False,hidden_64_32,64-32,4498,11,20260815,1,49,0.00035589048448567265,0.0002905595174524933
False,hidden_64_32,64-32,4498,11,20260815,2,3,0.002761193737736236,0.0023951733019202948
False,hidden_64_32,64-32,4498,11,20260815,2,17,0.0001878705121244168,0.00017279983148910105
False,hidden_64_32,64-32,4498,11,20260815,2,30,0.0007430503497188156,0.0006407392211258411
False,hidden_64_32,64-32,4498,11,20260815,2,38,0.00036489673393389627,0.00027625440270639956
False,hidden_64_32,64-32,4498,11,20260815,2,40,0.00019075465285933285,0.00014387488772626966
False,hidden_64_32,64-32,4498,11,20260815,2,41,0.00038575470368290175,0.00027406931621953845
False,hidden_64_32,64-32,4498,11,20260815,2,42,0.00017368808828476708,0.00013189435412641615
False,hidden_64_32,64-32,4498,11,20260815,2,45,6.023461684546202e-05,4.958748831995763e-05
False,hidden_64_32,64-32,4498,11,20260815,3,7,0.0010588312706406146,0.0008574342937208712
False,hidden_64_32,64-32,4498,11,20260815,3,8,0.0009194032203036385,0.0007861149497330189
False,hidden_64_32,64-32,4498,11,20260815,3,23,0.00018817295860162818,0.00013866901281289756
False,hidden_64_32,64-32,4498,11,20260815,3,26,0.0003432481572119185,0.00027779341326095164
False,hidden_64_32,64-32,4498,11,20260815,3,33,0.0002082211721288816,0.0001566982246004045
False,hidden_64_32,64-32,4498,11,20260815,3,34,0.00014255995662226616,8.531570347258821e-05
False,hidden_64_32,64-32,4498,11,20260815,3,35,0.0005970995659468932,0.0005692195845767856
False,hidden_64_32,64-32,4498,11,20260815,3,37,0.0004166365010885026,0.00034393667010590434
False,hidden_64_32,64-32,4498,11,20260815,4,4,0.0009312942214464601,0.0007151961326599121
False,hidden_64_32,64-32,4498,11,20260815,4,15,0.00037840834821572595,0.0002766382822301239
False,hidden_64_32,64-32,4498,11,20260815,4,19,8.591815460112209e-05,7.808447116985917e-05
False,hidden_64_32,64-32,4498,11,20260815,4,27,8.429410531839417e-05,7.751345401629806e-05
False,hidden_64_32,64-32,4498,11,20260815,4,29,0.00010713677907257011,0.00010107159323524684
False,hidden_64_32,64-32,4498,11,20260815,4,43,0.000503009865631678,0.00041459916974417865
False,hidden_64_32,64-32,4498,11,20260815,4,44,0.00030329876058684185,0.00022327661281451583
False,hidden_64_32,64-32,4498,11,20260815,4,48,6.112962329965961e-05,5.3707361075794324e-05
False,hidden_64_32,64-32,4498,11,20260815,5,18,0.0001730562841266606,0.0001492989104008302
False,hidden_64_32,64-32,4498,11,20260815,5,21,6.873988514234843e-05,6.101965846028179e-05
False,hidden_64_32,64-32,4498,11,20260815,5,28,6.816627355129668e-05,5.540728670894168e-05
False,hidden_64_32,64-32,4498,11,20260815,5,31,5.686102701570071e-05,3.85272505809553e-05
False,hidden_64_32,64-32,4498,11,20260815,5,32,5.114987403113827e-05,3.609538180171512e-05
False,hidden_64_32,64-32,4498,11,20260815,5,36,7.91764811339406e-05,6.622314685955644e-05
False,hidden_64_32,64-32,4498,11,20260815,5,39,0.00016689994491045978,0.00012818456161767244
False,hidden_64_32,64-32,4498,11,20260815,5,46,0.0002563843200196136,0.0002300584310432896
False,hidden_64_32,64-32,4498,11,20260816,1,1,0.001881257718337176,0.001349376398138702
False,hidden_64_32,64-32,4498,11,20260816,1,6,0.00011362581263846552,8.862137474352494e-05
False,hidden_64_32,64-32,4498,11,20260816,1,12,0.00017663790973642044,0.00016388774383813143
False,hidden_64_32,64-32,4498,11,20260816,1,13,0.00033625434057454336,0.0002560150751378387
False,hidden_64_32,64-32,4498,11,20260816,1,20,8.234502750135498e-05,7.192969496827573e-05
False,hidden_64_32,64-32,4498,11,20260816,1,22,5.9500644521468446e-05,4.445195372682065e-05
False,hidden_64_32,64-32,4498,11,20260816,1,47,0.00010451084686762357,7.264017767738551e-05
False,hidden_64_32,64-32,4498,11,20260816,1,49,0.000335708471860243,0.00028311251662671566
False,hidden_64_32,64-32,4498,11,20260816,2,3,0.003145342668796235,0.0027347016148269176
False,hidden_64_32,64-32,4498,11,20260816,2,17,0.00011353981207150181,0.0001005482699838467
False,hidden_64_32,64-32,4498,11,20260816,2,30,0.0005537973237304454,0.0004805398057214916
False,hidden_64_32,64-32,4498,11,20260816,2,38,0.0003303614523475044,0.00023717404110357165
False,hidden_64_32,64-32,4498,11,20260816,2,40,0.0001694553132366772,0.0001130545133491978
False,hidden_64_32,64-32,4498,11,20260816,2,41,0.0004351828141714432,0.0003015315451193601
False,hidden_64_32,64-32,4498,11,20260816,2,42,0.0002574328955023757,0.00020042895630467683
False,hidden_64_32,64-32,4498,11,20260816,2,45,5.400203431499993e-05,4.554152474156581e-05
False,hidden_64_32,64-32,4498,11,20260816,3,7,0.0013801550522483104,0.0011585259344428778
False,hidden_64_32,64-32,4498,11,20260816,3,8,0.0015346436307080505,0.0011460828827694058
False,hidden_64_32,64-32,4498,11,20260816,3,23,0.0001837351243467022,0.00015409589104820043
False,hidden_64_32,64-32,4498,11,20260816,3,26,0.0002268261394013621,0.00019384741608519107
False,hidden_64_32,64-32,4498,11,20260816,3,33,0.0001816137387792722,0.00014524579455610365
False,hidden_64_32,64-32,4498,11,20260816,3,34,0.00016931397834169272,0.00011145591997774318
False,hidden_64_32,64-32,4498,11,20260816,3,35,0.001001713610141631,0.0009131801198236644
False,hidden_64_32,64-32,4498,11,20260816,3,37,0.00041036807102301113,0.00032604695297777653
False,hidden_64_32,64-32,4498,11,20260816,4,4,0.00037026675914775465,0.00031656146165914834
False,hidden_64_32,64-32,4498,11,20260816,4,15,0.00034005170211884686,0.00024589060922153294
False,hidden_64_32,64-32,4498,11,20260816,4,19,3.664825555887531e-05,3.1285286240745336e-05
False,hidden_64_32,64-32,4498,11,20260816,4,27,9.091199787693459e-05,8.373737364308909e-05
False,hidden_64_32,64-32,4498,11,20260816,4,29,7.698712871329237e-05,6.269574078032747e-05
False,hidden_64_32,64-32,4498,11,20260816,4,43,0.0006132722567140133,0.0005267095402814448
False,hidden_64_32,64-32,4498,11,20260816,4,44,0.0001712366133008741,0.00014568805636372417
False,hidden_64_32,64-32,4498,11,20260816,4,48,0.00022123200756652176,0.00017194748215842992
False,hidden_64_32,64-32,4498,11,20260816,5,18,0.00015132025815651953,0.00012511730892583728
False,hidden_64_32,64-32,4498,11,20260816,5,21,0.00010874493372445947,9.142398630501702e-05
False,hidden_64_32,64-32,4498,11,20260816,5,28,4.32171208502754e-05,3.7000179872848094e-05
False,hidden_64_32,64-32,4498,11,20260816,5,31,0.00021759077031408586,0.0001853239518823102
False,hidden_64_32,64-32,4498,11,20260816,5,32,9.778983053235527e-05,7.488012488465756e-05
False,hidden_64_32,64-32,4498,11,20260816,5,36,0.00010349002670431905,7.662057760171592e-05
False,hidden_64_32,64-32,4498,11,20260816,5,39,0.00021909810464297583,0.0001655542873777449
False,hidden_64_32,64-32,4498,11,20260816,5,46,0.0003325413376937517,0.0003094792482443154
False,hidden_64_32,64-32,4498,11,20260817,1,1,0.0020522580486583486,0.0014565170276910067
False,hidden_64_32,64-32,4498,11,20260817,1,6,0.0010390709486999708,0.0008903503185138106
False,hidden_64_32,64-32,4498,11,20260817,1,12,0.000246483533712891,0.00023244381009135395
False,hidden_64_32,64-32,4498,11,20260817,1,13,0.0003363133440216329,0.00024837255477905273
False,hidden_64_32,64-32,4498,11,20260817,1,20,0.0002720501991502917,0.00024799586390145123
False,hidden_64_32,64-32,4498,11,20260817,1,22,0.00010663905625942065,8.343935041921213e-05
False,hidden_64_32,64-32,4498,11,20260817,1,47,0.0003097007212736048,0.0002525722957216203
False,hidden_64_32,64-32,4498,11,20260817,1,49,0.00047432784606261,0.0004034459707327187
False,hidden_64_32,64-32,4498,11,20260817,2,3,0.002804481657642907,0.0024125182535499334
False,hidden_64_32,64-32,4498,11,20260817,2,17,7.755706127246112e-05,6.502390169771388e-05
False,hidden_64_32,64-32,4498,11,20260817,2,30,0.0006153605003644613,0.0005418157670646906
False,hidden_64_32,64-32,4498,11,20260817,2,38,0.00023986547981230623,0.0001751995150698349
False,hidden_64_32,64-32,4498,11,20260817,2,40,6.572479747359917e-05,4.6268702135421336e-05
False,hidden_64_32,64-32,4498,11,20260817,2,41,0.0005553138760708258,0.0003681528614833951
False,hidden_64_32,64-32,4498,11,20260817,2,42,0.0002459803893174812,0.00019634603813756257
False,hidden_64_32,64-32,4498,11,20260817,2,45,5.222057673852918e-05,4.65071207145229e-05
False,hidden_64_32,64-32,4498,11,20260817,3,7,0.0007747560210741351,0.0006029689102433622
False,hidden_64_32,64-32,4498,11,20260817,3,8,0.0012342393996861516,0.0010151767637580633
False,hidden_64_32,64-32,4498,11,20260817,3,23,0.00013947245527486023,0.00010849595128092915
False,hidden_64_32,64-32,4498,11,20260817,3,26,0.0002645951758620015,0.0001980447705136612
False,hidden_64_32,64-32,4498,11,20260817,3,33,0.00017703263834688868,0.00013341783778741956
False,hidden_64_32,64-32,4498,11,20260817,3,34,9.820197162025217e-05,6.0338974435580894e-05
False,hidden_64_32,64-32,4498,11,20260817,3,35,0.0013932059795734866,0.0012292563915252686
False,hidden_64_32,64-32,4498,11,20260817,3,37,0.00032117020249240513,0.0002707660314626992
False,hidden_64_32,64-32,4498,11,20260817,4,4,0.0008647718601305452,0.0006695103365927935
False,hidden_64_32,64-32,4498,11,20260817,4,15,0.00032511017876804755,0.00023539781977888197
False,hidden_64_32,64-32,4498,11,20260817,4,19,8.249865835011517e-05,7.106184784788638e-05
False,hidden_64_32,64-32,4498,11,20260817,4,27,9.804090338478387e-05,8.77583006513305e-05
False,hidden_64_32,64-32,4498,11,20260817,4,29,6.898316145197756e-05,5.6687593314563856e-05
False,hidden_64_32,64-32,4498,11,20260817,4,43,0.0004902835336088549,0.00042482613935135305
False,hidden_64_32,64-32,4498,11,20260817,4,44,0.00018548296996651073,0.00012612223508767784
False,hidden_64_32,64-32,4498,11,20260817,4,48,0.00014530908271810574,0.0001220858102897182
False,hidden_64_32,64-32,4498,11,20260817,5,18,0.0001790034362867878,0.00014602660667151213
False,hidden_64_32,64-32,4498,11,20260817,5,21,0.00012010273433338157,0.00010579347872408107
False,hidden_64_32,64-32,4498,11,20260817,5,28,4.840914163268416e-05,3.7471054383786395e-05
False,hidden_64_32,64-32,4498,11,20260817,5,31,0.00012625701735047913,0.00010238766844850034
False,hidden_64_32,64-32,4498,11,20260817,5,32,8.235422210430074e-05,6.499647861346602e-05
False,hidden_64_32,64-32,4498,11,20260817,5,36,9.47084420289755e-05,6.349921022774652e-05
False,hidden_64_32,64-32,4498,11,20260817,5,39,0.00018626134869745463,0.00014026999997440726
False,hidden_64_32,64-32,4498,11,20260817,5,46,0.0003662812068075666,0.0003374850784894079
False,hidden_128_64,128-64,13042,11,20260815,1,1,0.0020441215340451504,0.0014318382600322366
False,hidden_128_64,128-64,13042,11,20260815,1,6,0.0004591536404982115,0.00041845798841677606
False,hidden_128_64,128-64,13042,11,20260815,1,12,0.00012730880298328245,0.00011817931954283267
False,hidden_128_64,128-64,13042,11,20260815,1,13,0.0004927178798800364,0.0003592026187106967
False,hidden_128_64,128-64,13042,11,20260815,1,20,0.00010657043378344747,9.383201540913433e-05
False,hidden_128_64,128-64,13042,11,20260815,1,22,0.00018314285365439548,0.00013571024464908987
False,hidden_128_64,128-64,13042,11,20260815,1,47,5.2328526809797965e-05,4.0847062336979434e-05
False,hidden_128_64,128-64,13042,11,20260815,1,49,0.0004165401163144724,0.00033756374614313245
False,hidden_128_64,128-64,13042,11,20260815,2,3,0.002600646954370162,0.0022710561752319336
False,hidden_128_64,128-64,13042,11,20260815,2,17,0.00014465696703297763,0.00013451934501063079
False,hidden_128_64,128-64,13042,11,20260815,2,30,0.0005346240664851784,0.000454312568763271
False,hidden_128_64,128-64,13042,11,20260815,2,38,0.0003117381728075321,0.00021839499822817743
False,hidden_128_64,128-64,13042,11,20260815,2,40,7.930482824413666e-05,6.345510337268934e-05
False,hidden_128_64,128-64,13042,11,20260815,2,41,0.00040568476565013483,0.0002968811895698309
False,hidden_128_64,128-64,13042,11,20260815,2,42,0.00012935568176544287,9.582996426615864e-05
False,hidden_128_64,128-64,13042,11,20260815,2,45,0.00010058550477907957,7.121920498320833e-05
False,hidden_128_64,128-64,13042,11,20260815,3,7,0.0013517121945276498,0.0011509716277942061
False,hidden_128_64,128-64,13042,11,20260815,3,8,0.0008605262091238029,0.0006276845815591514
False,hidden_128_64,128-64,13042,11,20260815,3,23,0.00020909293245692097,0.0001824498176574707
False,hidden_128_64,128-64,13042,11,20260815,3,26,0.00017876637342862915,0.00013644575665239245
False,hidden_128_64,128-64,13042,11,20260815,3,33,0.00019032968011961892,0.0001421046326868236
False,hidden_128_64,128-64,13042,11,20260815,3,34,9.912885458873042e-05,6.370901974150911e-05
False,hidden_128_64,128-64,13042,11,20260815,3,35,0.0008998556789049648,0.0008245158242061734
False,hidden_128_64,128-64,13042,11,20260815,3,37,0.00031207280999106233,0.00025850176461972296
False,hidden_128_64,128-64,13042,11,20260815,4,4,0.0007318849647671769,0.0005692648701369762
False,hidden_128_64,128-64,13042,11,20260815,4,15,0.0003487545543348406,0.00024724722607061267
False,hidden_128_64,128-64,13042,11,20260815,4,19,9.98434511751761e-05,9.128332021646202e-05
False,hidden_128_64,128-64,13042,11,20260815,4,27,9.267051195193162e-05,8.623480971436948e-05
False,hidden_128_64,128-64,13042,11,20260815,4,29,9.914980943360918e-05,8.77678394317627e-05
False,hidden_128_64,128-64,13042,11,20260815,4,43,0.0005964241023516528,0.0004949796129949391
False,hidden_128_64,128-64,13042,11,20260815,4,44,0.00023968793799913134,0.0001853132271207869
False,hidden_128_64,128-64,13042,11,20260815,4,48,7.718527346698606e-05,6.305098213488236e-05
False,hidden_128_64,128-64,13042,11,20260815,5,18,0.00016380841552771278,0.00013640045654028654
False,hidden_128_64,128-64,13042,11,20260815,5,21,7.383484622552251e-05,6.396651588147506e-05
False,hidden_128_64,128-64,13042,11,20260815,5,28,4.3131370534324277e-05,3.6046505556441844e-05
False,hidden_128_64,128-64,13042,11,20260815,5,31,0.0001732605014044787,0.0001365685457130894
False,hidden_128_64,128-64,13042,11,20260815,5,32,7.648826858664051e-05,5.674839121638797e-05
False,hidden_128_64,128-64,13042,11,20260815,5,36,0.0001304304146569814,0.00011130928760394454
False,hidden_128_64,128-64,13042,11,20260815,5,39,0.0001097924190267183,8.466959116049111e-05
False,hidden_128_64,128-64,13042,11,20260815,5,46,0.00022263775820994207,0.00021160364849492908
False,hidden_128_64,128-64,13042,11,20260816,1,1,0.0021085262508862925,0.0014705121284350753
False,hidden_128_64,128-64,13042,11,20260816,1,6,0.0010067188295058733,0.0008351576398126781
False,hidden_128_64,128-64,13042,11,20260816,1,12,0.00024078078836539495,0.00021569371165242046
False,hidden_128_64,128-64,13042,11,20260816,1,13,0.00040591440531249283,0.00030523299938067794
False,hidden_128_64,128-64,13042,11,20260816,1,20,0.0001298052596255469,0.00012233853340148926
False,hidden_128_64,128-64,13042,11,20260816,1,22,0.00016397330401896342,0.00012719750520773232
False,hidden_128_64,128-64,13042,11,20260816,1,47,3.948781428384549e-05,2.9256343623274006e-05
False,hidden_128_64,128-64,13042,11,20260816,1,49,0.00033348287927057797,0.0002878856612369418
False,hidden_128_64,128-64,13042,11,20260816,2,3,0.002499131977885434,0.002115529729053378
False,hidden_128_64,128-64,13042,11,20260816,2,17,0.00013534859155187517,0.00012372135824989527
False,hidden_128_64,128-64,13042,11,20260816,2,30,0.000456301379492255,0.00038941740058362484
False,hidden_128_64,128-64,13042,11,20260816,2,38,0.00027775057130819986,0.00019575715123210102
False,hidden_128_64,128-64,13042,11,20260816,2,40,9.362188379085844e-05,6.548285455210134e-05
False,hidden_128_64,128-64,13042,11,20260816,2,41,0.0003524508074833575,0.0002533435763325542
False,hidden_128_64,128-64,13042,11,20260816,2,42,0.00025220024752284283,0.0002014732308452949
False,hidden_128_64,128-64,13042,11,20260816,2,45,5.016898333760579e-05,4.413723945617676e-05
False,hidden_128_64,128-64,13042,11,20260816,3,7,0.0012803252181670325,0.0011065721046179533
False,hidden_128_64,128-64,13042,11,20260816,3,8,0.0016414922305819425,0.0012687123380601406
False,hidden_128_64,128-64,13042,11,20260816,3,23,0.00017879928091725728,0.00013264775043353438
False,hidden_128_64,128-64,13042,11,20260816,3,26,0.00019151586397492091,0.0001572334731463343
False,hidden_128_64,128-64,13042,11,20260816,3,33,0.00015972281027681093,0.0001230621273862198
False,hidden_128_64,128-64,13042,11,20260816,3,34,9.726094641033396e-05,5.5590866395505145e-05
False,hidden_128_64,128-64,13042,11,20260816,3,35,0.0007717775862168187,0.0007328450446948409
False,hidden_128_64,128-64,13042,11,20260816,3,37,0.0003782005220672367,0.00031774878152646124
False,hidden_128_64,128-64,13042,11,20260816,4,4,0.000751598830288933,0.0005754447192884982
False,hidden_128_64,128-64,13042,11,20260816,4,15,0.0003392925492631035,0.00024274707539007068
False,hidden_128_64,128-64,13042,11,20260816,4,19,7.692098628176614e-05,6.824970478191972e-05
False,hidden_128_64,128-64,13042,11,20260816,4,27,8.272993449766182e-05,7.570385787403211e-05
False,hidden_128_64,128-64,13042,11,20260816,4,29,9.658226912382973e-05,8.538604015484452e-05
False,hidden_128_64,128-64,13042,11,20260816,4,43,0.000541021323549584,0.00044936538324691355
False,hidden_128_64,128-64,13042,11,20260816,4,44,0.0001843118743008512,0.0001517307828180492
False,hidden_128_64,128-64,13042,11,20260816,4,48,9.19845916547536e-05,7.631182961631566e-05
False,hidden_128_64,128-64,13042,11,20260816,5,18,9.397988827557674e-05,7.524371176259592e-05
False,hidden_128_64,128-64,13042,11,20260816,5,21,6.70582220944367e-05,5.710959521820769e-05
False,hidden_128_64,128-64,13042,11,20260816,5,28,5.423023099350441e-05,4.82594950881321e-05
False,hidden_128_64,128-64,13042,11,20260816,5,31,3.397617191577768e-05,2.8798580387956463e-05
False,hidden_128_64,128-64,13042,11,20260816,5,32,0.00011488643368781674,9.147167293122038e-05
False,hidden_128_64,128-64,13042,11,20260816,5,36,7.296048298468735e-05,5.577087358688004e-05
False,hidden_128_64,128-64,13042,11,20260816,5,39,0.0001485856165905328,0.00011169671779498458
False,hidden_128_64,128-64,13042,11,20260816,5,46,0.00038244956062627087,0.00035375833977013826
False,hidden_128_64,128-64,13042,11,20260817,1,1,0.0021807883518457534,0.0015103518962860107
False,hidden_128_64,128-64,13042,11,20260817,1,6,0.0007527799612913872,0.0006601917557418346
False,hidden_128_64,128-64,13042,11,20260817,1,12,0.00015216573183518214,0.00014055491192266345
False,hidden_128_64,128-64,13042,11,20260817,1,13,0.0002961487831459811,0.00021764397388324142
False,hidden_128_64,128-64,13042,11,20260817,1,20,0.00013099390362749668,0.0001225352316396311
False,hidden_128_64,128-64,13042,11,20260817,1,22,7.82331029316717e-05,6.275773193920031e-05
False,hidden_128_64,128-64,13042,11,20260817,1,47,0.0001645535115939617,0.00012376427184790373
False,hidden_128_64,128-64,13042,11,20260817,1,49,0.0003016292916351525,0.0002640211605466902
False,hidden_128_64,128-64,13042,11,20260817,2,3,0.0026988096862906197,0.002342317020520568
False,hidden_128_64,128-64,13042,11,20260817,2,17,0.0002235240935282419,0.00019754887034650892
False,hidden_128_64,128-64,13042,11,20260817,2,30,0.0006860530966688098,0.0005874884082004428
False,hidden_128_64,128-64,13042,11,20260817,2,38,0.0004271262855855633,0.00031487701926380396
False,hidden_128_64,128-64,13042,11,20260817,2,40,0.00014243544134646304,9.238124039256945e-05
False,hidden_128_64,128-64,13042,11,20260817,2,41,0.000736691881994879,0.000541498651728034
False,hidden_128_64,128-64,13042,11,20260817,2,42,0.0001630030714748444,0.0001293635432375595
False,hidden_128_64,128-64,13042,11,20260817,2,45,6.168944318732771e-05,5.161404624232091e-05
False,hidden_128_64,128-64,13042,11,20260817,3,7,0.0012432859344229448,0.0010393750853836536
False,hidden_128_64,128-64,13042,11,20260817,3,8,0.0008523851332509336,0.0006529057282023132
False,hidden_128_64,128-64,13042,11,20260817,3,23,0.00012908402478091128,9.686231351224706e-05
False,hidden_128_64,128-64,13042,11,20260817,3,26,0.00034582773104374496,0.00020122408750467002
False,hidden_128_64,128-64,13042,11,20260817,3,33,0.000190587368575853,0.00014719367027282715
False,hidden_128_64,128-64,13042,11,20260817,3,34,0.0001422118297937704,9.365796722704545e-05
False,hidden_128_64,128-64,13042,11,20260817,3,35,0.0009227675019308361,0.0008569741039536893
False,hidden_128_64,128-64,13042,11,20260817,3,37,0.00035655070050087586,0.00029589293990284204
False,hidden_128_64,128-64,13042,11,20260817,4,4,0.0009191662399692085,0.0007147169089876115
False,hidden_128_64,128-64,13042,11,20260817,4,15,0.00036975084057646544,0.0002659726014826447
False,hidden_128_64,128-64,13042,11,20260817,4,19,0.0001394776643061265,0.00012368083116598427
False,hidden_128_64,128-64,13042,11,20260817,4,27,7.836423058571938e-05,7.309198554139584e-05
False,hidden_128_64,128-64,13042,11,20260817,4,29,0.00010973716113916119,0.00010050058335764334
False,hidden_128_64,128-64,13042,11,20260817,4,43,0.0005553291279013059,0.0004527616547420621
False,hidden_128_64,128-64,13042,11,20260817,4,44,0.0001691433531092555,0.00013475418381858617
False,hidden_128_64,128-64,13042,11,20260817,4,48,0.00011689299455462653,9.819507249630988e-05
False,hidden_128_64,128-64,13042,11,20260817,5,18,0.00011901015920493611,9.71496119746007e-05
False,hidden_128_64,128-64,13042,11,20260817,5,21,8.005461873961467e-05,7.024526712484658e-05
False,hidden_128_64,128-64,13042,11,20260817,5,28,5.079229048443647e-05,3.979563553002663e-05
False,hidden_128_64,128-64,13042,11,20260817,5,31,0.00013935264480330515,0.00012052059173583984
False,hidden_128_64,128-64,13042,11,20260817,5,32,4.8372605194260974e-05,3.8771628169342875e-05
False,hidden_128_64,128-64,13042,11,20260817,5,36,7.404388946458863e-05,5.30254837940447e-05
False,hidden_128_64,128-64,13042,11,20260817,5,39,0.00020341561555543513,0.0001586294238222763
False,hidden_128_64,128-64,13042,11,20260817,5,46,0.00028587200413333295,0.00025928259128704667
True,linear,none,750,14,20260815,1,1,0.00215907589664519,0.0015243303496390581
True,linear,none,750,14,20260815,1,6,0.0005350286626290645,0.000407152168918401
True,linear,none,750,14,20260815,1,12,0.00046114524717421023,0.00036024689325131476
True,linear,none,750,14,20260815,1,13,0.00011085448039076207,9.383678116137162e-05
True,linear,none,750,14,20260815,1,20,0.00021047313279288555,0.0001684725284576416
True,linear,none,750,14,20260815,1,22,0.00013165419374043386,0.00010635852959239855
True,linear,none,750,14,20260815,1,47,0.000622674749883014,0.0005191695527173579
True,linear,none,750,14,20260815,1,49,0.00022781144754110237,0.00017795800522435457
True,linear,none,750,14,20260815,2,3,0.0019332464482829464,0.0017066788859665394
True,linear,none,750,14,20260815,2,17,0.0004275902783748215,0.0003668499120976776
True,linear,none,750,14,20260815,2,30,0.00035052307283548265,0.0002625107881613076
True,linear,none,750,14,20260815,2,38,0.00018542136094100775,0.00012885451724287122
True,linear,none,750,14,20260815,2,40,9.755993594674531e-05,7.050275598885491e-05
True,linear,none,750,14,20260815,2,41,0.00044410010879128914,0.0003856110561173409
True,linear,none,750,14,20260815,2,42,0.00011209711259719251,8.008479926502332e-05
True,linear,none,750,14,20260815,2,45,9.475867149407964e-05,7.323622412513942e-05
True,linear,none,750,14,20260815,3,7,0.0009476457727319532,0.0007219529361464083
True,linear,none,750,14,20260815,3,8,0.0018116574249109525,0.0014890861930325627
True,linear,none,750,14,20260815,3,23,0.0005814501745120849,0.0004623377462849021
True,linear,none,750,14,20260815,3,26,0.00018407213286902359,0.00014024019765201956
True,linear,none,750,14,20260815,3,33,0.00021929865130354464,0.00017037749057635665
True,linear,none,750,14,20260815,3,34,6.752693965105178e-05,5.270838664728217e-05
True,linear,none,750,14,20260815,3,35,0.0006028703832899233,0.0005482315900735557
True,linear,none,750,14,20260815,3,37,0.00033633153422318727,0.0002763819647952914
True,linear,none,750,14,20260815,4,4,0.00045092884661683227,0.00038817524909973145
True,linear,none,750,14,20260815,4,15,0.0002961001938162943,0.00022486448870040476
True,linear,none,750,14,20260815,4,19,0.0001871937461340025,0.00014904141426086426
True,linear,none,750,14,20260815,4,27,0.00019895956321850294,0.0001655137602938339
True,linear,none,750,14,20260815,4,29,9.694781132257183e-05,8.267879456980154e-05
True,linear,none,750,14,20260815,4,43,0.0006087406467369161,0.0005204618209972978
True,linear,none,750,14,20260815,4,44,0.00025789185125118277,0.0001924574316944927
True,linear,none,750,14,20260815,4,48,0.0002767878622391983,0.00022295117378234863
True,linear,none,750,14,20260815,5,18,0.0003772500348904963,0.00030502438312396407
True,linear,none,750,14,20260815,5,21,8.058135205305131e-05,6.925940397195518e-05
True,linear,none,750,14,20260815,5,28,0.00011208301617020467,9.470701479585841e-05
True,linear,none,750,14,20260815,5,31,9.625503777425594e-05,7.828950765542686e-05
True,linear,none,750,14,20260815,5,32,0.00014432410882567905,0.00012105226778658107
True,linear,none,750,14,20260815,5,36,7.415341248772729e-05,6.16312026977539e-05
True,linear,none,750,14,20260815,5,39,0.00012586271249293414,9.288310684496537e-05
True,linear,none,750,14,20260815,5,46,0.0006624770517617596,0.000574611418414861
True,linear,none,750,14,20260816,1,1,0.0021638729436289357,0.00152844307012856
True,linear,none,750,14,20260816,1,6,0.0003893635998639865,0.00030314087052829564
True,linear,none,750,14,20260816,1,12,0.0004636443297448503,0.00036183715565130115
True,linear,none,750,14,20260816,1,13,0.00013075738975430778,0.00011310339323244989
True,linear,none,750,14,20260816,1,20,0.00016309638892154848,0.00012858510308433324
True,linear,none,750,14,20260816,1,22,0.00010940392768723116,8.819580398267135e-05
True,linear,none,750,14,20260816,1,47,0.0005865577982358475,0.0004944884567521513
True,linear,none,750,14,20260816,1,49,0.00017444538339747906,0.00013510465214494616
True,linear,none,750,14,20260816,2,3,0.001975095887634254,0.0017413640161976218
True,linear,none,750,14,20260816,2,17,0.0004053456278135883,0.00035320757888257504
True,linear,none,750,14,20260816,2,30,0.00030825720947945905,0.00023864149989094585
True,linear,none,750,14,20260816,2,38,0.0001695883132839895,0.00011582970910239965
True,linear,none,750,14,20260816,2,40,8.547406856056932e-05,6.009697972331196e-05
True,linear,none,750,14,20260816,2,41,0.00043102002518131987,0.0003838395932689309
True,linear,none,750,14,20260816,2,42,9.118569296670839e-05,7.039069896563888e-05
True,linear,none,750,14,20260816,2,45,0.00010083478702355019,7.82310962677002e-05
True,linear,none,750,14,20260816,3,7,0.0008941426883127972,0.0006874728132970631
True,linear,none,750,14,20260816,3,8,0.0020183253524717008,0.00169302464928478
True,linear,none,750,14,20260816,3,23,0.0006119118617488727,0.0004959225771017373
True,linear,none,750,14,20260816,3,26,0.0002163436448385769,0.00017566919268574566
True,linear,none,750,14,20260816,3,33,0.00021319000863017135,0.00016566991689614952
True,linear,none,750,14,20260816,3,34,5.966431454758324e-05,4.5834778575226665e-05
True,linear,none,750,14,20260816,3,35,0.0006095087390097503,0.0005522537394426763
True,linear,none,750,14,20260816,3,37,0.0003361378774257862,0.0002752995351329446
True,linear,none,750,14,20260816,4,4,0.0004332689631089925,0.0003775143704842776
True,linear,none,750,14,20260816,4,15,0.0002991532835165411,0.0002268350071972236
True,linear,none,750,14,20260816,4,19,0.00017262569168790255,0.00013433695130515844
True,linear,none,750,14,20260816,4,27,0.00021169889181731291,0.000178699498064816
True,linear,none,750,14,20260816,4,29,0.0001044682567914486,8.59153296914883e-05
True,linear,none,750,14,20260816,4,43,0.0006039148020826611,0.0005173170357011259
True,linear,none,750,14,20260816,4,44,0.0002650219036559181,0.00019811153470072895
True,linear,none,750,14,20260816,4,48,0.00026756256160162637,0.00021446228493005037
True,linear,none,750,14,20260816,5,18,0.00037773191672990056,0.00030535340192727745
True,linear,none,750,14,20260816,5,21,8.59167073397532e-05,7.370472303591669e-05
True,linear,none,750,14,20260816,5,28,0.00011808273227961436,9.542345651425421e-05
True,linear,none,750,14,20260816,5,31,9.166303450749786e-05,7.327795174205676e-05
True,linear,none,750,14,20260816,5,32,0.00015451809521257432,0.00013287186447996646
True,linear,none,750,14,20260816,5,36,7.547836920407603e-05,6.459713040385395e-05
True,linear,none,750,14,20260816,5,39,0.00012857295943351002,9.363293793285266e-05
True,linear,none,750,14,20260816,5,46,0.0006546829184519214,0.0005688238306902349
True,linear,none,750,14,20260817,1,1,0.002164287538479107,0.0015311801107600331
True,linear,none,750,14,20260817,1,6,0.000442816284585808,0.0003329765750095248
True,linear,none,750,14,20260817,1,12,0.0004641960293908682,0.00036209344398230314
True,linear,none,750,14,20260817,1,13,0.00011840029856684654,0.00010468721302459016
True,linear,none,750,14,20260817,1,20,0.00018057214100180273,0.000142164237331599
True,linear,none,750,14,20260817,1,22,0.00011949151129674199,9.405851596966386e-05
True,linear,none,750,14,20260817,1,47,0.0005790381622888776,0.0004897498874925077
True,linear,none,750,14,20260817,1,49,0.000177801064984102,0.00013470411067828536
True,linear,none,750,14,20260817,2,3,0.001964587956865712,0.0017343891086056828
True,linear,none,750,14,20260817,2,17,0.0004059565370424452,0.0003498411097098142
True,linear,none,750,14,20260817,2,30,0.00031968971089785177,0.0002544999006204307
True,linear,none,750,14,20260817,2,38,0.00017824284433013313,0.00011816978803835809
True,linear,none,750,14,20260817,2,40,9.508388339583683e-05,6.38735291431658e-05
True,linear,none,750,14,20260817,2,41,0.0005109392199745298,0.0004631221236195415
True,linear,none,750,14,20260817,2,42,0.00010255198686289869,7.260203710757196e-05
True,linear,none,750,14,20260817,2,45,9.762880559709418e-05,7.616758375661448e-05
True,linear,none,750,14,20260817,3,7,0.0008758636444121191,0.0006695759366266429
True,linear,none,750,14,20260817,3,8,0.0019525940157470733,0.001627504825592041
True,linear,none,750,14,20260817,3,23,0.0005971633936190837,0.00048340679495595396
True,linear,none,750,14,20260817,3,26,0.00025248748440176785,0.00021843313879799098
True,linear,none,750,14,20260817,3,33,0.00020360295809610594,0.0001632261264603585
True,linear,none,750,14,20260817,3,34,6.775129495076513e-05,5.139112545293756e-05
True,linear,none,750,14,20260817,3,35,0.0005867509084261091,0.0005343639641068876
True,linear,none,750,14,20260817,3,37,0.0003334395066152511,0.0002769386628642678
True,linear,none,750,14,20260817,4,4,0.0004428981115938821,0.00038056017365306616
True,linear,none,750,14,20260817,4,15,0.00029941408329899,0.00022632717445958406
True,linear,none,750,14,20260817,4,19,0.00017491650997181088,0.00013353586837183684
True,linear,none,750,14,20260817,4,27,0.00020172048813671864,0.00017278075392823666
True,linear,none,750,14,20260817,4,29,0.00010541957683181247,8.978009282145649e-05
True,linear,none,750,14,20260817,4,43,0.0006053663460657203,0.0005169141222722828
True,linear,none,750,14,20260817,4,44,0.0002591491099240494,0.0001995515776798129
True,linear,none,750,14,20260817,4,48,0.0002684983302209085,0.0002143430756404996
True,linear,none,750,14,20260817,5,18,0.00038159554611934927,0.0003100752946920693
True,linear,none,750,14,20260817,5,21,8.506566417174946e-05,7.269025081768632e-05
True,linear,none,750,14,20260817,5,28,0.0001105221767651894,8.898854139260948e-05
True,linear,none,750,14,20260817,5,31,9.544477455759963e-05,7.740378350717947e-05
True,linear,none,750,14,20260817,5,32,0.00015620968515716533,0.00013222337292972952
True,linear,none,750,14,20260817,5,36,7.814354197824986e-05,6.682753883069381e-05
True,linear,none,750,14,20260817,5,39,0.00012823891188047806,9.414434316568077e-05
True,linear,none,750,14,20260817,5,46,0.0006535663623202692,0.0005652940017171204
True,bottleneck_4,4,310,14,20260815,1,1,0.0023385253242781956,0.0016732108779251575
True,bottleneck_4,4,310,14,20260815,1,6,0.00046601872363491844,0.00035160660627298057
True,bottleneck_4,4,310,14,20260815,1,12,0.00024579521714582773,0.00019433378474786878
True,bottleneck_4,4,310,14,20260815,1,13,0.00012917373068677072,0.00011706352233886719
True,bottleneck_4,4,310,14,20260815,1,20,0.00010430432210517128,9.340643737232313e-05
True,bottleneck_4,4,310,14,20260815,1,22,0.00012094030652664335,0.00010207295417785645
True,bottleneck_4,4,310,14,20260815,1,47,0.0002770427608036099,0.00023611307551618665
True,bottleneck_4,4,310,14,20260815,1,49,0.00015311908879996397,0.00012458562559913844
True,bottleneck_4,4,310,14,20260815,2,3,0.005935525831149612,0.005189250688999891
True,bottleneck_4,4,310,14,20260815,2,17,0.00027634365381698126,0.0002417230571154505
True,bottleneck_4,4,310,14,20260815,2,30,0.00036324109240065976,0.00029808402177877724
True,bottleneck_4,4,310,14,20260815,2,38,0.00014115225599056636,8.806944242678583e-05
True,bottleneck_4,4,310,14,20260815,2,40,6.037758731961798e-05,4.469037230592221e-05
True,bottleneck_4,4,310,14,20260815,2,41,0.00048160457079858007,0.00038622377905994654
True,bottleneck_4,4,310,14,20260815,2,42,0.0001446588089894003,0.00011343240475980565
True,bottleneck_4,4,310,14,20260815,2,45,0.00016153595527511376,0.00013975142792332917
True,bottleneck_4,4,310,14,20260815,3,7,0.001219710863172619,0.0009940218878909945
True,bottleneck_4,4,310,14,20260815,3,8,0.0018015471374397197,0.0014658403815701604
True,bottleneck_4,4,310,14,20260815,3,23,0.00041992104666355824,0.00032346247462555766
True,bottleneck_4,4,310,14,20260815,3,26,0.0007094833781749157,0.0005985748721286654
True,bottleneck_4,4,310,14,20260815,3,33,0.0002183294380750231,0.0001699185377219692
True,bottleneck_4,4,310,14,20260815,3,34,0.0001788005128432926,0.00012626410170923918
True,bottleneck_4,4,310,14,20260815,3,35,0.0009988349963723693,0.0009114551357924938
True,bottleneck_4,4,310,14,20260815,3,37,0.00048758950036893354,0.0004143834230490029
True,bottleneck_4,4,310,14,20260815,4,4,0.0032653641477495892,0.0026516092475503683
True,bottleneck_4,4,310,14,20260815,4,15,0.0003729981329882037,0.000281965738395229
True,bottleneck_4,4,310,14,20260815,4,19,0.00019691213305609749,0.00015928744687698781
True,bottleneck_4,4,310,14,20260815,4,27,0.00014239716174587705,0.00012295841588638723
True,bottleneck_4,4,310,14,20260815,4,29,0.0001745199265363404,0.00016158699872903526
True,bottleneck_4,4,310,14,20260815,4,43,0.0004025934037051347,0.0003390574420336634
True,bottleneck_4,4,310,14,20260815,4,44,0.00024355877909803167,0.00019394040282350034
True,bottleneck_4,4,310,14,20260815,4,48,0.00020137771275322434,0.0001608133316040039
True,bottleneck_4,4,310,14,20260815,5,18,0.0001114999039458753,9.949326340574771e-05
True,bottleneck_4,4,310,14,20260815,5,21,0.0001082304235277057,9.175896411761642e-05
True,bottleneck_4,4,310,14,20260815,5,28,5.5815314312966096e-05,4.898428960586898e-05
True,bottleneck_4,4,310,14,20260815,5,31,0.00032972348860731295,0.0002660572645254433
True,bottleneck_4,4,310,14,20260815,5,32,0.00016521088307009407,0.00011708378588082269
True,bottleneck_4,4,310,14,20260815,5,36,0.0001222589923340765,0.00011144995369249955
True,bottleneck_4,4,310,14,20260815,5,39,0.00013037160053586778,0.00010155081690754741
True,bottleneck_4,4,310,14,20260815,5,46,0.0010346598311017493,0.0008858716464601457
True,bottleneck_4,4,310,14,20260816,1,1,0.0023839970513977985,0.001695917802862823
True,bottleneck_4,4,310,14,20260816,1,6,0.00033335736970667033,0.0002627634967211634
True,bottleneck_4,4,310,14,20260816,1,12,0.0002603539071227394,0.00018734812329057604
True,bottleneck_4,4,310,14,20260816,1,13,0.00012555862374887363,0.00011104703298769891
True,bottleneck_4,4,310,14,20260816,1,20,0.0001135540014113929,0.00010363578621763736
True,bottleneck_4,4,310,14,20260816,1,22,0.00010743814516384673,9.018421405926347e-05
True,bottleneck_4,4,310,14,20260816,1,47,0.00029360077922163365,0.00024783849949017167
True,bottleneck_4,4,310,14,20260816,1,49,0.00011267568387562663,9.009480709210038e-05
True,bottleneck_4,4,310,14,20260816,2,3,0.0031930333512540823,0.002780442126095295
True,bottleneck_4,4,310,14,20260816,2,17,0.0003087053507560276,0.0002588164934422821
True,bottleneck_4,4,310,14,20260816,2,30,0.0006717632907914179,0.0005719757173210382
True,bottleneck_4,4,310,14,20260816,2,38,0.00010397557909079526,8.751988207222894e-05
True,bottleneck_4,4,310,14,20260816,2,40,0.0001772838836068016,0.00014117718092165887
True,bottleneck_4,4,310,14,20260816,2,41,0.000600301432386991,0.0004938411875627935
True,bottleneck_4,4,310,14,20260816,2,42,0.0002069720889171986,0.0001656544191064313
True,bottleneck_4,4,310,14,20260816,2,45,0.0002245251508943785,0.0001880776835605502
True,bottleneck_4,4,310,14,20260816,3,7,0.00169243171120941,0.001448575290851295
True,bottleneck_4,4,310,14,20260816,3,8,0.0032554503595510534,0.002789722755551338
True,bottleneck_4,4,310,14,20260816,3,23,0.00010597452317151158,9.158015018329024e-05
True,bottleneck_4,4,310,14,20260816,3,26,0.001579657081102702,0.0013736772816628218
True,bottleneck_4,4,310,14,20260816,3,33,0.00010188961182863613,7.588267180835828e-05
True,bottleneck_4,4,310,14,20260816,3,34,0.00013847514965496994,7.979154906934127e-05
True,bottleneck_4,4,310,14,20260816,3,35,0.00034077648206357823,0.00028588890563696623
True,bottleneck_4,4,310,14,20260816,3,37,0.0006052884281855733,0.0005245149368420243
True,bottleneck_4,4,310,14,20260816,4,4,0.0025339429880092313,0.002005961025133729
True,bottleneck_4,4,310,14,20260816,4,15,0.0003045786383547522,0.0002351737057324499
True,bottleneck_4,4,310,14,20260816,4,19,0.00013696293346707682,0.00011563062435016036
True,bottleneck_4,4,310,14,20260816,4,27,9.658600725862462e-05,8.075118239503354e-05
True,bottleneck_4,4,310,14,20260816,4,29,0.00020046343798001674,0.0001814031566027552
True,bottleneck_4,4,310,14,20260816,4,43,0.0004034161248890047,0.00034052252885885537
True,bottleneck_4,4,310,14,20260816,4,44,0.00015864794313005096,0.00011281132901785895
True,bottleneck_4,4,310,14,20260816,4,48,0.00018547215730091175,0.0001517474593129009
True,bottleneck_4,4,310,14,20260816,5,18,0.0006602726094818266,0.0005577015690505505
True,bottleneck_4,4,310,14,20260816,5,21,9.842010651280628e-05,8.451104076812044e-05
True,bottleneck_4,4,310,14,20260816,5,28,9.17912013344823e-05,7.348179497057572e-05
True,bottleneck_4,4,310,14,20260816,5,31,0.00033710351023234574,0.00026229859213344753
True,bottleneck_4,4,310,14,20260816,5,32,0.00027120875777542563,0.00019988775602541864
True,bottleneck_4,4,310,14,20260816,5,36,0.00012093827591003749,9.701013914309442e-05
True,bottleneck_4,4,310,14,20260816,5,39,0.00027778360855330555,0.00022957444889470935
True,bottleneck_4,4,310,14,20260816,5,46,0.0006080071118403433,0.000515402527526021
True,bottleneck_4,4,310,14,20260817,1,1,0.0024430892217438636,0.0017439520452171564
True,bottleneck_4,4,310,14,20260817,1,6,0.0005235385365795949,0.00045491219498217106
True,bottleneck_4,4,310,14,20260817,1,12,0.0005183486396445452,0.0004097807395737618
True,bottleneck_4,4,310,14,20260817,1,13,0.00022238099964567802,0.0001839673495851457
True,bottleneck_4,4,310,14,20260817,1,20,0.00011544749621333638,9.256482007913291e-05
True,bottleneck_4,4,310,14,20260817,1,22,6.890275989301811e-05,5.146384137333371e-05
True,bottleneck_4,4,310,14,20260817,1,47,0.00010435316271683845,8.611082739662379e-05
True,bottleneck_4,4,310,14,20260817,1,49,5.6107773430557965e-05,4.165768768871203e-05
True,bottleneck_4,4,310,14,20260817,2,3,0.003101029502780963,0.0027179145254194736
True,bottleneck_4,4,310,14,20260817,2,17,0.0004637262508569673,0.00039432765333913267
True,bottleneck_4,4,310,14,20260817,2,30,0.00040770059786275127,0.0002941989805549383
True,bottleneck_4,4,310,14,20260817,2,38,0.00016604964005826164,0.00012714267359115183
True,bottleneck_4,4,310,14,20260817,2,40,0.00011523237425855128,9.123444760916755e-05
True,bottleneck_4,4,310,14,20260817,2,41,0.0006562656210289882,0.0005050814361311495
True,bottleneck_4,4,310,14,20260817,2,42,0.0001326553627967548,0.00010785341146402061
True,bottleneck_4,4,310,14,20260817,2,45,0.0001249135110807828,9.039520955411717e-05
True,bottleneck_4,4,310,14,20260817,3,7,0.001524620804092247,0.0013064860831946135
True,bottleneck_4,4,310,14,20260817,3,8,0.0011729118251311652,0.0009486842318437994
True,bottleneck_4,4,310,14,20260817,3,23,8.312086767194093e-05,7.29644307284616e-05
True,bottleneck_4,4,310,14,20260817,3,26,0.0004452952871657039,0.0003687191056087613
True,bottleneck_4,4,310,14,20260817,3,33,0.00012344934958461587,8.68070128490217e-05
True,bottleneck_4,4,310,14,20260817,3,34,0.0001071399624373232,5.758285624324344e-05
True,bottleneck_4,4,310,14,20260817,3,35,0.0007033282215003941,0.0006801545387133956
True,bottleneck_4,4,310,14,20260817,3,37,0.00029826726458378935,0.00025534152518957853
True,bottleneck_4,4,310,14,20260817,4,4,0.0007011179010776289,0.0006775832152925432
True,bottleneck_4,4,310,14,20260817,4,15,0.00030222136483160203,0.00023265719937626272
True,bottleneck_4,4,310,14,20260817,4,19,3.859440447076599e-05,3.317475420772098e-05
True,bottleneck_4,4,310,14,20260817,4,27,9.898401604233083e-05,8.509397594025359e-05
True,bottleneck_4,4,310,14,20260817,4,29,0.00016873273275453882,0.00015742063988000154
True,bottleneck_4,4,310,14,20260817,4,43,0.0002381303057745405,0.00020272850815672427
True,bottleneck_4,4,310,14,20260817,4,44,5.242030062112739e-05,4.159450691076927e-05
True,bottleneck_4,4,310,14,20260817,4,48,3.5096045115596416e-05,3.075361382798292e-05
True,bottleneck_4,4,310,14,20260817,5,18,0.00015684949531763823,0.00012236475595273077
True,bottleneck_4,4,310,14,20260817,5,21,0.00010658513845013892,9.576082084095106e-05
True,bottleneck_4,4,310,14,20260817,5,28,4.6121881459286774e-05,3.980994370067492e-05
True,bottleneck_4,4,310,14,20260817,5,31,0.00021812126542484047,0.00016276359383482486
True,bottleneck_4,4,310,14,20260817,5,32,7.060925569898563e-05,5.900025280425325e-05
True,bottleneck_4,4,310,14,20260817,5,36,0.00018574884559270335,0.00016268134640995413
True,bottleneck_4,4,310,14,20260817,5,39,0.00010892248582507422,8.518099639331922e-05
True,bottleneck_4,4,310,14,20260817,5,46,0.0013658699717169433,0.001167805166915059
True,hidden_8,8,570,14,20260815,1,1,0.002678827018550749,0.0019948326516896486
True,hidden_8,8,570,14,20260815,1,6,0.0010576022432083566,0.0008535933448001742
True,hidden_8,8,570,14,20260815,1,12,0.00016090097493082857,0.0001476466713938862
True,hidden_8,8,570,14,20260815,1,13,0.00015462669527732543,0.00012970090028829873
True,hidden_8,8,570,14,20260815,1,20,0.00011311496490519421,0.00010491013381397352
True,hidden_8,8,570,14,20260815,1,22,7.9740885063091e-05,6.451368244597688e-05
True,hidden_8,8,570,14,20260815,1,47,8.935106039506561e-05,7.075667235767469e-05
True,hidden_8,8,570,14,20260815,1,49,0.00018403574752852336,0.00014082074631005526
True,hidden_8,8,570,14,20260815,2,3,0.0040022962647158575,0.0034650422167032957
True,hidden_8,8,570,14,20260815,2,17,0.00021383804094127326,0.00019251942285336554
True,hidden_8,8,570,14,20260815,2,30,0.0007804693639427955,0.0007253611111082137
True,hidden_8,8,570,14,20260815,2,38,0.00013148429328444395,9.081363532459363e-05
True,hidden_8,8,570,14,20260815,2,40,4.479367129136561e-05,3.7537814932875335e-05
True,hidden_8,8,570,14,20260815,2,41,0.00018986425037779693,0.00012443303421605378
True,hidden_8,8,570,14,20260815,2,42,0.0001110629038072126,8.539438567822799e-05
True,hidden_8,8,570,14,20260815,2,45,0.00017029820999752505,0.00014538050163537264
True,hidden_8,8,570,14,20260815,3,7,0.0017463044303375737,0.0014833771856501698
True,hidden_8,8,570,14,20260815,3,8,0.0015108348141168893,0.0011684525525197387
True,hidden_8,8,570,14,20260815,3,23,0.00033907202231659957,0.00026681183953769505
True,hidden_8,8,570,14,20260815,3,26,0.0008857987900687245,0.0007151258178055286
True,hidden_8,8,570,14,20260815,3,33,0.00017319314975913167,0.00013274073717184365
True,hidden_8,8,570,14,20260815,3,34,0.00010209009451248637,5.993723971187137e-05
True,hidden_8,8,570,14,20260815,3,35,0.0010273906676214171,0.0009580743499100208
True,hidden_8,8,570,14,20260815,3,37,0.00018913585052842725,0.00016213416529353708
True,hidden_8,8,570,14,20260815,4,4,0.0008493283999553283,0.0006368386675603688
True,hidden_8,8,570,14,20260815,4,15,0.0002840403296839489,0.0002102136641042307
True,hidden_8,8,570,14,20260815,4,19,0.00010908660050434367,8.75127298058942e-05
True,hidden_8,8,570,14,20260815,4,27,6.051337893577591e-05,5.3790809033671394e-05
True,hidden_8,8,570,14,20260815,4,29,0.0001571962191114639,0.00014511466724798083
True,hidden_8,8,570,14,20260815,4,43,0.0005443329300651682,0.00046266079880297184
True,hidden_8,8,570,14,20260815,4,44,5.0927678360023795e-05,3.851055953418836e-05
True,hidden_8,8,570,14,20260815,4,48,0.0002919116529459658,0.00023345589579548687
True,hidden_8,8,570,14,20260815,5,18,0.00035165433131989813,0.0002796542539726943
True,hidden_8,8,570,14,20260815,5,21,5.653387638479088e-05,4.58514696219936e-05
True,hidden_8,8,570,14,20260815,5,28,9.453802122310188e-05,7.44915014365688e-05
True,hidden_8,8,570,14,20260815,5,31,0.0004839594131529746,0.00041014672024175525
True,hidden_8,8,570,14,20260815,5,32,0.00023300322478469733,0.00016559123469050974
True,hidden_8,8,570,14,20260815,5,36,0.000122206384379158,0.00010563373507466167
True,hidden_8,8,570,14,20260815,5,39,0.00021883225774754986,0.00017585397290531546
True,hidden_8,8,570,14,20260815,5,46,0.00042365208759368394,0.0003531348775140941
True,hidden_8,8,570,14,20260816,1,1,0.0026283466590245755,0.0019507682882249355
True,hidden_8,8,570,14,20260816,1,6,0.00043788575711500746,0.000383445032639429
True,hidden_8,8,570,14,20260816,1,12,0.00011999237378917012,9.974598651751876e-05
True,hidden_8,8,570,14,20260816,1,13,9.251199645809193e-05,6.99663141858764e-05
True,hidden_8,8,570,14,20260816,1,20,0.00026926607898778636,0.00024849295732565224
True,hidden_8,8,570,14,20260816,1,22,0.0002650209250629271,0.00022881031327415258
True,hidden_8,8,570,14,20260816,1,47,0.00010451676585852867,9.155512088909745e-05
True,hidden_8,8,570,14,20260816,1,49,0.00029365268574102054,0.00023724437050987035
True,hidden_8,8,570,14,20260816,2,3,0.004575984179711331,0.0039910925552248955
True,hidden_8,8,570,14,20260816,2,17,0.00034016259543158655,0.00029384970548562706
True,hidden_8,8,570,14,20260816,2,30,0.0005216335350142534,0.0004887569230049849
True,hidden_8,8,570,14,20260816,2,38,0.00014885722149189773,0.00011170864308951423
True,hidden_8,8,570,14,20260816,2,40,4.932091896834369e-05,3.914475382771343e-05
True,hidden_8,8,570,14,20260816,2,41,0.00035781053010885386,0.0002669584646355361
True,hidden_8,8,570,14,20260816,2,42,0.0001629872799580159,0.0001394367282046005
True,hidden_8,8,570,14,20260816,2,45,0.00024828683774912535,0.00019562841043807566
True,hidden_8,8,570,14,20260816,3,7,0.0009299082602878978,0.000716556329280138
True,hidden_8,8,570,14,20260816,3,8,0.004280798304410053,0.003706092946231365
True,hidden_8,8,570,14,20260816,3,23,0.0004218856841514283,0.00032599567202851176
True,hidden_8,8,570,14,20260816,3,26,0.00017277720018340242,0.00012017846165690571
True,hidden_8,8,570,14,20260816,3,33,8.985272192319979e-05,7.4406860221643e-05
True,hidden_8,8,570,14,20260816,3,34,7.855875222545258e-05,5.86521637160331e-05
True,hidden_8,8,570,14,20260816,3,35,0.0006438821595497333,0.0006090915412642062
True,hidden_8,8,570,14,20260816,3,37,0.00023557698869714513,0.00020060062524862587
True,hidden_8,8,570,14,20260816,4,4,0.002266941824088652,0.0018177307210862637
True,hidden_8,8,570,14,20260816,4,15,0.00028171546267913446,0.00020750284602399915
True,hidden_8,8,570,14,20260816,4,19,5.2599509673787016e-05,4.4126511056674644e-05
True,hidden_8,8,570,14,20260816,4,27,0.00013517933962401188,0.00010439634206704795
True,hidden_8,8,570,14,20260816,4,29,0.0002515274907404552,0.00023201346630230546
True,hidden_8,8,570,14,20260816,4,43,0.0003789145043336847,0.00032058716169558465
True,hidden_8,8,570,14,20260816,4,44,0.00022868605805057227,0.00017907499568536878
True,hidden_8,8,570,14,20260816,4,48,0.0001430590013990477,0.00011177897249581292
True,hidden_8,8,570,14,20260816,5,18,0.00011455683996225701,9.056329872692004e-05
True,hidden_8,8,570,14,20260816,5,21,8.057810596935493e-05,6.711363676004112e-05
True,hidden_8,8,570,14,20260816,5,28,0.00012669923114656183,9.858250268734992e-05
True,hidden_8,8,570,14,20260816,5,31,0.0003842116696768509,0.00030060054268687963
True,hidden_8,8,570,14,20260816,5,32,0.00017758926590525712,0.00012399196566548198
True,hidden_8,8,570,14,20260816,5,36,0.0001520556194543929,0.00013069510168861598
True,hidden_8,8,570,14,20260816,5,39,0.00019017646306251294,0.0001409292162861675
True,hidden_8,8,570,14,20260816,5,46,0.002717742408307763,0.0023802362848073244
True,hidden_8,8,570,14,20260817,1,1,0.002623205896231855,0.0019155085319653153
True,hidden_8,8,570,14,20260817,1,6,0.0007147210427293822,0.0005022466066293418
True,hidden_8,8,570,14,20260817,1,12,0.0001705493563882662,0.00015911340597085655
True,hidden_8,8,570,14,20260817,1,13,7.240808028167108e-05,5.948185935267247e-05
True,hidden_8,8,570,14,20260817,1,20,8.762242632567297e-05,8.0894234997686e-05
True,hidden_8,8,570,14,20260817,1,22,0.00021998525677131817,0.00018090367666445673
True,hidden_8,8,570,14,20260817,1,47,0.00034540212281419276,0.00028649449814110994
True,hidden_8,8,570,14,20260817,1,49,0.00038956226061572804,0.0003147375537082553
True,hidden_8,8,570,14,20260817,2,3,0.0035997360226245256,0.003140448359772563
True,hidden_8,8,570,14,20260817,2,17,0.00026386301019300283,0.0002352404553676024
True,hidden_8,8,570,14,20260817,2,30,0.0007031550420135582,0.0006585001829080284
True,hidden_8,8,570,14,20260817,2,38,0.00020799682821885873,0.00015301108942367136
True,hidden_8,8,570,14,20260817,2,40,6.439357115926721e-05,4.407763481140137e-05
True,hidden_8,8,570,14,20260817,2,41,0.00043028306970016426,0.0003498518490232527
True,hidden_8,8,570,14,20260817,2,42,0.00014199703607522762,0.00010918021143879741
True,hidden_8,8,570,14,20260817,2,45,0.00016557997597259748,0.00014299988106358796
True,hidden_8,8,570,14,20260817,3,7,0.0015516194669814398,0.0013353026006370783
True,hidden_8,8,570,14,20260817,3,8,0.0018438456851540283,0.0013993311440572143
True,hidden_8,8,570,14,20260817,3,23,0.00011398559272139626,0.00010577082866802812
True,hidden_8,8,570,14,20260817,3,26,0.0006658967958870454,0.0005322790239006281
True,hidden_8,8,570,14,20260817,3,33,0.00020235287944128064,0.00016914606385398656
True,hidden_8,8,570,14,20260817,3,34,7.380641862347924e-05,4.951953815179877e-05
True,hidden_8,8,570,14,20260817,3,35,0.000751987732573819,0.0007215309306047857
True,hidden_8,8,570,14,20260817,3,37,0.000231529944288879,0.0002049517643172294
True,hidden_8,8,570,14,20260817,4,4,0.00042100527272077116,0.00036953212111257017
True,hidden_8,8,570,14,20260817,4,15,0.00029805879380626836,0.00022447347873821855
True,hidden_8,8,570,14,20260817,4,19,8.067834356671383e-05,7.03918922226876e-05
True,hidden_8,8,570,14,20260817,4,27,8.10207171891008e-05,7.140159868868068e-05
True,hidden_8,8,570,14,20260817,4,29,0.0002616100890355876,0.00023999213590286672
True,hidden_8,8,570,14,20260817,4,43,0.0002810871251024464,0.00023971796326804906
True,hidden_8,8,570,14,20260817,4,44,0.00015606002551842973,0.00012727738067042083
True,hidden_8,8,570,14,20260817,4,48,0.0003596077197367078,0.00029304384952411056
True,hidden_8,8,570,14,20260817,5,18,7.511750291869812e-05,5.76460370211862e-05
True,hidden_8,8,570,14,20260817,5,21,9.680389789119507e-05,7.978081703186035e-05
True,hidden_8,8,570,14,20260817,5,28,6.781469181515021e-05,5.8244466345058754e-05
True,hidden_8,8,570,14,20260817,5,31,0.00028172676190846903,0.00021483778255060315
True,hidden_8,8,570,14,20260817,5,32,0.00018863384134067037,0.00011584401363506913
True,hidden_8,8,570,14,20260817,5,36,8.853101785693414e-05,7.330298103624955e-05
True,hidden_8,8,570,14,20260817,5,39,0.0002075804814704901,0.00016532778681721538
True,hidden_8,8,570,14,20260817,5,46,0.0011071272152466138,0.0009850072674453259
True,hidden_16,16,1090,14,20260815,1,1,0.0024494293563399015,0.001747785834595561
True,hidden_16,16,1090,14,20260815,1,6,0.00038618470782505234,0.00034114718437194824
True,hidden_16,16,1090,14,20260815,1,12,0.00011881877967176858,0.00010608792217681184
True,hidden_16,16,1090,14,20260815,1,13,9.247210661789393e-05,8.419751975452527e-05
True,hidden_16,16,1090,14,20260815,1,20,0.00016750372961491961,0.0001567518775118515
True,hidden_16,16,1090,14,20260815,1,22,0.0001531056018742608,0.0001232814829563722
True,hidden_16,16,1090,14,20260815,1,47,9.752487042669945e-05,8.296132000396028e-05
True,hidden_16,16,1090,14,20260815,1,49,0.0002150809800243677,0.00017801523790694773
True,hidden_16,16,1090,14,20260815,2,3,0.00389825911161697,0.0033911645878106356
True,hidden_16,16,1090,14,20260815,2,17,0.0002544110436952514,0.00022815942065790296
True,hidden_16,16,1090,14,20260815,2,30,0.0007206742165435662,0.0006608343101106584
True,hidden_16,16,1090,14,20260815,2,38,0.0001047749419281433,8.298516331706196e-05
True,hidden_16,16,1090,14,20260815,2,40,4.545275529886609e-05,3.981351983384229e-05
True,hidden_16,16,1090,14,20260815,2,41,0.00033631413629829035,0.00024783849949017167
True,hidden_16,16,1090,14,20260815,2,42,0.00011272590461291152,9.701847739052027e-05
True,hidden_16,16,1090,14,20260815,2,45,0.00011912001679465163,9.598970063962042e-05
True,hidden_16,16,1090,14,20260815,3,7,0.0013815035728063179,0.0011802982771769166
True,hidden_16,16,1090,14,20260815,3,8,0.0021622867475532656,0.0018384194700047374
True,hidden_16,16,1090,14,20260815,3,23,8.980695341229589e-05,7.57634625188075e-05
True,hidden_16,16,1090,14,20260815,3,26,0.00039103223698311036,0.0003203904489055276
True,hidden_16,16,1090,14,20260815,3,33,0.0001475515238708745,0.00011728048411896452
True,hidden_16,16,1090,14,20260815,3,34,0.00012664020610081078,8.996247925097123e-05
True,hidden_16,16,1090,14,20260815,3,35,0.0010177586769382237,0.0008907818701118231
True,hidden_16,16,1090,14,20260815,3,37,0.0003791194276838551,0.0003225481486879289
True,hidden_16,16,1090,14,20260815,4,4,0.0017245801215575493,0.0014150369679555297
True,hidden_16,16,1090,14,20260815,4,15,0.00029026946732962813,0.00021357060177251697
True,hidden_16,16,1090,14,20260815,4,19,6.779507928829355e-05,5.711197809432633e-05
True,hidden_16,16,1090,14,20260815,4,27,6.564912168342174e-05,5.314349982654676e-05
True,hidden_16,16,1090,14,20260815,4,29,0.00017753229188056843,0.0001582193362992257
True,hidden_16,16,1090,14,20260815,4,43,0.00045176403019224265,0.00038511515595018864
True,hidden_16,16,1090,14,20260815,4,44,0.0002590609176731661,0.0001993155456148088
True,hidden_16,16,1090,14,20260815,4,48,0.00014963499447340678,0.00012044310278724879
True,hidden_16,16,1090,14,20260815,5,18,0.0001324605246788858,0.00010385155474068597
True,hidden_16,16,1090,14,20260815,5,21,0.00017660622896139194,0.0001447737158741802
True,hidden_16,16,1090,14,20260815,5,28,0.00011833806111692889,9.295105701312423e-05
True,hidden_16,16,1090,14,20260815,5,31,0.00020628615590734863,0.0001561772805871442
True,hidden_16,16,1090,14,20260815,5,32,0.0001018096798531466,7.495045429095626e-05
True,hidden_16,16,1090,14,20260815,5,36,0.0002399553081887106,0.00020605564350262284
True,hidden_16,16,1090,14,20260815,5,39,0.00016209269723593584,0.00012868046178482473
True,hidden_16,16,1090,14,20260815,5,46,0.0008974367318383975,0.0008131277281790972
True,hidden_16,16,1090,14,20260816,1,1,0.002334158266787861,0.0016631805337965488
True,hidden_16,16,1090,14,20260816,1,6,0.00038456541737727593,0.00033867955789901316
True,hidden_16,16,1090,14,20260816,1,12,7.354864175189743e-05,6.271004531299695e-05
True,hidden_16,16,1090,14,20260816,1,13,0.00011544688459009878,0.00010077953629661351
True,hidden_16,16,1090,14,20260816,1,20,0.0002215419014083254,0.00020432472229003906
True,hidden_16,16,1090,14,20260816,1,22,0.00013867469267839525,0.00011425971752032638
True,hidden_16,16,1090,14,20260816,1,47,9.525916447140774e-05,8.079648250713944e-05
True,hidden_16,16,1090,14,20260816,1,49,0.00028441462850772945,0.00022650003666058183
True,hidden_16,16,1090,14,20260816,2,3,0.003633122537274014,0.003112672595307231
True,hidden_16,16,1090,14,20260816,2,17,0.0002694014556278935,0.00024410366313531995
True,hidden_16,16,1090,14,20260816,2,30,0.00034258099236422594,0.0003202807856723666
True,hidden_16,16,1090,14,20260816,2,38,0.00017913803888171194,0.00012922048335894942
True,hidden_16,16,1090,14,20260816,2,40,5.059521146064499e-05,4.302382512832992e-05
True,hidden_16,16,1090,14,20260816,2,41,0.00027410745920386444,0.00018629551050253212
True,hidden_16,16,1090,14,20260816,2,42,0.00019146885125559263,0.00016355991829186678
True,hidden_16,16,1090,14,20260816,2,45,6.261087059454879e-05,5.603194222203456e-05
True,hidden_16,16,1090,14,20260816,3,7,0.0015928109153021523,0.0013180053792893887
True,hidden_16,16,1090,14,20260816,3,8,0.0025089710443904224,0.002034320728853345
True,hidden_16,16,1090,14,20260816,3,23,8.646141684120986e-05,6.666064291493967e-05
True,hidden_16,16,1090,14,20260816,3,26,0.0006740971536020054,0.0005438518710434437
True,hidden_16,16,1090,14,20260816,3,33,0.00029315059832368015,0.0002406859421171248
True,hidden_16,16,1090,14,20260816,3,34,0.0002035361340502772,0.00015676618204452097
True,hidden_16,16,1090,14,20260816,3,35,0.0007558152873365381,0.0007088267593644559
True,hidden_16,16,1090,14,20260816,3,37,0.00033551833093370967,0.0002938950201496482
True,hidden_16,16,1090,14,20260816,4,4,0.0012072560591139556,0.0009223640081472695
True,hidden_16,16,1090,14,20260816,4,15,0.0002497063161907579,0.00018384933355264366
True,hidden_16,16,1090,14,20260816,4,19,5.1254300127642974e-05,4.182696284260601e-05
True,hidden_16,16,1090,14,20260816,4,27,7.995277158360682e-05,7.214784272946417e-05
True,hidden_16,16,1090,14,20260816,4,29,0.00023447247554918537,0.00021141767501831055
True,hidden_16,16,1090,14,20260816,4,43,0.0002967240626869307,0.0002487623714841902
True,hidden_16,16,1090,14,20260816,4,44,0.0002022301625488053,0.00015458822599612176
True,hidden_16,16,1090,14,20260816,4,48,0.00014814843272072578,0.00011891484609805048
True,hidden_16,16,1090,14,20260816,5,18,0.00013234041977171256,0.00010349988588131964
True,hidden_16,16,1090,14,20260816,5,21,6.379876783677546e-05,4.773259206558578e-05
True,hidden_16,16,1090,14,20260816,5,28,0.00020012135879876242,0.00015731454186607152
True,hidden_16,16,1090,14,20260816,5,31,0.00016799952162344504,0.00013104677782393992
True,hidden_16,16,1090,14,20260816,5,32,0.00011500088327848569,7.042765355436131e-05
True,hidden_16,16,1090,14,20260816,5,36,0.00019252843708895202,0.0001729834038997069
True,hidden_16,16,1090,14,20260816,5,39,0.0001451561570903944,0.00011294484284007922
True,hidden_16,16,1090,14,20260816,5,46,0.001087569600864118,0.0009540498140268028
True,hidden_16,16,1090,14,20260817,1,1,0.0024357401207380567,0.001749774208292365
True,hidden_16,16,1090,14,20260817,1,6,0.0006844672074421039,0.0004963863175362349
True,hidden_16,16,1090,14,20260817,1,12,0.00010903959092796907,7.667898898944259e-05
True,hidden_16,16,1090,14,20260817,1,13,9.046762863545851e-05,8.061051630647853e-05
True,hidden_16,16,1090,14,20260817,1,20,0.0002423842795561176,0.00022067903773859143
True,hidden_16,16,1090,14,20260817,1,22,0.00016038012841480424,0.0001327192730968818
True,hidden_16,16,1090,14,20260817,1,47,0.00010970391127559852,9.417653200216591e-05
True,hidden_16,16,1090,14,20260817,1,49,0.00035235983357811333,0.0002787029661703855
True,hidden_16,16,1090,14,20260817,2,3,0.003161330962308705,0.002722077304497361
True,hidden_16,16,1090,14,20260817,2,17,0.00044170061322262866,0.0003899514558725059
True,hidden_16,16,1090,14,20260817,2,30,0.0004888418172432727,0.0004319667932577431
True,hidden_16,16,1090,14,20260817,2,38,0.0001430568035815549,8.914351201383397e-05
True,hidden_16,16,1090,14,20260817,2,40,5.363198479467441e-05,4.250407073413953e-05
True,hidden_16,16,1090,14,20260817,2,41,0.0001337268429274266,0.00011242270556977019
True,hidden_16,16,1090,14,20260817,2,42,0.00023483436560175428,0.00019151211017742753
True,hidden_16,16,1090,14,20260817,2,45,0.0001080168267367175,7.305264443857595e-05
True,hidden_16,16,1090,14,20260817,3,7,0.0017260414426286978,0.0014344167429953814
True,hidden_16,16,1090,14,20260817,3,8,0.0013293582861314,0.0010429286630824208
True,hidden_16,16,1090,14,20260817,3,23,5.6083510896903117e-05,4.60469709651079e-05
True,hidden_16,16,1090,14,20260817,3,26,0.000648781332596068,0.0005328762345016003
True,hidden_16,16,1090,14,20260817,3,33,0.00010813634589703809,8.845567936077714e-05
True,hidden_16,16,1090,14,20260817,3,34,9.08890167549935e-05,7.231712515931576e-05
True,hidden_16,16,1090,14,20260817,3,35,0.001137968955884403,0.00103712675627321
True,hidden_16,16,1090,14,20260817,3,37,0.0002506617617716357,0.0002135229151463136
True,hidden_16,16,1090,14,20260817,4,4,0.00045410760043440834,0.00037703156704083085
True,hidden_16,16,1090,14,20260817,4,15,0.0002692820169445126,0.00020142436551395804
True,hidden_16,16,1090,14,20260817,4,19,5.753213290876353e-05,5.180120570003055e-05
True,hidden_16,16,1090,14,20260817,4,27,8.607176167103992e-05,6.62767852190882e-05
True,hidden_16,16,1090,14,20260817,4,29,0.00020470809795406278,0.0001880061608972028
True,hidden_16,16,1090,14,20260817,4,43,0.0003169933935946398,0.000266277784248814
True,hidden_16,16,1090,14,20260817,4,44,8.852085445422722e-05,7.295369869098067e-05
True,hidden_16,16,1090,14,20260817,4,48,0.0001199021618328273,9.021758887683973e-05
True,hidden_16,16,1090,14,20260817,5,18,0.00020891243482147687,0.00016994834004435688
True,hidden_16,16,1090,14,20260817,5,21,8.200350674797974e-05,6.814002699684352e-05
True,hidden_16,16,1090,14,20260817,5,28,6.999850566491237e-05,5.593180685536936e-05
True,hidden_16,16,1090,14,20260817,5,31,0.00014292625846665791,0.00011528014874784276
True,hidden_16,16,1090,14,20260817,5,32,6.990352782279908e-05,6.494641274912283e-05
True,hidden_16,16,1090,14,20260817,5,36,0.0002544506717557413,0.00022081493807490915
True,hidden_16,16,1090,14,20260817,5,39,0.000228623752884528,0.00017935634241439402
True,hidden_16,16,1090,14,20260817,5,46,0.0012981912430745709,0.0011155987158417702
True,hidden_16_8,16-8,826,14,20260815,1,1,0.0020082784790331756,0.0014212930109351873
True,hidden_16_8,16-8,826,14,20260815,1,6,0.0001513583759368064,0.00010722756269387901
True,hidden_16_8,16-8,826,14,20260815,1,12,0.0002078988221829757,0.00020190000941511244
True,hidden_16_8,16-8,826,14,20260815,1,13,0.00011895480783902804,0.00010827660298673436
True,hidden_16_8,16-8,826,14,20260815,1,20,0.00019589805315238355,0.00018736958736553788
True,hidden_16_8,16-8,826,14,20260815,1,22,0.00019791556030437243,0.00016864895587787032
True,hidden_16_8,16-8,826,14,20260815,1,47,0.00036445030845423903,0.00031390905496664345
True,hidden_16_8,16-8,826,14,20260815,1,49,0.00030059374648186204,0.00025983332307077944
True,hidden_16_8,16-8,826,14,20260815,2,3,0.0033551676125641,0.002943555125966668
True,hidden_16_8,16-8,826,14,20260815,2,17,0.0004391506974595793,0.00038683295133523643
True,hidden_16_8,16-8,826,14,20260815,2,30,0.0007069660860123409,0.0006554818246513605
True,hidden_16_8,16-8,826,14,20260815,2,38,7.774219274470712e-05,6.026148912496865e-05
True,hidden_16_8,16-8,826,14,20260815,2,40,0.00011997654365941229,9.91725901258178e-05
True,hidden_16_8,16-8,826,14,20260815,2,41,0.00011024712904604878,9.190082346322015e-05
True,hidden_16_8,16-8,826,14,20260815,2,42,0.00022707250545030784,0.00018551229732111096
True,hidden_16_8,16-8,826,14,20260815,2,45,5.579804425461383e-05,4.450797860044986e-05
True,hidden_16_8,16-8,826,14,20260815,3,7,0.0015034500167021593,0.0012645662063732743
True,hidden_16_8,16-8,826,14,20260815,3,8,0.0013319786901094673,0.0009953284170478582
True,hidden_16_8,16-8,826,14,20260815,3,23,0.0002531719197210998,0.00023446678824257106
True,hidden_16_8,16-8,826,14,20260815,3,26,0.00030238045494181023,0.0002546489122323692
True,hidden_16_8,16-8,826,14,20260815,3,33,6.805233556664429e-05,5.479693572851829e-05
True,hidden_16_8,16-8,826,14,20260815,3,34,0.0001260631261968593,7.397770968964323e-05
True,hidden_16_8,16-8,826,14,20260815,3,35,0.0007462608546869854,0.0007039963966235518
True,hidden_16_8,16-8,826,14,20260815,3,37,0.0002471325881205231,0.00020760894403792918
True,hidden_16_8,16-8,826,14,20260815,4,4,0.0015348568189608803,0.001214010757394135
True,hidden_16_8,16-8,826,14,20260815,4,15,0.0003213168150276176,0.0002477919915691018
True,hidden_16_8,16-8,826,14,20260815,4,19,0.0001349723919265622,0.00011370181891834363
True,hidden_16_8,16-8,826,14,20260815,4,27,0.00014085627476154478,0.00012503504694905132
True,hidden_16_8,16-8,826,14,20260815,4,29,0.0002435151756120179,0.0002254080754937604
True,hidden_16_8,16-8,826,14,20260815,4,43,0.0002653357383641686,0.00022793412790633738
True,hidden_16_8,16-8,826,14,20260815,4,44,4.7000553745601656e-05,4.00042517867405e-05
True,hidden_16_8,16-8,826,14,20260815,4,48,0.0001643360427481521,0.00013395785936154425
True,hidden_16_8,16-8,826,14,20260815,5,18,0.00046310714725878344,0.0003735089267138392
True,hidden_16_8,16-8,826,14,20260815,5,21,5.137123399576533e-05,4.5284032239578664e-05
True,hidden_16_8,16-8,826,14,20260815,5,28,6.928415039554344e-05,5.748033436248079e-05
True,hidden_16_8,16-8,826,14,20260815,5,31,0.0001520538963078274,0.00011772036668844521
True,hidden_16_8,16-8,826,14,20260815,5,32,8.265659473628695e-05,6.977796874707565e-05
True,hidden_16_8,16-8,826,14,20260815,5,36,0.00025913289149365616,0.00023109673929866403
True,hidden_16_8,16-8,826,14,20260815,5,39,0.00010837466507102268,8.552670624339953e-05
True,hidden_16_8,16-8,826,14,20260815,5,46,0.0006302798853042882,0.0005332588916644454
True,hidden_16_8,16-8,826,14,20260816,1,1,0.002281210394506684,0.0016097485786303878
True,hidden_16_8,16-8,826,14,20260816,1,6,0.0008913353752833491,0.000714693043846637
True,hidden_16_8,16-8,826,14,20260816,1,12,0.00010618851015778796,9.001851140055805e-05
True,hidden_16_8,16-8,826,14,20260816,1,13,7.35507006927199e-05,5.4304600780596957e-05
True,hidden_16_8,16-8,826,14,20260816,1,20,0.000410977582971449,0.00037039993912912905
True,hidden_16_8,16-8,826,14,20260816,1,22,0.00028758703113129194,0.0002349901187699288
True,hidden_16_8,16-8,826,14,20260816,1,47,0.000383308160397716,0.0003239965299144387
True,hidden_16_8,16-8,826,14,20260816,1,49,0.00046622846108785015,0.0003851127694360912
True,hidden_16_8,16-8,826,14,20260816,2,3,0.002790655401104211,0.002399657852947712
True,hidden_16_8,16-8,826,14,20260816,2,17,0.00023600030632443393,0.0002188646758440882
True,hidden_16_8,16-8,826,14,20260816,2,30,0.0009173117573112787,0.000826700939796865
True,hidden_16_8,16-8,826,14,20260816,2,38,0.0003696075708044353,0.00028012157417833805
True,hidden_16_8,16-8,826,14,20260816,2,40,7.64248032374255e-05,5.442738620331511e-05
True,hidden_16_8,16-8,826,14,20260816,2,41,0.0002605200861164957,0.00019954443268943578
True,hidden_16_8,16-8,826,14,20260816,2,42,0.00030351016384798146,0.00025462149642407894
True,hidden_16_8,16-8,826,14,20260816,2,45,0.000131918935634006,0.00011503457790240645
True,hidden_16_8,16-8,826,14,20260816,3,7,0.0015031605257896199,0.0012650275602936745
True,hidden_16_8,16-8,826,14,20260816,3,8,0.0015930328046410824,0.001265255268663168
True,hidden_16_8,16-8,826,14,20260816,3,23,0.00012754442778887737,0.0001155519494204782
True,hidden_16_8,16-8,826,14,20260816,3,26,0.000789183504066278,0.0006513464613817632
True,hidden_16_8,16-8,826,14,20260816,3,33,0.00010821303694575013,9.219646744895726e-05
True,hidden_16_8,16-8,826,14,20260816,3,34,7.975979844914104e-05,6.823062722105533e-05
True,hidden_16_8,16-8,826,14,20260816,3,35,0.0013524754914823517,0.0011912143090739846
True,hidden_16_8,16-8,826,14,20260816,3,37,0.0003910072693002481,0.00034382104058749974
True,hidden_16_8,16-8,826,14,20260816,4,4,0.0008325588730457205,0.0006351101328618824
True,hidden_16_8,16-8,826,14,20260816,4,15,0.00026710501981866473,0.00019545316172298044
True,hidden_16_8,16-8,826,14,20260816,4,19,0.00015650473879040482,0.00013687134196516126
True,hidden_16_8,16-8,826,14,20260816,4,27,0.0001197048147791019,0.00011387943959562108
True,hidden_16_8,16-8,826,14,20260816,4,29,0.000239724286802297,0.00022184968111105263
True,hidden_16_8,16-8,826,14,20260816,4,43,0.0002582764516495962,0.00021638988982886076
True,hidden_16_8,16-8,826,14,20260816,4,44,0.0001144892666803158,9.465217590332031e-05
True,hidden_16_8,16-8,826,14,20260816,4,48,0.00013531980031622086,0.0001099503060686402
True,hidden_16_8,16-8,826,14,20260816,5,18,0.00041245180728969564,0.0003344547876622528
True,hidden_16_8,16-8,826,14,20260816,5,21,7.844737503832607e-05,6.613731238758191e-05
True,hidden_16_8,16-8,826,14,20260816,5,28,6.903976055288775e-05,5.461096588987857e-05
True,hidden_16_8,16-8,826,14,20260816,5,31,0.0004167466229485496,0.00036320448270998895
True,hidden_16_8,16-8,826,14,20260816,5,32,0.00012037352437954115,9.998679161071777e-05
True,hidden_16_8,16-8,826,14,20260816,5,36,0.00017382351627475527,0.00015911937225610018
True,hidden_16_8,16-8,826,14,20260816,5,39,0.00018014012719514135,0.00013751744700130075
True,hidden_16_8,16-8,826,14,20260816,5,46,0.0007515934983550835,0.0006992602138780057
True,hidden_16_8,16-8,826,14,20260817,1,1,0.0026961736607480982,0.00201360578648746
True,hidden_16_8,16-8,826,14,20260817,1,6,0.0005117522760469921,0.00045105337630957365
True,hidden_16_8,16-8,826,14,20260817,1,12,0.0003156433171906635,0.00029192568035796285
True,hidden_16_8,16-8,826,14,20260817,1,13,8.507953664149337e-05,7.101893424987793e-05
True,hidden_16_8,16-8,826,14,20260817,1,20,0.0003766871137281061,0.000337749719619751
True,hidden_16_8,16-8,826,14,20260817,1,22,0.0002855204835500663,0.00023878693173173815
True,hidden_16_8,16-8,826,14,20260817,1,47,7.030530820949109e-05,5.2613020670833066e-05
True,hidden_16_8,16-8,826,14,20260817,1,49,0.00033052445383257347,0.0002734029258135706
True,hidden_16_8,16-8,826,14,20260817,2,3,0.0020508917506639017,0.0017839884385466576
True,hidden_16_8,16-8,826,14,20260817,2,17,0.0003531013969298712,0.0003064322518184781
True,hidden_16_8,16-8,826,14,20260817,2,30,0.0011821737074778726,0.0010822451440617442
True,hidden_16_8,16-8,826,14,20260817,2,38,0.00021117780963790782,0.0001588559098308906
True,hidden_16_8,16-8,826,14,20260817,2,40,8.216328406378212e-05,6.58011413179338e-05
True,hidden_16_8,16-8,826,14,20260817,2,41,0.00017467033097971548,0.00013975858746562153
True,hidden_16_8,16-8,826,14,20260817,2,42,0.00036285020603280996,0.00030769823933951557
True,hidden_16_8,16-8,826,14,20260817,2,45,0.00014288280187712172,0.00012458920537028462
True,hidden_16_8,16-8,826,14,20260817,3,7,0.0010053727866550961,0.0007905233069323003
True,hidden_16_8,16-8,826,14,20260817,3,8,0.0009075242162874164,0.0007582235266454518
True,hidden_16_8,16-8,826,14,20260817,3,23,0.00010567271482110617,8.816242188913748e-05
True,hidden_16_8,16-8,826,14,20260817,3,26,0.001007289293531749,0.0008111500646919012
True,hidden_16_8,16-8,826,14,20260817,3,33,7.087663034954337e-05,5.9616566431941465e-05
True,hidden_16_8,16-8,826,14,20260817,3,34,0.00011485642218192668,7.135987107176334e-05
True,hidden_16_8,16-8,826,14,20260817,3,35,0.0014147821162039656,0.001289660925976932
True,hidden_16_8,16-8,826,14,20260817,3,37,0.0005332210600641573,0.0004802310431841761
True,hidden_16_8,16-8,826,14,20260817,4,4,0.0006580533754237522,0.0006287276628427207
True,hidden_16_8,16-8,826,14,20260817,4,15,0.00026366387979785536,0.0001932275336002931
True,hidden_16_8,16-8,826,14,20260817,4,19,3.8180015930873134e-05,3.183126318617724e-05
True,hidden_16_8,16-8,826,14,20260817,4,27,7.166560380954494e-05,6.322026456473395e-05
True,hidden_16_8,16-8,826,14,20260817,4,29,0.0003370738734302017,0.00030862807761877775
True,hidden_16_8,16-8,826,14,20260817,4,43,0.0003552498232867645,0.00031720875995233655
True,hidden_16_8,16-8,826,14,20260817,4,44,6.143247637190922e-05,4.803538467967883e-05
True,hidden_16_8,16-8,826,14,20260817,4,48,0.00011283219080875711,9.362816490465775e-05
True,hidden_16_8,16-8,826,14,20260817,5,18,9.742187281206596e-05,9.008765482576564e-05
True,hidden_16_8,16-8,826,14,20260817,5,21,0.00014121569372274064,0.00011452078615548089
True,hidden_16_8,16-8,826,14,20260817,5,28,6.8118868458345e-05,5.6871176639106125e-05
True,hidden_16_8,16-8,826,14,20260817,5,31,0.00020554506840356502,0.00015576957957819104
True,hidden_16_8,16-8,826,14,20260817,5,32,7.704519993083181e-05,5.752444121753797e-05
True,hidden_16_8,16-8,826,14,20260817,5,36,0.0002411554502097609,0.00021382689010351896
True,hidden_16_8,16-8,826,14,20260817,5,39,0.00018419522992057358,0.00014494538481812924
True,hidden_16_8,16-8,826,14,20260817,5,46,0.0018907519314231068,0.0016678250394761562
True,hidden_32_16,32-16,1858,14,20260815,1,1,0.0022678596817936178,0.001594825997017324
True,hidden_32_16,32-16,1858,14,20260815,1,6,0.0012470203844043915,0.001061637420207262
True,hidden_32_16,32-16,1858,14,20260815,1,12,0.00011297655158068688,9.692549792816862e-05
True,hidden_32_16,32-16,1858,14,20260815,1,13,7.2767022186982e-05,6.484866025857627e-05
True,hidden_32_16,32-16,1858,14,20260815,1,20,0.0003390850563936746,0.00030730487196706235
True,hidden_32_16,32-16,1858,14,20260815,1,22,0.00015918330724257865,0.00013225436850916594
True,hidden_32_16,32-16,1858,14,20260815,1,47,0.0001297621590876211,0.00010833620763150975
True,hidden_32_16,32-16,1858,14,20260815,1,49,0.000401817116769545,0.00033799291122704744
True,hidden_32_16,32-16,1858,14,20260815,2,3,0.002015471821555533,0.0017206668853759766
True,hidden_32_16,32-16,1858,14,20260815,2,17,0.00030845798153589194,0.0002706778177525848
True,hidden_32_16,32-16,1858,14,20260815,2,30,0.0006905102579932185,0.0006474375841207802
True,hidden_32_16,32-16,1858,14,20260815,2,38,0.00013362836949772257,9.599447366781533e-05
True,hidden_32_16,32-16,1858,14,20260815,2,40,6.125916481343134e-05,4.806756987818517e-05
True,hidden_32_16,32-16,1858,14,20260815,2,41,7.839823930584186e-05,6.608366675209254e-05
True,hidden_32_16,32-16,1858,14,20260815,2,42,0.0002651626091650823,0.00023610710923094302
True,hidden_32_16,32-16,1858,14,20260815,2,45,0.00018362568831922405,0.00015693187015131116
True,hidden_32_16,32-16,1858,14,20260815,3,7,0.0015153159411657525,0.0013040268095210195
True,hidden_32_16,32-16,1858,14,20260815,3,8,0.002138008289003847,0.0018266856204718351
True,hidden_32_16,32-16,1858,14,20260815,3,23,7.110733260237198e-05,6.434560054913163e-05
True,hidden_32_16,32-16,1858,14,20260815,3,26,0.00023324864868836577,0.00018183588690590113
True,hidden_32_16,32-16,1858,14,20260815,3,33,0.00015062307196637872,0.00011088728933827952
True,hidden_32_16,32-16,1858,14,20260815,3,34,8.000221539831648e-05,6.686330016236752e-05
True,hidden_32_16,32-16,1858,14,20260815,3,35,0.0015476322038614676,0.0014162898296490312
True,hidden_32_16,32-16,1858,14,20260815,3,37,0.00031090797439936027,0.000270186661509797
True,hidden_32_16,32-16,1858,14,20260815,4,4,0.001378217567618437,0.00108049507252872
True,hidden_32_16,32-16,1858,14,20260815,4,15,0.000181574796599722,0.00013020276674069464
True,hidden_32_16,32-16,1858,14,20260815,4,19,4.457194127766937e-05,3.5171509807696566e-05
True,hidden_32_16,32-16,1858,14,20260815,4,27,0.00013843025085019298,0.00013108730490785092
True,hidden_32_16,32-16,1858,14,20260815,4,29,0.00035906714657293616,0.000310777424601838
True,hidden_32_16,32-16,1858,14,20260815,4,43,0.00032987887887679353,0.00029335974249988794
True,hidden_32_16,32-16,1858,14,20260815,4,44,0.00013982012292338333,0.00010266423487337306
True,hidden_32_16,32-16,1858,14,20260815,4,48,1.574797991612834e-05,1.1310577065160032e-05
True,hidden_32_16,32-16,1858,14,20260815,5,18,0.00026552548011721944,0.0002092874055961147
True,hidden_32_16,32-16,1858,14,20260815,5,21,0.0001607543126174448,0.00014600754366256297
True,hidden_32_16,32-16,1858,14,20260815,5,28,6.82868827220722e-05,5.710482582799159e-05
True,hidden_32_16,32-16,1858,14,20260815,5,31,0.000209240795977496,0.00017283916531596333
True,hidden_32_16,32-16,1858,14,20260815,5,32,0.0001403101567176988,0.000126892322441563
True,hidden_32_16,32-16,1858,14,20260815,5,36,0.0002446008466539371,0.0002147197665181011
True,hidden_32_16,32-16,1858,14,20260815,5,39,0.00022837174094813057,0.00018846511375159025
True,hidden_32_16,32-16,1858,14,20260815,5,46,0.00029271094009345,0.00024311662127729505
True,hidden_32_16,32-16,1858,14,20260816,1,1,0.0022340314996032017,0.0015680658398196101
True,hidden_32_16,32-16,1858,14,20260816,1,6,0.0009940812836067145,0.0008380746585316956
True,hidden_32_16,32-16,1858,14,20260816,1,12,0.00022477275871484384,0.00020874619076494128
True,hidden_32_16,32-16,1858,14,20260816,1,13,6.840573092492161e-05,5.546808097278699e-05
True,hidden_32_16,32-16,1858,14,20260816,1,20,0.0004672357121505877,0.0004218244575895369
True,hidden_32_16,32-16,1858,14,20260816,1,22,0.00026612979295882776,0.00022027493105269969
True,hidden_32_16,32-16,1858,14,20260816,1,47,0.0002474190743104878,0.00019893884018529207
True,hidden_32_16,32-16,1858,14,20260816,1,49,0.0003355516308432757,0.0002791035221889615
True,hidden_32_16,32-16,1858,14,20260816,2,3,0.0030419715791003433,0.002599656581878662
True,hidden_32_16,32-16,1858,14,20260816,2,17,0.0002472677980888907,0.00022558927594218403
True,hidden_32_16,32-16,1858,14,20260816,2,30,0.0008442878575025002,0.0007653260254301131
True,hidden_32_16,32-16,1858,14,20260816,2,38,0.000149265597372569,0.0001093745231628418
True,hidden_32_16,32-16,1858,14,20260816,2,40,0.00010986824916153689,7.505297980969772e-05
True,hidden_32_16,32-16,1858,14,20260816,2,41,0.00017904997187833253,0.00013761162699665874
True,hidden_32_16,32-16,1858,14,20260816,2,42,0.00031693199278643564,0.00026976584922522306
True,hidden_32_16,32-16,1858,14,20260816,2,45,7.98503162355144e-05,6.889105134177953e-05
True,hidden_32_16,32-16,1858,14,20260816,3,7,0.0018856153877592511,0.001586585072800517
True,hidden_32_16,32-16,1858,14,20260816,3,8,0.002761180150587953,0.002360136481001973
True,hidden_32_16,32-16,1858,14,20260816,3,23,0.00015286742715812042,0.0001347064971923828
True,hidden_32_16,32-16,1858,14,20260816,3,26,0.0005045604402531759,0.0003729152667801827
True,hidden_32_16,32-16,1858,14,20260816,3,33,8.412554249756992e-05,7.380724127870053e-05
True,hidden_32_16,32-16,1858,14,20260816,3,34,0.0002628922573277798,0.00020398497872520238
True,hidden_32_16,32-16,1858,14,20260816,3,35,0.0008877915896116291,0.0008247137302532792
True,hidden_32_16,32-16,1858,14,20260816,3,37,0.00022680677162465517,0.00019682050333358347
True,hidden_32_16,32-16,1858,14,20260816,4,4,0.001372371678787642,0.0011088431347161531
True,hidden_32_16,32-16,1858,14,20260816,4,15,0.0002863078322815335,0.00021026730246376246
True,hidden_32_16,32-16,1858,14,20260816,4,19,9.269496296945606e-05,8.314132719533518e-05
True,hidden_32_16,32-16,1858,14,20260816,4,27,0.00010594646806329964,9.86218437901698e-05
True,hidden_32_16,32-16,1858,14,20260816,4,29,0.0003261125306296165,0.00029564619762822986
True,hidden_32_16,32-16,1858,14,20260816,4,43,0.000307072011656767,0.0002747786056715995
True,hidden_32_16,32-16,1858,14,20260816,4,44,0.00011263133546939112,8.252739644376561e-05
True,hidden_32_16,32-16,1858,14,20260816,4,48,2.2711035467972123e-05,1.906514080474153e-05
True,hidden_32_16,32-16,1858,14,20260816,5,18,0.0002577705940967963,0.00020494937780313194
True,hidden_32_16,32-16,1858,14,20260816,5,21,8.041586665977088e-05,6.86550120008178e-05
True,hidden_32_16,32-16,1858,14,20260816,5,28,5.726082534071825e-05,4.76038439956028e-05
True,hidden_32_16,32-16,1858,14,20260816,5,31,0.0002336342642536312,0.00018410802294965833
True,hidden_32_16,32-16,1858,14,20260816,5,32,0.00014409100808525726,0.00012111067917430773
True,hidden_32_16,32-16,1858,14,20260816,5,36,0.00020789728419728421,0.00018615603039506823
True,hidden_32_16,32-16,1858,14,20260816,5,39,0.00017271747665528536,0.0001368081575492397
True,hidden_32_16,32-16,1858,14,20260816,5,46,0.00026960698249926725,0.0002203559852205217
True,hidden_32_16,32-16,1858,14,20260817,1,1,0.002425803678975367,0.001763855223543942
True,hidden_32_16,32-16,1858,14,20260817,1,6,0.0010002370645378921,0.0008294582366943359
True,hidden_32_16,32-16,1858,14,20260817,1,12,8.848896710578831e-05,6.989836401771754e-05
True,hidden_32_16,32-16,1858,14,20260817,1,13,6.853671771201946e-05,5.6240558478748426e-05
True,hidden_32_16,32-16,1858,14,20260817,1,20,0.0002930612671403475,0.0002635311975609511
True,hidden_32_16,32-16,1858,14,20260817,1,22,0.00020888121842598236,0.0001719677384244278
True,hidden_32_16,32-16,1858,14,20260817,1,47,0.00010632107891112235,9.276628406951204e-05
True,hidden_32_16,32-16,1858,14,20260817,1,49,0.00039236382651977424,0.00033163547050207853
True,hidden_32_16,32-16,1858,14,20260817,2,3,0.0030909120130739936,0.002630022820085287
True,hidden_32_16,32-16,1858,14,20260817,2,17,0.0004039883928415161,0.0003610718122217804
True,hidden_32_16,32-16,1858,14,20260817,2,30,0.00017269553788066487,0.0001415693695889786
True,hidden_32_16,32-16,1858,14,20260817,2,38,0.00018705082861951463,0.0001427364331902936
True,hidden_32_16,32-16,1858,14,20260817,2,40,6.26049761627665e-05,4.8233268898911774e-05
True,hidden_32_16,32-16,1858,14,20260817,2,41,0.00017845496266036842,0.00015087366045918316
True,hidden_32_16,32-16,1858,14,20260817,2,42,0.0002479290719075333,0.000208371871849522
True,hidden_32_16,32-16,1858,14,20260817,2,45,0.00023154510416901656,0.0001972973404917866
True,hidden_32_16,32-16,1858,14,20260817,3,7,0.00146261448532465,0.0012526059290394187
True,hidden_32_16,32-16,1858,14,20260817,3,8,0.001960303829056969,0.0016691600903868675
True,hidden_32_16,32-16,1858,14,20260817,3,23,7.343979508131597e-05,6.220698560355231e-05
True,hidden_32_16,32-16,1858,14,20260817,3,26,0.000497936075143997,0.0004216897359583527
True,hidden_32_16,32-16,1858,14,20260817,3,33,0.00013406927748300064,0.00010456204472575337
True,hidden_32_16,32-16,1858,14,20260817,3,34,8.647272103323226e-05,5.159497231943533e-05
True,hidden_32_16,32-16,1858,14,20260817,3,35,0.0014489314369168942,0.0013009238755330443
True,hidden_32_16,32-16,1858,14,20260817,3,37,0.00037013883555107337,0.00031650663004256785
True,hidden_32_16,32-16,1858,14,20260817,4,4,0.0003179494114506364,0.00028875828138552606
True,hidden_32_16,32-16,1858,14,20260817,4,15,0.00022449559115011466,0.00016086696996353567
True,hidden_32_16,32-16,1858,14,20260817,4,19,4.813820296646803e-05,3.854990063700825e-05
True,hidden_32_16,32-16,1858,14,20260817,4,27,8.216500552529907e-05,7.540226215496659e-05
True,hidden_32_16,32-16,1858,14,20260817,4,29,0.00021450129150110174,0.00018793941126205027
True,hidden_32_16,32-16,1858,14,20260817,4,43,0.00036123349602443174,0.000319144717650488
True,hidden_32_16,32-16,1858,14,20260817,4,44,0.000120315828975077,9.96625458355993e-05
True,hidden_32_16,32-16,1858,14,20260817,4,48,0.00012195747573019094,0.00010278940317220986
True,hidden_32_16,32-16,1858,14,20260817,5,18,0.0002674601813940243,0.00020764350483659655
True,hidden_32_16,32-16,1858,14,20260817,5,21,6.20203478233274e-05,5.3638221288565546e-05
True,hidden_32_16,32-16,1858,14,20260817,5,28,0.0001266028402065781,0.00010135054617421702
True,hidden_32_16,32-16,1858,14,20260817,5,31,0.0002203378307941671,0.00018400787666905671
True,hidden_32_16,32-16,1858,14,20260817,5,32,0.00010903145737554229,0.00010019302135333419
True,hidden_32_16,32-16,1858,14,20260817,5,36,0.0002136625080244029,0.00018977522267960012
True,hidden_32_16,32-16,1858,14,20260817,5,39,0.0002739922373952296,0.00022054791043046862
True,hidden_32_16,32-16,1858,14,20260817,5,46,0.00023986575382074448,0.00018573523266240954
True,hidden_64_32,64-32,4690,14,20260815,1,1,0.002070715526989902,0.0014320600312203169
True,hidden_64_32,64-32,4690,14,20260815,1,6,0.0009938884476642113,0.0007873105932958424
True,hidden_64_32,64-32,4690,14,20260815,1,12,5.292508586208481e-05,4.554033148451708e-05
True,hidden_64_32,64-32,4690,14,20260815,1,13,7.122184232260388e-05,5.914688154007308e-05
True,hidden_64_32,64-32,4690,14,20260815,1,20,0.0003327603632937665,0.0003052318061236292
True,hidden_64_32,64-32,4690,14,20260815,1,22,0.00021751801913174723,0.0001815497817005962
True,hidden_64_32,64-32,4690,14,20260815,1,47,0.00016311824660534565,0.0001326334459008649
True,hidden_64_32,64-32,4690,14,20260815,1,49,0.0003492215740110433,0.00028967022080905735
True,hidden_64_32,64-32,4690,14,20260815,2,3,0.0032440083831921916,0.0027738523203879595
True,hidden_64_32,64-32,4690,14,20260815,2,17,0.0003419239656775443,0.0003132462443318218
True,hidden_64_32,64-32,4690,14,20260815,2,30,0.0008317008216411349,0.0007624471327289939
True,hidden_64_32,64-32,4690,14,20260815,2,38,9.64756368711607e-05,5.693316416000016e-05
True,hidden_64_32,64-32,4690,14,20260815,2,40,0.00011117434711894419,8.525371231371537e-05
True,hidden_64_32,64-32,4690,14,20260815,2,41,0.00018544279040640796,0.000145884754601866
True,hidden_64_32,64-32,4690,14,20260815,2,42,0.00017276846094292942,0.00014386892144102603
True,hidden_64_32,64-32,4690,14,20260815,2,45,9.225714570365144e-05,7.49373430153355e-05
True,hidden_64_32,64-32,4690,14,20260815,3,7,0.0017717923954085337,0.0014906179858371615
True,hidden_64_32,64-32,4690,14,20260815,3,8,0.0024311608796732166,0.002056676195934415
True,hidden_64_32,64-32,4690,14,20260815,3,23,6.0340275734596954e-05,4.938483107252978e-05
True,hidden_64_32,64-32,4690,14,20260815,3,26,0.0003635021209126817,0.00030243993387557566
True,hidden_64_32,64-32,4690,14,20260815,3,33,0.00023494687269461136,0.00014888048463035375
True,hidden_64_32,64-32,4690,14,20260815,3,34,0.00012547803421183838,8.831977902445942e-05
True,hidden_64_32,64-32,4690,14,20260815,3,35,0.0013599563780839336,0.001225700369104743
True,hidden_64_32,64-32,4690,14,20260815,3,37,0.00029029045708005,0.0002609765506349504
True,hidden_64_32,64-32,4690,14,20260815,4,4,0.000356746959563028,0.00030534862889908254
True,hidden_64_32,64-32,4690,14,20260815,4,15,0.00026419216701509973,0.00019270897610113025
True,hidden_64_32,64-32,4690,14,20260815,4,19,4.163441369847417e-05,3.3221243938896805e-05
True,hidden_64_32,64-32,4690,14,20260815,4,27,0.00011729907876977269,9.940624295268208e-05
True,hidden_64_32,64-32,4690,14,20260815,4,29,0.00019533800747798097,0.00017954468785319477
True,hidden_64_32,64-32,4690,14,20260815,4,43,0.00040352612160678294,0.0003376710519660264
True,hidden_64_32,64-32,4690,14,20260815,4,44,0.00015224941601980088,0.00011157512926729396
True,hidden_64_32,64-32,4690,14,20260815,4,48,0.00017877863495816196,0.00014763236686121672
True,hidden_64_32,64-32,4690,14,20260815,5,18,0.00021798793353246132,0.00017307997040916234
True,hidden_64_32,64-32,4690,14,20260815,5,21,7.758667318616122e-05,6.585002120118588e-05
True,hidden_64_32,64-32,4690,14,20260815,5,28,0.00014566442306401185,0.00012544274795800447
True,hidden_64_32,64-32,4690,14,20260815,5,31,0.00015095828580331724,0.00012861132563557476
True,hidden_64_32,64-32,4690,14,20260815,5,32,8.892239944182604e-05,5.88274015171919e-05
True,hidden_64_32,64-32,4690,14,20260815,5,36,0.0002084897713730243,0.00018514871771913022
True,hidden_64_32,64-32,4690,14,20260815,5,39,0.0001944582603808211,0.00016108513227663934
True,hidden_64_32,64-32,4690,14,20260815,5,46,0.0004974201558881783,0.0004163372504990548
True,hidden_64_32,64-32,4690,14,20260816,1,1,0.0024099332049370317,0.0017535722581669688
True,hidden_64_32,64-32,4690,14,20260816,1,6,0.0007901755723178288,0.0006889307405799627
True,hidden_64_32,64-32,4690,14,20260816,1,12,0.0001647210566147065,0.0001513767201686278
True,hidden_64_32,64-32,4690,14,20260816,1,13,5.268356274595992e-05,4.1037797927856445e-05
True,hidden_64_32,64-32,4690,14,20260816,1,20,0.0003053754962344419,0.0002823376562446356
True,hidden_64_32,64-32,4690,14,20260816,1,22,0.00023930052712312257,0.00018972874386236072
True,hidden_64_32,64-32,4690,14,20260816,1,47,0.0002464270115286162,0.0001988291769521311
True,hidden_64_32,64-32,4690,14,20260816,1,49,0.0004108840210694379,0.00035053849569521844
True,hidden_64_32,64-32,4690,14,20260816,2,3,0.0031593248136460366,0.0027553201653063297
True,hidden_64_32,64-32,4690,14,20260816,2,17,0.0003646577873580013,0.00033157705911435187
True,hidden_64_32,64-32,4690,14,20260816,2,30,0.0006451191751365733,0.0006028056377544999
True,hidden_64_32,64-32,4690,14,20260816,2,38,9.658059542249209e-05,6.63113605696708e-05
True,hidden_64_32,64-32,4690,14,20260816,2,40,0.0001256940284337303,8.744716615183279e-05
True,hidden_64_32,64-32,4690,14,20260816,2,41,0.00033822397148422555,0.00026627062470652163
True,hidden_64_32,64-32,4690,14,20260816,2,42,0.00027326078166693815,0.0002433133195154369
True,hidden_64_32,64-32,4690,14,20260816,2,45,0.00022369793913616887,0.00018983245536219329
True,hidden_64_32,64-32,4690,14,20260816,3,7,0.0018367241840035165,0.0015531491953879595
True,hidden_64_32,64-32,4690,14,20260816,3,8,0.002564023412266819,0.002197762718424201
True,hidden_64_32,64-32,4690,14,20260816,3,23,7.464563837745097e-05,6.944417691556737e-05
True,hidden_64_32,64-32,4690,14,20260816,3,26,0.00024048926759831008,0.00021579265012405813
True,hidden_64_32,64-32,4690,14,20260816,3,33,0.00037894673775307447,0.00030790091841481626
True,hidden_64_32,64-32,4690,14,20260816,3,34,0.00019850473927154834,0.00014940500841476023
True,hidden_64_32,64-32,4690,14,20260816,3,35,0.0005863999103109043,0.0005521047278307378
True,hidden_64_32,64-32,4690,14,20260816,3,37,0.00018051618715030402,0.0001596474612597376
True,hidden_64_32,64-32,4690,14,20260816,4,4,0.001939398664632918,0.0015330135356634855
True,hidden_64_32,64-32,4690,14,20260816,4,15,0.0002369128153090278,0.0001785445201676339
True,hidden_64_32,64-32,4690,14,20260816,4,19,3.931475051813605e-05,3.227710840292275e-05
True,hidden_64_32,64-32,4690,14,20260816,4,27,7.62329309279469e-05,6.842971197329462e-05
True,hidden_64_32,64-32,4690,14,20260816,4,29,0.0003063905671357663,0.00027971743838861585
True,hidden_64_32,64-32,4690,14,20260816,4,43,0.0003224115456980282,0.00027593731647357345
True,hidden_64_32,64-32,4690,14,20260816,4,44,6.956804955461834e-05,5.844593033543788e-05
True,hidden_64_32,64-32,4690,14,20260816,4,48,0.00010984474232438707,8.627891656942666e-05
True,hidden_64_32,64-32,4690,14,20260816,5,18,0.0003385020038389603,0.00027012944337911904
True,hidden_64_32,64-32,4690,14,20260816,5,21,0.00010316531810387591,8.665323548484594e-05
True,hidden_64_32,64-32,4690,14,20260816,5,28,0.00014092465462912007,0.00011372327571734786
True,hidden_64_32,64-32,4690,14,20260816,5,31,0.00020263323763548328,0.00016867517842911184
True,hidden_64_32,64-32,4690,14,20260816,5,32,0.00013866901794304184,9.273767500417307e-05
True,hidden_64_32,64-32,4690,14,20260816,5,36,0.00020560361081508298,0.00018315791385248303
True,hidden_64_32,64-32,4690,14,20260816,5,39,0.00018320164135453648,0.00014052510960027575
True,hidden_64_32,64-32,4690,14,20260816,5,46,0.0009449989490784502,0.0008307778625749052
True,hidden_64_32,64-32,4690,14,20260817,1,1,0.002372562878546052,0.001660774927586317
True,hidden_64_32,64-32,4690,14,20260817,1,6,0.00016650729012498037,0.00013657093222718686
True,hidden_64_32,64-32,4690,14,20260817,1,12,0.00016661273464206356,0.00015430926578119397
True,hidden_64_32,64-32,4690,14,20260817,1,13,8.547007045160865e-05,6.65068655507639e-05
True,hidden_64_32,64-32,4690,14,20260817,1,20,0.00021381423169704634,0.0002010667376453057
True,hidden_64_32,64-32,4690,14,20260817,1,22,0.00013369750315984585,0.00011516809172462672
True,hidden_64_32,64-32,4690,14,20260817,1,47,0.00029437857289647926,0.00023921490355860442
True,hidden_64_32,64-32,4690,14,20260817,1,49,0.00035968200526015164,0.0003158140170853585
True,hidden_64_32,64-32,4690,14,20260817,2,3,0.003495802836636738,0.003005953971296549
True,hidden_64_32,64-32,4690,14,20260817,2,17,0.00029020945152336393,0.00026984571013599634
True,hidden_64_32,64-32,4690,14,20260817,2,30,0.0009170722530515962,0.0008376979967579246
True,hidden_64_32,64-32,4690,14,20260817,2,38,0.00016246655618990178,0.0001278519630432129
True,hidden_64_32,64-32,4690,14,20260817,2,40,0.0001000424944455117,6.564975046785548e-05
True,hidden_64_32,64-32,4690,14,20260817,2,41,0.0002468006881901944,0.00016520023928023875
True,hidden_64_32,64-32,4690,14,20260817,2,42,0.00029450374511027106,0.0002588164934422821
True,hidden_64_32,64-32,4690,14,20260817,2,45,0.00023338285240986513,0.00019515752501320094
True,hidden_64_32,64-32,4690,14,20260817,3,7,0.0015405763651927002,0.0012939012376591563
True,hidden_64_32,64-32,4690,14,20260817,3,8,0.001450632918038131,0.0010742724407464266
True,hidden_64_32,64-32,4690,14,20260817,3,23,7.647542758825798e-05,6.74033144605346e-05
True,hidden_64_32,64-32,4690,14,20260817,3,26,0.00033337178881987677,0.00026994943618774414
True,hidden_64_32,64-32,4690,14,20260817,3,33,0.00010830094657276297,9.074330591829494e-05
True,hidden_64_32,64-32,4690,14,20260817,3,34,0.00011019798705380715,7.784008630551398e-05
True,hidden_64_32,64-32,4690,14,20260817,3,35,0.001251203212310493,0.0011293112765997648
True,hidden_64_32,64-32,4690,14,20260817,3,37,0.0002892859347952205,0.00024965882766991854
True,hidden_64_32,64-32,4690,14,20260817,4,4,0.0007666956184711558,0.0005630970117636025
True,hidden_64_32,64-32,4690,14,20260817,4,15,0.0002709041006345039,0.00019696474191732705
True,hidden_64_32,64-32,4690,14,20260817,4,19,3.898855296477724e-05,3.0322074962896295e-05
True,hidden_64_32,64-32,4690,14,20260817,4,27,0.00012661132864063952,0.00011424660624470562
True,hidden_64_32,64-32,4690,14,20260817,4,29,0.00021321291281166708,0.00019309044000692666
True,hidden_64_32,64-32,4690,14,20260817,4,43,0.0004860241534698604,0.00043019294389523566
True,hidden_64_32,64-32,4690,14,20260817,4,44,0.00012263797249909488,9.724736446514726e-05
True,hidden_64_32,64-32,4690,14,20260817,4,48,6.747709459394301e-05,4.926800829707645e-05
True,hidden_64_32,64-32,4690,14,20260817,5,18,0.00011581250735104831,8.86142224771902e-05
True,hidden_64_32,64-32,4690,14,20260817,5,21,0.00016719868352606693,0.00014256358554121107
True,hidden_64_32,64-32,4690,14,20260817,5,28,9.137114526381368e-05,7.22289114492014e-05
True,hidden_64_32,64-32,4690,14,20260817,5,31,0.00015645669745831964,0.00013380884774960577
True,hidden_64_32,64-32,4690,14,20260817,5,32,6.484084097386225e-05,4.491686922847293e-05
True,hidden_64_32,64-32,4690,14,20260817,5,36,0.0002409506540767734,0.00021468639897648245
True,hidden_64_32,64-32,4690,14,20260817,5,39,0.0002252654230359111,0.00017541766283102334
True,hidden_64_32,64-32,4690,14,20260817,5,46,0.00021131685073401838,0.00016615033382549882
True,hidden_128_64,128-64,13426,14,20260815,1,1,0.002198694119920966,0.0015431701904162765
True,hidden_128_64,128-64,13426,14,20260815,1,6,0.0009810971170734028,0.0007950282306410372
True,hidden_128_64,128-64,13426,14,20260815,1,12,0.00021263144806063893,0.0001918959605973214
True,hidden_128_64,128-64,13426,14,20260815,1,13,6.18578305785708e-05,5.370020880945958e-05
True,hidden_128_64,128-64,13426,14,20260815,1,20,0.00031007162324737833,0.00028667450533248484
True,hidden_128_64,128-64,13426,14,20260815,1,22,0.00017651535909947514,0.00013506412506103516
True,hidden_128_64,128-64,13426,14,20260815,1,47,0.0003596358354509382,0.00027990579837933183
True,hidden_128_64,128-64,13426,14,20260815,1,49,0.0004224352534058675,0.00037087322562001646
True,hidden_128_64,128-64,13426,14,20260815,2,3,0.002871732535560987,0.0024667715188115835
True,hidden_128_64,128-64,13426,14,20260815,2,17,0.00028839459611099046,0.00026145100127905607
True,hidden_128_64,128-64,13426,14,20260815,2,30,0.0007661014092680298,0.0007102906820364296
True,hidden_128_64,128-64,13426,14,20260815,2,38,0.000236788601950561,0.00017725468205753714
True,hidden_128_64,128-64,13426,14,20260815,2,40,0.00013422896526243253,8.815168985165656e-05
True,hidden_128_64,128-64,13426,14,20260815,2,41,0.0002165299418321526,0.00016901016351766884
True,hidden_128_64,128-64,13426,14,20260815,2,42,0.00017185680206240745,0.00015076398267410696
True,hidden_128_64,128-64,13426,14,20260815,2,45,0.00020362879875744806,0.0001712405646685511
True,hidden_128_64,128-64,13426,14,20260815,3,7,0.0014694926753631523,0.0011686027282848954
True,hidden_128_64,128-64,13426,14,20260815,3,8,0.001416768257979753,0.0010340047301724553
True,hidden_128_64,128-64,13426,14,20260815,3,23,7.028421713853948e-05,6.599188054678962e-05
True,hidden_128_64,128-64,13426,14,20260815,3,26,0.00019386935511016387,0.0001274168462259695
True,hidden_128_64,128-64,13426,14,20260815,3,33,0.00016730925048724304,0.00011438846559030935
True,hidden_128_64,128-64,13426,14,20260815,3,34,0.00012783674141719957,8.306265226565301e-05
True,hidden_128_64,128-64,13426,14,20260815,3,35,0.0009867099152172704,0.0009160566260106862
True,hidden_128_64,128-64,13426,14,20260815,3,37,0.0002592770121366878,0.00023040056112222373
True,hidden_128_64,128-64,13426,14,20260815,4,4,0.0007383109336250798,0.0005949485348537564
True,hidden_128_64,128-64,13426,14,20260815,4,15,0.00023895490196284061,0.00017289996321778744
True,hidden_128_64,128-64,13426,14,20260815,4,19,2.9511345329922968e-05,2.5341510990983807e-05
True,hidden_128_64,128-64,13426,14,20260815,4,27,0.00012604878073190653,0.00011121272837044671
True,hidden_128_64,128-64,13426,14,20260815,4,29,0.00019051540124375167,0.00017221450980287045
True,hidden_128_64,128-64,13426,14,20260815,4,43,0.00034140369850405586,0.0002914679062087089
True,hidden_128_64,128-64,13426,14,20260815,4,44,4.14328682795586e-05,3.2770632969914004e-05
True,hidden_128_64,128-64,13426,14,20260815,4,48,0.00015968539317641627,0.00013430356921162456
True,hidden_128_64,128-64,13426,14,20260815,5,18,0.00028062641559298577,0.00022176504717208445
True,hidden_128_64,128-64,13426,14,20260815,5,21,8.768177022065611e-05,6.895542173879221e-05
True,hidden_128_64,128-64,13426,14,20260815,5,28,0.00021104202695868335,0.000175341367139481
True,hidden_128_64,128-64,13426,14,20260815,5,31,0.0003031341987408826,0.0002623307809699327
True,hidden_128_64,128-64,13426,14,20260815,5,32,9.360565035293964e-05,7.839917816454545e-05
True,hidden_128_64,128-64,13426,14,20260815,5,36,0.00018895819325339267,0.00016744375170674175
True,hidden_128_64,128-64,13426,14,20260815,5,39,0.00012864285602031146,0.0001004838923108764
True,hidden_128_64,128-64,13426,14,20260815,5,46,0.0002804489937426896,0.00025202156393788755
True,hidden_128_64,128-64,13426,14,20260816,1,1,0.0021895552331118997,0.0015353048220276833
True,hidden_128_64,128-64,13426,14,20260816,1,6,0.001216664656181461,0.000969874847214669
True,hidden_128_64,128-64,13426,14,20260816,1,12,7.068583781813681e-05,5.986094402032904e-05
True,hidden_128_64,128-64,13426,14,20260816,1,13,7.99243502513797e-05,6.903052417328581e-05
True,hidden_128_64,128-64,13426,14,20260816,1,20,0.0003018138146679917,0.00027899621636606753
True,hidden_128_64,128-64,13426,14,20260816,1,22,0.00017557948129435353,0.0001474273158237338
True,hidden_128_64,128-64,13426,14,20260816,1,47,8.475763982593788e-05,7.354378612944856e-05
True,hidden_128_64,128-64,13426,14,20260816,1,49,0.000348046929512731,0.0003026521299034357
True,hidden_128_64,128-64,13426,14,20260816,2,3,0.0033134907364384017,0.002885377500206232
True,hidden_128_64,128-64,13426,14,20260816,2,17,0.000240462704533536,0.0002220690221292898
True,hidden_128_64,128-64,13426,14,20260816,2,30,0.0005513332082555416,0.0005120658897794783
True,hidden_128_64,128-64,13426,14,20260816,2,38,7.121509853159612e-05,5.8839319535763934e-05
True,hidden_128_64,128-64,13426,14,20260816,2,40,0.00010947988899067121,7.482052023988217e-05
True,hidden_128_64,128-64,13426,14,20260816,2,41,0.00019097666761228285,0.00012118100858060643
True,hidden_128_64,128-64,13426,14,20260816,2,42,0.00020477099157211644,0.00018232344882562757
True,hidden_128_64,128-64,13426,14,20260816,2,45,0.00011879664019621263,0.0001039183116517961
True,hidden_128_64,128-64,13426,14,20260816,3,7,0.0013075581332569754,0.001106215757317841
True,hidden_128_64,128-64,13426,14,20260816,3,8,0.0020607733572019864,0.001662570284679532
True,hidden_128_64,128-64,13426,14,20260816,3,23,8.412497501533255e-05,7.934570021461695e-05
True,hidden_128_64,128-64,13426,14,20260816,3,26,0.0002838255900067068,0.00018389702017884701
True,hidden_128_64,128-64,13426,14,20260816,3,33,0.00019872050014543735,0.00014208794164005667
True,hidden_128_64,128-64,13426,14,20260816,3,34,8.508744933076486e-05,7.252096838783473e-05
True,hidden_128_64,128-64,13426,14,20260816,3,35,0.0009381899232970759,0.0008691632538102567
True,hidden_128_64,128-64,13426,14,20260816,3,37,0.00020629253665575722,0.00018799424287863076
True,hidden_128_64,128-64,13426,14,20260816,4,4,0.0010519345452497703,0.0007796013378538191
True,hidden_128_64,128-64,13426,14,20260816,4,15,0.00021408557147069743,0.00016086696996353567
True,hidden_128_64,128-64,13426,14,20260816,4,19,2.4055244558109918e-05,1.9130706277792342e-05
True,hidden_128_64,128-64,13426,14,20260816,4,27,0.0001499990410485798,0.00012965321366209537
True,hidden_128_64,128-64,13426,14,20260816,4,29,0.00030908787260888857,0.00027959703584201634
True,hidden_128_64,128-64,13426,14,20260816,4,43,0.0003383468777791931,0.00029818416805937886
True,hidden_128_64,128-64,13426,14,20260816,4,44,9.000441490118258e-05,7.391691178781912e-05
True,hidden_128_64,128-64,13426,14,20260816,4,48,0.00014810750388086913,0.00012282253010198474
True,hidden_128_64,128-64,13426,14,20260816,5,18,0.0001367160482855127,9.76252558757551e-05
True,hidden_128_64,128-64,13426,14,20260816,5,21,6.00556377172542e-05,4.991531386622228e-05
True,hidden_128_64,128-64,13426,14,20260816,5,28,0.00011853484007826501,9.681344090495259e-05
True,hidden_128_64,128-64,13426,14,20260816,5,31,0.0001577148136521312,0.00013441205373965204
True,hidden_128_64,128-64,13426,14,20260816,5,32,8.712334692727773e-05,5.375981345423497e-05
True,hidden_128_64,128-64,13426,14,20260816,5,36,0.00019461678676957152,0.00017700552416499704
True,hidden_128_64,128-64,13426,14,20260816,5,39,0.00020684743215261962,0.0001617193192942068
True,hidden_128_64,128-64,13426,14,20260816,5,46,0.0004519090364961365,0.0004044341912958771
True,hidden_128_64,128-64,13426,14,20260817,1,1,0.0024984525299513883,0.0017911088652908802
True,hidden_128_64,128-64,13426,14,20260817,1,6,0.00033018113349850406,0.0002564263413660228
True,hidden_128_64,128-64,13426,14,20260817,1,12,0.00035204180491166855,0.0003183078661095351
True,hidden_128_64,128-64,13426,14,20260817,1,13,0.00014933119121436452,0.00011998653644695878
True,hidden_128_64,128-64,13426,14,20260817,1,20,0.0002858400260331244,0.00026412250008434057
True,hidden_128_64,128-64,13426,14,20260817,1,22,0.00013154394005090184,0.00010700822167564183
True,hidden_128_64,128-64,13426,14,20260817,1,47,0.00023718761270556438,0.00019404769409447908
True,hidden_128_64,128-64,13426,14,20260817,1,49,0.000339162255216732,0.0002885496651288122
True,hidden_128_64,128-64,13426,14,20260817,2,3,0.0029080307284564413,0.0024990595411509275
True,hidden_128_64,128-64,13426,14,20260817,2,17,0.00043078663125689805,0.00038607241003774107
True,hidden_128_64,128-64,13426,14,20260817,2,30,0.0007458864184808348,0.0006935083656571805
True,hidden_128_64,128-64,13426,14,20260817,2,38,0.00015318972348442683,0.00010105013643624261
True,hidden_128_64,128-64,13426,14,20260817,2,40,0.0001205773494370701,8.060812979238108e-05
True,hidden_128_64,128-64,13426,14,20260817,2,41,0.000194825584057108,0.0001388359087286517
True,hidden_128_64,128-64,13426,14,20260817,2,42,0.00018370361353228442,0.00015970945241861045
True,hidden_128_64,128-64,13426,14,20260817,2,45,0.00018963003923615725,0.00016362786118406802
True,hidden_128_64,128-64,13426,14,20260817,3,7,0.0016246343022159092,0.001363469404168427
True,hidden_128_64,128-64,13426,14,20260817,3,8,0.0014552130268844549,0.0010920929489657283
True,hidden_128_64,128-64,13426,14,20260817,3,23,6.0249929752174303e-05,5.221128594712354e-05
True,hidden_128_64,128-64,13426,14,20260817,3,26,0.00042239197292431743,0.0002862310502678156
True,hidden_128_64,128-64,13426,14,20260817,3,33,0.00021469104886793358,0.00015068888023961335
True,hidden_128_64,128-64,13426,14,20260817,3,34,9.548179002321109e-05,8.094072109088302e-05
True,hidden_128_64,128-64,13426,14,20260817,3,35,0.0010494635557577708,0.0009685063268989325
True,hidden_128_64,128-64,13426,14,20260817,3,37,0.00022976083774119607,0.00020905018027406186
True,hidden_128_64,128-64,13426,14,20260817,4,4,0.0006321453603899897,0.0005109453340992332
True,hidden_128_64,128-64,13426,14,20260817,4,15,0.00026184790580127475,0.00019249320030212402
True,hidden_128_64,128-64,13426,14,20260817,4,19,7.753712375405799e-05,6.37233242741786e-05
True,hidden_128_64,128-64,13426,14,20260817,4,27,0.00012284273632646444,0.00010921240027528256
True,hidden_128_64,128-64,13426,14,20260817,4,29,0.00020734590082965805,0.0001902890217024833
True,hidden_128_64,128-64,13426,14,20260817,4,43,0.0004360722739174164,0.0003834617091342807
True,hidden_128_64,128-64,13426,14,20260817,4,44,3.937005086869577e-05,3.199100319761783e-05
True,hidden_128_64,128-64,13426,14,20260817,4,48,0.00017851639868553455,0.00013990521256346256
True,hidden_128_64,128-64,13426,14,20260817,5,18,0.00015090889665530965,0.00013111352745909244
True,hidden_128_64,128-64,13426,14,20260817,5,21,8.705239494281067e-05,7.037282193778083e-05
True,hidden_128_64,128-64,13426,14,20260817,5,28,0.0001476644957201188,0.0001193869102280587
True,hidden_128_64,128-64,13426,14,20260817,5,31,0.00016324635520136835,0.00013702630531042814
True,hidden_128_64,128-64,13426,14,20260817,5,32,7.667586772536569e-05,5.1021575927734375e-05
True,hidden_128_64,128-64,13426,14,20260817,5,36,0.00022391853897736492,0.00019312382210046053
True,hidden_128_64,128-64,13426,14,20260817,5,39,0.00017522387912664907,0.00014556170208379626
True,hidden_128_64,128-64,13426,14,20260817,5,46,0.0007688362997188231,0.0006351029733195901
