C1,Q1,C2,E_L,E_H,C_high,T_cc_min,T_hat_min,fade_pysr,fade_wls,fade_ols,fade_free_pysr,c1_ge_c2,feasible
4.9,63.0,4.6,245.00000000000003,141.89999999999998,4.7299999999999995,9.93167701863354,9.97634492578854,0.004688202695417143,0.004637668517294413,0.005519595197481931,0.005011069963588782,1,1
5.1,39.0,4.4,247.29999999999998,132.0,4.4,10.179144385026738,10.223812292181739,-0.0062970406960255465,-0.006449431921678017,0.009184839346753064,0.007380261195478454,1,1
5.5,23.0,4.6,250.7,138.0,4.6,9.943873517786562,9.988541424941562,0.0051546219654547976,0.0051455765735782255,0.006597337620057277,0.005783547390481857,1,1
5.1,34.0,4.6,246.99999999999997,138.0,4.6,10.000000000000002,10.044667907155002,0.0014546219654548165,0.0013825860249889188,0.010278005182357091,0.008360653352341202,1,1
4.8,79.0,4.2,240.0,143.39999999999998,4.779999999999999,10.017857142857144,10.062525050012145,0.0017011183607871794,0.0015868274764470058,0.0033408381938879296,0.002919103788314068,1,1
4.8,63.0,4.7,240.0,142.3,4.743333333333334,10.045212765957448,10.089880673112448,0.00022498020618244574,9.502117356557926e-05,0.007056544407625119,0.0062524371216474035,1,1
4.9,24.0,4.7,239.8,141.0,4.7,10.087711680416849,10.13237958757185,-0.0017195467038049195,-0.0018714275334490993,0.016315290773152635,0.012970253637058164,1,1
4.8,61.0,4.5,240.0,138.3,4.61,10.158333333333335,10.203001240488335,-0.005142794901471126,-0.005329729018730689,0.007928961821475365,0.006669103788314068,1,1
4.9,26.0,4.8,242.6,144.0,4.8,9.933673469387756,9.978341376542756,0.005106284626935298,0.005044803634029871,0.015598284459162616,0.012562090371752049,1,1
4.9,27.0,4.7,240.40000000000003,141.0,4.7,10.072079895788102,10.116747802943102,-0.0011195467038048745,-0.0012612128498940556,0.01547289795195795,0.012358008739098977,1,1
5.0,21.0,4.7,241.3,141.0,4.7,10.05191489361702,10.09658280077202,-0.00021954670380491814,-0.0003458908245615455,0.01546532328434392,0.01221935749185252,1,1
4.8,61.0,4.6,240.0,140.2,4.673333333333333,10.103260869565217,10.147928776720217,-0.002593101725335667,-0.0027529726773899976,0.007773550721615139,0.006669103788314068,1,1
5.0,70.0,4.1,250.0,141.0,4.7,9.863414634146341,9.908082541301342,0.008480453296195067,0.0085022220869862,0.002638707137325398,0.0024193574918525158,1,1
5.3,33.0,4.4,249.70000000000002,132.0,4.4,10.144939965694682,10.189607872849683,-0.0038970406960255333,-0.004008573187457898,0.007484904369135607,0.006174419126848143,1,1
5.3,43.0,4.2,257.3,126.0,4.2,10.153638814016173,10.198306721171173,-0.004348703357505979,-0.004416312484205487,0.0049877504982071075,0.004287626674017957,1,1
5.3,39.0,4.3,254.0,129.0,4.3,10.136024572180784,10.180692479335784,-0.003622872026765811,-0.003703930599535832,0.005955529826606462,0.005042343655150034,1,1
5.1,53.0,4.2,254.99999999999997,128.70000000000002,4.290000000000001,10.092436974789917,10.137104881944918,-0.0030254551598397628,-0.0030937623913663836,0.0055644950475649815,0.00463516315626277,1,1
4.9,43.0,4.6,242.9,138.0,4.6,10.091393078970722,10.136060986125722,-0.0026453780345451205,-0.0027872143126370097,0.011135547338779847,0.009092702616650001,1,1
5.3,38.0,4.3,253.0,129.0,4.3,10.162351908731901,10.207019815886902,-0.004622872026765812,-0.004720955072127608,0.006236327433671358,0.005231022900433054,1,1
5.3,34.0,4.5,252.2,135.0,4.5,9.98238993710692,10.02705784426192,0.002628790634714606,0.002602550638243495,0.007048695662210484,0.005985739881565123,1,1
4.9,65.0,4.6,245.00000000000003,142.5,4.75,9.915705412599824,9.960373319754824,0.005493368961565159,0.005451381046138903,0.004957999983352143,0.0046029066982826595,1,1
5.4,46.0,4.1,264.8,122.99999999999999,4.1,10.086720867208674,10.131388774363675,-0.0008745346882461646,-0.0008571915839900024,0.002608408466869232,0.0026420307425875293,1,1
5.0,44.0,4.5,247.0,135.0,4.5,10.08,10.124667907155,-0.0025712093652853762,-0.00268597661923331,0.009317800521571776,0.007619357491852511,1,1
5.6,34.0,4.3,259.2,129.0,4.3,10.061461794019934,10.106129701174934,0.0015771279732341714,0.0015845966579409176,0.002282436931920707,0.0027414384438085265,1,1
5.4,43.0,4.2,261.6,126.0,4.2,10.063492063492063,10.108159970647064,-4.870335750595256e-05,-4.3107252061191925e-05,0.003295390188203692,0.0031975862981430863,1,1
5.2,57.0,4.2,260.0,133.0,4.433333333333334,9.862637362637363,9.907305269792364,0.007744903080887822,0.007822966428310596,0.002748944309301984,0.0027272839874264675,1,1
4.9,51.0,4.6,245.00000000000003,138.29999999999998,4.609999999999999,10.027506654835847,10.072174561990847,-0.00014279490147112162,-0.0002446066557722504,0.008889166482260683,0.007460049555425514,1,1
5.2,47.0,4.4,257.6,132.0,4.4,9.923076923076925,9.967744830231926,0.004002959303974485,0.004025920146016437,0.005246098180230484,0.004650360910503387,1,1
4.9,45.0,4.8,244.50000000000003,144.0,4.8,9.885204081632654,9.929871988787655,0.007006284626935311,0.006977150131954157,0.0102631299249296,0.00868453935134388,1,1
5.0,65.0,4.3,250.0,139.5,4.65,9.893023255813954,9.937691162968955,0.006467537630824971,0.006467940764875113,0.0037318729729294243,0.003419357491852516,1,1
5.2,59.0,4.1,260.0,132.9,4.430000000000001,9.880863039399625,9.925530946554625,0.007610708703196467,0.007687347673503153,0.00234276019503242,0.002342668602811081,1,1
4.9,57.0,4.3,245.00000000000003,133.2,4.4399999999999995,10.18889416231609,10.233562069471091,-0.0069867081637294826,-0.007161163150950001,0.00767061413945199,0.006235559759507147,1,1
5.0,45.0,4.6,248.0,138.0,4.6,9.96521739130435,10.00988529845935,0.002454621965454873,0.0023996104975805843,0.008881591814646653,0.007419357491852516,1,1
4.8,48.0,4.8,239.99999999999997,144.0,4.8,10.000000000000002,10.044667907155002,0.0025062846269352512,0.002400540005291496,0.011113097413738329,0.009377437121647405,1,1
4.8,67.0,4.8,240.0,144.0,4.8,10.000000000000002,10.044667907155002,0.0025062846269352512,0.002400540005291496,0.005777942879505312,0.005419103788314068,1,1
5.2,30.0,4.5,246.0,135.0,4.5,10.128205128205128,10.172873035360128,-0.003571209365285377,-0.0037030010918249756,0.009864246400473484,0.007919591679734155,1,1
5.1,65.0,4.0,254.99999999999997,136.5,4.55,9.897058823529413,9.941726730684413,0.007441706300084783,0.007484500483611323,0.002505745962506691,0.0022822219797921832,1,1
5.3,29.0,4.5,248.2,135.0,4.5,10.083018867924528,10.127686775079528,-0.0013712093652853419,-0.0014655472521232782,0.008452683697534963,0.00692913610798022,1,1
5.3,48.0,4.3,263.0,129.0,4.3,9.89907854322071,9.943746450375711,0.005377127973234197,0.00544928965378938,0.0034283513630224026,0.003344230447602861,1,1
5.0,36.0,4.5,243.0,135.0,4.5,10.186666666666667,10.231334573821668,-0.00657120936528538,-0.006754074509600028,0.01156418137809094,0.009219357491852513,1,1
4.9,48.0,4.7,244.60000000000002,141.0,4.7,9.962657403386887,10.007325310541887,0.003080453296195107,0.003010289934991084,0.00957614820359514,0.0080722944533847,1,1
4.9,61.0,4.6,245.00000000000003,141.3,4.71,9.94764862466726,9.99231653182226,0.0038830364292691266,0.003823955988450034,0.006081190411611723,0.005419233228894903,1,1
4.8,73.0,4.6,240.0,142.6,4.753333333333333,10.038043478260871,10.082711385415871,0.0006275633392565094,0.0005018774379877966,0.004403979436836391,0.004169103788314068,1,1
5.5,19.0,4.6,247.1,138.0,4.6,10.02924901185771,10.07391691901271,0.001554621965454861,0.0014842884722480743,0.007720528048316861,0.0065108201177545835,1,1
5.4,42.0,4.3,261.2,129.0,4.3,9.968992248062015,10.013660155217016,0.003577127973234173,0.0036186456031243597,0.0034207766954083606,0.00338277148332827,1,1
5.2,26.0,4.6,245.60000000000002,138.0,4.6,10.043478260869566,10.088146168024567,5.4621965454915156e-05,-4.124823663942401e-05,0.01083202572887284,0.008688822448964928,1,1
5.2,34.0,4.4,247.20000000000002,132.0,4.4,10.195804195804195,10.240472102959195,-0.0063970406960255355,-0.006551134368937173,0.00889646707207413,0.007150360910503388,1,1
5.3,55.0,4.0,265.0,126.5,4.216666666666667,9.976415094339625,10.021083001494626,0.004022268530950723,0.004092869728787585,0.0019290014131488151,0.002023475730621726,1,1
5.0,38.0,4.5,244.0,135.0,4.5,10.16,10.204667907155,-0.005571209365285379,-0.005737050037008362,0.011002586163961148,0.008819357491852515,1,1
4.9,39.0,4.7,242.8,141.0,4.7,10.009552757273122,10.054220664428122,0.0012804532961950832,0.0011796458843260083,0.012103326667179198,0.009909029147262246,1,1
5.1,51.0,4.3,254.99999999999997,129.79999999999998,4.326666666666666,10.046511627906977,10.091179535061977,-0.0015493170052350846,-0.001601956088484957,0.005970679161834546,0.0050273200190078665,1,1
4.8,75.0,4.3,240.0,141.5,4.716666666666667,10.072674418604652,10.117342325759653,-0.0008485748153482797,-0.0009899288648936855,0.004308617522287283,0.003752437121647404,1,1
5.2,37.0,4.5,250.9,135.0,4.5,10.002564102564103,10.047232009719103,0.0013287906347146383,0.0012804188238743075,0.007898663151019215,0.006573437833580315,1,1
5.0,66.0,4.1,250.0,137.39999999999998,4.579999999999999,9.968780487804878,10.013448394959878,0.0036494556993067473,0.003619946913919536,0.003761897565584982,0.003219357491852513,1,1
5.2,28.0,4.7,249.0,141.0,4.7,9.869067103109655,9.913735010264656,0.0074804532961950665,0.007485197614394479,0.010115019414882818,0.00830420706434954,1,1
5.3,26.0,4.6,248.2,138.0,4.6,9.98687448728466,10.031542394439661,0.002654621965454851,0.002603015392098895,0.009139665418869423,0.007495173843829278,1,1
4.8,66.0,4.3,240.0,137.0,4.566666666666666,10.203488372093025,10.248156279248025,-0.006887321811458569,-0.007092772831227001,0.006835795985871344,0.005627437121647404,1,1
4.8,66.0,4.5,240.0,139.8,4.66,10.116666666666667,10.161334573821668,-0.0031298792361010297,-0.0032954476966196022,0.006524973786150888,0.005627437121647404,1,1
4.8,54.0,4.6,240.0,138.79999999999998,4.626666666666666,10.141304347826088,10.185972254981088,-0.004471823013014464,-0.004651635244693697,0.00973913397106941,0.008127437121647403,1,1
5.0,61.0,4.4,250.0,138.60000000000002,4.620000000000001,9.91090909090909,9.95557699806409,0.005259788231602891,0.005247371971608461,0.004699652301328776,0.004219357491852513,1,1
5.1,23.0,4.6,241.5,138.0,4.6,10.14066496163683,10.18533286879183,-0.004045378034545188,-0.004211048574265408,0.01336677886007094,0.010517516097439242,1,1
5.2,33.0,4.6,249.79999999999998,138.0,4.6,9.938127090301004,9.982794997456004,0.004254621965454841,0.004230254548245604,0.00886644247941857,0.007342668602811081,1,1
4.8,47.0,4.6,239.4,138.0,4.6,10.179347826086957,10.224015733241957,-0.006145378034545179,-0.00634679996670795,0.011704717220523679,0.009585770454980732,1,1
4.9,44.0,4.8,244.40000000000003,144.0,4.8,9.887755102040817,9.932423009195817,0.006906284626935322,0.006875447684695002,0.010543927531994497,0.008888620983996945,1,1
5.0,55.0,4.3,250.0,132.5,4.416666666666667,10.088372093023256,10.133040000178257,-0.002926068807568849,-0.003025372071643384,0.00653984904357838,0.005419357491852516,1,1
4.8,52.0,4.6,240.0,138.39999999999998,4.613333333333332,10.152173913043478,10.196841820198479,-0.005008600523779827,-0.005194110263923302,0.010300729185199201,0.008544103788314068,1,1
5.0,56.0,4.4,250.0,135.60000000000002,4.5200000000000005,9.992727272727272,10.037395179882273,0.0012339569008626983,0.0011788093273862876,0.0061036403366532535,0.005219357491852513,1,1
5.2,31.0,4.5,246.70000000000002,135.0,4.5,10.11025641025641,10.15492431741141,-0.002871209365285343,-0.0029910839610107764,0.009583448793408587,0.007727283987426468,1,1
5.2,27.0,4.7,248.5,141.0,4.7,9.881342062193127,9.926009969348128,0.006980453296195066,0.006976685378098646,0.010395817021947716,0.008496514756657234,1,1
5.0,37.0,4.7,246.1,141.0,4.7,9.92936170212766,9.97402960928266,0.004580453296195053,0.004535826643878582,0.010972561571305592,0.009019357491852517,1,1
5.5,35.0,4.4,258.5,132.0,4.4,9.954545454545453,9.999213361700454,0.004902959303974441,0.004941242171348947,0.003538588534998984,0.003601729208663677,1,1
5.3,24.0,4.6,246.79999999999998,138.0,4.6,10.021328958162428,10.065996865317429,0.0012546219654548385,0.001179181130470608,0.009701260632999215,0.007872532334395317,1,1
5.2,50.0,4.4,260.0,132.0,4.4,9.86013986013986,9.90480776729486,0.006402959303974443,0.006466778880236501,0.0044037053590357976,0.004073437833580314,1,1
5.0,65.0,4.0,250.0,135.0,4.5,10.05,10.094667907155001,0.0004287906347146264,0.00036509679854179744,0.0041981062725101066,0.003419357491852516,1,1
4.8,56.0,4.6,240.0,139.2,4.64,10.130434782608695,10.175102689763696,-0.0039350455022491015,-0.004109160225464092,0.009177538756939618,0.007710770454980732,1,1
5.4,39.0,4.3,257.90000000000003,129.0,4.3,10.054263565891473,10.098931473046473,0.00027712797323420357,0.0002624648435717858,0.004263169516603047,0.003938327038883827,1,1
4.9,55.0,4.5,245.00000000000003,137.0,4.566666666666666,10.068027210884352,10.112695118039353,-0.0018873218114585644,-0.002007650468268507,0.007921387153861325,0.006643723024813269,1,1
4.8,43.0,4.7,239.3,141.0,4.7,10.09840425531915,10.14307216247415,-0.00221954670380492,-0.0023799397697448765,0.012672496548923034,0.010419103788314074,1,1
4.8,74.0,4.1,240.0,139.79999999999998,4.659999999999999,10.128048780487806,10.172716687642806,-0.003129879236101085,-0.0032954476966196578,0.0049002373290726355,0.0039607704549807325,1,1
4.9,38.0,4.8,243.8,144.0,4.8,9.903061224489797,9.947729131644797,0.006306284626935277,0.006265233001139958,0.012228713174383869,0.010113110779915318,1,1
5.0,60.0,4.5,250.0,140.0,4.666666666666667,9.866666666666667,9.911334573821668,0.007138509519281633,0.007146034538912105,0.004825038808533446,0.004419357491852516,1,1
4.8,70.0,4.5,240.0,141.0,4.7,10.083333333333334,10.128001240488334,-0.0015195467038049415,-0.0016680226389307329,0.0054017833578913045,0.004794103788314068,1,1
5.4,45.0,4.1,263.5,122.99999999999999,4.1,10.121951219512194,10.166619126667195,-0.0021745346882462435,-0.0021793233983591898,0.002889206073934128,0.0028272159277727125,1,1
4.9,43.0,4.5,242.20000000000002,135.0,4.5,10.198639455782315,10.243307362937315,-0.007371209365285347,-0.007567694087673382,0.011290958438640072,0.009092702616650001,1,1
5.6,25.0,4.5,252.5,135.0,4.5,10.011904761904763,10.056572669059763,0.0029287906347146286,0.0029076579800210167,0.0044987931957843124,0.004348581300951388,1,1
4.8,80.0,4.5,240.0,144.0,4.8,10.000000000000002,10.044667907155002,0.0025062846269352512,0.002400540005291496,0.002593807287242349,0.0027107704549807323,1,1
5.2,41.0,4.4,252.8,132.0,4.4,10.048951048951048,10.093618956106049,-0.0007970406960255416,-0.0008557973224236903,0.006930883822619857,0.005804207064349541,1,1
5.3,54.0,4.0,265.0,125.2,4.173333333333334,10.013207547169811,10.057875454324812,0.0022777416209632806,0.002329825916291328,0.0022097990202137093,0.0022121549759047455,1,1
5.6,44.0,4.0,270.4,120.0,4.0,10.114285714285716,10.158953621440716,0.000699633981013581,0.000769582818301251,-5.9305839147566486e-05,0.0009557241580942417,1,1
5.0,69.0,4.1,250.0,140.1,4.67,9.889756097560976,9.934424004715977,0.007272703896972987,0.007281653293719548,0.0029195047443902958,0.0026193574918525115,1,1
5.2,42.0,4.4,253.60000000000002,132.0,4.4,10.027972027972027,10.072639935127027,2.9593039744812977e-06,-4.217774435033572e-05,0.006650086215554963,0.005611899372041847,1,1
4.9,63.0,4.2,245.00000000000003,135.10000000000002,4.503333333333334,10.142857142857144,10.187525050012145,-0.004437014987593968,-0.004584406809609198,0.006141239596922842,0.005011069963588782,1,1
4.9,31.0,4.8,243.10000000000002,144.0,4.8,9.920918367346939,9.96558627450194,0.005606284626935298,0.005553315870325759,0.014194296423838139,0.011541682208486734,1,1
5.1,30.0,4.5,243.0,135.0,4.5,10.19607843137255,10.24074633852755,-0.00657120936528538,-0.006754074509600028,0.0115566067104769,0.009144967077831396,1,1
5.6,28.0,4.4,253.6,132.0,4.4,10.090909090909092,10.135576998064092,2.9593039744257865e-06,-4.217774435033572e-05,0.003811811474449852,0.003812867015237103,1,1
5.4,20.0,4.6,246.0,138.0,4.6,10.048309178743963,10.092977085898964,0.0004546219654548711,0.0003655615523972533,0.009132090751255383,0.007456845557402346,1,1
4.8,74.0,4.5,240.0,142.2,4.739999999999999,10.05,10.094667907155001,9.078582849109118e-05,-4.059758124186352e-05,0.004278592929631724,0.0039607704549807325,1,1
5.0,30.0,4.6,242.0,138.0,4.6,10.121739130434783,10.166407037589783,-0.0035453780345451325,-0.0037025363379695198,0.01309355592062009,0.010419357491852509,1,1
4.8,73.0,4.1,240.0,139.1,4.636666666666667,10.149390243902442,10.194058151057442,-0.004069239879940456,-0.00424477898027148,0.00518103493613753,0.004169103788314068,1,1
4.8,25.0,4.7,237.5,141.0,4.7,10.146276595744682,10.190944502899683,-0.004019546703804888,-0.004210583820410008,0.017726853476091153,0.014169103788314074,1,1
5.0,49.0,4.4,249.4,132.0,4.4,10.107272727272727,10.151940634427728,-0.004197040696025556,-0.00431368052923542,0.008069223586107524,0.006619357491852511,1,1
4.9,64.0,4.5,245.00000000000003,140.60000000000002,4.686666666666667,9.970068027210884,10.014735934365884,0.0029436757854297557,0.002874624704798212,0.005394208690277264,0.004806988330935716,1,1
4.9,51.0,4.5,245.00000000000003,135.4,4.513333333333334,10.11156462585034,10.15623253300534,-0.004034431854520015,-0.0041775505451870365,0.009044577582120909,0.007460049555425514,1,1
4.9,41.0,4.8,244.1,144.0,4.8,9.895408163265305,9.940076070420305,0.006606284626935244,0.0065703403429174245,0.011386320353189183,0.00950086588195613,1,1
5.1,54.0,4.4,254.99999999999997,134.8,4.493333333333334,9.898395721925134,9.943063629080134,0.005160401879331977,0.005178981651885406,0.00497287524077963,0.004439084724890222,1,1
5.1,27.0,4.6,243.5,138.0,4.6,10.089514066496166,10.134181973651167,-0.0020453780345451866,-0.0021769996290820215,0.01224358843181136,0.009733202371949048,1,1
4.9,42.0,4.6,242.60000000000002,138.0,4.6,10.099378881987578,10.144046789142578,-0.0029453780345450875,-0.003092321654414476,0.011416344945844741,0.009296784249303067,1,1
4.9,74.0,4.3,245.00000000000003,143.4,4.78,9.8984337921215,9.9431016992765,0.006701118360787239,0.006671949839405555,0.0028970548193487647,0.0027661720044051064,1,1
5.3,22.0,4.7,248.2,141.0,4.7,9.894821356884785,9.939489264039786,0.006680453296195044,0.006671578036321124,0.010107444747268778,0.008249890824961355,1,1
5.0,64.0,4.1,250.0,135.6,4.52,10.021463414634146,10.066131321789147,0.0012339569008626983,0.0011788093273862321,0.004323492779714774,0.0036193574918525115,1,1
5.0,38.0,4.7,246.4,141.0,4.7,9.921702127659575,9.966370034814576,0.004880453296195075,0.004840933985656104,0.010691763964240694,0.008819357491852515,1,1
4.8,75.0,4.6,240.0,143.0,4.766666666666667,10.02717391304348,10.07184182019848,0.0011643408500218166,0.0010443524572174012,0.0038423842227065996,0.003752437121647404,1,1
4.8,79.0,4.5,240.0,143.7,4.79,10.008333333333336,10.053001240488337,0.0021037014938611875,0.001993683740869223,0.0028746048943072465,0.002919103788314068,1,1
4.9,73.0,4.2,245.00000000000003,142.1,4.736666666666666,9.938775510204081,9.983443417359082,0.004956591450799852,0.004908906026909243,0.003333263526273886,0.002970253637058171,1,1
4.9,45.0,4.6,243.50000000000003,138.0,4.6,10.075421472937,10.120089380092,-0.002045378034545131,-0.002176999629081966,0.010573952124650055,0.00868453935134388,1,1
4.8,74.0,4.6,240.0,142.79999999999998,4.76,10.032608695652176,10.077276602807176,0.000895952094639163,0.0007731149476025712,0.004123181829771497,0.0039607704549807325,1,1
5.4,28.0,4.5,250.20000000000002,135.0,4.5,10.044444444444446,10.089112351599447,0.0006287906347146599,0.0005685016930601638,0.007041120994596442,0.0059753640759208655,1,1
4.9,73.0,4.0,245.00000000000003,140.7,4.6899999999999995,9.988775510204082,10.033443417359083,0.0030778701631210548,0.003010243459605544,0.003644085725994341,0.002970253637058171,1,1
4.9,71.0,4.4,245.00000000000003,142.5,4.75,9.921150278293137,9.965818185448137,0.005493368961565159,0.005451381046138903,0.003584036540683222,0.003378416902364293,1,1
4.8,66.0,4.7,240.0,142.6,4.753333333333333,10.037234042553191,10.081901949708191,0.0006275633392565094,0.0005018774379877966,0.006214151586430433,0.005627437121647404,1,1
5.2,55.0,4.2,260.0,131.0,4.366666666666666,9.917582417582418,9.962250324737418,0.0050610155270610635,0.005110591332162462,0.0033105395234317757,0.0031118993720418474,1,1
4.8,71.0,4.1,240.0,137.7,4.59,10.192073170731708,10.236741077886709,-0.005947961167619198,-0.006143441547575179,0.0057426301502673215,0.004585770454980732,1,1
5.4,36.0,4.4,256.0,132.0,4.4,10.000000000000002,10.044667907155002,0.002402959303974439,0.002398680989869728,0.0049501512379375055,0.004493882594439384,1,1
4.9,28.0,4.7,240.60000000000002,141.0,4.7,10.066869300911852,10.111537208066853,-0.0009195467038048966,-0.0010578079553756892,0.015192100344893052,0.01215392710644592,1,1
4.9,65.0,4.2,245.00000000000003,136.5,4.55,10.102040816326532,10.146708723481533,-0.002558293699915226,-0.0026857442423055544,0.005579644382793053,0.0046029066982826595,1,1
5.1,26.0,4.7,245.4,141.0,4.7,9.952440550688362,9.997108457843362,0.0038804532961950744,0.003823909513064383,0.012368974939016026,0.009929280803321588,1,1
4.8,46.0,4.7,239.6,141.0,4.7,10.090425531914894,10.135093439069895,-0.0019195467038048974,-0.00207483242796741,0.011830103727728344,0.009794103788314076,1,1
5.4,27.0,4.5,249.3,135.0,4.5,10.066666666666668,10.111334573821669,-0.000271209365285352,-0.0003468203322724017,0.007321918601661338,0.006160549261106049,1,1
5.0,60.0,4.1,250.0,132.0,4.4,10.126829268292683,10.171497175447684,-0.0035970406960255663,-0.0037034658456804315,0.005446683207974357,0.004419357491852516,1,1
5.1,56.0,4.4,254.99999999999997,136.20000000000002,4.540000000000001,9.86096256684492,9.90563047399992,0.007039123167010719,0.007077644219189161,0.004411280026649838,0.004046927862145125,1,1
4.9,66.0,4.4,245.00000000000003,140.0,4.666666666666667,9.990723562152134,10.035391469307134,0.002138509519281684,0.0020609121759536664,0.0049880245760077,0.004398825065629595,1,1
5.2,53.0,4.1,260.0,126.29999999999998,4.209999999999999,10.066604127579739,10.11127203473474,-0.0012461202244319902,-0.0012634901437857393,0.004027545837421794,0.0034965147566572343,1,1
5.3,52.0,4.0,265.0,122.6,4.086666666666667,10.08679245283019,10.13146035998519,-0.001211312199011605,-0.0011962617087012961,0.002771394234343501,0.0025895134664707838,1,1
5.3,52.0,4.2,265.0,128.20000000000002,4.273333333333334,9.88679245283019,9.93146035998519,0.006303572951703529,0.006398388560513557,0.002460572034623046,0.0025895134664707838,1,1
5.1,55.0,4.4,254.99999999999997,135.5,4.516666666666667,9.879679144385028,9.924347051540028,0.006099762523171348,0.006128312935537228,0.004692077633714735,0.004243006293517673,1,1
4.8,32.0,4.8,240.0,144.0,4.8,10.000000000000002,10.044667907155002,0.0025062846269352512,0.002400540005291496,0.015605859126776657,0.012710770454980732,1,1
4.8,75.0,4.4,240.0,142.0,4.733333333333333,10.056818181818183,10.101486088973184,-0.00017760292689156243,-0.0003118350908566381,0.004153206422427054,0.003752437121647404,1,1
5.2,51.0,4.2,260.0,127.00000000000001,4.233333333333333,10.02747252747253,10.07214043462753,-0.0003067595805925638,-0.00031415886013380634,0.004433729951691358,0.0038811301412726208,1,1
4.8,78.0,4.6,240.0,143.6,4.786666666666666,10.010869565217392,10.055537472372393,0.0019695071161698885,0.001858064986061836,0.0029999914015119136,0.003127437121647404,1,1
4.8,65.0,4.4,240.0,138.0,4.6,10.170454545454547,10.215122452609547,-0.005545378034545134,-0.005736585283152962,0.006961182493076013,0.0058357704549807324,1,1
5.0,61.0,4.1,250.0,132.89999999999998,4.429999999999999,10.10048780487805,10.14515571203305,-0.002389291296803542,-0.0024828970524137794,0.00516588560090946,0.004219357491852513,1,1
4.9,75.0,4.0,245.00000000000003,142.5,4.75,9.933673469387754,9.978341376542755,0.005493368961565159,0.005451381046138903,0.0030824905118645492,0.002562090371752042,1,1
5.6,42.0,4.1,268.0,122.99999999999999,4.1,10.060975609756099,10.1056435169111,0.002325465311753816,0.002397286728303416,0.0003468782751219982,0.001312867015237103,1,1
4.8,71.0,4.7,240.0,143.1,4.77,10.023936170212767,10.068604077367768,0.0012985352277131712,0.0011799712120247885,0.004810163551105955,0.004585770454980732,1,1
5.0,57.0,4.5,250.0,138.5,4.616666666666666,9.906666666666668,9.951334573821669,0.0051255938539115364,0.005111753216801074,0.005667431629728132,0.005019357491852517,1,1
5.0,39.0,4.5,244.5,135.0,4.5,10.146666666666667,10.191334573821667,-0.0050712093652853785,-0.005228537800712529,0.01072178855689625,0.008619357491852511,1,1
5.0,27.0,4.7,243.10000000000002,141.0,4.7,10.00595744680851,10.050625353963511,0.0015804532961951057,0.0014847532261035301,0.013780537641954548,0.011019357491852518,1,1
5.1,41.0,4.6,250.5,138.0,4.6,9.910485933503837,9.955153840658838,0.00495462196545482,0.004942171679059804,0.008312421932902818,0.0069881043327333576,1,1
5.0,35.0,4.6,244.0,138.0,4.6,10.069565217391304,10.114233124546304,-0.0015453780345451307,-0.0016684873927861887,0.011689567885295609,0.009419357491852515,1,1
4.8,56.0,4.8,240.0,144.0,4.8,10.000000000000002,10.044667907155002,0.0025062846269352512,0.002400540005291496,0.008866716557219162,0.007710770454980732,1,1
5.0,67.0,4.1,250.0,138.3,4.61,9.942439024390245,9.987106931545245,0.004857205098528883,0.004840515707186244,0.0034810999585200876,0.0030193574918525173,1,1
5.3,24.0,4.5,244.2,135.0,4.5,10.18364779874214,10.22831570589714,-0.005371209365285345,-0.005533645142490051,0.00985667173285944,0.007872532334395317,1,1
4.8,71.0,4.5,240.0,141.3,4.71,10.075000000000001,10.119667907155002,-0.0011169635707308778,-0.0012611663745085155,0.00512098575082641,0.004585770454980732,1,1
5.2,40.0,4.4,252.0,132.0,4.4,10.06993006993007,10.11459797708507,-0.0015970406960255645,-0.001669416900497045,0.007211681429684753,0.005996514756657234,1,1
5.3,36.0,4.4,252.39999999999998,132.0,4.4,10.075471698113208,10.120139605268209,-0.0011970406960256086,-0.0012626071114603676,0.006642511547940921,0.0056083813909990855,1,1
5.6,20.0,4.5,247.0,135.0,4.5,10.142857142857146,10.187525050012146,-0.0025712093652853762,-0.00268597661923331,0.00590278123110879,0.0052414384438085266,1,1
4.8,53.0,4.8,240.0,144.0,4.8,10.000000000000002,10.044667907155002,0.0025062846269352512,0.002400540005291496,0.009709109378413848,0.008335770454980733,1,1
4.9,37.0,4.8,243.70000000000002,144.0,4.8,9.90561224489796,9.95028015205296,0.006206284626935288,0.006163530553880803,0.012509510781448767,0.010317192412568375,1,1
5.1,55.0,4.2,254.99999999999997,130.5,4.35,10.04201680672269,10.086684713877691,-0.0006099563613957137,-0.0006526248048330796,0.005002899833435191,0.004243006293517673,1,1
4.8,53.0,4.6,240.0,138.6,4.62,10.146739130434783,10.191407037589784,-0.004740211768397118,-0.004922872754308527,0.010019931578134304,0.008335770454980733,1,1
5.3,23.0,4.7,248.8,141.0,4.7,9.880369329586511,9.925037236741511,0.0072804532961950885,0.007281792719876168,0.00982664714020388,0.008061211579678335,1,1
4.8,36.0,4.8,240.0,144.0,4.8,10.000000000000002,10.044667907155002,0.0025062846269352512,0.002400540005291496,0.014482668698517076,0.011877437121647403,1,1
4.9,20.0,4.8,242.0,144.0,4.8,9.948979591836736,9.993647498991736,0.004506284626935253,0.0044345889504748826,0.017283070101551994,0.013786580167670408,1,1
5.1,22.0,4.6,240.99999999999997,138.0,4.6,10.153452685421996,10.198120592576997,-0.004545378034545189,-0.004719560810561296,0.013647576467135838,0.010713594528811782,1,1
5.3,30.0,4.5,249.0,135.0,4.5,10.062893081761006,10.107560988916006,-0.0005712093652853745,-0.0006519276740499236,0.008171886090470069,0.006740456862697201,1,1
5.3,32.0,4.6,252.39999999999998,138.0,4.6,9.883511074651356,9.928178981806356,0.006854621965454832,0.00687451817698409,0.007454879776480049,0.006363098372131162,1,1
5.0,22.0,4.6,238.79999999999998,138.0,4.6,10.20521739130435,10.24988529845935,-0.006745378034545169,-0.006957014650262994,0.015339936777139254,0.012019357491852517,1,1
4.8,22.0,4.7,237.2,141.0,4.7,10.154255319148938,10.198923226303938,-0.004319546703804966,-0.004515691162187474,0.018569246297285843,0.014794103788314075,1,1
5.1,35.0,4.6,247.5,138.0,4.6,9.987212276214835,10.031880183369836,0.001954621965454817,0.001891098261284807,0.009997207575292193,0.008164574920968655,1,1
5.0,43.0,4.5,246.5,135.0,4.5,10.093333333333334,10.138001240488334,-0.0030712093652853767,-0.003194488855529143,0.00959859812863667,0.007819357491852514,1,1
4.8,42.0,4.8,240.0,144.0,4.8,10.000000000000002,10.044667907155002,0.0025062846269352512,0.002400540005291496,0.012797883056127701,0.010627437121647404,1,1
5.4,47.0,4.1,266.1,122.99999999999999,4.1,10.051490514905149,10.09615842206015,0.0004254653117538032,0.0004649402303792405,0.002327610859804336,0.002456845557402346,1,1
5.4,31.0,4.4,251.0,132.0,4.4,10.126262626262626,10.170930533417627,-0.0025970406960255654,-0.002686441373088766,0.006354139273261983,0.005419808520365308,1,1
5.4,49.0,4.2,268.8,126.0,4.2,9.873015873015873,9.917683780170874,0.007151296642494032,0.0072794689505989996,0.001610604545814318,0.0020864751870319723,1,1
5.2,52.0,4.1,260.0,125.19999999999999,4.173333333333333,10.097560975609758,10.142228882764758,-0.002722258379036724,-0.002755296446667166,0.00430834344448669,0.0036888224489649273,1,1
4.9,60.0,4.7,245.00000000000003,143.0,4.766666666666667,9.900130264871907,9.944798172026907,0.006164340850021877,0.006129474820175951,0.006206576918816393,0.0056233148615479605,1,1
4.8,57.0,4.8,240.0,144.0,4.8,10.000000000000002,10.044667907155002,0.0025062846269352512,0.002400540005291496,0.008585918950154267,0.007502437121647404,1,1
5.0,46.0,4.4,247.6,132.0,4.4,10.156363636363636,10.201031543518637,-0.0059970406960255795,-0.006144324579900495,0.00891161640730221,0.007219357491852513,1,1
4.9,57.0,4.5,245.00000000000003,137.8,4.593333333333334,10.046258503401361,10.090926410556362,-0.0008137667899278389,-0.0009227004298092423,0.007359791939731534,0.006235559759507147,1,1
5.2,37.0,4.4,249.60000000000002,132.0,4.4,10.132867132867133,10.177535040022134,-0.003997040696025578,-0.004110275634717109,0.00805407425087944,0.006573437833580315,1,1
5.0,42.0,4.6,246.8,138.0,4.6,9.996521739130436,10.041189646285437,0.001254621965454894,0.001179181130470608,0.00972398463584134,0.008019357491852517,1,1
5.0,52.0,4.5,250.0,136.0,4.533333333333333,9.973333333333334,10.018001240488335,0.0017707344116280055,0.0017212843466158367,0.00707141966505261,0.006019357491852517,1,1
5.1,26.0,4.6,243.0,138.0,4.6,10.10230179028133,10.146969697436331,-0.0025453780345451316,-0.0026855118653778542,0.012524386038876255,0.009929280803321588,1,1
4.8,68.0,4.8,240.0,144.0,4.8,10.000000000000002,10.044667907155002,0.0025062846269352512,0.002400540005291496,0.005497145272440414,0.005210770454980732,1,1
4.9,59.0,4.6,245.00000000000003,140.7,4.6899999999999995,9.963620230700977,10.008288137855978,0.0030778701631210548,0.003010243459605544,0.006642785625741515,0.005827396494201025,1,1
4.8,23.0,4.7,237.3,141.0,4.7,10.15159574468085,10.196263651835851,-0.004219546703804922,-0.004413988714928319,0.018288448690220945,0.014585770454980732,1,1
5.3,47.0,4.3,262.0,129.0,4.3,9.925405879771832,9.970073786926832,0.004377127973234196,0.004432265181197714,0.0037091489700872967,0.0035329096928858805,1,1
5.0,60.0,4.2,250.0,134.0,4.466666666666667,10.057142857142857,10.101810764297857,-0.0009131531421987527,-0.0009910907495322419,0.005291272108114129,0.004419357491852516,1,1
4.8,63.0,4.8,240.0,144.0,4.8,10.000000000000002,10.044667907155002,0.0025062846269352512,0.002400540005291496,0.006901133307764892,0.0062524371216474035,1,1
5.3,19.0,4.6,243.3,138.0,4.6,10.107465135356852,10.152133042511853,-0.0022453780345451646,-0.0023804045236003324,0.011105248668323693,0.008815928560810406,1,1
5.0,49.0,4.5,249.5,135.0,4.5,10.013333333333335,10.058001240488336,-7.120936528537403e-05,-0.0001434154377540353,0.007913812486247299,0.006619357491852511,1,1
4.9,52.0,4.4,245.00000000000003,133.00000000000003,4.4333333333333345,10.185528756957329,10.230196664112329,-0.007255096919112081,-0.007432400660564775,0.00891919107491624,0.007255967922772456,1,1
5.2,51.0,4.3,260.0,129.89999999999998,4.329999999999999,9.931127012522362,9.975794919677362,0.0035848773724562744,0.0036187850292809243,0.0042783188518311305,0.0038811301412726208,1,1
4.8,28.0,4.8,240.0,144.0,4.8,10.000000000000002,10.044667907155002,0.0025062846269352512,0.002400540005291496,0.016729049555036242,0.013544103788314076,1,1
4.8,56.0,4.5,240.0,136.8,4.5600000000000005,10.200000000000001,10.244667907155002,-0.007155710566841222,-0.007364010340841831,0.009332949856799843,0.007710770454980732,1,1
4.8,77.0,4.0,240.0,141.6,4.72,10.075000000000001,10.119667907155002,-0.0007143804376569252,-0.0008543101100862982,0.004213255607738177,0.0033357704549807324,1,1
4.9,22.0,4.8,242.20000000000002,144.0,4.8,9.943877551020408,9.988545458175409,0.0047062846269352865,0.004637993844993249,0.0167214748874222,0.013378416902364293,1,1
5.0,68.0,4.0,250.0,138.0,4.6,9.96,10.004667907155001,0.004454621965454875,0.004433659442764026,0.003355713451315417,0.002819357491852514,1,1
5.2,46.0,4.4,256.8,132.0,4.4,9.944055944055945,9.988723851210946,0.003202959303974462,0.0032123005679430827,0.0055268957872953795,0.004842668602811081,1,1
4.8,47.0,4.8,240.0,144.0,4.8,10.000000000000002,10.044667907155002,0.0025062846269352512,0.002400540005291496,0.011393895020803223,0.009585770454980732,1,1
5.1,43.0,4.6,251.49999999999997,138.0,4.6,9.884910485933505,9.929578393088505,0.0059546219654548205,0.005959196151651469,0.007750826718773029,0.0065959474699882606,1,1
5.0,52.0,4.3,250.0,130.39999999999998,4.346666666666666,10.146976744186047,10.191644651341047,-0.005744150739087073,-0.005873365922598961,0.007382241864773066,0.006019357491852517,1,1
4.9,34.0,4.7,241.8,141.0,4.7,10.035605731654364,10.080273638809365,0.0002804532961950823,0.00016262141173434275,0.01350731470250368,0.01092943731052756,1,1
5.6,35.0,4.2,259.0,126.0,4.2,10.178571428571429,10.22323933572643,-0.0026487033575059993,-0.0026873708807995667,0.002157050424716038,0.0025628670152371027,1,1
5.1,53.0,4.4,254.99999999999997,134.10000000000002,4.470000000000001,9.917112299465241,9.961780206620242,0.004221041235492606,0.004229650368233584,0.0052536728478445255,0.00463516315626277,1,1
4.8,59.0,4.7,240.0,141.9,4.73,10.055851063829788,10.100518970984789,-0.0003117973045828615,-0.00044745384566408086,0.008179734835884703,0.007085770454980733,1,1
5.2,41.0,4.5,253.70000000000002,135.0,4.5,9.930769230769231,9.975437137924231,0.004128790634714663,0.004128087347131104,0.00677547272275963,0.005804207064349541,1,1
4.9,61.0,4.4,245.00000000000003,137.5,4.583333333333333,10.06029684601113,10.104964753166131,-0.001216349923001847,-0.0013295566942314596,0.0063920126113321775,0.005419233228894903,1,1
5.1,19.0,4.7,242.60000000000002,141.0,4.7,10.022528160200253,10.067196067355253,0.0010804532961951052,0.0009762409898076974,0.014334558188470296,0.011301829822929434,1,1
5.6,32.0,4.3,256.59999999999997,129.0,4.3,10.126245847176081,10.170913754331082,-0.0010228720267657643,-0.001059666970797457,0.0028440321460504988,0.0030985813009513875,1,1
5.5,19.0,4.7,250.20000000000002,141.0,4.7,9.859961315280465,9.904629222435466,0.0086804532961951,0.008705626981504566,0.007565116948456633,0.0065108201177545835,1,1
5.0,62.0,4.0,250.0,132.0,4.4,10.14,10.184667907155001,-0.0035970406960255663,-0.0037034658456804315,0.0050404990937047926,0.004019357491852517,1,1
5.0,42.0,4.5,246.0,135.0,4.5,10.106666666666667,10.151334573821668,-0.003571209365285377,-0.0037030010918249756,0.009879395735701565,0.008019357491852517,1,1
5.2,36.0,4.6,251.60000000000002,138.0,4.6,9.892976588628763,9.937644495783763,0.0060546219654549205,0.006060898598910736,0.008024049658223883,0.006765745525888001,1,1
5.1,33.0,4.7,248.2,141.0,4.7,9.882352941176473,9.927020848331473,0.006680453296195044,0.006671578036321124,0.010403391689561756,0.008556731783713752,1,1
4.8,73.0,4.8,240.0,144.0,4.8,10.000000000000002,10.044667907155002,0.0025062846269352512,0.002400540005291496,0.004093157237115936,0.004169103788314068,1,1
4.8,74.0,4.0,240.0,139.2,4.64,10.150000000000002,10.194667907155003,-0.0039350455022491015,-0.004109160225464092,0.005055648428932863,0.0039607704549807325,1,1
4.8,75.0,4.0,240.0,140.0,4.666666666666667,10.125,10.169667907155,-0.002861490480718376,-0.003024210187004772,0.004774850821867965,0.003752437121647404,1,1
4.9,33.0,4.8,243.3,144.0,4.8,9.915816326530614,9.960484233685614,0.005806284626935276,0.00575672076484407,0.013632701209708347,0.011133518943180619,1,1
5.1,46.0,4.5,252.6,135.0,4.5,9.945098039215686,9.989765946370687,0.0030287906347146176,0.003009360427280172,0.007063844997438568,0.006007712175870616,1,1
5.2,42.0,4.5,254.4,135.0,4.5,9.912820512820513,9.957488419975514,0.004828790634714641,0.004840004477945248,0.006494675115694736,0.005611899372041847,1,1
5.4,21.0,4.5,243.9,135.0,4.5,10.200000000000001,10.244667907155002,-0.005671209365285368,-0.005838752484267518,0.009006704244050711,0.007271660372217163,1,1
5.1,50.0,4.5,254.99999999999997,135.0,4.5,9.882352941176473,9.927020848331473,0.005428790634714631,0.005450219161500236,0.005940654569178986,0.005223398450380415,1,1
5.3,44.0,4.4,259.59999999999997,132.0,4.4,9.890222984562607,9.934890891717608,0.006002959303974431,0.006059969091199768,0.004396130691421756,0.0040989474287349385,1,1
5.5,33.0,4.5,258.0,135.0,4.5,9.866666666666667,9.911334573821668,0.008428790634714634,0.008501292579275344,0.003944772649268549,0.0039653655723000366,1,1
4.9,63.0,4.7,245.00000000000003,143.60000000000002,4.786666666666667,9.88449848024316,9.92916638739816,0.0069695071161699484,0.0069431873490203855,0.005364184097621703,0.005011069963588782,1,1
4.8,39.0,4.8,240.0,144.0,4.8,10.000000000000002,10.044667907155002,0.0025062846269352512,0.002400540005291496,0.013640275877322387,0.011252437121647405,1,1
4.9,75.0,4.1,245.00000000000003,143.0,4.766666666666667,9.915380786460926,9.960048693615926,0.006164340850021877,0.006129474820175951,0.002927079412004322,0.002562090371752042,1,1
4.9,39.0,4.8,243.90000000000003,144.0,4.8,9.900510204081634,9.945178111236634,0.006406284626935266,0.006366935448399114,0.011947915567318971,0.009909029147262246,1,1
4.9,51.0,4.7,245.00000000000003,141.20000000000002,4.706666666666667,9.947025618758142,9.991693525913142,0.003748842051577772,0.0036883372336426468,0.008733755382400454,0.007460049555425514,1,1
5.5,27.0,4.6,254.3,138.0,4.6,9.858498023715416,9.903165930870417,0.008754621965454845,0.008806864674908266,0.005474147191797695,0.00505627466320913,1,1
4.8,59.0,4.5,240.0,137.7,4.59,10.175,10.219667907155001,-0.005947961167619198,-0.006143441547575179,0.008490557035605157,0.007085770454980733,1,1
5.0,19.0,4.7,240.70000000000002,141.0,4.7,10.067234042553194,10.111901949708194,-0.0008195467038049076,-0.0009561055081165337,0.01602691849847371,0.012619357491852511,1,1
5.1,38.0,4.6,248.99999999999997,138.0,4.6,9.948849104859338,9.993517012014339,0.0034546219654548183,0.00341663497017225,0.009154814754097507,0.007576339626851002,1,1
5.6,22.0,4.5,249.2,135.0,4.5,10.090476190476192,10.135144097631192,-0.000371209365285341,-0.00044852277953155717,0.005341186016979,0.004884295586665672,1,1
4.8,69.0,4.7,240.0,142.9,4.763333333333334,10.029255319148938,10.073923226303938,0.0010301464723305176,0.0009087337024100139,0.005371758765235747,0.005002437121647404,1,1
5.3,46.0,4.3,261.0,129.0,4.3,9.95173321632295,9.99640112347795,0.0033771279732341952,0.0034152407086060488,0.003989946577152193,0.0037215889381688994,1,1
5.1,22.0,4.7,243.79999999999998,141.0,4.7,9.992490613266584,10.037158520421585,0.002280453296195084,0.0021966703569176738,0.01349216536727561,0.010713594528811782,1,1
5.0,63.0,4.4,250.0,139.8,4.66,9.878181818181819,9.92284972533682,0.006870120763898979,0.00687479702929733,0.004138057087198984,0.0038193574918525142,1,1
4.8,62.0,4.4,240.0,136.8,4.5600000000000005,10.204545454545457,10.249213361700457,-0.007155710566841222,-0.007364010340841831,0.007803575314270699,0.006460770454980732,1,1
4.8,76.0,4.1,240.0,141.2,4.706666666666666,10.085365853658539,10.13003376081354,-0.0012511579484222879,-0.0013967851293159028,0.004338642114942844,0.003544103788314068,1,1
5.3,45.0,4.3,260.0,129.0,4.3,9.97806055287407,10.02272846002907,0.0023771279732341943,0.0023982162360142723,0.0042707441842170886,0.003910268183451919,1,1
4.9,22.0,4.7,239.4,141.0,4.7,10.098132870169344,10.142800777324345,-0.002119546703804931,-0.002278237322485721,0.016876885987282427,0.013378416902364293,1,1
5.6,35.0,4.3,260.5,129.0,4.3,10.029069767441861,10.073737674596861,0.0028771279732342503,0.0029067284723101605,0.002001639324855811,0.0025628670152371027,1,1
4.8,52.0,4.7,240.0,141.2,4.706666666666666,10.074468085106384,10.119135992261384,-0.0012511579484222879,-0.0013967851293159028,0.010145318085338972,0.008544103788314068,1,1
4.8,78.0,4.3,240.0,143.0,4.766666666666667,10.029069767441861,10.073737674596861,0.0011643408500218166,0.0010443524572174012,0.0034662247010925967,0.003127437121647404,1,1
5.5,39.0,4.3,261.8,129.0,4.3,9.975475687103595,10.020143594258595,0.004177127973234218,0.004228860286679403,0.002570809206599631,0.0028744564813909506,1,1
5.3,35.0,4.5,253.0,135.0,4.5,9.962264150943398,10.006932058098398,0.003428790634714629,0.0034161702163168495,0.006767898055145588,0.005797060636282105,1,1
4.9,53.0,4.5,245.00000000000003,136.2,4.54,10.089795918367347,10.134463825522348,-0.00296087683298929,-0.0030926005067277718,0.008482982367991117,0.0070518862901193914,1,1
5.2,22.0,4.7,246.0,141.0,4.7,9.942716857610474,9.987384764765475,0.004480453296195064,0.004434124196619427,0.011799805057272194,0.0094580532181957,1,1
4.8,44.0,4.6,238.79999999999998,138.0,4.6,10.195652173913045,10.240320081068045,-0.006745378034545169,-0.006957014650262994,0.012547110041718369,0.010210770454980733,1,1
5.1,63.0,4.1,254.99999999999997,136.0,4.533333333333333,9.899569583931134,9.944237491086135,0.00677073441162801,0.006806406709574275,0.002911930076776252,0.00267437884253728,1,1
5.0,48.0,4.4,248.8,132.0,4.4,10.123636363636363,10.168304270791364,-0.004797040696025545,-0.004923895212790463,0.008350021193172422,0.006819357491852514,1,1
4.9,70.0,4.1,245.00000000000003,139.0,4.633333333333334,10.034843205574914,10.079511112729914,0.0007965657423683048,0.0007047246278796271,0.0043310674473288,0.0035824985350173507,1,1
5.5,26.0,4.5,251.0,135.0,4.5,10.036363636363637,10.081031543518638,0.0014287906347146273,0.001382121271133463,0.005910355898722818,0.00523809284502731,1,1
4.9,32.0,4.8,243.2,144.0,4.8,9.918367346938775,9.963035254093775,0.005706284626935232,0.0056550183175849145,0.013913498816773241,0.011337600575833676,1,1
5.0,44.0,4.4,246.4,132.0,4.4,10.18909090909091,10.23375881624591,-0.007197040696025558,-0.007364753947010527,0.009473211621432005,0.007619357491852511,1,1
5.3,40.0,4.5,257.0,135.0,4.5,9.861635220125786,9.906303127280786,0.007428790634714633,0.007484268106683678,0.00536391001982111,0.004853664409867015,1,1
4.9,59.0,4.5,245.00000000000003,138.6,4.62,10.024489795918367,10.069157703073367,0.00025978823160288655,0.00016224960865002247,0.006798196725601742,0.005827396494201025,1,1
4.9,71.0,4.0,245.00000000000003,138.9,4.63,10.043877551020408,10.088545458175409,0.0006623713646769502,0.0005691058730722398,0.004205680940124133,0.003378416902364293,1,1
4.8,75.0,4.2,240.0,141.0,4.7,10.089285714285715,10.133953621440716,-0.0015195467038049415,-0.0016680226389307329,0.00446402862214751,0.003752437121647404,1,1
5.0,59.0,4.1,250.0,131.1,4.37,10.153170731707318,10.197838638862319,-0.004804790095247646,-0.0049240346389470835,0.0057274808150392514,0.004619357491852511,1,1
5.0,51.0,4.6,250.0,138.39999999999998,4.613333333333332,9.902608695652175,9.947276602807175,0.004991399476220182,0.0049761344619935755,0.007196806172257279,0.006219357491852513,1,1
5.4,30.0,4.5,252.0,135.0,4.5,10.0,10.044667907155,0.002428790634714628,0.002399145743725184,0.006479525780466652,0.005604993705550491,1,1
4.9,65.0,4.3,245.00000000000003,138.0,4.6,10.052206929283342,10.096874836438342,-0.0005453780345451298,-0.0006514629201944122,0.005424233282932826,0.0046029066982826595,1,1
4.9,60.0,4.3,245.00000000000003,135.0,4.5,10.13763644992881,10.18230435708381,-0.0045712093652853225,-0.004720025564416641,0.006828221318257304,0.0056233148615479605,1,1
4.9,41.0,4.7,243.20000000000002,141.0,4.7,9.999131567520626,10.043799474675627,0.0016804532961950946,0.0015864556733626856,0.01154173145304941,0.00950086588195613,1,1
5.4,48.0,4.1,267.40000000000003,122.99999999999999,4.1,10.016260162601627,10.060928069756628,0.001725465311753771,0.0017870720447484278,0.002046813252739442,0.0022716603722171625,1,1
5.6,36.0,4.2,260.4,126.0,4.2,10.142857142857144,10.187525050012145,-0.0012487033575060424,-0.0012635366191712238,0.001876252817651144,0.0023842955866656725,1,1
4.9,70.0,4.5,245.00000000000003,143.0,4.766666666666667,9.904761904761907,9.949429811916907,0.006164340850021877,0.006129474820175951,0.003709423047887889,0.0035824985350173507,1,1
4.8,76.0,4.4,240.0,142.4,4.746666666666667,10.045454545454547,10.090122452609547,0.0003591745838738003,0.00023063992837296654,0.0038724088153621597,0.003544103788314068,1,1
4.9,48.0,4.6,244.4,138.0,4.6,10.051464063886424,10.096131971041425,-0.0011453780345451747,-0.001261677603749456,0.00973155930345537,0.0080722944533847,1,1
4.8,80.0,4.1,240.0,144.0,4.8,10.000000000000002,10.044667907155002,0.0025062846269352512,0.002400540005291496,0.00321545168668326,0.0027107704549807323,1,1
5.5,46.0,4.0,269.0,120.0,4.0,10.118181818181819,10.16284972533682,-0.0007003660189863758,-0.0006542514433270363,0.0010714592567260435,0.0016017292086636771,1,1
4.9,29.0,4.8,242.90000000000003,144.0,4.8,9.926020408163264,9.970688315318265,0.005406284626935265,0.005349910975807448,0.01475589163796793,0.011949845473792863,1,1
4.8,75.0,4.7,240.0,143.5,4.783333333333333,10.013297872340427,10.057965779495428,0.0018353127384785894,0.0017224462312544486,0.0036869731228463716,0.003752437121647404,1,1
5.5,47.0,4.0,270.5,120.0,4.0,10.077272727272728,10.121940634427729,0.00079963398101357,0.0008712852655604064,0.0007906616496611476,0.0014199110268454903,1,1
5.4,29.0,4.5,251.10000000000002,135.0,4.5,10.022222222222222,10.066890129377223,0.0015287906347146718,0.001483823718392674,0.006760323387531548,0.005790178890735681,1,1
4.8,77.0,4.4,240.0,142.79999999999998,4.76,10.03409090909091,10.07875881624591,0.000895952094639163,0.0007731149476025712,0.0035916112082972655,0.0033357704549807324,1,1
5.0,40.0,4.5,245.0,135.0,4.5,10.133333333333333,10.178001240488333,-0.004571209365285378,-0.004720025564416697,0.010440990949831357,0.008419357491852516,1,1
4.8,36.0,4.7,238.59999999999997,141.0,4.7,10.117021276595745,10.161689183750745,-0.002919546703804954,-0.0030918569005591867,0.014638079798377304,0.011877437121647403,1,1
4.8,55.0,4.7,240.0,141.5,4.716666666666667,10.066489361702128,10.111157268857129,-0.0008485748153482797,-0.0009899288648936855,0.009302925264144286,0.007919103788314069,1,1
5.2,54.0,4.2,260.0,130.0,4.333333333333333,9.945054945054947,9.989722852209947,0.003719071750147629,0.003754403784088367,0.00359133713049667,0.003304207064349541,1,1
4.8,70.0,4.2,240.0,138.0,4.6,10.17857142857143,10.223239335726431,-0.005545378034545134,-0.005736585283152962,0.005868016657471988,0.004794103788314068,1,1
5.2,35.0,4.5,249.5,135.0,4.5,10.03846153846154,10.08312944561654,-7.120936528537403e-05,-0.0001434154377540353,0.008460258365149003,0.006958053218195694,1,1
5.3,49.0,4.2,263.9,126.0,4.2,9.975741239892185,10.020409147047186,0.0022512966424939607,0.002296049034899661,0.0033029648558177338,0.003155551202319842,1,1
5.0,35.0,4.7,245.5,141.0,4.7,9.944680851063831,9.989348758218831,0.003980453296195063,0.003925611960323538,0.01153415678543538,0.009419357491852515,1,1
5.1,45.0,4.4,251.49999999999997,132.0,4.4,10.066844919786096,10.111512826941096,-0.002097040696025565,-0.002177929136792933,0.007500053704363691,0.0062037906072431636,1,1
5.0,51.0,4.4,250.0,132.60000000000002,4.420000000000001,10.074545454545456,10.119213361700456,-0.0027918744298774945,-0.0028897533168359413,0.007507628371977733,0.006219357491852513,1,1
5.5,36.0,4.3,258.2,129.0,4.3,10.066807610993658,10.111475518148659,0.0005771279732341705,0.0005675721853492521,0.0034132020277943187,0.00341991102684549,1,1
5.1,29.0,4.7,246.59999999999997,141.0,4.7,9.922403003754694,9.967070910909694,0.005080453296194998,0.005044338880174415,0.01152658211782134,0.009341045509203944,1,1
5.4,19.0,4.6,245.2,138.0,4.6,10.067632850241548,10.112300757396548,-0.0003453780345451518,-0.0004480580256761568,0.009412888358320277,0.007642030742587529,1,1
4.9,67.0,4.4,245.00000000000003,140.5,4.683333333333334,9.976808905380334,10.021476812535335,0.002809481407738401,0.002739005949990714,0.0047072269689428054,0.004194743432976537,1,1
5.0,45.0,4.7,248.5,141.0,4.7,9.86808510638298,9.91275301353798,0.006980453296195066,0.006976685378098646,0.008726180714786425,0.007419357491852516,1,1
4.9,74.0,4.2,245.00000000000003,142.8,4.760000000000001,9.918367346938775,9.963035254093775,0.005895952094639223,0.005858237310561121,0.0030524659192089918,0.0027661720044051064,1,1
4.9,70.0,4.0,245.00000000000003,138.0,4.6,10.071428571428573,10.116096478583573,-0.0005453780345451298,-0.0006514629201944122,0.004486478547189027,0.0035824985350173507,1,1
5.4,22.0,4.6,247.6,138.0,4.6,10.009661835748794,10.054329742903795,0.002054621965454806,0.0019928007085439625,0.008570495537125591,0.0070864751870319724,1,1
5.2,22.0,4.6,243.2,138.0,4.6,10.103678929765888,10.148346836920888,-0.0023453780345451536,-0.0024821069708595433,0.011955216157132423,0.0094580532181957,1,1
4.9,75.0,4.3,245.00000000000003,144.0,4.8,9.881347887992407,9.926015795147407,0.007506284626935256,0.00748566236824999,0.002616257212283867,0.002562090371752042,1,1
5.4,30.0,4.4,250.0,132.0,4.4,10.15151515151515,10.196183058670151,-0.0035970406960255663,-0.0037034658456804315,0.006634936880326879,0.005604993705550491,1,1
5.1,44.0,4.3,250.2,129.0,4.3,10.199726402188784,10.244394309343784,-0.007422872026765837,-0.007568623595384294,0.007936262411288815,0.006399869038615712,1,1
5.3,26.0,4.5,245.79999999999998,135.0,4.5,10.143396226415096,10.188064133570096,-0.0037712093652854106,-0.003906405986343342,0.009295076518729649,0.007495173843829278,1,1
5.0,49.0,4.6,249.6,138.0,4.6,9.923478260869567,9.968146168024568,0.004054621965454808,0.0040268496537272935,0.007758401386387071,0.006619357491852511,1,1
5.3,53.0,4.0,265.0,123.9,4.13,10.05,10.094667907155001,0.0005332147109758933,0.0005667821037950715,0.0024905966272786052,0.002400834221187765,1,1
4.9,66.0,4.6,245.00000000000003,142.8,4.760000000000001,9.907719609582964,9.952387516737964,0.005895952094639223,0.005858237310561121,0.004677202376287245,0.004398825065629595,1,1
5.4,22.0,4.5,244.8,135.0,4.5,10.177777777777779,10.22244568493278,-0.004771209365285356,-0.0049234304589350075,0.008725906636985817,0.0070864751870319724,1,1
4.8,66.0,4.6,240.0,141.2,4.706666666666666,10.076086956521738,10.120754863676739,-0.0012511579484222879,-0.0013967851293159028,0.006369562686290661,0.005627437121647404,1,1
5.0,47.0,4.6,248.8,138.0,4.6,9.944347826086958,9.989015733241958,0.003254621965454896,0.003213230075653939,0.008319996600516862,0.007019357491852517,1,1
5.1,57.0,4.2,254.99999999999997,132.3,4.41,9.991596638655464,10.036264545810464,0.0018055424370484463,0.00178851278170028,0.0044413046193054,0.00385084943077257,1,1
4.9,58.0,4.3,245.00000000000003,133.8,4.46,10.171808258186998,10.216476165341998,-0.006181541897581411,-0.0063474506221055105,0.007389816532387096,0.006031478126854083,1,1
4.8,24.0,4.7,237.39999999999998,141.0,4.7,10.148936170212766,10.193604077367766,-0.004119546703804988,-0.004312286267669163,0.01800765108315605,0.014377437121647404,1,1
5.5,20.0,4.6,248.0,138.0,4.6,10.007905138339924,10.052573045494924,0.002454621965454873,0.0023996104975805843,0.007439730441251965,0.006329001935936404,1,1
5.2,25.0,4.7,247.5,141.0,4.7,9.905891980360066,9.950559887515066,0.005980453296195065,0.0059596609055069805,0.010957412236077504,0.008881130141272621,1,1
5.3,45.0,4.2,259.5,126.0,4.2,10.09433962264151,10.13900752979651,-0.002148703357505999,-0.002178858644503734,0.004426155284077316,0.003910268183451919,1,1
5.4,39.0,4.2,256.8,126.0,4.2,10.190476190476192,10.235144097631192,-0.004848703357505979,-0.00492482472050132,0.004418580616463274,0.003938327038883827,1,1
5.3,46.0,4.2,260.59999999999997,126.0,4.2,10.06469002695418,10.10935793410918,-0.001048703357506009,-0.001060131724652913,0.00414535767701242,0.0037215889381688994,1,1
4.9,71.0,4.5,245.00000000000003,143.4,4.78,9.893877551020408,9.938545458175408,0.006701118360787239,0.006671949839405555,0.0034286254408229947,0.003378416902364293,1,1
5.2,58.0,4.0,260.0,129.6,4.319999999999999,9.992307692307692,10.036975599462693,0.003182294239382266,0.003211928764858707,0.002778968901957545,0.002534976295118774,1,1
5.2,46.0,4.2,256.0,126.0,4.2,10.164835164835166,10.209503071990166,-0.005648703357506002,-0.005738444298574674,0.0058377179870158355,0.004842668602811081,1,1
4.8,60.0,4.6,240.0,140.0,4.666666666666667,10.108695652173914,10.153363559328914,-0.002861490480718376,-0.003024210187004772,0.008054348328680037,0.006877437121647404,1,1
4.9,62.0,4.6,245.00000000000003,141.6,4.72,9.9396628216504,9.9843307288054,0.004285619562343079,0.004230812252872196,0.005800392804546829,0.005215151596241838,1,1
4.9,49.0,4.8,244.90000000000003,144.0,4.8,9.875000000000002,9.919667907155002,0.007406284626935267,0.007383959920990835,0.009139939496670016,0.007868212820731635,1,1
5.0,32.0,4.7,244.60000000000002,141.0,4.7,9.967659574468085,10.012327481623085,0.003080453296195107,0.003010289934991084,0.012376549606630066,0.010019357491852517,1,1
5.4,49.0,4.0,268.6,120.0,4.0,10.094444444444445,10.139112351599445,-0.0011003660189864428,-0.0010610612323637691,0.0019214267455347732,0.0020864751870319723,1,1
5.1,47.0,4.3,252.6,129.0,4.3,10.134062927496581,10.178730834651581,-0.005022872026765768,-0.00512776486116423,0.007093869590094128,0.0058116337444980605,1,1
5.2,54.0,4.3,260.0,132.6,4.42,9.858676207513417,9.903344114668418,0.007208125570122459,0.007280491409080936,0.0034359260306364428,0.003304207064349541,1,1
5.5,23.0,4.5,248.0,135.0,4.5,10.10909090909091,10.15375881624591,-0.0015712093652853754,-0.001668952146641589,0.006752748719917504,0.005783547390481857,1,1
5.0,23.0,4.6,239.2,138.0,4.6,10.194782608695654,10.239450515850654,-0.006345378034545157,-0.006550204861226316,0.015059139170074357,0.011819357491852514,1,1
5.1,51.0,4.5,254.99999999999997,135.6,4.52,9.866666666666667,9.911334573821668,0.006233956900862703,0.006263931690344671,0.00565985696211409,0.0050273200190078665,1,1
4.8,67.0,4.5,240.0,140.1,4.67,10.108333333333333,10.153001240488333,-0.0027272961030270215,-0.002888591432197385,0.006244176179085994,0.005419103788314068,1,1
4.9,63.0,4.1,245.00000000000003,133.39999999999998,4.446666666666666,10.202090592334494,10.246758499489495,-0.006718319408346829,-0.006889925641335226,0.00629665069678307,0.005011069963588782,1,1
5.2,32.0,4.6,249.2,138.0,4.6,9.953177257525084,9.997845164680085,0.0036546219654548517,0.0036200398646906717,0.009147240086483464,0.0075349762951187746,1,1
4.8,71.0,4.3,240.0,139.5,4.65,10.130813953488374,10.175481860643375,-0.003532462369175038,-0.0037023039610418196,0.005431807950546866,0.004585770454980732,1,1
4.8,78.0,4.1,240.0,142.6,4.753333333333333,10.042682926829269,10.087350833984269,0.0006275633392565094,0.0005018774379877966,0.003777046900813052,0.003127437121647404,1,1
5.3,35.0,4.4,251.5,132.0,4.4,10.098627787307032,10.143295694462033,-0.002097040696025565,-0.0021779291367928777,0.006923309155005815,0.005797060636282105,1,1
4.8,73.0,4.0,240.0,138.39999999999998,4.613333333333332,10.175000000000002,10.219667907155003,-0.005008600523779827,-0.005194110263923302,0.005336446035997757,0.004169103788314068,1,1
4.8,74.0,4.2,240.0,140.39999999999998,4.679999999999999,10.107142857142858,10.151810764297858,-0.0023247129699530134,-0.002481735167775223,0.0047448262292124075,0.0039607704549807325,1,1
4.9,40.0,4.7,243.0,141.0,4.7,10.004342162396874,10.049010069551874,0.0014804532961950612,0.0013830507788443192,0.011822529060114304,0.009704947514609187,1,1
5.2,61.0,4.0,260.0,133.2,4.4399999999999995,9.88846153846154,9.93312944561654,0.00801329183627053,0.00809420393792537,0.0019365760807628554,0.001958053218195694,1,1
5.2,56.0,4.2,260.0,132.0,4.4,9.89010989010989,9.934777797264891,0.006402959303974443,0.006466778880236501,0.003029741916366878,0.002919591679734154,1,1
5.4,51.0,4.0,270.0,121.4,4.046666666666667,10.016666666666667,10.061334573821668,0.002178355268692367,0.002261435596568273,0.0013598315314049814,0.0017161048166616055,1,1
5.3,51.0,4.1,265.0,124.19999999999999,4.14,10.01748734468477,10.062155251839771,0.000935797844049846,0.0009736383682172334,0.00289678074154817,0.002778192711753803,1,1
5.1,56.0,4.2,254.99999999999997,131.4,4.38,10.016806722689077,10.061474629844078,0.0005977930378263663,0.0005679439884335724,0.004722102226370294,0.004046927862145125,1,1
5.6,40.0,4.1,265.0,122.99999999999999,4.1,10.139372822299654,10.184040729454654,-0.0006745346882461867,-0.000653786689471636,0.0009084734892517883,0.001670009872379957,1,1
5.1,43.0,4.5,250.79999999999998,135.0,4.5,9.992156862745098,10.036824769900099,0.0012287906347145938,0.001178716376615152,0.007906237818633255,0.0065959474699882606,1,1
5.3,40.0,4.4,256.0,132.0,4.4,9.982847341337909,10.027515248492909,0.002402959303974439,0.002398680989869728,0.0055193211196813375,0.004853664409867015,1,1
5.0,55.0,4.4,250.0,135.0,4.5,10.00909090909091,10.05375881624591,0.0004287906347146264,0.00036509679854179744,0.006384437943718151,0.005419357491852516,1,1
5.2,29.0,4.6,247.4,138.0,4.6,9.998327759197323,10.042995666352324,0.001854621965454828,0.0017893958140256516,0.009989632907678153,0.008111899372041848,1,1
5.4,44.0,4.2,262.8,126.0,4.2,10.03174603174603,10.07641393890103,0.0011512966424940263,0.00117732211504884,0.003014592581138796,0.003012401112957903,1,1
4.8,79.0,4.8,240.0,144.0,4.8,10.000000000000002,10.044667907155002,0.0025062846269352512,0.002400540005291496,0.0024083715947265643,0.002919103788314068,1,1
4.8,27.0,4.8,240.0,144.0,4.8,10.000000000000002,10.044667907155002,0.0025062846269352512,0.002400540005291496,0.01700984716210114,0.013752437121647403,1,1
5.6,24.0,4.6,253.99999999999997,138.0,4.6,9.87577639751553,9.92044430467053,0.008454621965454878,0.008501757333130688,0.004624179702988981,0.0045271527295228185,1,1
5.0,50.0,4.6,250.0,138.0,4.6,9.913043478260871,9.957711385415871,0.004454621965454875,0.004433659442764026,0.007477603779322175,0.006419357491852516,1,1
5.6,44.0,4.2,271.59999999999997,126.0,4.2,9.85714285714286,9.90181076429786,0.009951296642493945,0.010127137473855685,-0.0003701280388680216,0.0009557241580942417,1,1
5.2,53.0,4.2,260.0,129.0,4.3,9.972527472527474,10.017195379682475,0.0023771279732341943,0.0023982162360142723,0.003872134737561566,0.0034965147566572343,1,1
4.8,76.0,4.0,240.0,140.8,4.693333333333333,10.100000000000001,10.144667907155002,-0.0017879354591876506,-0.0019392601485455074,0.004494053214803071,0.003544103788314068,1,1
5.2,55.0,4.0,260.0,126.0,4.2,10.096153846153847,10.140821753308847,-0.0016487033575059984,-0.0016703464082079011,0.003621361723152231,0.0031118993720418474,1,1
5.1,54.0,4.2,254.99999999999997,129.6,4.319999999999999,10.067226890756304,10.111894797911305,-0.0018177057606177383,-0.0018731935980997316,0.005283697440500086,0.004439084724890222,1,1
5.1,32.0,4.5,244.2,135.0,4.5,10.164705882352942,10.209373789507943,-0.005371209365285345,-0.005533645142490051,0.010995011496347105,0.0087528102150863,1,1
4.9,30.0,4.6,239.0,138.0,4.6,10.195208518189885,10.239876425344885,-0.006545378034545135,-0.006753609755744627,0.014785916230623492,0.011745763841139805,1,1
5.5,21.0,4.6,248.89999999999998,138.0,4.6,9.986561264822136,10.031229171977136,0.0033546219654548293,0.0033149325229130944,0.007158932834187069,0.006147183754118224,1,1
4.9,50.0,4.8,245.00000000000003,144.0,4.8,9.872448979591837,9.917116886746838,0.007506284626935256,0.00748566236824999,0.008859141889605121,0.007664131188078578,1,1
5.2,34.0,4.6,250.4,138.0,4.6,9.923076923076925,9.967744830231926,0.004854621965454831,0.004840469231800648,0.008585644872353675,0.007150360910503388,1,1
4.9,67.0,4.1,245.00000000000003,136.60000000000002,4.553333333333334,10.106520657043305,10.151188564198305,-0.0024240993222238716,-0.0025501254874981116,0.005173460268523489,0.004194743432976537,1,1
5.0,28.0,4.7,243.4,141.0,4.7,9.998297872340425,10.042965779495425,0.0018804532961950726,0.001789860567881052,0.01349974003488965,0.010819357491852515,1,1
4.9,49.0,4.7,244.8,141.0,4.7,9.957446808510639,10.00211471566564,0.003280453296195085,0.0032136948295093948,0.009295350596530243,0.007868212820731635,1,1
4.8,72.0,4.4,240.0,140.8,4.693333333333333,10.090909090909092,10.135576998064092,-0.0017879354591876506,-0.0019392601485455074,0.004995599243621743,0.004377437121647404,1,1
4.8,37.0,4.8,240.0,144.0,4.8,10.000000000000002,10.044667907155002,0.0025062846269352512,0.002400540005291496,0.014201871091452182,0.011669103788314076,1,1
4.9,44.0,4.7,243.8,141.0,4.7,9.98349978289188,10.02816769004688,0.002280453296195084,0.0021966703569176738,0.010699338631854724,0.008888620983996945,1,1
5.2,24.0,4.7,247.0,141.0,4.7,9.918166939443536,9.962834846598536,0.005480453296195065,0.005451148669211092,0.011238209843142402,0.009073437833580314,1,1
5.6,40.0,4.2,266.0,126.0,4.2,10.000000000000002,10.044667907155002,0.004351296642494007,0.004431800427342258,0.0007530623893915603,0.001670009872379957,1,1
5.0,22.0,4.8,244.4,144.0,4.8,9.89,9.934667907155001,0.006906284626935266,0.006875447684694946,0.015029114577418798,0.012019357491852517,1,1
5.6,35.0,4.4,262.0,132.0,4.4,9.886363636363637,9.931031543518637,0.008402959303974444,0.008500827825419888,0.0018462282249955822,0.0025628670152371027,1,1
5.4,44.0,4.3,263.40000000000003,129.0,4.3,9.912144702842378,9.956812609997378,0.005777127973234264,0.005856099442826113,0.0028591814812785688,0.003012401112957903,1,1
5.5,33.0,4.4,256.3,132.0,4.4,10.009090909090908,10.053758816245908,0.0027029593039744615,0.00270378833164725,0.004100183749128776,0.0039653655723000366,1,1
5.1,61.0,4.0,254.99999999999997,132.1,4.403333333333333,10.026470588235295,10.071138495390295,0.0015371536816657372,0.0015172752720853944,0.003628936390766271,0.0030665357052823763,1,1
5.4,21.0,4.6,246.79999999999998,138.0,4.6,10.028985507246379,10.07365341440138,0.0012546219654548385,0.001179181130470608,0.008851293144190486,0.007271660372217163,1,1
5.6,19.0,4.6,249.0,138.0,4.6,9.992236024844724,10.036903931999724,0.0034546219654548738,0.00341663497017225,0.006028167738313459,0.005420009872379957,1,1
5.4,41.0,4.3,260.1,129.0,4.3,9.997416020671835,10.042083927826836,0.0024771279732342943,0.0024999186832735387,0.003701574302473255,0.003567956668513453,1,1
4.9,46.0,4.8,244.6,144.0,4.8,9.88265306122449,9.92732096837949,0.0071062846269353,0.007078852579213313,0.009982332317864702,0.008480457718690822,1,1
5.4,28.0,4.4,248.00000000000003,132.0,4.4,10.202020202020202,10.246688109175203,-0.005597040696025513,-0.005737514790863818,0.007196532094456669,0.0059753640759208655,1,1
4.9,46.0,4.5,243.4,135.0,4.5,10.165986394557823,10.210654301712824,-0.006171209365285368,-0.006347264720563406,0.010448565617445383,0.008480457718690822,1,1
5.0,32.0,4.6,242.8,138.0,4.6,10.100869565217392,10.145537472372393,-0.0027453780345451095,-0.002888916759896165,0.012531960706490295,0.010019357491852517,1,1
5.2,45.0,4.2,255.0,126.0,4.2,10.192307692307693,10.236975599462694,-0.006648703357506003,-0.006755468771166395,0.006118515594080731,0.005034976295118774,1,1
5.6,36.0,4.4,263.2,132.0,4.4,9.85714285714286,9.90181076429786,0.009602959303974423,0.00972125719252992,0.001565430617930688,0.0023842955866656725,1,1
5.1,49.0,4.5,254.39999999999998,135.0,4.5,9.898039215686275,9.942707122841275,0.004828790634714586,0.004840004477945248,0.006221452176243882,0.0054194768817529635,1,1
4.8,46.0,4.8,239.99999999999997,144.0,4.8,10.000000000000002,10.044667907155002,0.0025062846269352512,0.002400540005291496,0.011674692627868117,0.009794103788314076,1,1
4.8,25.0,4.8,240.0,144.0,4.8,10.000000000000002,10.044667907155002,0.0025062846269352512,0.002400540005291496,0.017571442376230928,0.014169103788314074,1,1
5.1,59.0,4.2,254.99999999999997,134.1,4.47,9.941176470588237,9.985844377743238,0.004221041235492606,0.004229650368233584,0.0038797094051756078,0.0034586925680274733,1,1
4.9,66.0,4.0,245.00000000000003,134.4,4.48,10.181632653061225,10.226300560216226,-0.005376375631433339,-0.005533738093261076,0.005609668975448611,0.004398825065629595,1,1
5.6,46.0,4.1,273.99999999999994,122.99999999999999,4.1,9.90418118466899,9.948849091823991,0.00832546531175371,0.00849943356385352,-0.0007763121531375854,0.0005985813009513877,1,1
4.9,69.0,4.1,245.00000000000003,138.2,4.6066666666666665,10.05873568939771,10.10340359655271,-0.0002769892791624762,-0.00038022541057963766,0.004611865054393698,0.003786580167670415,1,1
5.3,21.0,4.6,244.7,138.0,4.6,10.073010664479083,10.117678571634084,-0.0008453780345451523,-0.0009565702619719896,0.010543653454193901,0.008438570070244374,1,1
5.1,28.0,4.7,246.2,141.0,4.7,9.932415519399248,9.977083426554248,0.004680453296195042,0.004637529091137738,0.011807379724886234,0.009537123940576493,1,1
5.1,46.0,4.4,252.2,132.0,4.4,10.04812834224599,10.09279624940099,-0.0013970406960255866,-0.001466012005978734,0.007219256097298795,0.006007712175870616,1,1
4.8,57.0,4.5,240.0,137.1,4.569999999999999,10.191666666666668,10.236334573821669,-0.006753127433767214,-0.006957154076419614,0.009052152249734949,0.007502437121647404,1,1
5.4,43.0,4.1,260.90000000000003,122.99999999999999,4.1,10.192411924119241,10.237079831274242,-0.004774534688246179,-0.0048235870270975645,0.00345080128806392,0.0031975862981430863,1,1
4.9,45.0,4.5,243.00000000000003,135.0,4.5,10.176870748299319,10.221538655454319,-0.006571209365285324,-0.006754074509600028,0.01072936322451028,0.00868453935134388,1,1
5.6,33.0,4.4,259.6,132.0,4.4,9.944805194805195,9.989473101960195,0.006002959303974487,0.006059969091199824,0.002407823439125374,0.0029200098723799572,1,1
4.9,47.0,4.6,244.10000000000002,138.0,4.6,10.059449866903284,10.104117774058285,-0.0014453780345451417,-0.0015667849455269778,0.010012356910520263,0.008276376086037757,1,1
5.1,24.0,4.7,244.6,141.0,4.7,9.972465581977472,10.017133489132473,0.003080453296195107,0.0030102899349910284,0.012930570153145818,0.010321437666066685,1,1
5.1,48.0,4.4,253.6,132.0,4.4,10.010695187165776,10.055363094320777,2.9593039744257865e-06,-4.217774435033572e-05,0.006657660883169005,0.005615555313125512,1,1
4.8,44.0,4.8,240.0,144.0,4.8,10.000000000000002,10.044667907155002,0.0025062846269352512,0.002400540005291496,0.012236287841997913,0.010210770454980733,1,1
5.0,22.0,4.7,241.6,141.0,4.7,10.044255319148936,10.088923226303937,8.045329619510433e-05,-4.078348278402366e-05,0.015184525677279025,0.012019357491852517,1,1
4.8,20.0,4.8,240.0,144.0,4.8,10.000000000000002,10.044667907155002,0.0025062846269352512,0.002400540005291496,0.01897543041155541,0.015210770454980732,1,1
5.2,60.0,4.0,260.0,132.0,4.4,9.923076923076925,9.967744830231926,0.006402959303974443,0.006466778880236501,0.002217373687827753,0.0021503609105033876,1,1
5.2,44.0,4.5,255.8,135.0,4.5,9.876923076923077,9.921590984078078,0.006228790634714654,0.006263838739573646,0.005933079901564944,0.005227283987426468,1,1
4.9,21.0,4.7,239.20000000000002,141.0,4.7,10.103343465045592,10.148011372200592,-0.002319546703804909,-0.0024816422170040875,0.01715768359434732,0.01358249853501735,1,1
4.8,43.0,4.6,238.6,138.0,4.6,10.20108695652174,10.24575486367674,-0.006945378034545147,-0.007160419544781305,0.012827907648783263,0.010419103788314074,1,1
5.3,53.0,4.1,265.0,126.6,4.22,9.951219512195124,9.995887419350124,0.004156462908642022,0.004228488483595028,0.002335185527418378,0.002400834221187765,1,1
5.2,54.0,4.0,260.0,124.8,4.16,10.130769230769232,10.175437137924233,-0.0032590358898020866,-0.0032977714658967705,0.003902159330217125,0.003304207064349541,1,1
4.8,76.0,4.8,240.0,144.0,4.8,10.000000000000002,10.044667907155002,0.0025062846269352512,0.002400540005291496,0.0032507644159212503,0.003544103788314068,1,1
4.9,56.0,4.6,245.00000000000003,139.79999999999998,4.659999999999999,9.987577639751553,10.032245546906553,0.0018701207638989747,0.0017896746663388918,0.007485178446936201,0.006439641392160212,1,1
5.0,57.0,4.2,250.0,131.60000000000002,4.386666666666668,10.125714285714286,10.170382192869287,-0.004133818206790929,-0.004245940864909981,0.006133664929308815,0.005019357491852517,1,1
4.8,51.0,4.6,240.0,138.2,4.6066666666666665,10.157608695652176,10.202276602807176,-0.005276989279162536,-0.005465347773538132,0.010581526792264099,0.008752437121647404,1,1
5.0,25.0,4.7,242.5,141.0,4.7,10.02127659574468,10.065944502899681,0.0009804532961950607,0.0008745385425484864,0.014342132856084336,0.011419357491852508,1,1
5.1,38.0,4.4,246.6,132.0,4.4,10.197860962566846,10.242528869721847,-0.00699704069602558,-0.007161349052492216,0.009465636953817962,0.007576339626851002,1,1
4.8,20.0,4.7,237.0,141.0,4.7,10.159574468085108,10.204242375240108,-0.004519546703804944,-0.004719096056705785,0.019130841511415635,0.015210770454980732,1,1
5.5,35.0,4.3,257.0,129.0,4.3,10.09725158562368,10.14191949277868,-0.0006228720267658083,-0.0006528571817607243,0.003693999634859213,0.003601729208663677,1,1
5.3,27.0,4.5,246.6,135.0,4.5,10.123270440251574,10.167938347406574,-0.0029712093652853877,-0.0030927864082699874,0.009014278911664755,0.007306494598546259,1,1
4.8,79.0,4.7,240.0,143.89999999999998,4.796666666666666,10.002659574468087,10.047327481623087,0.0023720902492438967,0.0022649212504840532,0.0025637826945867914,0.002919103788314068,1,1
5.1,32.0,4.7,247.8,141.0,4.7,9.892365456821027,9.937033363976028,0.006280453296195088,0.006264768247284502,0.01068418929662665,0.0087528102150863,1,1
5.4,23.0,4.6,248.39999999999998,138.0,4.6,9.990338164251208,10.035006071406208,0.002854621965454829,0.002806420286617317,0.008289697930060694,0.006901290001846789,1,1
5.6,41.0,4.2,267.4,126.0,4.2,9.964285714285715,10.008953621440716,0.005751296642493964,0.005855634688970601,0.0004722647823266644,0.0014914384438085265,1,1
5.6,31.0,4.3,255.3,129.0,4.3,10.158637873754154,10.203305780909155,-0.002322872026765732,-0.0023817987851667,0.0031248297531153947,0.003277152729522818,1,1
5.0,54.0,4.5,250.0,137.0,4.566666666666666,9.946666666666669,9.99133457382167,0.00311267818854144,0.0030774718946899315,0.006509824450922818,0.005619357491852511,1,1
5.2,19.0,4.6,241.39999999999998,138.0,4.6,10.14882943143813,10.193497338593131,-0.004145378034545177,-0.0043127510215245635,0.012797608978327109,0.010034976295118767,1,1
5.3,57.0,4.0,265.0,129.1,4.303333333333333,9.902830188679246,9.947498095834247,0.007511322350925553,0.007618957353780209,0.0013674061990190233,0.0016461172400556946,1,1
5.0,58.0,4.5,250.0,139.0,4.633333333333334,9.893333333333333,9.938001240488333,0.005796565742368254,0.005789846990838066,0.005386634022663238,0.004819357491852514,1,1
4.9,68.0,4.5,245.00000000000003,142.2,4.739999999999999,9.926530612244898,9.971198519399898,0.005090785828491151,0.0050445247817166305,0.004271018262017681,0.003990661800323473,1,1
5.1,32.0,4.6,246.0,138.0,4.6,10.025575447570333,10.070243354725333,0.0004546219654548711,0.0003655615523972533,0.01083960039648688,0.0087528102150863,1,1
5.6,26.0,4.4,251.2,132.0,4.4,10.14935064935065,10.19401855650565,-0.0023970406960255874,-0.0024830364785703996,0.004373406688579644,0.004170009872379957,1,1
4.9,66.0,4.2,245.00000000000003,137.20000000000002,4.573333333333334,10.081632653061224,10.126300560216224,-0.0016189330560758552,-0.001736412958653677,0.005298846775728156,0.004398825065629595,1,1
4.8,51.0,4.7,240.0,141.10000000000002,4.703333333333334,10.077127659574469,10.12179556672947,-0.001385352326113587,-0.00153240388412329,0.01042611569240387,0.008752437121647404,1,1
4.8,63.0,4.5,240.0,138.9,4.63,10.141666666666666,10.186334573821666,-0.004337628635323054,-0.004516016489886254,0.007367366607345574,0.0062524371216474035,1,1
5.5,25.0,4.6,252.5,138.0,4.6,9.90118577075099,9.94585367790599,0.006954621965454821,0.006976220624243246,0.006035742405927487,0.005419911026845491,1,1
5.3,28.0,4.6,249.6,138.0,4.6,9.952420016406892,9.997087923561892,0.004054621965454808,0.0040268496537272935,0.008578070204739632,0.007117815353263239,1,1
5.5,36.0,4.4,259.6,132.0,4.4,9.927272727272728,9.971940634427728,0.006002959303974487,0.006059969091199824,0.00325779092793409,0.00341991102684549,1,1
4.9,56.0,4.5,245.00000000000003,137.4,4.58,10.057142857142857,10.101810764297857,-0.0013505443006931461,-0.0014651754490388469,0.007640589546796428,0.006439641392160212,1,1
4.8,21.0,4.8,240.0,144.0,4.8,10.000000000000002,10.044667907155002,0.0025062846269352512,0.002400540005291496,0.01869463280449051,0.015002437121647404,1,1
5.5,45.0,4.2,268.5,126.0,4.2,9.90909090909091,9.95375881624591,0.006851296642494009,0.006974361608821478,0.0010414346640704843,0.001783547390481857,1,1
5.3,20.0,4.6,244.0,138.0,4.6,10.090237899917966,10.134905807072967,-0.0015453780345451307,-0.0016684873927861887,0.010824451061258799,0.008627249315527394,1,1
5.5,28.0,4.4,250.8,132.0,4.4,10.145454545454546,10.190122452609547,-0.0027970406960255434,-0.002889846267607077,0.005504171784453254,0.004874456481390951,1,1
5.5,38.0,4.4,261.8,132.0,4.4,9.872727272727273,9.917395179882273,0.008202959303974466,0.008297422930901577,0.002696195713804298,0.0030562746632091303,1,1
4.9,47.0,4.5,243.8,135.0,4.5,10.155102040816328,10.199769947971328,-0.005771209365285357,-0.005940454931526673,0.010167768010380489,0.008276376086037757,1,1
5.2,43.0,4.5,255.1,135.0,4.5,9.894871794871795,9.939539702026796,0.00552879063471462,0.005551921608759447,0.00621387750862984,0.005419591679734154,1,1
4.8,24.0,4.8,240.0,144.0,4.8,10.000000000000002,10.044667907155002,0.0025062846269352512,0.002400540005291496,0.017852239983295826,0.014377437121647404,1,1
5.0,36.0,4.7,245.8,141.0,4.7,9.937021276595745,9.981689183750746,0.004280453296195086,0.004230719302101116,0.011253359178370486,0.009219357491852513,1,1
5.4,55.0,4.0,270.0,127.0,4.233333333333333,9.86111111111111,9.905779018266111,0.009693240419407445,0.00985608586578307,0.00023664110314539945,0.000975364075920865,1,1
4.9,47.0,4.7,244.4,141.0,4.7,9.967867998263134,10.012535905418135,0.0028804532961950735,0.0028068850404727175,0.009856945810660035,0.008276376086037757,1,1
5.6,36.0,4.3,261.8,129.0,4.3,9.996677740863788,10.041345648018789,0.004177127973234218,0.004228860286679403,0.0017208417177909168,0.0023842955866656725,1,1
4.9,68.0,4.1,245.00000000000003,137.4,4.58,10.082628173220508,10.127296080375508,-0.0013505443006931461,-0.0014651754490388469,0.004892662661458592,0.003990661800323473,1,1
4.9,25.0,4.7,240.0,141.0,4.7,10.0825010855406,10.1271689926956,-0.0015195467038049415,-0.0016680226389307329,0.016034493166087738,0.012766172004405106,1,1
5.0,66.0,4.2,250.0,138.8,4.626666666666667,9.92,9.964667907155,0.0055281769869856,0.005518609481223236,0.003606486465724754,0.003219357491852513,1,1
4.8,45.0,4.8,240.0,144.0,4.8,10.000000000000002,10.044667907155002,0.0025062846269352512,0.002400540005291496,0.011955490234933015,0.010002437121647403,1,1
4.8,80.0,4.7,240.0,144.0,4.8,10.000000000000002,10.044667907155002,0.0025062846269352512,0.002400540005291496,0.0022829850875218938,0.0027107704549807323,1,1
5.0,64.0,4.2,250.0,137.2,4.573333333333333,9.965714285714286,10.010382192869287,0.0033810669439240937,0.003348709404304706,0.004168081679854546,0.0036193574918525115,1,1
5.6,28.0,4.5,255.79999999999998,135.0,4.5,9.933333333333334,9.978001240488334,0.006228790634714598,0.006263838739573591,0.0036564003745896247,0.003812867015237103,1,1
4.8,45.0,4.6,239.0,138.0,4.6,10.190217391304348,10.234885298459348,-0.006545378034545135,-0.006753609755744627,0.012266312434653471,0.010002437121647403,1,1
5.0,59.0,4.4,250.0,137.4,4.58,9.943636363636363,9.988304270791364,0.003649455699306803,0.0036199469139195917,0.0052612475154585675,0.004619357491852511,1,1
4.8,78.0,4.8,240.0,144.0,4.8,10.000000000000002,10.044667907155002,0.0025062846269352512,0.002400540005291496,0.0026891692017914585,0.003127437121647404,1,1
4.8,55.0,4.6,240.0,139.0,4.633333333333334,10.13586956521739,10.180537472372391,-0.004203434257631755,-0.004380397735078867,0.009458336364004515,0.007919103788314069,1,1
5.6,45.0,4.0,272.0,120.0,4.0,10.071428571428573,10.116096478583573,0.002299633981013627,0.00239682197444796,-0.0003401034462124624,0.0007771527295228111,1,1
5.0,64.0,4.0,250.0,134.0,4.466666666666667,10.08,10.124667907155,-0.0009131531421987527,-0.0009910907495322419,0.004478903879575001,0.0036193574918525115,1,1
5.3,48.0,4.2,262.79999999999995,126.0,4.2,10.005390835579513,10.050058742734514,0.0011512966424939708,0.0011773221150487845,0.0035837624628826297,0.003344230447602861,1,1
4.8,64.0,4.8,240.0,144.0,4.8,10.000000000000002,10.044667907155002,0.0025062846269352512,0.002400540005291496,0.006620335700699998,0.006044103788314068,1,1
5.4,38.0,4.3,256.8,129.0,4.3,10.082687338501293,10.127355245656293,-0.0008228720267657863,-0.0008562620762791462,0.0045439671236679425,0.00412351222406901,1,1
4.8,73.0,4.7,240.0,143.29999999999998,4.776666666666666,10.018617021276597,10.063284928431598,0.0015669239830958803,0.0014512087216396186,0.004248568336976163,0.004169103788314068,1,1
5.3,39.0,4.5,256.2,135.0,4.5,9.88176100628931,9.92642891344431,0.00662879063471461,0.006670648528610268,0.005644707626886006,0.005042343655150034,1,1
5.3,40.0,4.3,255.0,129.0,4.3,10.109697235629664,10.154365142784664,-0.00262287202676581,-0.0026869061269441663,0.005674732219541566,0.004853664409867015,1,1
4.8,69.0,4.4,240.0,139.60000000000002,4.653333333333334,10.125,10.169667907155,-0.0033982679914836833,-0.003566685206234377,0.005837992064816429,0.005002437121647404,1,1
5.3,22.0,4.6,245.39999999999998,138.0,4.6,10.055783429040199,10.1004513361952,-0.00014537803454517384,-0.0002446531311577904,0.010262855847129007,0.008249890824961355,1,1
5.0,41.0,4.7,247.3,141.0,4.7,9.89872340425532,9.94339131141032,0.005780453296195087,0.005756256010988614,0.009849371143046008,0.008219357491852514,1,1
4.9,60.0,4.5,245.00000000000003,139.0,4.633333333333334,10.013605442176871,10.058273349331872,0.0007965657423683048,0.0007047246278796271,0.006517399118536848,0.0056233148615479605,1,1
4.8,67.0,4.3,240.0,137.5,4.583333333333333,10.188953488372093,10.233621395527093,-0.006216349923001907,-0.006414679057189954,0.00655499837880645,0.005419103788314068,1,1
5.2,24.0,4.6,244.4,138.0,4.6,10.073578595317727,10.118246502472727,-0.0011453780345451747,-0.001261677603749456,0.011393620943002631,0.009073437833580314,1,1
4.8,72.0,4.1,240.0,138.39999999999998,4.613333333333332,10.170731707317074,10.215399614472075,-0.005008600523779827,-0.005194110263923302,0.005461832543202427,0.004377437121647404,1,1
5.1,57.0,4.3,254.99999999999997,134.6,4.486666666666666,9.915184678522573,9.959852585677574,0.004892013123949268,0.004907744142270631,0.0042858935194451725,0.00385084943077257,1,1
5.2,46.0,4.3,256.40000000000003,129.0,4.3,10.051878354203936,10.096546261358936,-0.0012228720267657422,-0.001263071865315768,0.005682306887155608,0.004842668602811081,1,1
5.0,50.0,4.4,250.0,132.0,4.4,10.090909090909093,10.135576998064094,-0.0035970406960255663,-0.0037034658456804315,0.007788425979042629,0.006419357491852516,1,1
5.3,56.0,4.0,265.0,127.8,4.26,9.939622641509436,9.984290548664436,0.005766795440938166,0.005855913541283897,0.0016482038060839175,0.001834796485338714,1,1
4.9,70.0,4.3,245.00000000000003,141.0,4.7,9.966777408637874,10.011445315792875,0.003480453296195063,0.003417099724027761,0.004020245247608345,0.0035824985350173507,1,1
4.8,77.0,4.7,240.0,143.7,4.79,10.007978723404257,10.052646630559257,0.0021037014938611875,0.001993683740869223,0.0031253779087165832,0.0033357704549807324,1,1
5.6,20.0,4.6,250.0,138.0,4.6,9.968944099378884,10.013612006533885,0.004454621965454875,0.004433659442764026,0.005747370131248563,0.0052414384438085266,1,1
5.3,31.0,4.5,249.79999999999998,135.0,4.5,10.042767295597486,10.087435202752486,0.00022879063471459293,0.00016169190402343103,0.007891088483405171,0.006551777617414181,1,1
4.8,72.0,4.6,240.0,142.39999999999998,4.746666666666666,10.043478260869566,10.088146168024567,0.0003591745838738003,0.00023063992837296654,0.004684777043901289,0.004377437121647404,1,1
5.5,47.0,4.1,270.8,122.99999999999999,4.1,9.956541019955655,10.001208927110655,0.005125465311753841,0.005244955251560157,0.0006352505498009205,0.0014199110268454903,1,1
5.4,39.0,4.4,259.0,132.0,4.4,9.924242424242424,9.968910331397424,0.005402959303974442,0.005449754407644836,0.004107758416742818,0.003938327038883827,1,1
5.0,62.0,4.2,250.0,135.60000000000002,4.5200000000000005,10.011428571428572,10.056096478583573,0.0012339569008626983,0.0011788093273862876,0.0047296768939843374,0.004019357491852517,1,1
4.9,57.0,4.7,245.00000000000003,142.4,4.746666666666667,9.915762049500652,9.960429956655652,0.00535917458387386,0.005315762291331516,0.007048969740011079,0.006235559759507147,1,1
5.1,37.0,4.6,248.5,138.0,4.6,9.961636828644503,10.006304735799503,0.002954621965454818,0.0029081227338764726,0.009435612361162405,0.007772418058223551,1,1
5.3,49.0,4.1,263.8,122.99999999999999,4.1,10.083755177174416,10.128423084329416,-0.0018745346882461655,-0.001874216056581668,0.0034583759556779618,0.003155551202319842,1,1
5.4,46.0,4.2,265.2,126.0,4.2,9.968253968253968,10.012921875408969,0.003551296642493984,0.003618180849268904,0.002452997367009004,0.0026420307425875293,1,1
5.2,48.0,4.4,258.40000000000003,132.0,4.4,9.902097902097902,9.946765809252902,0.004802959303974452,0.0048395397240898475,0.004965300573165589,0.004458053218195694,1,1
4.9,38.0,4.6,241.4,138.0,4.6,10.131322094055013,10.175990001210014,-0.004145378034545177,-0.0043127510215245635,0.012539535374104325,0.010113110779915318,1,1
4.8,70.0,4.6,240.0,142.0,4.733333333333333,10.054347826086957,10.099015733241957,-0.00017760292689156243,-0.0003118350908566381,0.005246372258031077,0.004794103788314068,1,1
5.0,36.0,4.6,244.39999999999998,138.0,4.6,10.05913043478261,10.10379834193761,-0.0011453780345451747,-0.0012616776037495114,0.011408770278230715,0.009219357491852513,1,1
4.8,43.0,4.8,240.0,144.0,4.8,10.000000000000002,10.044667907155002,0.0025062846269352512,0.002400540005291496,0.012517085449062807,0.010419103788314074,1,1
5.3,19.0,4.7,246.40000000000003,141.0,4.7,9.938177438779608,9.982845345934608,0.004880453296195131,0.0048409339856561595,0.010949837568463464,0.008815928560810406,1,1
5.1,59.0,4.3,254.99999999999997,136.2,4.54,9.871409028727772,9.916076935882773,0.007039123167010719,0.007077644219189105,0.0037242983053153806,0.0034586925680274733,1,1
5.2,49.0,4.1,258.90000000000003,122.99999999999999,4.1,10.190431519699812,10.235099426854813,-0.006774534688246181,-0.006857635972280951,0.0051507362656813774,0.004265745525888,1,1
5.2,28.0,4.5,244.6,135.0,4.5,10.164102564102564,10.208770471257564,-0.0049712093652853895,-0.005126835353453318,0.010425841614603273,0.00830420706434954,1,1
4.8,35.0,4.7,238.5,141.0,4.7,10.119680851063832,10.164348758218832,-0.0030195467038048873,-0.0031935593478182867,0.014918877405442198,0.012085770454980733,1,1
4.9,21.0,4.8,242.1,144.0,4.8,9.946428571428573,9.991096478583573,0.004606284626935242,0.004536291397734038,0.017002272494487096,0.01358249853501735,1,1
4.8,79.0,4.4,240.0,143.6,4.786666666666666,10.011363636363638,10.056031543518639,0.0019695071161698885,0.001858064986061836,0.0030300159941674737,0.002919103788314068,1,1
5.3,21.0,4.7,247.60000000000002,141.0,4.7,9.90927338418306,9.95394129133806,0.00608045329619511,0.006061363352766136,0.010388242354333672,0.008438570070244374,1,1
5.6,37.0,4.3,263.09999999999997,129.0,4.3,9.964285714285715,10.008953621440716,0.005477127973234186,0.005550992101048535,0.001440044110726021,0.0022057241580942417,1,1
4.9,53.0,4.4,245.00000000000003,133.5,4.45,10.17161410018553,10.21628200734053,-0.006584125030655419,-0.006754306886527728,0.008638393467851342,0.0070518862901193914,1,1
5.3,29.0,4.6,250.29999999999998,138.0,4.6,9.935192780968007,9.979860688123008,0.004754621965454842,0.004738766784541493,0.008297272597674737,0.00692913610798022,1,1
4.9,74.0,4.4,245.00000000000003,144.0,4.8,9.879406307977735,9.924074215132736,0.007506284626935256,0.00748566236824999,0.002741643719488536,0.0027661720044051064,1,1
4.9,76.0,4.1,245.00000000000003,143.8,4.793333333333334,9.891488302638129,9.936156209793129,0.007237895871552658,0.00721442485863516,0.002646281804939428,0.0023580087390989847,1,1
5.1,35.0,4.5,246.0,135.0,4.5,10.11764705882353,10.162314965978531,-0.003571209365285377,-0.0037030010918249756,0.010152618675152419,0.008164574920968655,1,1
5.2,52.0,4.2,260.0,128.0,4.266666666666667,10.000000000000002,10.044667907155002,0.0010351841963208153,0.001042028687940233,0.004152932344626462,0.0036888224489649273,1,1
5.0,55.0,4.6,250.0,140.0,4.666666666666667,9.860869565217392,9.905537472372393,0.007138509519281633,0.007146034538912105,0.006073615743997697,0.005419357491852516,1,1
5.3,46.0,4.1,260.2,122.99999999999999,4.1,10.183156925908884,10.227824833063885,-0.005474534688246213,-0.005535504157911819,0.004300768776872648,0.0037215889381688994,1,1
5.6,43.0,4.1,269.5,122.99999999999999,4.1,10.021777003484322,10.066444910639323,0.003825465311753762,0.00392282343719097,6.60806680571023e-05,0.0011342955866656722,1,1
4.9,73.0,4.3,245.00000000000003,142.8,4.760000000000001,9.915519696250593,9.960187603405593,0.005895952094639223,0.005858237310561121,0.003177852426413659,0.002970253637058171,1,1
5.0,38.0,4.6,245.2,138.0,4.6,10.038260869565217,10.082928776720218,-0.0003453780345451518,-0.0004480580256761568,0.010847175064100923,0.008819357491852515,1,1
4.9,73.0,4.1,245.00000000000003,141.4,4.713333333333334,9.963165754106521,10.007833661261522,0.004017230806960481,0.003959574743257421,0.003488674626134114,0.002970253637058171,1,1
5.1,43.0,4.4,250.1,132.0,4.4,10.10427807486631,10.14894598202131,-0.0034970406960255773,-0.003601763398421276,0.008061648918493484,0.0065959474699882606,1,1
5.0,44.0,4.7,248.2,141.0,4.7,9.875744680851064,9.920412588006064,0.006680453296195044,0.006671578036321124,0.009006978321851322,0.007619357491852511,1,1
5.0,34.0,4.7,245.2,141.0,4.7,9.952340425531915,9.997008332686915,0.003680453296195041,0.003620504618546072,0.011814954392500278,0.009619357491852512,1,1
5.0,65.0,4.2,250.0,138.0,4.6,9.942857142857143,9.987525050012144,0.004454621965454875,0.004433659442764026,0.0038872840727896514,0.003419357491852516,1,1
5.2,50.0,4.2,260.0,126.0,4.2,10.054945054945057,10.099612962100057,-0.0016487033575059984,-0.0016703464082079011,0.0047145275587562535,0.004073437833580314,1,1
5.3,32.0,4.4,248.8,132.0,4.4,10.168096054888508,10.212763962043509,-0.004797040696025545,-0.004923895212790463,0.007765701976200503,0.006363098372131162,1,1
5.4,36.0,4.5,257.4,135.0,4.5,9.866666666666667,9.911334573821668,0.007828790634714589,0.0078910778957203,0.004794740138077278,0.004493882594439384,1,1
5.1,36.0,4.6,248.0,138.0,4.6,9.974424552429669,10.01909245958467,0.002454621965454873,0.0023996104975805843,0.0097164099682273,0.007968496489596105,1,1
5.3,52.0,4.1,265.0,125.39999999999998,4.179999999999999,9.984353428439947,10.029021335594948,0.002546130376345934,0.0026010634259061027,0.002615983134483274,0.0025895134664707838,1,1
5.0,53.0,4.4,250.0,133.8,4.46,10.041818181818183,10.086486088973183,-0.0011815418975814618,-0.001262328259147072,0.006946033157847941,0.005819357491852514,1,1
5.0,50.0,4.5,250.0,135.0,4.5,10.000000000000002,10.044667907155002,0.0004287906347146264,0.00036509679854179744,0.007633014879182402,0.006419357491852516,1,1
5.2,40.0,4.5,253.0,135.0,4.5,9.94871794871795,9.993385855872951,0.003428790634714629,0.0034161702163168495,0.007056270329824526,0.005996514756657234,1,1
4.9,67.0,4.2,245.00000000000003,137.9,4.596666666666667,10.061224489795919,10.10589239695092,-0.0006795724122364843,-0.0007870816750017995,0.005018049168663261,0.004194743432976537,1,1
5.6,37.0,4.2,261.8,126.0,4.2,10.107142857142858,10.151810764297858,0.0001512966424940254,0.00016029764245717448,0.001595455210586248,0.0022057241580942417,1,1
5.1,60.0,4.2,254.99999999999997,135.0,4.5,9.915966386554624,9.960634293709624,0.005428790634714631,0.005450219161500236,0.0035989117981107136,0.003262614136654925,1,1
5.4,48.0,4.2,267.6,126.0,4.2,9.904761904761905,9.949429811916906,0.005951296642493997,0.006059039583489023,0.001891402152879214,0.0022716603722171625,1,1
5.3,31.0,4.4,247.89999999999998,132.0,4.4,10.191252144082334,10.235920051237335,-0.005697040696025613,-0.005839217238123029,0.0080464995832654,0.006551777617414181,1,1
5.0,21.0,4.8,244.2,144.0,4.8,9.895000000000001,9.939667907155002,0.006706284626935233,0.00667204279017658,0.015309912184483692,0.01221935749185252,1,1
4.9,60.0,4.2,245.00000000000003,133.0,4.433333333333334,10.204081632653061,10.248749539808061,-0.007255096919112192,-0.007432400660564775,0.006983632418117531,0.0056233148615479605,1,1
4.9,32.0,4.6,239.60000000000002,138.0,4.6,10.179236912156167,10.223904819311167,-0.00594537803454509,-0.006143395072189584,0.014224321016493697,0.011337600575833676,1,1
5.6,38.0,4.2,263.2,126.0,4.2,10.071428571428573,10.116096478583573,0.0015512966424939822,0.0015841319040855173,0.0013146576035213521,0.0020271527295228184,1,1
4.9,75.0,4.2,245.00000000000003,143.5,4.783333333333333,9.89795918367347,9.94262709082847,0.006835312738478594,0.006807568594212943,0.002771668312144094,0.002562090371752042,1,1
4.9,32.0,4.7,241.40000000000003,141.0,4.7,10.04602692140686,10.09069482856186,-0.00011954670380487364,-0.00024418837730233456,0.014068909916633468,0.011337600575833676,1,1
4.9,67.0,4.6,245.00000000000003,143.10000000000002,4.7700000000000005,9.899733806566106,9.944401713721106,0.006298535227713287,0.006265093574983338,0.004396404769222351,0.004194743432976537,1,1
5.5,41.0,4.2,263.3,126.0,4.2,10.044155844155846,10.088823751310846,0.0016512966424940267,0.0016858343513447283,0.0021646250923300662,0.002510820117754584,1,1
5.6,25.0,4.4,250.0,132.0,4.4,10.178571428571429,10.22323933572643,-0.0035970406960255663,-0.0037034658456804315,0.0046542042956445396,0.004348581300951388,1,1
5.1,58.0,4.1,254.99999999999997,131.0,4.366666666666666,10.043041606886659,10.08770951404166,6.101552706105906e-05,2.5468969203912284e-05,0.004315918112100733,0.0036547709994000214,1,1
5.1,52.0,4.2,254.99999999999997,127.80000000000001,4.260000000000001,10.11764705882353,10.162314965978531,-0.004233204559061843,-0.004314331184633036,0.005845292654629877,0.004831241587635319,1,1
5.6,26.0,4.5,253.6,135.0,4.5,9.985714285714286,10.030382192869286,0.0040287906347146185,0.004026384899871893,0.0042179955887194165,0.004170009872379957,1,1
5.4,35.0,4.3,253.5,129.0,4.3,10.16795865633075,10.21262656348575,-0.004122872026765756,-0.00421244283583172,0.0053863599448626285,0.0046790677796245675,1,1
5.6,22.0,4.6,251.99999999999997,138.0,4.6,9.922360248447205,9.967028155602206,0.006454621965454876,0.006467708387947357,0.005185774917118773,0.004884295586665672,1,1
4.8,64.0,4.4,240.0,137.60000000000002,4.586666666666668,10.181818181818182,10.226486088973182,-0.006082155545310497,-0.006279060302382511,0.007241980100140907,0.006044103788314068,1,1
5.0,53.0,4.6,250.0,139.2,4.64,9.881739130434784,9.926407037589785,0.006064954497750907,0.006061084500452896,0.006635210958127487,0.005819357491852514,1,1
4.8,27.0,4.7,237.7,141.0,4.7,10.140957446808512,10.185625353963513,-0.0038195467038049102,-0.004007178925891641,0.017165258261961365,0.013752437121647403,1,1
5.6,43.0,4.0,268.79999999999995,120.0,4.0,10.157142857142858,10.201810764297859,-0.0009003660189864648,-0.0008576563378454582,0.00022149176791732943,0.0011342955866656722,1,1
5.5,31.0,4.5,256.0,135.0,4.5,9.915151515151516,9.959819422306516,0.006428790634714632,0.006467243634091957,0.0045063678633983405,0.004329001935936404,1,1
5.1,49.0,4.3,254.2,129.0,4.3,10.09028727770178,10.13495518485678,-0.003422872026765833,-0.003500525705017521,0.006532274375964338,0.0054194768817529635,1,1
5.2,31.0,4.6,248.60000000000002,138.0,4.6,9.968227424749164,10.012895331904165,0.0030546219654548623,0.003009825181135628,0.009428037693548361,0.007727283987426468,1,1
4.9,36.0,4.6,240.8,138.0,4.6,10.147293700088731,10.191961607243732,-0.004745378034545111,-0.004922965705079607,0.013101130588234117,0.010521274045221431,1,1
5.0,62.0,4.3,250.0,137.39999999999998,4.579999999999999,9.951627906976745,9.996295814131745,0.0036494556993067473,0.003619946913919536,0.00457426579412411,0.004019357491852517,1,1
5.3,37.0,4.4,253.3,132.0,4.4,10.052315608919383,10.096983516074383,-0.0002970406960255412,-0.0003472850861278576,0.006361713940876025,0.005419702145716066,1,1
4.8,60.0,4.8,240.0,144.0,4.8,10.000000000000002,10.044667907155002,0.0025062846269352512,0.002400540005291496,0.0077435261289595814,0.006877437121647404,1,1
4.8,30.0,4.8,240.0,144.0,4.8,10.000000000000002,10.044667907155002,0.0025062846269352512,0.002400540005291496,0.016167454340906454,0.013127437121647404,1,1
4.8,50.0,4.6,240.0,138.0,4.6,10.163043478260871,10.207711385415871,-0.005545378034545134,-0.005736585283152962,0.010862324399328993,0.008960770454980732,1,1
5.4,38.0,4.4,258.0,132.0,4.4,9.94949494949495,9.99416285664995,0.004402959303974441,0.004432729935053115,0.004388556023807714,0.00412351222406901,1,1
5.3,24.0,4.7,249.39999999999998,141.0,4.7,9.865917302288237,9.910585209443237,0.007880453296195022,0.007892007403431156,0.009545849533138986,0.007872532334395317,1,1
5.5,26.0,4.4,248.60000000000002,132.0,4.4,10.2,10.244667907155,-0.004997040696025579,-0.005127300107308774,0.0060657669985830455,0.00523809284502731,1,1
5.1,59.0,4.0,254.99999999999997,129.9,4.33,10.091176470588238,10.135844377743238,-0.00141512262754373,-0.0014663373336775143,0.004190531604896063,0.0034586925680274733,1,1
4.8,60.0,4.5,240.0,138.0,4.6,10.166666666666668,10.211334573821668,-0.005545378034545134,-0.005736585283152962,0.008209759428540263,0.006877437121647404,1,1
5.0,44.0,4.6,247.6,138.0,4.6,9.975652173913044,10.020320081068045,0.002054621965454806,0.0019928007085439625,0.009162389421711551,0.007619357491852511,1,1
5.4,40.0,4.3,259.0,129.0,4.3,10.025839793281653,10.070507700436654,0.0013771279732341934,0.0013811917634226067,0.003982371909538151,0.0037531418536986437,1,1
5.2,40.0,4.3,251.0,129.0,4.3,10.196779964221825,10.241447871376826,-0.006622872026765814,-0.006755004017310939,0.007367092529544982,0.005996514756657234,1,1
5.1,19.0,4.8,245.7,144.0,4.8,9.86029411764706,9.90496202480206,0.00820628462693529,0.008197579499064134,0.014179147088610069,0.011301829822929434,1,1
5.5,51.0,4.0,275.0,121.5,4.05,9.913636363636364,9.958304270791364,0.007312549646383726,0.00748217671433421,-0.0003325287785984343,0.0006926382995727636,1,1
4.8,51.0,4.8,240.0,144.0,4.8,10.000000000000002,10.044667907155002,0.0025062846269352512,0.002400540005291496,0.010270704592543643,0.008752437121647404,1,1
5.0,26.0,4.8,245.2,144.0,4.8,9.870000000000003,9.914667907155003,0.007706284626935234,0.0076890672627682455,0.013905924149159215,0.01121935749185252,1,1
5.5,32.0,4.3,253.39999999999998,129.0,4.3,10.188583509513743,10.233251416668743,-0.004222872026765856,-0.0043141452830908755,0.004536392456053901,0.004147183754118224,1,1
4.8,77.0,4.2,240.0,142.2,4.739999999999999,10.053571428571429,10.09823933572643,9.078582849109118e-05,-4.059758124186352e-05,0.0039024334080177215,0.0033357704549807324,1,1
5.5,21.0,4.5,246.0,135.0,4.5,10.157575757575758,10.202243664730759,-0.003571209365285377,-0.0037030010918249756,0.007314343934047296,0.006147183754118224,1,1
5.2,21.0,4.7,245.5,141.0,4.7,9.954991816693944,9.999659723848945,0.003980453296195063,0.003925611960323538,0.012080602664337088,0.009650360910503395,1,1
4.9,25.0,4.8,242.5,144.0,4.8,9.936224489795919,9.98089239695092,0.0050062846269352534,0.004943101186770715,0.015879082066227512,0.012766172004405106,1,1
5.0,70.0,4.0,250.0,140.0,4.666666666666667,9.9,9.944667907155,0.007138509519281633,0.007146034538912105,0.0027941182371856253,0.0024193574918525158,1,1
5.6,27.0,4.5,254.7,135.0,4.5,9.959523809523812,10.004191716678813,0.005128790634714608,0.00514511181972277,0.003937197981654521,0.003991438443808526,1,1
4.9,67.0,4.3,245.00000000000003,139.20000000000002,4.640000000000001,10.018035121025154,10.062703028180154,0.001064954497751014,0.0009759621374944571,0.004862638068803034,0.004194743432976537,1,1
4.8,61.0,4.8,240.0,144.0,4.8,10.000000000000002,10.044667907155002,0.0025062846269352512,0.002400540005291496,0.007462728521894684,0.006669103788314068,1,1
5.2,59.0,4.0,260.0,130.8,4.36,9.957692307692309,10.00236021484731,0.004792626771678354,0.004839353822547632,0.002498171294892647,0.002342668602811081,1,1
4.8,39.0,4.7,238.89999999999998,141.0,4.7,10.10904255319149,10.15371046034649,-0.0026195467038049314,-0.0027867495587816093,0.013795686977182614,0.011252437121647405,1,1
5.1,52.0,4.4,254.99999999999997,133.4,4.446666666666667,9.93582887700535,9.98049678416035,0.0032816805916532354,0.003280319084581762,0.005534470454909421,0.004831241587635319,1,1
4.9,30.0,4.7,241.0,141.0,4.7,10.056448111159357,10.101116018314357,-0.0005195467038049406,-0.0006509981663390119,0.014630505130763263,0.011745763841139805,1,1
4.9,49.0,4.6,244.70000000000002,138.0,4.6,10.043478260869566,10.088146168024567,-0.0008453780345450967,-0.0009565702619719896,0.009450761696390472,0.007868212820731635,1,1
5.6,44.0,4.1,271.0,122.99999999999999,4.1,9.982578397212546,10.027246304367546,0.005325465311753819,0.005448360146078524,-0.0002147169390077936,0.0009557241580942417,1,1
5.0,54.0,4.6,250.0,139.6,4.653333333333333,9.871304347826088,9.915972254981089,0.00660173200851627,0.0066035595196825,0.006354413351062591,0.005619357491852511,1,1
4.8,73.0,4.5,240.0,141.89999999999998,4.7299999999999995,10.058333333333335,10.103001240488336,-0.000311797304582917,-0.00044745384566408086,0.0045593905366966185,0.004169103788314068,1,1
5.4,45.0,4.2,264.0,126.0,4.2,10.000000000000002,10.044667907155002,0.002351296642494005,0.002397751482158872,0.0027337949740739,0.0028272159277727125,1,1
5.1,19.0,4.6,239.5,138.0,4.6,10.191815856777497,10.236483763932497,-0.006045378034545135,-0.0062450975194487945,0.014489969288330524,0.011301829822929434,1,1
5.2,53.0,4.3,260.0,131.7,4.39,9.882826475849733,9.927494383004733,0.006000376170900434,0.006059922615814284,0.0037167236377013387,0.0034965147566572343,1,1
4.8,47.0,4.7,239.7,141.0,4.7,10.08776595744681,10.132433864601811,-0.0018195467038049085,-0.0019731299807082547,0.01154930612066345,0.009585770454980732,1,1
5.0,51.0,4.3,250.0,129.7,4.323333333333333,10.166511627906976,10.211179535061977,-0.006683511382926444,-0.006822697206250783,0.007663039471837962,0.006219357491852513,1,1
5.2,35.0,4.6,251.0,138.0,4.6,9.908026755852845,9.952694663007845,0.0054546219654548755,0.005450683915355692,0.008304847265288778,0.006958053218195694,1,1
4.9,60.0,4.4,245.00000000000003,137.0,4.566666666666666,10.07421150278293,10.11887940993793,-0.0018873218114585644,-0.002007650468268507,0.006672810218397075,0.0056233148615479605,1,1
5.3,50.0,4.1,265.0,122.99999999999999,4.1,10.050621260929592,10.095289168084593,-0.0006745346882461867,-0.000653786689471636,0.003177578348613066,0.0029668719570368225,1,1
5.5,29.0,4.5,254.0,135.0,4.5,9.963636363636365,10.008304270791365,0.00442879063471463,0.0044331946889085705,0.005067963077528132,0.004692638299572763,1,1
4.8,80.0,4.8,240.0,144.0,4.8,10.000000000000002,10.044667907155002,0.0025062846269352512,0.002400540005291496,0.0021275739876616667,0.0027107704549807323,1,1
5.4,44.0,4.1,262.20000000000005,122.99999999999999,4.1,10.15718157181572,10.20184947897072,-0.0034745346882462114,-0.003501455212728377,0.003170003680999024,0.003012401112957903,1,1
5.1,42.0,4.4,249.39999999999998,132.0,4.4,10.122994652406415,10.167662559561416,-0.004197040696025556,-0.004313680529235475,0.008342446525558378,0.006792025901360809,1,1
4.9,40.0,4.8,244.0,144.0,4.8,9.897959183673471,9.942627090828472,0.006506284626935255,0.006468637895658269,0.011667117960254077,0.009704947514609187,1,1
4.8,74.0,4.4,240.0,141.6,4.72,10.068181818181818,10.112849725336819,-0.0007143804376569252,-0.0008543101100862982,0.0044340040294919515,0.0039607704549807325,1,1
5.0,25.0,4.6,240.0,138.0,4.6,10.173913043478262,10.218580950633262,-0.005545378034545134,-0.005736585283152962,0.014497543955944565,0.011419357491852508,1,1
4.8,35.0,4.8,240.0,144.0,4.8,10.000000000000002,10.044667907155002,0.0025062846269352512,0.002400540005291496,0.01476346630558197,0.012085770454980733,1,1
5.2,44.0,4.4,255.20000000000002,132.0,4.4,9.986013986013987,10.030681893168987,0.0016029593039744716,0.0015850614117963735,0.006088491001425171,0.005227283987426468,1,1
4.8,46.0,4.6,239.2,138.0,4.6,10.184782608695652,10.229450515850653,-0.006345378034545157,-0.006550204861226316,0.011985514827588573,0.009794103788314076,1,1
5.1,34.0,4.7,248.59999999999997,141.0,4.7,9.872340425531917,9.917008332686917,0.0070804532961949995,0.007078387825357801,0.010122594082496862,0.008360653352341202,1,1
4.9,54.0,4.4,245.00000000000003,134.0,4.466666666666667,10.15769944341373,10.20236735056873,-0.005913153142198757,-0.00607621311249068,0.008357595860786448,0.006847804657466334,1,1
4.8,41.0,4.8,239.99999999999997,144.0,4.8,10.000000000000002,10.044667907155002,0.0025062846269352512,0.002400540005291496,0.013078680663192599,0.010835770454980732,1,1
5.3,41.0,4.3,255.99999999999997,129.0,4.3,10.083369899078544,10.128037806233545,-0.0016228720267658092,-0.0016698816543525008,0.0053939346124766705,0.004664985164583996,1,1
5.2,52.0,4.0,260.0,122.4,4.08,10.200000000000001,10.244667907155002,-0.0064797009543942075,-0.006552621581274565,0.004463754544346917,0.0036888224489649273,1,1
5.4,34.0,4.3,252.40000000000003,129.0,4.3,10.196382428940568,10.241050336095569,-0.005222872026765746,-0.005331169755682541,0.0056671575519275244,0.004864252964809751,1,1
4.8,49.0,4.8,240.0,144.0,4.8,10.000000000000002,10.044667907155002,0.0025062846269352512,0.002400540005291496,0.010832299806673431,0.009169103788314068,1,1
4.9,44.0,4.5,242.60000000000002,135.0,4.5,10.187755102040818,10.232423009195818,-0.006971209365285336,-0.007160884298636705,0.011010160831575178,0.008888620983996945,1,1
4.9,35.0,4.7,242.0,141.0,4.7,10.030395136778115,10.075063043933115,0.0004804532961950603,0.00036602630625265364,0.013226517095438782,0.01072535567787449,1,1
4.8,42.0,4.7,239.2,141.0,4.7,10.101063829787234,10.145731736942235,-0.0023195467038049644,-0.002481642217004143,0.012953294155987928,0.010627437121647404,1,1
4.9,30.0,4.8,243.0,144.0,4.8,9.923469387755102,9.968137294910102,0.005506284626935254,0.005451613423066604,0.014475094030903036,0.011745763841139805,1,1
5.5,41.0,4.3,264.2,129.0,4.3,9.914587737843553,9.959255644998553,0.006577127973234176,0.006669719020899356,0.002009213992469839,0.002510820117754584,1,1
4.9,37.0,4.7,242.4,141.0,4.7,10.019973947025617,10.064641854180618,0.0008804532961950717,0.000772836095289331,0.012664921881308994,0.010317192412568375,1,1
4.8,77.0,4.8,240.0,144.0,4.8,10.000000000000002,10.044667907155002,0.0025062846269352512,0.002400540005291496,0.002969966808856356,0.0033357704549807324,1,1
5.1,23.0,4.7,244.2,141.0,4.7,9.982478097622028,10.027146004777029,0.00268045329619504,0.002603480145954351,0.013211367760210712,0.010517516097439242,1,1
5.3,47.0,4.2,261.7,126.0,4.2,10.035040431266847,10.079708338421847,5.1296642493980915e-05,5.859519519796352e-05,0.003864560069947524,0.0035329096928858805,1,1
4.9,55.0,4.6,245.00000000000003,139.5,4.65,9.995563442768413,10.040231349923413,0.0014675376308249666,0.0013828184019166745,0.007765976054001099,0.006643723024813269,1,1
5.2,47.0,4.2,257.0,126.0,4.2,10.137362637362639,10.18203054451764,-0.004648703357506001,-0.004721419825982953,0.0055569203799509395,0.004650360910503387,1,1
4.9,56.0,4.4,245.00000000000003,135.0,4.5,10.12987012987013,10.17453803702513,-0.0045712093652853225,-0.004720025564416641,0.007796000646656655,0.006439641392160212,1,1
4.8,19.0,4.7,236.90000000000003,141.0,4.7,10.162234042553193,10.206901949708193,-0.004619546703804933,-0.00482079850396494,0.01941163911848053,0.015419103788314075,1,1
4.8,49.0,4.6,239.79999999999998,138.0,4.6,10.168478260869566,10.213146168024567,-0.005745378034545168,-0.005939990177671273,0.011143122006393887,0.009169103788314068,1,1
5.3,25.0,4.6,247.5,138.0,4.6,10.004101722723545,10.048769629878546,0.001954621965454817,0.001891098261284807,0.009420463025934318,0.0076838530891122974,1,1
4.8,34.0,4.8,240.0,144.0,4.8,10.000000000000002,10.044667907155002,0.0025062846269352512,0.002400540005291496,0.015044263912646868,0.012294103788314074,1,1
5.0,63.0,4.2,250.0,136.4,4.546666666666667,9.98857142857143,10.03323933572643,0.0023075119223934237,0.002263759365845497,0.00444887928691944,0.0038193574918525142,1,1
5.2,39.0,4.4,251.20000000000002,132.0,4.4,10.090909090909092,10.135576998064092,-0.002397040696025532,-0.0024830364785703996,0.007492479036749649,0.006188822448964928,1,1
4.9,36.0,4.7,242.2,141.0,4.7,10.025184541901869,10.069852449056869,0.0006804532961950382,0.0005694312007709645,0.012945719488373888,0.010521274045221431,1,1
5.6,39.0,4.1,263.5,122.99999999999999,4.1,10.178571428571429,10.22323933572643,-0.0021745346882462435,-0.0021793233983591898,0.0011892710963166842,0.0018485813009513877,1,1
4.8,62.0,4.6,240.0,140.39999999999998,4.679999999999999,10.097826086956523,10.142493994111524,-0.0023247129699530134,-0.002481735167775223,0.007492753114550245,0.006460770454980732,1,1
4.8,80.0,4.2,240.0,144.0,4.8,10.000000000000002,10.044667907155002,0.0025062846269352512,0.002400540005291496,0.003060040586823032,0.0027107704549807323,1,1
4.9,64.0,4.6,245.00000000000003,142.2,4.739999999999999,9.92369121561668,9.96835912277168,0.005090785828491151,0.0050445247817166305,0.005238797590417037,0.004806988330935716,1,1
4.8,70.0,4.7,240.0,143.0,4.766666666666667,10.026595744680852,10.071263651835853,0.0011643408500218166,0.0010443524572174012,0.005090961158170849,0.004794103788314068,1,1
4.9,64.0,4.2,245.00000000000003,135.8,4.526666666666667,10.122448979591836,10.167116886746836,-0.003497654343754597,-0.0036350755259573764,0.005860441989857947,0.004806988330935716,1,1
5.3,30.0,4.6,251.0,138.0,4.6,9.917965545529125,9.962633452684125,0.0054546219654548755,0.005450683915355692,0.00801647499060984,0.006740456862697201,1,1
5.1,66.0,4.0,254.99999999999997,137.6,4.586666666666667,9.864705882352942,9.909373789507942,0.00891784445468946,0.008976306786492805,0.002224948355441793,0.0020861435484196347,1,1
5.1,44.0,4.6,251.99999999999997,138.0,4.6,9.872122762148338,9.916790669303339,0.006454621965454876,0.006467708387947357,0.007470029111708133,0.006399869038615712,1,1
5.5,45.0,4.0,267.5,120.0,4.0,10.159090909090908,10.203758816245909,-0.0022003660189864327,-0.00217978815221459,0.0013522568637909394,0.001783547390481857,1,1
5.4,47.0,4.0,265.8,120.0,4.0,10.172222222222222,10.216890129377223,-0.0039003660189863565,-0.003908729755620455,0.0024830219596645633,0.002456845557402346,1,1
4.8,80.0,4.4,240.0,144.0,4.8,10.000000000000002,10.044667907155002,0.0025062846269352512,0.002400540005291496,0.002749218387102576,0.0027107704549807323,1,1
5.6,27.0,4.4,252.39999999999998,132.0,4.4,10.12012987012987,10.164797777284871,-0.0011970406960256086,-0.0012626071114603676,0.004092609081514748,0.003991438443808526,1,1
5.5,38.0,4.2,259.4,126.0,4.2,10.145454545454546,10.190122452609547,-0.0022487033575060433,-0.002280561091762945,0.003007017913524754,0.0030562746632091303,1,1
4.8,57.0,4.6,240.0,139.4,4.6466666666666665,10.125,10.169667907155,-0.0036666567468663924,-0.003837922715849207,0.008896741149874723,0.007502437121647404,1,1
4.9,59.0,4.4,245.00000000000003,136.5,4.55,10.088126159554731,10.132794066709732,-0.002558293699915226,-0.0026857442423055544,0.006953607825461969,0.005827396494201025,1,1
4.8,62.0,4.7,240.0,142.2,4.739999999999999,10.047872340425533,10.092540247580533,9.078582849109118e-05,-4.059758124186352e-05,0.007337342014690017,0.006460770454980732,1,1
5.2,29.0,4.7,249.5,141.0,4.7,9.856792144026187,9.901460051181187,0.007980453296195067,0.007993709850690367,0.009834221807817924,0.008111899372041848,1,1
4.9,20.0,4.7,239.0,141.0,4.7,10.108554059921842,10.153221967076842,-0.0025195467038049424,-0.002685047111522454,0.01743848120141222,0.013786580167670408,1,1
4.9,66.0,4.5,245.00000000000003,141.4,4.713333333333334,9.948299319727893,9.992967226882893,0.004017230806960481,0.003959574743257421,0.0048326134761474725,0.004398825065629595,1,1
5.0,53.0,4.5,250.0,136.5,4.55,9.96,10.004667907155001,0.0024417063000847783,0.002399378120652884,0.006790622057987714,0.005819357491852514,1,1
4.8,72.0,4.7,240.0,143.2,4.7733333333333325,10.021276595744682,10.065944502899683,0.0014327296054045258,0.0013155899668322313,0.004529365944041061,0.004377437121647404,1,1
5.1,57.0,4.1,254.99999999999997,130.0,4.333333333333333,10.071736011477762,10.116403918632763,-0.0012809282498523755,-0.001330718578870127,0.004596715719165628,0.00385084943077257,1,1
4.9,60.0,4.6,245.00000000000003,141.0,4.7,9.955634427684117,10.000302334839118,0.003480453296195063,0.003417099724027761,0.006361988018676621,0.0056233148615479605,1,1
4.8,66.0,4.4,240.0,138.4,4.613333333333333,10.15909090909091,10.20375881624591,-0.005008600523779827,-0.005194110263923302,0.006680384886011115,0.005627437121647404,1,1
5.2,20.0,4.6,242.0,138.0,4.6,10.133779264214049,10.178447171369049,-0.0035453780345451325,-0.0037025363379695198,0.012516811371262215,0.009842668602811074,1,1
5.5,49.0,4.1,273.6,122.99999999999999,4.1,9.882039911308206,9.926707818463207,0.007925465311753754,0.008092623774816954,7.365533567113038e-05,0.0010562746632091305,1,1
5.2,56.0,4.1,260.0,129.6,4.319999999999999,9.97373358348968,10.018401490644681,0.003182294239382266,0.003211928764858707,0.003185153016227106,0.002919591679734154,1,1
4.9,34.0,4.8,243.40000000000003,144.0,4.8,9.91326530612245,9.95793321327745,0.005906284626935321,0.005858423212103281,0.013351903602643453,0.01092943731052756,1,1
4.8,80.0,4.3,240.0,144.0,4.8,10.000000000000002,10.044667907155002,0.0025062846269352512,0.002400540005291496,0.002904629486962805,0.0027107704549807323,1,1
5.0,43.0,4.7,247.9,141.0,4.7,9.88340425531915,9.92807216247415,0.006380453296195077,0.006366470694543658,0.009287775928916216,0.007819357491852514,1,1
4.8,56.0,4.7,240.0,141.60000000000002,4.720000000000001,10.063829787234043,10.108497694389044,-0.0007143804376568696,-0.0008543101100862427,0.009022127657079389,0.007710770454980732,1,1
4.8,74.0,4.3,240.0,141.0,4.7,10.087209302325583,10.131877209480583,-0.0015195467038049415,-0.0016680226389307329,0.00458941512935218,0.0039607704549807325,1,1
5.1,45.0,4.3,250.99999999999997,129.0,4.3,10.177838577291382,10.222506484446383,-0.006622872026765814,-0.006755004017310939,0.00765546480422392,0.0062037906072431636,1,1
5.6,40.0,4.3,267.0,129.0,4.3,9.867109634551497,9.911777541706497,0.0093771279732342,0.009517387544156153,0.0005976512895313332,0.001670009872379957,1,1
4.9,67.0,4.5,245.00000000000003,141.8,4.7266666666666675,9.937414965986394,9.982082873141394,0.004554008317725788,0.0045020497624870814,0.004551815869082578,0.004194743432976537,1,1
5.4,27.0,4.6,251.60000000000002,138.0,4.6,9.913043478260871,9.957711385415871,0.0060546219654549205,0.006060898598910736,0.007166507501801111,0.006160549261106049,1,1
5.1,24.0,4.6,242.0,138.0,4.6,10.127877237851663,10.172545145006664,-0.0035453780345451325,-0.0037025363379695198,0.013085981253006047,0.010321437666066685,1,1
5.0,66.0,4.3,250.0,140.2,4.673333333333333,9.873488372093025,9.918156279248025,0.007406898274664342,0.007417272048526935,0.0034510753658645267,0.003219357491852513,1,1
5.1,39.0,4.6,249.49999999999997,138.0,4.6,9.93606138107417,9.98072928822917,0.003954621965454819,0.003925147206468138,0.00887401714703261,0.007380261195478454,1,1
4.8,68.0,4.6,240.0,141.6,4.72,10.065217391304348,10.109885298459348,-0.0007143804376569252,-0.0008543101100862982,0.005807967472160869,0.005210770454980732,1,1
4.8,63.0,4.6,240.0,140.6,4.6866666666666665,10.092391304347826,10.137059211502827,-0.0020563242145703597,-0.0022104976581603375,0.007211955507485347,0.0062524371216474035,1,1
5.6,29.0,4.4,254.79999999999998,132.0,4.4,10.061688311688311,10.106356218843311,0.0012029593039744046,0.0011782516227596962,0.0035310138673849576,0.0036342955866656723,1,1
5.5,29.0,4.4,251.9,132.0,4.4,10.118181818181819,10.16284972533682,-0.0016970406960255535,-0.0017711193477562004,0.0052233741773883595,0.004692638299572763,1,1
5.4,21.0,4.7,249.70000000000002,141.0,4.7,9.865248226950355,9.909916134105355,0.0081804532961951,0.008197114745208733,0.008695882044330257,0.007271660372217163,1,1
5.1,61.0,4.1,254.99999999999997,134.0,4.466666666666667,9.956958393113345,10.001626300268345,0.004086846857801252,0.004094031613426197,0.003473525290906044,0.0030665357052823763,1,1
5.1,38.0,4.5,247.79999999999998,135.0,4.5,10.070588235294117,10.115256142449118,-0.0017712093652854088,-0.0018723570411599555,0.009310225853957733,0.007576339626851002,1,1
4.8,32.0,4.7,238.2,141.0,4.7,10.127659574468087,10.172327481623087,-0.0033195467038049653,-0.0034986666895958085,0.015761270226636884,0.012710770454980732,1,1
5.6,39.0,4.3,265.7,129.0,4.3,9.89950166112957,9.94416956828457,0.008077127973234233,0.00819525572978691,0.0008784488965962291,0.0018485813009513877,1,1
4.8,26.0,4.7,237.60000000000002,141.0,4.7,10.143617021276595,10.188284928431596,-0.003919546703804899,-0.004108881373150741,0.01744605586902626,0.013960770454980733,1,1
5.0,24.0,4.7,242.2,141.0,4.7,10.028936170212766,10.073604077367767,0.0006804532961950382,0.0005694312007709645,0.014622930463149234,0.011619357491852512,1,1
4.8,54.0,4.7,240.0,141.4,4.713333333333334,10.069148936170214,10.113816843325214,-0.0009827691930395788,-0.0011255476197010728,0.00958372287120918,0.008127437121647403,1,1
5.1,57.0,4.0,254.99999999999997,127.69999999999999,4.256666666666666,10.155882352941177,10.200550260096177,-0.004367398936753197,-0.004449949939440534,0.004752126819025855,0.00385084943077257,1,1
5.4,34.0,4.5,255.60000000000002,135.0,4.5,9.911111111111111,9.955779018266112,0.006028790634714676,0.00606043384505528,0.0053563353522070685,0.004864252964809751,1,1
5.1,62.0,4.0,254.99999999999997,133.2,4.4399999999999995,9.994117647058825,10.038785554213826,0.0030132918362705263,0.0030090815749668764,0.003348138783701377,0.0028704572739098283,1,1
5.0,56.0,4.2,250.0,130.8,4.36,10.14857142857143,10.19323933572643,-0.0052073732283216545,-0.005330890903369301,0.0064144625363737095,0.005219357491852513,1,1
4.9,29.0,4.7,240.8,141.0,4.7,10.061658706035606,10.106326613190607,-0.0007195467038049186,-0.0008544030608573783,0.014911302737828157,0.011949845473792863,1,1
5.1,29.0,4.6,244.49999999999997,138.0,4.6,10.063938618925832,10.108606526080832,-0.0010453780345451857,-0.001159975156490356,0.011681993217681569,0.009341045509203944,1,1
5.2,43.0,4.4,254.4,132.0,4.4,10.006993006993007,10.051660914148007,0.0008029593039744487,0.0007714418337230189,0.006369288608490067,0.005419591679734154,1,1
4.9,72.0,4.1,245.00000000000003,140.60000000000002,4.686666666666667,9.987058237929318,10.031726145084319,0.0029436757854297557,0.002874624704798212,0.0037694722331990116,0.0031743352697112285,1,1
5.5,40.0,4.2,262.0,126.0,4.2,10.077922077922079,10.122589985077079,0.0003512966424940034,0.0003637025369754854,0.002445422699394962,0.0026926382995727635,1,1
5.4,49.0,4.1,268.70000000000005,122.99999999999999,4.1,9.981029810298104,10.025697717453104,0.00302546531175385,0.0031092038591176707,0.001766015645674546,0.0020864751870319723,1,1
5.2,50.0,4.3,260.0,129.0,4.3,9.955277280858677,9.999945188013678,0.0023771279732341943,0.0023982162360142723,0.004559116458896026,0.004073437833580314,1,1
4.9,69.0,4.2,245.00000000000003,139.3,4.6433333333333335,10.020408163265305,10.065076070420305,0.001199148875442313,0.0011115808923018444,0.00445645395453347,0.003786580167670415,1,1
4.9,57.0,4.4,245.00000000000003,135.5,4.516666666666667,10.11595547309833,10.16062338025333,-0.0039002374768286607,-0.004041931790379649,0.007515203039591761,0.006235559759507147,1,1
5.0,45.0,4.4,247.0,132.0,4.4,10.172727272727274,10.217395179882274,-0.006597040696025569,-0.006754539263455539,0.009192414014367108,0.007419357491852516,1,1
5.3,43.0,4.4,258.7,132.0,4.4,9.913379073756431,9.958046980911432,0.005102959303974419,0.005144647065867314,0.0046769282984866515,0.004287626674017957,1,1
4.9,28.0,4.8,242.8,144.0,4.8,9.928571428571429,9.97323933572643,0.005306284626935276,0.005248208528548237,0.015036689245032825,0.01215392710644592,1,1
5.0,57.0,4.3,250.0,133.89999999999998,4.463333333333333,10.049302325581397,10.093970232736398,-0.0010473475198901072,-0.0011267095043397402,0.005978253829448588,0.005019357491852517,1,1
4.9,69.0,4.4,245.00000000000003,141.5,4.716666666666667,9.948979591836734,9.993647498991734,0.00415142518465178,0.004095193498064809,0.004145631754813014,0.003786580167670415,1,1
5.4,40.0,4.4,260.0,132.0,4.4,9.8989898989899,9.9436578061449,0.006402959303974443,0.006466778880236501,0.003826960809677922,0.0037531418536986437,1,1
5.0,33.0,4.7,244.9,141.0,4.7,9.96,10.004667907155001,0.003380453296195074,0.0033153972767686057,0.012095751999565172,0.009819357491852514,1,1
4.8,76.0,4.7,240.0,143.6,4.786666666666666,10.010638297872342,10.055306205027343,0.0019695071161698885,0.001858064986061836,0.0034061755157814774,0.003544103788314068,1,1
4.9,50.0,4.7,245.00000000000003,141.0,4.7,9.95223621363439,9.99690412078939,0.003480453296195063,0.003417099724027761,0.009014552989465349,0.007664131188078578,1,1
5.4,48.0,4.0,267.20000000000005,120.0,4.0,10.133333333333333,10.178001240488333,-0.0025003660189863997,-0.0024848954939920564,0.002202224352599669,0.0022716603722171625,1,1
4.8,68.0,4.7,240.0,142.8,4.760000000000001,10.031914893617023,10.076582800772023,0.0008959520946392185,0.0007731149476026267,0.005652556372300641,0.005210770454980732,1,1
4.9,64.0,4.3,245.00000000000003,137.4,4.58,10.069292833412433,10.113960740567434,-0.0013505443006931461,-0.0014651754490388469,0.00570503088999772,0.004806988330935716,1,1
5.1,64.0,4.1,254.99999999999997,137.0,4.566666666666666,9.870875179340029,9.91554308649503,0.008112678188541445,0.00816259425764837,0.002631132469711358,0.0024783004111647317,1,1
5.5,27.0,4.4,249.7,132.0,4.4,10.172727272727274,10.217395179882274,-0.0038970406960255888,-0.004008573187457953,0.0057849693915181495,0.00505627466320913,1,1
4.9,50.0,4.5,245.00000000000003,135.0,4.5,10.122448979591836,10.167116886746836,-0.0045712093652853225,-0.004720025564416641,0.009325375189185803,0.007664131188078578,1,1
4.8,72.0,4.2,240.0,139.2,4.64,10.142857142857144,10.187525050012145,-0.0039350455022491015,-0.004109160225464092,0.005306421443342199,0.004377437121647404,1,1
5.2,47.0,4.3,257.3,129.0,4.3,10.02772808586762,10.07239599302262,-0.00032287202676573035,-0.0003477498399832579,0.005401509280090712,0.004650360910503387,1,1
5.1,49.0,4.4,254.29999999999998,132.0,4.4,9.99197860962567,10.03664651678067,0.0007029593039744042,0.0006697393864638079,0.006376863276104109,0.0054194768817529635,1,1
4.9,40.0,4.6,242.0,138.0,4.6,10.115350488021296,10.160018395176296,-0.0035453780345451325,-0.0037025363379695198,0.011977940159974533,0.009704947514609187,1,1
5.0,40.0,4.7,247.0,141.0,4.7,9.906382978723403,9.951050885878404,0.005480453296195065,0.005451148669211092,0.010130168750110902,0.008419357491852516,1,1
5.1,64.0,4.0,254.99999999999997,135.39999999999998,4.513333333333333,9.929411764705883,9.974079671860883,0.005965568145479994,0.005992694180729841,0.002786543569571585,0.0024783004111647317,1,1
5.1,54.0,4.3,254.99999999999997,132.2,4.406666666666666,9.980848153214776,10.025516060369776,0.0016713480593570917,0.0016528940268927816,0.0051282863406398585,0.004439084724890222,1,1
5.3,23.0,4.5,243.39999999999998,135.0,4.5,10.203773584905662,10.248441492060662,-0.006171209365285368,-0.006347264720563406,0.010137469339924335,0.008061211579678335,1,1
4.9,33.0,4.7,241.60000000000002,141.0,4.7,10.040816326530614,10.085484233685614,8.045329619510433e-05,-4.078348278396815e-05,0.013788112309568574,0.011133518943180619,1,1
4.8,77.0,4.5,240.0,143.1,4.77,10.025000000000002,10.069667907155003,0.0012985352277131712,0.0011799712120247885,0.0034362001084370384,0.0033357704549807324,1,1
5.1,55.0,4.3,254.99999999999997,133.0,4.433333333333334,9.958960328317374,10.003628235472375,0.002744903080887817,0.002737844065352102,0.004847488733574964,0.004243006293517673,1,1
4.8,30.0,4.7,238.0,141.0,4.7,10.132978723404255,10.177646630559256,-0.0035195467038049433,-0.0037020715841141194,0.01632286544076668,0.013127437121647404,1,1
5.5,46.0,4.1,269.4,122.99999999999999,4.1,9.99379157427938,10.03845948143438,0.003725465311753773,0.003821120989931759,0.0009160481568658164,0.0016017292086636771,1,1
4.8,63.0,4.4,240.0,137.20000000000002,4.573333333333334,10.193181818181818,10.237849725336819,-0.00661893305607586,-0.006821535321612171,0.007522777707205801,0.0062524371216474035,1,1
5.1,48.0,4.5,253.79999999999998,135.0,4.5,9.913725490196079,9.95839339735108,0.0042287906347145965,0.004229789794390204,0.006502249783308778,0.005615555313125512,1,1
5.3,42.0,4.4,257.8,132.0,4.4,9.936535162950257,9.981203070105257,0.004202959303974463,0.004229325040534804,0.0049577259055515474,0.004476305919300976,1,1
4.9,54.0,4.7,245.00000000000003,141.8,4.7266666666666675,9.931393834129397,9.976061741284397,0.004554008317725788,0.0045020497624870814,0.007891362561205765,0.006847804657466334,1,1
4.8,58.0,4.5,240.0,137.4,4.58,10.183333333333335,10.228001240488336,-0.006350544300693206,-0.0065502978119973965,0.008771354642670055,0.007294103788314068,1,1
5.4,24.0,4.5,246.60000000000002,135.0,4.5,10.133333333333333,10.178001240488333,-0.002971209365285332,-0.003092786408269932,0.008164311422856025,0.006716104816661605,1,1
4.9,23.0,4.8,242.3,144.0,4.8,9.941326530612248,9.985994437767248,0.0048062846269352755,0.004739696292252404,0.0164406772803573,0.013174335269711221,1,1
5.3,49.0,4.3,264.0,129.0,4.3,9.872751206669594,9.917419113824595,0.006377127973234198,0.006466314126381045,0.0031475537559575066,0.003155551202319842,1,1
5.5,41.0,4.1,262.4,122.99999999999999,4.1,10.180044345898004,10.224712253053005,-0.0032745346882462334,-0.0032980503182100662,0.002320036192190294,0.002510820117754584,1,1
5.2,27.0,4.5,243.9,135.0,4.5,10.182051282051283,10.226719189206284,-0.005671209365285368,-0.005838752484267518,0.01070663922166817,0.008496514756657234,1,1
4.8,72.0,4.8,240.0,144.0,4.8,10.000000000000002,10.044667907155002,0.0025062846269352512,0.002400540005291496,0.004373954844180834,0.004377437121647404,1,1
4.8,59.0,4.8,240.0,144.0,4.8,10.000000000000002,10.044667907155002,0.0025062846269352512,0.002400540005291496,0.008024323736024476,0.007085770454980733,1,1
5.0,50.0,4.3,250.0,129.0,4.3,10.186046511627907,10.230714418782908,-0.0076228720267658145,-0.007772028489902605,0.007943837078902859,0.006419357491852516,1,1
5.6,46.0,4.0,273.59999999999997,120.0,4.0,10.028571428571428,10.073239335726429,0.0038996339810135616,0.004024061130594669,-0.0006209010532773583,0.0005985813009513877,1,1
5.0,46.0,4.6,248.4,138.0,4.6,9.954782608695654,9.999450515850654,0.002854621965454829,0.002806420286617317,0.008600794207581756,0.007219357491852513,1,1
4.8,73.0,4.4,240.0,141.2,4.706666666666666,10.079545454545457,10.124213361700457,-0.0012511579484222879,-0.0013967851293159028,0.004714801636556846,0.004169103788314068,1,1
4.9,72.0,4.2,245.00000000000003,141.4,4.713333333333334,9.959183673469388,10.003851580624389,0.004017230806960481,0.003959574743257421,0.0036140611333387836,0.0031743352697112285,1,1
4.9,59.0,4.3,245.00000000000003,134.4,4.48,10.154722354057903,10.199390261212903,-0.005376375631433339,-0.005533738093261076,0.007109018925322198,0.005827396494201025,1,1
5.3,58.0,4.0,265.0,130.4,4.346666666666667,9.866037735849059,9.910705643004059,0.009255849260912996,0.009382001166276466,0.0010866085919541291,0.0014574379947726755,1,1
4.8,50.0,4.8,240.0,144.0,4.8,10.000000000000002,10.044667907155002,0.0025062846269352512,0.002400540005291496,0.010551502199608537,0.008960770454980732,1,1
5.4,36.0,4.3,254.6,129.0,4.3,10.13953488372093,10.184202790875931,-0.003022872026765766,-0.003093715915980899,0.005105562337797734,0.004493882594439384,1,1
5.3,55.0,4.1,265.0,129.0,4.3,9.884951679705479,9.929619586860479,0.007377127973234199,0.007483338598972822,0.001773590313288588,0.002023475730621726,1,1
4.9,51.0,4.4,245.00000000000003,132.5,4.416666666666667,10.199443413729128,10.244111320884128,-0.007926068807568853,-0.008110494434601823,0.009199988681981137,0.007460049555425514,1,1
5.1,55.0,4.1,254.99999999999997,127.99999999999999,4.266666666666667,10.129124820659973,10.173792727814973,-0.003964815803679245,-0.004043093675018261,0.005158310933295419,0.004243006293517673,1,1
5.5,32.0,4.5,257.0,135.0,4.5,9.89090909090909,9.935576998064091,0.007428790634714633,0.007484268106683678,0.004225570256333445,0.004147183754118224,1,1
4.8,33.0,4.8,240.0,144.0,4.8,10.000000000000002,10.044667907155002,0.0025062846269352512,0.002400540005291496,0.015325061519711762,0.012502437121647404,1,1
5.4,29.0,4.4,249.00000000000003,132.0,4.4,10.176767676767676,10.221435583922677,-0.004597040696025512,-0.004720490318272097,0.006915734487391775,0.005790178890735681,1,1
4.8,38.0,4.8,240.0,144.0,4.8,10.000000000000002,10.044667907155002,0.0025062846269352512,0.002400540005291496,0.013921073484387285,0.011460770454980732,1,1
5.0,25.0,4.8,245.0,144.0,4.8,9.875000000000002,9.919667907155002,0.007506284626935256,0.007485662368249935,0.014186721756224109,0.011419357491852508,1,1
4.8,70.0,4.3,240.0,139.0,4.633333333333334,10.145348837209303,10.190016744364303,-0.004203434257631755,-0.004380397735078867,0.0057126055576117605,0.004794103788314068,1,1
5.0,69.0,4.0,250.0,139.0,4.633333333333334,9.93,9.974667907155,0.005796565742368254,0.005789846990838066,0.003074915844250523,0.0026193574918525115,1,1
5.3,37.0,4.5,254.6,135.0,4.5,9.922012578616352,9.966680485771352,0.005028790634714619,0.005043409372463559,0.006206302841015798,0.005419702145716066,1,1
5.0,63.0,4.1,250.0,134.7,4.489999999999999,10.047804878048781,10.092472785203782,2.6207501640618247e-05,-4.17594658804199e-05,0.004604290386779668,0.0038193574918525142,1,1
5.5,20.0,4.5,245.0,135.0,4.5,10.181818181818183,10.226486088973184,-0.004571209365285378,-0.004720025564416697,0.007595141541112192,0.006329001935936404,1,1
4.9,61.0,4.5,245.00000000000003,139.4,4.6466666666666665,10.002721088435376,10.047388995590376,0.001333343253133612,0.0012471996471092317,0.00623660151147195,0.005419233228894903,1,1
4.8,44.0,4.7,239.39999999999998,141.0,4.7,10.095744680851064,10.140412588006065,-0.0021195467038049864,-0.0022782373224857766,0.01239169894185814,0.010210770454980733,1,1
5.2,50.0,4.1,260.0,122.99999999999999,4.1,10.159474671669793,10.204142578824793,-0.005674534688246191,-0.00573890905243013,0.0048699386586164815,0.004073437833580314,1,1
4.9,54.0,4.5,245.00000000000003,136.6,4.553333333333333,10.07891156462585,10.12357947178085,-0.0024240993222238716,-0.002550125487498167,0.008202184760926219,0.006847804657466334,1,1
5.2,33.0,4.5,248.1,135.0,4.5,10.074358974358974,10.119026881513975,-0.0014712093652853864,-0.0015672496993824336,0.009021853579278795,0.007342668602811081,1,1
4.9,62.0,4.7,245.00000000000003,143.4,4.78,9.88970907511941,9.93437698227441,0.006701118360787239,0.006671949839405555,0.005644981704686601,0.005215151596241838,1,1
4.9,65.0,4.5,245.00000000000003,141.0,4.7,9.95918367346939,10.00385158062439,0.003480453296195063,0.003417099724027761,0.00511341108321237,0.0046029066982826595,1,1
4.9,69.0,4.3,245.00000000000003,140.4,4.680000000000001,9.983863312766967,10.028531219921968,0.0026752870300470466,0.0026033871951833265,0.0043010428546732425,0.003786580167670415,1,1
5.1,25.0,4.7,245.0,141.0,4.7,9.962453066332916,10.007120973487917,0.003480453296195063,0.003417099724027761,0.01264977254608092,0.010125359234694145,1,1
4.9,33.0,4.6,239.9,138.0,4.6,10.171251109139309,10.21591901629431,-0.005645378034545123,-0.005838287730412117,0.013943523409428803,0.011133518943180619,1,1
5.0,54.0,4.4,250.0,134.4,4.48,10.025454545454545,10.070122452609546,-0.0003763756314333899,-0.00044861573030263724,0.006665235550783045,0.005619357491852511,1,1
4.8,78.0,4.2,240.0,142.8,4.760000000000001,10.035714285714286,10.080382192869287,0.0008959520946392185,0.0007731149476026267,0.003621635800952824,0.003127437121647404,1,1
4.9,52.0,4.7,245.00000000000003,141.4,4.713333333333334,9.941815023881894,9.986482931036894,0.004017230806960481,0.003959574743257421,0.008452957775335557,0.007255967922772456,1,1
5.1,56.0,4.1,254.99999999999997,129.0,4.3,10.100430416068868,10.145098323223868,-0.00262287202676581,-0.0026869061269441663,0.004877513326230522,0.004046927862145125,1,1
4.8,23.0,4.8,240.0,144.0,4.8,10.000000000000002,10.044667907155002,0.0025062846269352512,0.002400540005291496,0.018133037590360716,0.014585770454980732,1,1
5.4,29.0,4.6,253.20000000000002,138.0,4.6,9.874396135265702,9.919064042420702,0.007654621965454855,0.007688137755057445,0.006604912287671321,0.005790178890735681,1,1
4.8,34.0,4.7,238.39999999999998,141.0,4.7,10.122340425531915,10.167008332686915,-0.0031195467038049873,-0.0032952617950774976,0.015199675012507095,0.012294103788314074,1,1
5.5,25.0,4.5,250.0,135.0,4.5,10.060606060606062,10.105273967761063,0.0004287906347146264,0.00036509679854179744,0.006191153505787714,0.005419911026845491,1,1
5.1,31.0,4.7,247.39999999999998,141.0,4.7,9.902377972465583,9.947045879620584,0.005880453296195021,0.0058579584582477695,0.010964986903691548,0.008948888646458847,1,1
5.3,51.0,4.2,265.0,127.10000000000001,4.236666666666667,9.91644204851752,9.961109955672521,0.004827434797098795,0.004906582257632075,0.002741369641687942,0.002778192711753803,1,1
5.2,23.0,4.6,243.8,138.0,4.6,10.088628762541807,10.133296669696808,-0.0017453780345451086,-0.0018718922873044996,0.011674418550067525,0.009265745525888,1,1
4.9,48.0,4.5,244.20000000000002,135.0,4.5,10.144217687074832,10.188885594229832,-0.005371209365285345,-0.005533645142490051,0.009886970403315595,0.0080722944533847,1,1
4.9,71.0,4.3,245.00000000000003,141.6,4.72,9.949691504508781,9.994359411663782,0.004285619562343079,0.004230812252872196,0.0037394476405434507,0.003378416902364293,1,1
4.8,22.0,4.8,240.0,144.0,4.8,10.000000000000002,10.044667907155002,0.0025062846269352512,0.002400540005291496,0.018413835197425614,0.014794103788314075,1,1
5.0,30.0,4.7,244.0,141.0,4.7,9.982978723404255,10.027646630559255,0.002480453296195062,0.00240007525143604,0.012938144820759861,0.010419357491852509,1,1
4.8,74.0,4.8,240.0,144.0,4.8,10.000000000000002,10.044667907155002,0.0025062846269352512,0.002400540005291496,0.003812359630051042,0.0039607704549807325,1,1
4.9,37.0,4.6,241.10000000000002,138.0,4.6,10.139307897071873,10.183975804226874,-0.004445378034545144,-0.00461785836330203,0.012820332981169223,0.010317192412568375,1,1
4.9,61.0,4.3,245.00000000000003,135.60000000000002,4.5200000000000005,10.120550545799714,10.165218452954715,-0.003766043099137306,-0.003906313035572151,0.006547423711192406,0.005419233228894903,1,1
5.2,35.0,4.4,248.0,132.0,4.4,10.174825174825175,10.219493081980175,-0.005597040696025568,-0.005737514790863818,0.008615669465009232,0.006958053218195694,1,1
5.5,24.0,4.6,251.6,138.0,4.6,9.922529644268776,9.967197551423777,0.0060546219654548095,0.006060898598910736,0.006316540012992383,0.005601729208663677,1,1
5.3,45.0,4.4,260.5,132.0,4.4,9.867066895368783,9.911734802523783,0.006902959303974443,0.006975291116532334,0.00411533308435686,0.003910268183451919,1,1
5.2,28.0,4.6,246.79999999999998,138.0,4.6,10.013377926421406,10.058045833576406,0.0012546219654548385,0.001179181130470608,0.010270430514743047,0.00830420706434954,1,1
5.1,56.0,4.3,254.99999999999997,133.79999999999998,4.459999999999999,9.937072503419973,9.981740410574973,0.0038184581024185427,0.003822794103811311,0.004566691126510067,0.004046927862145125,1,1
5.0,27.0,4.8,245.39999999999998,144.0,4.8,9.865,9.909667907155,0.007906284626935212,0.007892472157286612,0.01362512654209432,0.011019357491852518,1,1
5.2,36.0,4.4,248.8,132.0,4.4,10.153846153846155,10.198514061001156,-0.004797040696025545,-0.004923895212790463,0.008334871857944338,0.006765745525888001,1,1
4.8,64.0,4.5,240.0,139.2,4.64,10.133333333333333,10.178001240488333,-0.0039350455022491015,-0.004109160225464092,0.00708656900028068,0.006044103788314068,1,1
5.1,30.0,4.7,247.0,141.0,4.7,9.912390488110137,9.957058395265138,0.005480453296195065,0.005451148669211092,0.011245784510756446,0.009144967077831396,1,1
4.9,58.0,4.6,245.00000000000003,140.39999999999998,4.679999999999999,9.971606033717835,10.016273940872836,0.0026752870300470466,0.0026033871951833265,0.006923583232806413,0.006031478126854083,1,1
4.8,38.0,4.7,238.8,141.0,4.7,10.111702127659575,10.156370034814575,-0.0027195467038049204,-0.002888452006040765,0.014076484584247512,0.011460770454980732,1,1
5.6,48.0,4.0,276.79999999999995,120.0,4.0,9.942857142857143,9.987525050012144,0.007099633981013542,0.007278539442888088,-0.0011824962674071484,0.0002414384438085264,1,1
5.3,28.0,4.5,247.4,135.0,4.5,10.103144654088052,10.147812561243052,-0.002171209365285365,-0.0022791668301965773,0.008733481304599857,0.007117815353263239,1,1
5.2,20.0,4.7,245.0,141.0,4.7,9.967266775777416,10.011934682932417,0.003480453296195063,0.003417099724027761,0.012361400271401986,0.009842668602811074,1,1
4.8,70.0,4.8,240.0,144.0,4.8,10.000000000000002,10.044667907155002,0.0025062846269352512,0.002400540005291496,0.004935550058310622,0.004794103788314068,1,1
4.8,49.0,4.7,239.89999999999998,141.0,4.7,10.082446808510639,10.12711471566564,-0.0016195467038049305,-0.0017697250861899438,0.010987710906533658,0.009169103788314068,1,1
4.8,64.0,4.7,240.0,142.4,4.746666666666667,10.042553191489363,10.087221098644363,0.0003591745838738003,0.00023063992837296654,0.006775746800560225,0.006044103788314068,1,1
5.0,43.0,4.6,247.2,138.0,4.6,9.986086956521739,10.030754863676739,0.00165462196545485,0.0015859909195072297,0.009443187028776445,0.007819357491852514,1,1
4.8,21.0,4.7,237.10000000000002,141.0,4.7,10.156914893617023,10.201582800772023,-0.0044195467038049,-0.0046173936094466295,0.018850043904350737,0.015002437121647404,1,1
5.4,54.0,4.0,270.0,125.6,4.1866666666666665,9.9,9.944667907155,0.007814519131728648,0.007957423298479427,0.0005174387102102936,0.0011605492611060483,1,1
5.0,37.0,4.6,244.8,138.0,4.6,10.048695652173915,10.093363559328916,-0.0007453780345451078,-0.0008548678147128341,0.01112797267116582,0.009019357491852517,1,1
5.4,41.0,4.2,259.2,126.0,4.2,10.126984126984127,10.171652034139127,-0.0024487033575060213,-0.0024839659862812558,0.003856985402333482,0.003567956668513453,1,1
4.9,38.0,4.7,242.60000000000002,141.0,4.7,10.014763352149371,10.059431259304372,0.0010804532961951052,0.0009762409898076974,0.012384124274244096,0.010113110779915318,1,1
5.0,58.0,4.4,250.0,136.8,4.5600000000000005,9.96,10.004667907155001,0.0028442894331587865,0.002806234385075157,0.005542045122523465,0.004819357491852514,1,1
5.1,50.0,4.2,254.99999999999997,126.0,4.2,10.168067226890757,10.212735134045758,-0.006648703357506003,-0.006755468771166395,0.006406887868759669,0.005223398450380415,1,1
4.9,34.0,4.6,240.20000000000002,138.0,4.6,10.16326530612245,10.20793321327745,-0.005345378034545156,-0.005533180388634595,0.013662725802363909,0.01092943731052756,1,1
5.1,50.0,4.3,254.99999999999997,129.0,4.3,10.068399452804378,10.113067359959379,-0.00262287202676581,-0.0026869061269441663,0.006251476768899442,0.005223398450380415,1,1
4.9,66.0,4.3,245.00000000000003,138.6,4.62,10.035121025154249,10.079788932309249,0.00025978823160288655,0.00016224960865002247,0.0051434356758679285,0.004398825065629595,1,1
5.0,58.0,4.1,250.0,130.2,4.34,10.179512195121951,10.224180102276952,-0.006012539494469726,-0.0061446034322137355,0.006008278422104149,0.004819357491852514,1,1
5.3,33.0,4.6,253.1,138.0,4.6,9.866283839212471,9.910951746367472,0.007554621965454866,0.007586435307798289,0.007174082169415153,0.006174419126848143,1,1
5.3,36.0,4.5,253.79999999999998,135.0,4.5,9.942138364779874,9.986806271934874,0.0042287906347145965,0.004229789794390204,0.006487100448080694,0.0056083813909990855,1,1
5.2,43.0,4.3,253.7,129.0,4.3,10.12432915921288,10.168997066367881,-0.003922872026765778,-0.004009037941313409,0.006524699708350296,0.005419591679734154,1,1
5.0,26.0,4.7,242.8,141.0,4.7,10.013617021276595,10.058284928431595,0.0012804532961950832,0.0011796458843260083,0.014061335249019442,0.01121935749185252,1,1
4.9,53.0,4.6,245.00000000000003,138.89999999999998,4.629999999999999,10.01153504880213,10.056202955957131,0.0006623713646768947,0.0005691058730721843,0.008327571268130888,0.0070518862901193914,1,1
4.9,62.0,4.4,245.00000000000003,138.0,4.6,10.046382189239333,10.091050096394333,-0.0005453780345451298,-0.0006514629201944122,0.006111215004267283,0.005215151596241838,1,1
5.4,25.0,4.6,250.0,138.0,4.6,9.95169082125604,9.99635872841104,0.004454621965454875,0.004433659442764026,0.007728102715930903,0.006530919631476422,1,1
4.9,52.0,4.6,245.00000000000003,138.6,4.62,10.019520851818989,10.06418875897399,0.00025978823160288655,0.00016224960865002247,0.008608368875195786,0.007255967922772456,1,1
5.5,40.0,4.3,263.0,129.0,4.3,9.945031712473574,9.989699619628574,0.005377127973234197,0.00544928965378938,0.002290011599534735,0.0026926382995727635,1,1
5.4,23.0,4.5,245.7,135.0,4.5,10.155555555555557,10.200223462710557,-0.0038712093652853996,-0.0040081084336024975,0.00844510902992092,0.006901290001846789,1,1
5.1,34.0,4.5,245.39999999999998,135.0,4.5,10.133333333333335,10.178001240488335,-0.0041712093652853666,-0.004313215775380019,0.010433416282217316,0.008360653352341202,1,1
5.3,47.0,4.1,261.4,122.99999999999999,4.1,10.15002300966406,10.194690916819061,-0.004274534688246234,-0.004315074790801787,0.004019971169807752,0.0035329096928858805,1,1
5.1,20.0,4.7,243.0,141.0,4.7,10.012515644555696,10.057183551710697,0.0014804532961950612,0.0013830507788443192,0.014053760581405401,0.011105751391556893,1,1
4.9,23.0,4.7,239.60000000000002,141.0,4.7,10.092922275293096,10.137590182448097,-0.0019195467038048974,-0.00207483242796741,0.01659608838021753,0.013174335269711221,1,1
5.5,30.0,4.5,255.0,135.0,4.5,9.939393939393938,9.984061846548938,0.005428790634714631,0.005450219161500236,0.004787165470463236,0.0045108201177545834,1,1
4.9,47.0,4.8,244.70000000000002,144.0,4.8,9.880102040816327,9.924769947971328,0.007206284626935289,0.007180555026472468,0.009701534710799807,0.008276376086037757,1,1
4.8,69.0,4.6,240.0,141.8,4.7266666666666675,10.059782608695652,10.104450515850653,-0.00044599168227421604,-0.0005830726004714681,0.005527169865095975,0.005002437121647404,1,1
4.9,61.0,4.7,245.00000000000003,143.2,4.7733333333333325,9.894919669995657,9.939587577150657,0.00643272960540453,0.006400712329790725,0.005925779311751495,0.005419233228894903,1,1
5.1,60.0,4.0,254.99999999999997,131.0,4.366666666666666,10.058823529411766,10.103491436566767,6.101552706105906e-05,2.5468969203912284e-05,0.003909733997831169,0.003262614136654925,1,1
5.0,24.0,4.8,244.8,144.0,4.8,9.88,9.924667907155001,0.007306284626935278,0.007282257473731624,0.014467519363289006,0.011619357491852512,1,1
5.2,26.0,4.5,243.20000000000002,135.0,4.5,10.200000000000001,10.244667907155002,-0.006371209365285346,-0.006550669615081717,0.010987436828733065,0.008688822448964928,1,1
5.5,48.0,4.1,272.2,122.99999999999999,4.1,9.91929046563193,9.96395837278693,0.0065254653117537975,0.0066687895131885,0.0003544529427360263,0.0012380928450273104,1,1
5.1,42.0,4.5,250.2,135.0,4.5,10.007843137254904,10.052511044409904,0.0006287906347146044,0.0005685016930601083,0.008187035425698153,0.006792025901360809,1,1
4.9,57.0,4.6,245.00000000000003,140.1,4.67,9.979591836734693,10.024259743889694,0.002272703896972983,0.002196530930761109,0.007204380839871307,0.006235559759507147,1,1
5.0,54.0,4.2,250.0,129.2,4.306666666666667,10.194285714285716,10.238953621440716,-0.007354483271383105,-0.00750079098028783,0.006976057750503501,0.005619357491852511,1,1
4.9,42.0,4.7,243.4,141.0,4.7,9.993920972644375,10.038588879799375,0.0018804532961950726,0.001789860567881052,0.011260933845984512,0.009296784249303067,1,1
5.2,29.0,4.5,245.3,135.0,4.5,10.146153846153846,10.190821753308846,-0.0042712093652853556,-0.004414918222639119,0.010145044007538379,0.008111899372041848,1,1
5.0,55.0,4.5,250.0,137.5,4.583333333333333,9.933333333333334,9.978001240488334,0.003783650076998102,0.003755565668726979,0.006229026843857924,0.005419357491852516,1,1
4.8,40.0,4.7,239.0,141.0,4.7,10.106382978723405,10.151050885878405,-0.0025195467038049424,-0.002685047111522454,0.01351488937011772,0.011044103788314075,1,1
5.0,65.0,4.1,250.0,136.5,4.55,9.995121951219513,10.039789858374514,0.0024417063000847783,0.002399378120652884,0.004042695172649879,0.003419357491852516,1,1
5.5,44.0,4.0,266.0,120.0,4.0,10.200000000000001,10.244667907155002,-0.0037003660189863785,-0.003705324861102144,0.0016330544708558353,0.001965365572300037,1,1
4.8,33.0,4.7,238.3,141.0,4.7,10.125,10.169667907155,-0.003219546703804921,-0.0033969642423365976,0.01548047261957199,0.012502437121647404,1,1
5.0,33.0,4.6,243.2,138.0,4.6,10.090434782608696,10.135102689763697,-0.0023453780345451536,-0.0024821069708595433,0.012251163099425401,0.009819357491852514,1,1
5.3,54.0,4.1,265.0,127.8,4.26,9.9180855959503,9.9627535031053,0.005766795440938166,0.005855913541283897,0.002054387920353482,0.0022121549759047455,1,1
5.1,54.0,4.1,254.99999999999997,127.0,4.233333333333333,10.157819225251076,10.202487132406077,-0.005306759580592568,-0.005399281223092356,0.005439108540360314,0.004439084724890222,1,1
5.6,50.0,4.0,280.0,120.0,4.0,9.85714285714286,9.90181076429786,0.010299633981013634,0.010533017755181506,-0.0017440914815369402,-0.00011570441333432768,1,1
4.8,67.0,4.6,240.0,141.39999999999998,4.713333333333333,10.070652173913043,10.115320081068043,-0.0009827691930396343,-0.0011255476197011283,0.006088765079225767,0.005419103788314068,1,1
5.2,45.0,4.4,256.0,132.0,4.4,9.965034965034965,10.009702872189965,0.002402959303974439,0.002398680989869728,0.005807693394360275,0.005034976295118774,1,1
5.1,36.0,4.5,246.6,135.0,4.5,10.101960784313727,10.146628691468727,-0.0029712093652853877,-0.0030927864082699874,0.009871821068087525,0.007968496489596105,1,1
5.4,32.0,4.4,252.0,132.0,4.4,10.1010101010101,10.1456780081651,-0.0015970406960255645,-0.001669416900497045,0.006073341666197087,0.005234623335180125,1,1
5.5,37.0,4.3,259.4,129.0,4.3,10.036363636363637,10.081031543518638,0.0017771279732341494,0.0017880015524592285,0.0031324044207294227,0.0032380928450273104,1,1
4.9,63.0,4.5,245.00000000000003,140.2,4.673333333333333,9.980952380952381,10.025620288107381,0.0024068982746643375,0.0023321496855684964,0.0056750062973421585,0.005011069963588782,1,1
5.3,33.0,4.5,251.4,135.0,4.5,10.002515723270442,10.047183630425442,0.0018287906347146388,0.0017889310601701958,0.00732949326927538,0.006174419126848143,1,1
5.6,21.0,4.6,250.99999999999997,138.0,4.6,9.945652173913047,9.990320081068047,0.0054546219654548755,0.005450683915355692,0.005466572524183667,0.005062867015237103,1,1
4.8,66.0,4.8,240.0,144.0,4.8,10.000000000000002,10.044667907155002,0.0025062846269352512,0.002400540005291496,0.006058740486570206,0.005627437121647404,1,1
5.3,49.0,4.0,263.7,120.0,4.0,10.197169811320755,10.241837718475756,-0.006000366018986458,-0.006044481148063052,0.003613787055538189,0.003155551202319842,1,1
5.3,20.0,4.7,247.0,141.0,4.7,9.923725411481334,9.968393318636334,0.005480453296195065,0.005451148669211092,0.01066903996139857,0.008627249315527394,1,1
5.1,58.0,4.3,254.99999999999997,135.39999999999998,4.513333333333333,9.893296853625172,9.937964760780172,0.005965568145479994,0.005992694180729841,0.004005095912380278,0.0036547709994000214,1,1
4.9,69.0,4.0,245.00000000000003,137.10000000000002,4.570000000000001,10.098979591836734,10.143647498991735,-0.0017531274337671543,-0.0018720317134610642,0.004767276154253925,0.003786580167670415,1,1
5.1,21.0,4.7,243.4,141.0,4.7,10.002503128911139,10.047171036066139,0.0018804532961950726,0.001789860567881052,0.013772962974340504,0.010909672960184337,1,1
5.1,49.0,4.2,254.09999999999997,126.0,4.2,10.19327731092437,10.237945218079371,-0.007548703357506015,-0.007670790796498905,0.006687685475824565,0.0054194768817529635,1,1
4.9,29.0,4.6,238.70000000000002,138.0,4.6,10.203194321206745,10.247862228361745,-0.006845378034545102,-0.007058717097522094,0.015066713837688386,0.011949845473792863,1,1
5.5,52.0,4.0,275.0,123.0,4.1,9.872727272727273,9.917395179882273,0.009325465311753822,0.009516458036445297,-0.0006133263856633302,0.0005108201177545837,1,1
5.0,31.0,4.7,244.3,141.0,4.7,9.97531914893617,10.019987056091171,0.0027804532961950845,0.002705182593213562,0.012657347213694964,0.01021935749185252,1,1
5.2,25.0,4.6,245.0,138.0,4.6,10.058528428093647,10.103196335248647,-0.0005453780345451298,-0.0006514629201944677,0.011112823335937733,0.008881130141272621,1,1
5.2,26.0,4.7,248.00000000000003,141.0,4.7,9.893617021276595,9.938284928431596,0.006480453296195066,0.006468173141802813,0.01067661462901261,0.008688822448964928,1,1
4.9,58.0,4.5,245.00000000000003,138.2,4.6066666666666665,10.035374149659864,10.080042056814865,-0.0002769892791624762,-0.00038022541057963766,0.00707899433266664,0.006031478126854083,1,1
5.1,46.0,4.3,251.79999999999998,129.0,4.3,10.155950752393982,10.200618659548983,-0.005822872026765791,-0.005941384439237585,0.007374667197159024,0.006007712175870616,1,1
5.0,23.0,4.8,244.6,144.0,4.8,9.885,9.929667907155,0.0071062846269353,0.007078852579213313,0.0147483169703539,0.011819357491852514,1,1
5.0,59.0,4.2,250.0,133.2,4.4399999999999995,10.08,10.124667907155,-0.001986708163729478,-0.002076040787991562,0.0055720697151790234,0.004619357491852511,1,1
5.6,19.0,4.5,245.89999999999998,135.0,4.5,10.169047619047621,10.213715526202622,-0.0036712093652854216,-0.0038047035390841866,0.006183578838173686,0.005420009872379957,1,1
5.5,34.0,4.4,257.4,132.0,4.4,9.98181818181818,10.026486088973181,0.003802959303974396,0.003822515251498071,0.00381938614206388,0.003783547390481857,1,1
5.4,51.0,4.1,270.0,124.3,4.1433333333333335,9.910569105691057,9.955237012846057,0.006069992221741205,0.006194379485983115,0.0012044204315447542,0.0017161048166616055,1,1
5.3,27.0,4.6,248.89999999999998,138.0,4.6,9.969647251845776,10.014315159000777,0.0033546219654548293,0.0033149325229130944,0.00885886781180453,0.007306494598546259,1,1
5.1,25.0,4.6,242.49999999999997,138.0,4.6,10.115089514066497,10.159757421221498,-0.0030453780345451875,-0.0031940241016737425,0.012805183645941149,0.010125359234694145,1,1
5.3,44.0,4.2,258.4,126.0,4.2,10.123989218328841,10.168657125483842,-0.0032487033575060442,-0.0032975855643546104,0.004706952891142212,0.0040989474287349385,1,1
4.8,58.0,4.7,240.0,141.8,4.7266666666666675,10.058510638297873,10.103178545452874,-0.00044599168227421604,-0.0005830726004714681,0.0084605324429496,0.007294103788314068,1,1
5.0,71.0,4.0,250.0,141.0,4.7,9.870000000000001,9.914667907155001,0.008480453296195067,0.0085022220869862,0.002513320630120731,0.002219357491852513,1,1
4.8,65.0,4.6,240.0,141.0,4.7,10.081521739130435,10.126189646285436,-0.0015195467038049415,-0.0016680226389307329,0.006650360293355559,0.0058357704549807324,1,1
5.5,24.0,4.5,249.0,135.0,4.5,10.084848484848484,10.129516392003485,-0.0005712093652853745,-0.0006519276740499236,0.00647195111285261,0.005601729208663677,1,1
5.2,42.0,4.3,252.8,129.0,4.3,10.148479427549194,10.193147334704195,-0.00482287202676579,-0.004924359966645919,0.006805497315415192,0.005611899372041847,1,1
5.0,60.0,4.4,250.0,138.0,4.6,9.927272727272728,9.971940634427728,0.004454621965454875,0.004433659442764026,0.004980449908393673,0.004419357491852516,1,1
5.0,41.0,4.5,245.5,135.0,4.5,10.120000000000001,10.164667907155001,-0.004071209365285378,-0.004211513328120808,0.010160193342766462,0.008219357491852514,1,1
4.9,58.0,4.7,245.00000000000003,142.60000000000002,4.753333333333334,9.910551454624404,9.955219361779404,0.005627563339256569,0.005586999800946291,0.006768172132946185,0.006031478126854083,1,1
5.1,35.0,4.7,249.0,141.0,4.7,9.862327909887359,9.90699581704236,0.0074804532961950665,0.007485197614394479,0.009841796475431965,0.008164574920968655,1,1
4.8,75.0,4.5,240.0,142.5,4.75,10.041666666666668,10.086334573821668,0.0004933689615651549,0.0003662586831803538,0.003997795322566827,0.003752437121647404,1,1
4.9,50.0,4.6,245.00000000000003,138.0,4.6,10.035492457852706,10.080160365007707,-0.0005453780345451298,-0.0006514629201944122,0.009169964089325577,0.007664131188078578,1,1
5.4,42.0,4.2,260.40000000000003,126.0,4.2,10.095238095238097,10.139906002393097,-0.001248703357505987,-0.0012635366191711683,0.0035761877952685877,0.00338277148332827,1,1
5.0,67.0,4.2,250.0,139.6,4.653333333333333,9.897142857142857,9.941810764297857,0.00660173200851627,0.0066035595196825,0.0033256888586598596,0.0030193574918525173,1,1
5.5,45.0,4.1,268.0,122.99999999999999,4.1,10.031042128603106,10.075710035758107,0.002325465311753816,0.002397286728303416,0.0011968457639307123,0.001783547390481857,1,1
5.0,31.0,4.6,242.39999999999998,138.0,4.6,10.111304347826088,10.155972254981089,-0.0031453780345451765,-0.003295726548932898,0.012812758313555193,0.01021935749185252,1,1
5.1,58.0,4.0,254.99999999999997,128.8,4.293333333333334,10.123529411764707,10.168197318919708,-0.0028912607821484637,-0.0029581436365589964,0.0044713292119609605,0.0036547709994000214,1,1
4.8,79.0,4.0,240.0,143.2,4.7733333333333325,10.025000000000002,10.069667907155003,0.0014327296054045258,0.0013155899668322313,0.0036516603936083847,0.002919103788314068,1,1
5.0,19.0,4.8,243.79999999999998,144.0,4.8,9.905000000000001,9.949667907155002,0.006306284626935277,0.006265233001139903,0.015871507398613482,0.012619357491852511,1,1
4.8,79.0,4.3,240.0,143.5,4.783333333333333,10.01453488372093,10.059202790875931,0.0018353127384785894,0.0017224462312544486,0.0031854270940277025,0.002919103788314068,1,1
5.0,42.0,4.7,247.6,141.0,4.7,9.891063829787234,9.935731736942234,0.006080453296195054,0.006061363352766136,0.00956857353598111,0.008019357491852517,1,1
4.9,62.0,4.5,245.00000000000003,139.8,4.66,9.991836734693877,10.036504641848877,0.0018701207638990303,0.0017896746663388918,0.005955803904407056,0.005215151596241838,1,1
5.2,52.0,4.3,260.0,130.79999999999998,4.359999999999999,9.906976744186046,9.951644651341047,0.004792626771678354,0.004839353822547576,0.003997521244766235,0.0036888224489649273,1,1
5.0,48.0,4.6,249.2,138.0,4.6,9.933913043478261,9.978580950633262,0.0036546219654548517,0.0036200398646906717,0.008039198993451967,0.006819357491852514,1,1
4.8,78.0,4.7,240.0,143.8,4.793333333333334,10.00531914893617,10.04998705609117,0.0022378958715525976,0.0021293024956767215,0.0028445803016516856,0.003127437121647404,1,1
5.1,62.0,4.1,254.99999999999997,135.0,4.5,9.92826398852224,9.97293189567724,0.005428790634714631,0.005450219161500236,0.0031927276838411497,0.0028704572739098283,1,1
5.1,28.0,4.6,243.99999999999997,138.0,4.6,10.076726342710998,10.121394249865999,-0.0015453780345451862,-0.0016684873927861887,0.011962790824746463,0.009537123940576493,1,1
4.9,68.0,4.4,245.00000000000003,141.0,4.7,9.962894248608535,10.007562155763535,0.003480453296195063,0.003417099724027761,0.004426429361877908,0.003990661800323473,1,1
5.5,50.0,4.0,275.0,120.0,4.0,9.954545454545455,9.999213361700455,0.0052996339810136295,0.005447895392223068,-5.1731171533538414e-05,0.0008744564813909506,1,1
5.1,41.0,4.5,249.6,135.0,4.5,10.023529411764708,10.068197318919708,2.879063471461496e-05,-4.1712990494879865e-05,0.008467833032763047,0.0069881043327333576,1,1
5.1,63.0,4.0,254.99999999999997,134.3,4.4766666666666675,9.961764705882354,10.006432613037354,0.00448942999087526,0.0045008878778483585,0.0030673411766364792,0.00267437884253728,1,1
4.8,58.0,4.8,240.0,144.0,4.8,10.000000000000002,10.044667907155002,0.0025062846269352512,0.002400540005291496,0.008305121343089373,0.007294103788314068,1,1
5.0,29.0,4.6,241.6,138.0,4.6,10.132173913043479,10.17684182019848,-0.003945378034545144,-0.004109346127006253,0.013374353527684985,0.010619357491852511,1,1
5.6,43.0,4.2,270.2,126.0,4.2,9.892857142857144,9.937525050012145,0.008551296642493988,0.008703303212227342,-8.933043180312569e-05,0.0011342955866656722,1,1
5.0,28.0,4.6,241.2,138.0,4.6,10.142608695652175,10.187276602807176,-0.004345378034545155,-0.00451615591604293,0.013655151134749879,0.010819357491852515,1,1
5.4,26.0,4.5,248.4,135.0,4.5,10.088888888888889,10.133556796043889,-0.001171209365285364,-0.0012621423576049118,0.007602716208726234,0.006345734446291232,1,1
4.8,77.0,4.1,240.0,141.9,4.73,10.064024390243903,10.108692297398903,-0.0003117973045828615,-0.00044745384566408086,0.0040578445078779495,0.0033357704549807324,1,1
4.9,54.0,4.6,245.00000000000003,139.2,4.64,10.00354924578527,10.048217152940271,0.001064954497750903,0.0009759621374944571,0.008046773661065994,0.006847804657466334,1,1
5.0,45.0,4.5,247.5,135.0,4.5,10.066666666666666,10.111334573821667,-0.002071209365285376,-0.002177464382937422,0.009037002914506879,0.007419357491852516,1,1
5.0,24.0,4.6,239.6,138.0,4.6,10.184347826086956,10.229015733241956,-0.005945378034545146,-0.006143395072189584,0.014778341563009462,0.011619357491852512,1,1
5.6,38.0,4.3,264.4,129.0,4.3,9.931893687707642,9.976561594862643,0.006777127973234154,0.006873123915417778,0.001159246503661125,0.0020271527295228184,1,1
4.8,78.0,4.0,240.0,142.4,4.746666666666667,10.05,10.094667907155001,0.0003591745838738003,0.00023063992837296654,0.003932458000673279,0.003127437121647404,1,1
4.8,28.0,4.7,237.8,141.0,4.7,10.138297872340425,10.182965779495426,-0.0037195467038049213,-0.0039054764786324303,0.016884460654896467,0.013544103788314076,1,1
4.8,71.0,4.6,240.0,142.2,4.739999999999999,10.048913043478262,10.093580950633262,9.078582849109118e-05,-4.059758124186352e-05,0.004965574650966183,0.004585770454980732,1,1
5.4,52.0,4.1,270.0,125.59999999999998,4.186666666666666,9.875338753387537,9.920006660542537,0.007814519131728592,0.007957423298479371,0.0009236228244798583,0.001530919631476422,1,1
4.9,35.0,4.8,243.5,144.0,4.8,9.910714285714286,9.955382192869287,0.006006284626935254,0.005960125659362381,0.013071105995578555,0.01072535567787449,1,1
5.5,43.0,4.2,265.9,126.0,4.2,9.976623376623378,10.021291283778378,0.0042512966424939624,0.0043300979800830475,0.0016030298782002761,0.002147183754118224,1,1
5.3,31.0,4.6,251.7,138.0,4.6,9.90073831009024,9.94540621724524,0.0061546219654547984,0.006162601046169891,0.007735677383544945,0.006551777617414181,1,1
4.9,62.0,4.2,245.00000000000003,134.4,4.48,10.16326530612245,10.20793321327745,-0.005376375631433339,-0.005533738093261076,0.006422037203987739,0.005215151596241838,1,1
5.4,43.0,4.3,262.3,129.0,4.3,9.940568475452196,9.985236382607196,0.004677127973234274,0.004737372522975181,0.0031399790883434647,0.0031975862981430863,1,1
5.4,53.0,4.0,270.0,124.2,4.14,9.93888888888889,9.98355679604389,0.005935797844049906,0.006058760731175672,0.0007982363172751895,0.0013457344462912317,1,1
5.0,39.0,4.7,246.7,141.0,4.7,9.91404255319149,9.95871046034649,0.005180453296195098,0.00514604132743357,0.010410966357175797,0.008619357491852511,1,1
4.9,46.0,4.7,244.20000000000002,141.0,4.7,9.973078593139384,10.017746500294384,0.0026804532961950955,0.0026034801459544066,0.010137743417724929,0.008480457718690822,1,1
5.1,62.0,4.2,254.99999999999997,136.8,4.5600000000000005,9.865546218487397,9.910214125642398,0.007844289433158791,0.007891356748033596,0.0030373165839809218,0.0028704572739098283,1,1
5.2,38.0,4.4,250.4,132.0,4.4,10.111888111888113,10.156556019043114,-0.003197040696025555,-0.003296656056643754,0.007773276643814545,0.006381130141272621,1,1
4.9,39.0,4.6,241.70000000000002,138.0,4.6,10.123336291038154,10.168004198193154,-0.0038453780345450994,-0.004007643679747042,0.012258737767039427,0.009909029147262246,1,1
5.6,30.0,4.5,258.0,135.0,4.5,9.880952380952381,9.925620288107382,0.008428790634714634,0.008501292579275344,0.0030948051604598346,0.0034557241580942416,1,1
5.3,43.0,4.3,258.0,129.0,4.3,10.030715225976305,10.075383133131306,0.00037712797323419256,0.00036416729083094124,0.00483233939834688,0.004287626674017957,1,1
4.8,57.0,4.7,240.0,141.70000000000002,4.723333333333334,10.061170212765958,10.105838119920959,-0.0005801860599655706,-0.0007186913552788554,0.008741330050014495,0.007502437121647404,1,1
4.8,76.0,4.6,240.0,143.2,4.7733333333333325,10.021739130434785,10.066407037589785,0.0014327296054045258,0.0013155899668322313,0.0035615866156417054,0.003544103788314068,1,1
5.1,56.0,4.0,254.99999999999997,126.6,4.22,10.188235294117646,10.232903201272647,-0.0058435370913579865,-0.0059417562423219605,0.005032924426090749,0.004046927862145125,1,1
4.9,48.0,4.8,244.8,144.0,4.8,9.877551020408163,9.922218927563163,0.007306284626935278,0.007282257473731624,0.009420737103734913,0.0080722944533847,1,1
4.9,66.0,4.1,245.00000000000003,135.8,4.526666666666667,10.130413140866104,10.175081048021104,-0.003497654343754597,-0.0036350755259573764,0.005454257875588384,0.004398825065629595,1,1
5.2,19.0,4.7,244.5,141.0,4.7,9.979541734860886,10.024209642015887,0.0029804532961950625,0.002908587487731873,0.01264219787846688,0.010034976295118767,1,1
4.8,76.0,4.5,240.0,142.8,4.760000000000001,10.033333333333335,10.078001240488335,0.0008959520946392185,0.0007731149476026267,0.0037169977155019325,0.003544103788314068,1,1
5.0,60.0,4.0,250.0,130.0,4.333333333333333,10.200000000000001,10.244667907155002,-0.00628092824985238,-0.006415840941828566,0.005602094307834584,0.004419357491852516,1,1
4.8,62.0,4.8,240.0,144.0,4.8,10.000000000000002,10.044667907155002,0.0025062846269352512,0.002400540005291496,0.00718193091482979,0.006460770454980732,1,1
4.8,70.0,4.4,240.0,140.0,4.666666666666667,10.113636363636365,10.158304270791366,-0.002861490480718376,-0.003024210187004772,0.005557194457751532,0.004794103788314068,1,1
5.6,45.0,4.1,272.5,122.99999999999999,4.1,9.943379790940767,9.988047698095768,0.0068254653117537645,0.006973896854966022,-0.0004955145460726895,0.0007771527295228111,1,1
4.8,62.0,4.5,240.0,138.6,4.62,10.150000000000002,10.194667907155003,-0.004740211768397118,-0.004922872754308527,0.007648164214410472,0.006460770454980732,1,1
4.8,37.0,4.7,238.7,141.0,4.7,10.114361702127662,10.159029609282662,-0.0028195467038049093,-0.0029901544532999202,0.01435728219131241,0.011669103788314076,1,1
4.8,60.0,4.7,240.0,142.0,4.733333333333333,10.053191489361703,10.097859396516704,-0.00017760292689156243,-0.0003118350908566381,0.007898937228819809,0.006877437121647404,1,1
5.6,42.0,4.2,268.8,126.0,4.2,9.92857142857143,9.973239335726431,0.007151296642494032,0.0072794689505989996,0.00019146717526177023,0.001312867015237103,1,1
4.9,55.0,4.4,245.00000000000003,134.5,4.483333333333333,10.143784786641929,10.188452693796929,-0.00524218125374204,-0.0053981193384536885,0.008076798253721554,0.006643723024813269,1,1
5.2,38.0,4.6,252.79999999999998,138.0,4.6,9.862876254180604,9.907544161335604,0.007254621965454788,0.007281327966020712,0.007462454444094091,0.006381130141272621,1,1
5.1,40.0,4.6,250.0,138.0,4.6,9.923273657289004,9.967941564444004,0.004454621965454875,0.004433659442764026,0.008593219539967716,0.007184182764105905,1,1
5.1,52.0,4.3,254.99999999999997,130.6,4.3533333333333335,10.024623803009577,10.069291710164578,-0.0004757619837043592,-0.0005170060500256923,0.00568988155476965,0.004831241587635319,1,1
5.1,45.0,4.6,252.49999999999997,138.0,4.6,9.859335038363174,9.904002945518174,0.006954621965454821,0.006976220624243246,0.007189231504643237,0.0062037906072431636,1,1
5.1,53.0,4.1,254.99999999999997,125.99999999999999,4.199999999999999,10.186513629842182,10.231181536997182,-0.006648703357506003,-0.006755468771166451,0.0057199061474252095,0.00463516315626277,1,1
4.9,55.0,4.7,245.00000000000003,142.0,4.733333333333333,9.926183239253149,9.97085114640815,0.0048223970731084975,0.004773287272101856,0.007610564954140871,0.006643723024813269,1,1
5.2,41.0,4.3,251.9,129.0,4.3,10.17262969588551,10.21729760304051,-0.005722872026765802,-0.005839681991978429,0.007086294922480086,0.005804207064349541,1,1
4.9,68.0,4.3,245.00000000000003,139.8,4.66,10.00094921689606,10.045617124051061,0.0018701207638990303,0.0017896746663388918,0.004581840461738137,0.003990661800323473,1,1
5.4,35.0,4.4,255.0,132.0,4.4,10.025252525252526,10.069920432407526,0.0014029593039744381,0.001381656517278007,0.0052309488450024,0.0046790677796245675,1,1
5.6,47.0,4.1,275.5,122.99999999999999,4.1,9.864982578397216,9.909650485552216,0.009825465311753767,0.01002497027274113,-0.0010571097602024813,0.000420009872379957,1,1
5.0,47.0,4.4,248.2,132.0,4.4,10.14,10.184667907155001,-0.005397040696025535,-0.005534109896345507,0.008630818800237316,0.007019357491852517,1,1
4.9,52.0,4.5,245.00000000000003,135.8,4.526666666666667,10.100680272108844,10.145348179263845,-0.003497654343754597,-0.0036350755259573764,0.008763779975056011,0.007255967922772456,1,1
5.0,20.0,4.8,244.0,144.0,4.8,9.900000000000002,9.944667907155003,0.006506284626935255,0.006468637895658269,0.01559070979154859,0.012419357491852509,1,1
4.8,80.0,4.6,240.0,144.0,4.8,10.000000000000002,10.044667907155002,0.0025062846269352512,0.002400540005291496,0.0024383961873821218,0.0027107704549807323,1,1
4.9,74.0,4.0,245.00000000000003,141.60000000000002,4.720000000000001,9.961224489795917,10.005892396950918,0.00428561956234319,0.004230812252872251,0.003363288118929447,0.0027661720044051064,1,1
5.0,63.0,4.0,250.0,133.0,4.433333333333334,10.110000000000001,10.154667907155002,-0.0022550969191121872,-0.0023472782976063367,0.004759701486639895,0.0038193574918525142,1,1
5.5,27.0,4.5,252.0,135.0,4.5,10.012121212121214,10.056789119276214,0.002428790634714628,0.002399145743725184,0.005629558291657922,0.00505627466320913,1,1
4.9,63.0,4.4,245.00000000000003,138.5,4.616666666666666,10.032467532467532,10.077135439622532,0.000125593853911532,2.6630853842635194e-05,0.005830417397202386,0.005011069963588782,1,1
5.5,44.0,4.1,266.6,122.99999999999999,4.1,10.068292682926831,10.112960590081832,0.0009254653117537481,0.0009734524666750732,0.0014776433709956082,0.001965365572300037,1,1
4.8,71.0,4.2,240.0,138.6,4.62,10.160714285714286,10.205382192869287,-0.004740211768397118,-0.004922872754308527,0.0055872190504070935,0.004585770454980732,1,1
5.1,58.0,4.2,254.99999999999997,133.2,4.4399999999999995,9.96638655462185,10.011054461776851,0.0030132918362705263,0.0030090815749668764,0.004160507012240505,0.0036547709994000214,1,1
4.9,70.0,4.2,245.00000000000003,140.0,4.666666666666667,10.000000000000002,10.044667907155002,0.002138509519281684,0.0020609121759536664,0.004175656347468572,0.0035824985350173507,1,1
5.5,32.0,4.4,255.2,132.0,4.4,10.036363636363635,10.081031543518636,0.001602959303974416,0.0015850614117963735,0.004380981356193672,0.004147183754118224,1,1
5.5,37.0,4.4,260.7,132.0,4.4,9.9,9.944667907155,0.007102959303974421,0.0071786960110507,0.002976993320869194,0.0032380928450273104,1,1
5.6,23.0,4.6,252.99999999999997,138.0,4.6,9.899068322981368,9.943736230136368,0.007454621965454877,0.007484732860539023,0.004904977310053875,0.004705724158094241,1,1
4.8,54.0,4.8,240.0,144.0,4.8,10.000000000000002,10.044667907155002,0.0025062846269352512,0.002400540005291496,0.009428311771348953,0.008127437121647403,1,1
4.8,78.0,4.5,240.0,143.4,4.78,10.016666666666667,10.061334573821668,0.0017011183607872349,0.0015868274764470613,0.0031554025013721407,0.003127437121647404,1,1
4.9,36.0,4.8,243.60000000000002,144.0,4.8,9.908163265306122,9.952831172461122,0.006106284626935299,0.006061828106621647,0.01279030838851366,0.010521274045221431,1,1
5.0,67.0,4.0,250.0,137.0,4.566666666666666,9.99,10.034667907155,0.00311267818854144,0.0030774718946899315,0.0036365110583803147,0.0030193574918525173,1,1
4.8,50.0,4.7,240.0,141.0,4.7,10.079787234042554,10.124455141197554,-0.0015195467038049415,-0.0016680226389307329,0.010706913299468764,0.008960770454980732,1,1
5.0,64.0,4.4,250.0,140.4,4.680000000000001,9.861818181818183,9.906486088973184,0.007675287030047051,0.007688509558141765,0.0038572594801340896,0.0036193574918525115,1,1
5.2,27.0,4.6,246.2,138.0,4.6,10.028428093645486,10.073096000800486,0.0006546219654548491,0.0005689664469155642,0.010551228121807945,0.008496514756657234,1,1
5.0,58.0,4.3,250.0,134.6,4.486666666666666,10.029767441860466,10.074435349015467,-0.00010798687605073631,-0.00017737822068780718,0.005697456222383694,0.004819357491852514,1,1
5.4,24.0,4.6,249.20000000000002,138.0,4.6,9.971014492753625,10.015682399908625,0.0036546219654548517,0.0036200398646906717,0.0080089003229958,0.006716104816661605,1,1
4.8,48.0,4.7,239.79999999999998,141.0,4.7,10.085106382978724,10.129774290133724,-0.0017195467038049195,-0.0018714275334490993,0.011268508513598556,0.009377437121647405,1,1
5.5,46.0,4.2,269.8,126.0,4.2,9.875324675324675,9.919992582479676,0.008151296642494033,0.00829649342319072,0.0007606370570055884,0.0016017292086636771,1,1
5.6,34.0,4.4,260.79999999999995,132.0,4.4,9.915584415584416,9.960252322739416,0.00720295930397441,0.0072803984583098,0.002127025832060478,0.0027414384438085265,1,1
5.2,39.0,4.5,252.3,135.0,4.5,9.966666666666665,10.011334573821665,0.0027287906347146507,0.002704253085502706,0.007337067936889422,0.006188822448964928,1,1
5.3,53.0,4.2,265.0,129.3,4.3100000000000005,9.85714285714286,9.90181076429786,0.0077797111063082625,0.00789019486339504,0.00217977442755815,0.002400834221187765,1,1
5.3,48.0,4.1,262.59999999999997,122.99999999999999,4.1,10.116889093419237,10.161557000574238,-0.0030745346882462554,-0.0030946454236917553,0.0037391735627428577,0.003344230447602861,1,1
5.5,42.0,4.2,264.6,126.0,4.2,10.01038961038961,10.055057517544611,0.0029512966424939946,0.0030079661657139156,0.001883827485265172,0.0023290019359364037,1,1
4.8,65.0,4.5,240.0,139.5,4.65,10.125,10.169667907155,-0.003532462369175038,-0.0037023039610418196,0.006805771393215786,0.0058357704549807324,1,1
4.9,49.0,4.5,244.60000000000002,135.0,4.5,10.133333333333333,10.178001240488333,-0.004971209365285334,-0.005126835353453318,0.009606172796250697,0.007868212820731635,1,1
4.8,19.0,4.8,240.0,144.0,4.8,10.000000000000002,10.044667907155002,0.0025062846269352512,0.002400540005291496,0.0192562280186203,0.015419103788314075,1,1
5.4,20.0,4.7,249.0,141.0,4.7,9.881796690307329,9.92646459746233,0.0074804532961950665,0.007485197614394479,0.008976679651395154,0.007456845557402346,1,1
5.0,39.0,4.6,245.6,138.0,4.6,10.027826086956521,10.072493994111522,5.4621965454859644e-05,-4.124823663947952e-05,0.010566377457036025,0.008619357491852511,1,1
5.0,56.0,4.3,250.0,133.2,4.4399999999999995,10.068837209302327,10.113505116457327,-0.001986708163729478,-0.002076040787991562,0.006259051436513482,0.005219357491852513,1,1
4.9,41.0,4.6,242.3,138.0,4.6,10.107364685004438,10.152032592159438,-0.0032453780345451655,-0.0033974289961920534,0.011697142552909639,0.00950086588195613,1,1
5.0,52.0,4.6,250.0,138.79999999999998,4.626666666666666,9.892173913043479,9.93684182019848,0.005528176986985545,0.005518609481223236,0.006916008565192383,0.006019357491852517,1,1
5.3,38.0,4.5,255.4,135.0,4.5,9.90188679245283,9.94655469960783,0.005828790634714642,0.005857028950536969,0.005925505233950902,0.005231022900433054,1,1
5.5,28.0,4.5,253.0,135.0,4.5,9.987878787878788,10.032546695033789,0.003428790634714629,0.0034161702163168495,0.0053487606845930265,0.004874456481390951,1,1
4.9,64.0,4.1,245.00000000000003,134.2,4.473333333333333,10.178198108511697,10.222866015666698,-0.005644764386816048,-0.005804975602875906,0.006015853089718175,0.004806988330935716,1,1
4.8,72.0,4.0,240.0,137.6,4.586666666666667,10.200000000000001,10.244667907155002,-0.0060821555453105525,-0.006279060302382566,0.005617243643062654,0.004377437121647404,1,1
4.9,65.0,4.1,245.00000000000003,135.0,4.5,10.1543056246889,10.198973531843901,-0.0045712093652853225,-0.004720025564416641,0.005735055482653281,0.0046029066982826595,1,1
5.1,47.0,4.4,252.89999999999998,132.0,4.4,10.029411764705884,10.074079671860884,-0.0006970406960256081,-0.0007540948751645349,0.006938458490233899,0.0058116337444980605,1,1
5.2,34.0,4.5,248.8,135.0,4.5,10.056410256410256,10.101078163565257,-0.0007712093652853524,-0.0008553325685682345,0.0087410559722139,0.007150360910503388,1,1
5.5,48.0,4.0,272.0,120.0,4.0,10.036363636363637,10.081031543518638,0.002299633981013627,0.00239682197444796,0.0005098640425962534,0.0012380928450273104,1,1
5.4,32.0,4.5,253.8,135.0,4.5,9.955555555555556,10.000223462710556,0.004228790634714652,0.00422978979439026,0.00591793056633686,0.005234623335180125,1,1
5.0,56.0,4.5,250.0,138.0,4.6,9.92,9.964667907155,0.004454621965454875,0.004433659442764026,0.005948229236793026,0.005219357491852513,1,1
5.2,21.0,4.6,242.59999999999997,138.0,4.6,10.118729096989968,10.163397004144969,-0.0029453780345451985,-0.003092321654414587,0.012236013764197317,0.009650360910503395,1,1
5.2,49.0,4.2,259.0,126.0,4.2,10.082417582417584,10.127085489572584,-0.0026487033575059993,-0.0026873708807995667,0.0049953251658211495,0.004265745525888,1,1
4.9,71.0,4.1,245.00000000000003,139.8,4.66,10.010950721752115,10.055618628907116,0.0018701207638990303,0.0017896746663388918,0.004050269840263906,0.003378416902364293,1,1
4.8,40.0,4.8,240.0,144.0,4.8,10.000000000000002,10.044667907155002,0.0025062846269352512,0.002400540005291496,0.013359478270257493,0.011044103788314075,1,1
5.0,63.0,4.3,250.0,138.1,4.6033333333333335,9.932093023255815,9.976760930410816,0.004588816343146174,0.004569278197571414,0.004293468187059213,0.0038193574918525142,1,1
4.9,65.0,4.7,245.00000000000003,144.0,4.8,9.874077290490666,9.918745197645666,0.007506284626935256,0.00748566236824999,0.004802588883491915,0.0046029066982826595,1,1
5.1,44.0,4.4,250.79999999999998,132.0,4.4,10.085561497326204,10.130229404481204,-0.002797040696025599,-0.002889846267607077,0.007780851311428587,0.006399869038615712,1,1
5.3,39.0,4.4,255.1,132.0,4.4,10.006003430531733,10.050671337686733,0.0015029593039744271,0.001483358964537218,0.0058001187267462334,0.005042343655150034,1,1
4.9,58.0,4.4,245.00000000000003,136.0,4.533333333333333,10.102040816326532,10.146708723481533,-0.0032292655883719434,-0.003363838016342602,0.007234405432526867,0.006031478126854083,1,1
5.0,34.0,4.6,243.6,138.0,4.6,10.08,10.124667907155,-0.0019453780345451421,-0.0020752971818228105,0.011970365492360507,0.009619357491852512,1,1
4.9,68.0,4.0,245.00000000000003,136.2,4.54,10.126530612244897,10.171198519399898,-0.00296087683298929,-0.0030926005067277718,0.005048073761318819,0.003990661800323473,1,1
5.4,45.0,4.3,264.5,129.0,4.3,9.88372093023256,9.92838883738756,0.006877127973234254,0.006974826362676934,0.002578383874213673,0.0028272159277727125,1,1
4.8,69.0,4.3,240.0,138.5,4.616666666666666,10.159883720930234,10.204551628085234,-0.0048744061460884724,-0.005058491509115914,0.005993403164676658,0.005002437121647404,1,1
5.5,34.0,4.3,255.8,129.0,4.3,10.1276955602537,10.172363467408701,-0.0018228720267657872,-0.0018732865488708117,0.003974797241924109,0.003783547390481857,1,1
5.3,44.0,4.3,259.0,129.0,4.3,10.004387889425187,10.049055796580188,0.0013771279732341934,0.0013811917634226067,0.0045515417912819845,0.0040989474287349385,1,1
5.3,34.0,4.4,250.6,132.0,4.4,10.121783876500857,10.166451783655857,-0.002997040696025577,-0.0030932511621254433,0.007204106762070711,0.005985739881565123,1,1
5.5,31.0,4.4,254.10000000000002,132.0,4.4,10.063636363636363,10.108304270791363,0.0005029593039744817,0.00046633449194555254,0.004661778963258568,0.004329001935936404,1,1
4.8,68.0,4.3,240.0,138.0,4.6,10.174418604651164,10.219086511806164,-0.005545378034545134,-0.005736585283152962,0.006274200771741552,0.005210770454980732,1,1
5.1,41.0,4.4,248.7,132.0,4.4,10.141711229946525,10.186379137101525,-0.00489704069602559,-0.005025597660049674,0.008623244132623272,0.0069881043327333576,1,1
5.0,35.0,4.5,242.5,135.0,4.5,10.200000000000001,10.244667907155002,-0.00707120936528538,-0.007262586745895916,0.011844978985155834,0.009419357491852515,1,1
5.0,52.0,4.4,250.0,133.20000000000002,4.44,10.058181818181819,10.102849725336819,-0.001986708163729478,-0.0020760407879915066,0.007226830764912837,0.006019357491852517,1,1
5.3,42.0,4.3,257.0,129.0,4.3,10.057042562527425,10.101710469682425,-0.0006228720267658083,-0.0006528571817607243,0.005113137005411776,0.004476305919300976,1,1
5.0,47.0,4.5,248.5,135.0,4.5,10.04,10.084667907155,-0.001071209365285375,-0.0011604399103457563,0.008475407700377087,0.007019357491852517,1,1
4.9,68.0,4.2,245.00000000000003,138.60000000000002,4.620000000000001,10.040816326530614,10.085484233685614,0.00025978823160294207,0.00016224960865002247,0.004737251561598364,0.003990661800323473,1,1
4.8,72.0,4.3,240.0,140.0,4.666666666666667,10.116279069767444,10.160946976922444,-0.002861490480718376,-0.003024210187004772,0.005151010343481972,0.004377437121647404,1,1
5.4,37.0,4.3,255.70000000000002,129.0,4.3,10.11111111111111,10.155779018266111,-0.0019228720267657762,-0.001974988996129967,0.0048247647307328384,0.004308697409254193,1,1
4.8,64.0,4.6,240.0,140.8,4.693333333333333,10.086956521739129,10.13162442889413,-0.0017879354591876506,-0.0019392601485455074,0.006931157900420453,0.006044103788314068,1,1
4.8,67.0,4.4,240.0,138.8,4.626666666666667,10.147727272727273,10.192395179882274,-0.004471823013014409,-0.0046516352446936415,0.006399587278946221,0.005419103788314068,1,1
5.2,48.0,4.3,258.20000000000005,129.0,4.3,10.003577817531307,10.048245724686307,0.0005771279732342816,0.0005675721853492521,0.005120711673025818,0.004458053218195694,1,1
5.1,45.0,4.5,251.99999999999997,135.0,4.5,9.960784313725492,10.005452220880493,0.002428790634714628,0.0023991457437251285,0.007344642604503464,0.0062037906072431636,1,1
5.0,61.0,4.0,250.0,131.0,4.366666666666666,10.17,10.214667907155,-0.004938984472938945,-0.005059653393754526,0.005321296700769687,0.004219357491852513,1,1
5.1,59.0,4.1,254.99999999999997,132.0,4.4,10.014347202295554,10.059015109450554,0.0014029593039744381,0.001381656517278007,0.004035120505035836,0.0034586925680274733,1,1
4.8,73.0,4.2,240.0,139.79999999999998,4.659999999999999,10.125000000000002,10.169667907155002,-0.003129879236101085,-0.0032954476966196578,0.005025623836277302,0.004169103788314068,1,1
5.0,59.0,4.5,250.0,139.5,4.65,9.88,9.924667907155001,0.006467537630824971,0.006467940764875113,0.00510583641559834,0.004619357491852511,1,1
5.1,31.0,4.6,245.5,138.0,4.6,10.0383631713555,10.083031078510501,-4.537803454518485e-05,-0.00014295068389863497,0.011120398003551777,0.008948888646458847,1,1
4.8,79.0,4.6,240.0,143.79999999999998,4.793333333333333,10.005434782608699,10.0501026897637,0.002237895871552542,0.0021293024956766105,0.0027191937944470194,0.002919103788314068,1,1
4.9,70.0,4.6,245.00000000000003,144.0,4.8,9.875776397515528,9.920444304670529,0.007506284626935256,0.00748566236824999,0.0035540119480276617,0.0035824985350173507,1,1
5.1,27.0,4.7,245.8,141.0,4.7,9.942428035043806,9.987095942198806,0.004280453296195086,0.004230719302101116,0.012088177331951132,0.009733202371949048,1,1
4.9,72.0,4.0,245.00000000000003,139.8,4.66,10.016326530612245,10.060994437767246,0.0018701207638990303,0.0017896746663388918,0.003924883333059239,0.0031743352697112285,1,1
4.8,68.0,4.5,240.0,140.39999999999998,4.679999999999999,10.100000000000001,10.144667907155002,-0.0023247129699530134,-0.002481735167775223,0.005963378572021096,0.005210770454980732,1,1
4.8,75.0,4.8,240.0,144.0,4.8,10.000000000000002,10.044667907155002,0.0025062846269352512,0.002400540005291496,0.0035315620229861445,0.003752437121647404,1,1
5.6,29.0,4.5,256.9,135.0,4.5,9.907142857142857,9.951810764297857,0.007328790634714588,0.007382565659424467,0.0033756027675247305,0.0036342955866656723,1,1
4.9,45.0,4.7,244.00000000000003,141.0,4.7,9.978289188015632,10.022957095170632,0.002480453296195062,0.0024000752514360957,0.010418541024789826,0.00868453935134388,1,1
5.0,68.0,4.2,250.0,140.4,4.680000000000001,9.874285714285715,9.918953621440716,0.007675287030047051,0.007688509558141765,0.003044891251594962,0.002819357491852514,1,1
5.5,38.0,4.3,260.6,129.0,4.3,10.005919661733616,10.050587568888616,0.0029771279732342393,0.003008430919569316,0.002851606813664527,0.0030562746632091303,1,1
5.1,40.0,4.4,248.0,132.0,4.4,10.160427807486633,10.205095714641633,-0.005597040696025568,-0.005737514790863818,0.00890404173968817,0.007184182764105905,1,1
5.5,42.0,4.3,265.4,129.0,4.3,9.884143763213531,9.928811670368532,0.007777127973234155,0.007890148388009444,0.001728416385404945,0.0023290019359364037,1,1
4.8,53.0,4.7,240.0,141.3,4.71,10.071808510638299,10.116476417793299,-0.0011169635707308778,-0.0012611663745085155,0.009864520478274075,0.008335770454980733,1,1
5.5,37.0,4.2,258.1,126.0,4.2,10.17922077922078,10.22388868637578,-0.0035487033575059557,-0.0036026929061320767,0.00328781552058965,0.0032380928450273104,1,1
5.1,30.0,4.6,245.0,138.0,4.6,10.051150895140665,10.095818802295666,-0.0005453780345451298,-0.0006514629201944677,0.011401195610616675,0.009144967077831396,1,1
4.8,71.0,4.4,240.0,140.4,4.680000000000001,10.102272727272728,10.146940634427729,-0.002324712969952958,-0.0024817351677751676,0.0052763968506866375,0.004585770454980732,1,1
4.8,78.0,4.4,240.0,143.20000000000002,4.773333333333334,10.022727272727273,10.067395179882274,0.0014327296054045258,0.0013155899668322868,0.003310813601232368,0.003127437121647404,1,1
5.6,32.0,4.4,258.4,132.0,4.4,9.974025974025974,10.018693881180974,0.004802959303974397,0.004839539724089792,0.00268862104619027,0.0030985813009513875,1,1
5.6,23.0,4.5,250.29999999999998,135.0,4.5,10.064285714285715,10.108953621440715,0.0007287906347145934,0.0006702041403192638,0.0050603884099141025,0.004705724158094241,1,1
5.1,48.0,4.3,253.39999999999998,129.0,4.3,10.11217510259918,10.15684300975418,-0.004222872026765856,-0.0043141452830908755,0.006813071983029234,0.005615555313125512,1,1
4.8,59.0,4.6,240.0,139.79999999999998,4.659999999999999,10.11413043478261,10.15879834193761,-0.003129879236101085,-0.0032954476966196578,0.008335145935744932,0.007085770454980733,1,1
4.9,35.0,4.6,240.5,138.0,4.6,10.155279503105591,10.199947410260592,-0.005045378034545189,-0.0052280730468570735,0.013381928195299011,0.01072535567787449,1,1
4.9,68.0,4.6,245.00000000000003,143.4,4.78,9.891748003549246,9.936415910704246,0.006701118360787239,0.006671949839405555,0.0041156071621574536,0.003990661800323473,1,1
5.2,48.0,4.2,258.0,126.0,4.2,10.109890109890111,10.154558017045112,-0.003648703357506,-0.0037043953533912877,0.005276122772886045,0.004458053218195694,1,1
5.1,47.0,4.5,253.2,135.0,4.5,9.929411764705884,9.974079671860885,0.003628790634714607,0.003619575110835216,0.006783047390373672,0.0058116337444980605,1,1
4.9,61.0,4.2,245.00000000000003,133.7,4.456666666666666,10.183673469387756,10.228341376542756,-0.006315736275272821,-0.006483069376912953,0.0067028348110526334,0.005419233228894903,1,1
4.8,55.0,4.8,240.0,144.0,4.8,10.000000000000002,10.044667907155002,0.0025062846269352512,0.002400540005291496,0.00914751416428406,0.007919103788314069,1,1
5.6,49.0,4.0,278.4,120.0,4.0,9.900000000000002,9.944667907155003,0.008699633981013588,0.008905778599034797,-0.0014632938744720443,6.286701523710291e-05,1,1
5.1,20.0,4.6,240.0,138.0,4.6,10.179028132992329,10.22369604014733,-0.005545378034545134,-0.005736585283152962,0.01420917168126563,0.011105751391556893,1,1
5.5,30.0,4.4,253.0,132.0,4.4,10.090909090909092,10.135576998064092,-0.0005970406960255636,-0.0006523924279053794,0.0049425765703234635,0.0045108201177545834,1,1
4.9,73.0,4.4,245.00000000000003,143.5,4.783333333333333,9.893320964749536,9.937988871904537,0.006835312738478594,0.006807568594212943,0.00302244132655343,0.002970253637058171,1,1
4.8,41.0,4.7,239.1,141.0,4.7,10.10372340425532,10.14839131141032,-0.0024195467038049534,-0.0025833446642632985,0.013234091763052826,0.010835770454980732,1,1
5.1,60.0,4.1,254.99999999999997,133.0,4.433333333333334,9.985652797704448,10.030320704859449,0.002744903080887817,0.002737844065352102,0.0037543228979709416,0.003262614136654925,1,1
5.3,51.0,4.0,265.0,121.3,4.043333333333333,10.123584905660378,10.168252812815378,-0.002955839108998992,-0.0029593055211975527,0.003052191841408397,0.002778192711753803,1,1
4.8,31.0,4.7,238.09999999999997,141.0,4.7,10.130319148936172,10.174987056091172,-0.0034195467038049543,-0.003600369136854964,0.01604206783370178,0.012919103788314075,1,1
5.2,32.0,4.5,247.4,135.0,4.5,10.092307692307692,10.136975599462692,-0.002171209365285365,-0.0022791668301965773,0.009302651186343689,0.0075349762951187746,1,1
5.0,54.0,4.3,250.0,131.8,4.3933333333333335,10.107906976744188,10.152574883899188,-0.00386542945140822,-0.003974703355295206,0.006820646650643274,0.005619357491852511,1,1
5.6,41.0,4.1,266.5,122.99999999999999,4.1,10.100174216027877,10.144842123182878,0.0008254653117537591,0.0008717500194158623,0.0006276758821868924,0.0014914384438085265,1,1
5.3,41.0,4.4,256.9,132.0,4.4,9.959691252144083,10.004359159299083,0.0033029593039743954,0.003314003015202238,0.005238523512616442,0.004664985164583996,1,1
5.4,35.0,4.5,256.5,135.0,4.5,9.88888888888889,9.93355679604389,0.006928790634714632,0.00697575587038779,0.0050755377451421725,0.0046790677796245675,1,1
4.8,61.0,4.7,240.0,142.1,4.736666666666666,10.050531914893616,10.095199822048617,-4.340854920020787e-05,-0.0001762163360492508,0.007618139621754911,0.006669103788314068,1,1
4.8,77.0,4.6,240.0,143.4,4.78,10.01630434782609,10.06097225498109,0.0017011183607872349,0.0015868274764470613,0.0032807890085768112,0.0033357704549807324,1,1
5.4,34.0,4.4,254.00000000000003,132.0,4.4,10.05050505050505,10.09517295766005,0.00040295930397449276,0.0003646320446863971,0.005511746452067296,0.004864252964809751,1,1
5.1,42.0,4.6,251.0,138.0,4.6,9.897698209718671,9.942366116873671,0.0054546219654548755,0.005450683915355692,0.008031624325837924,0.006792025901360809,1,1
4.8,45.0,4.7,239.5,141.0,4.7,10.09308510638298,10.13775301353798,-0.0020195467038048864,-0.0021765348752265656,0.012110901334793242,0.010002437121647403,1,1
5.6,42.0,4.0,267.2,120.0,4.0,10.200000000000001,10.244667907155002,-0.0025003660189863997,-0.0024848954939921675,0.0005022893749822253,0.001312867015237103,1,1
4.9,19.0,4.8,241.89999999999998,144.0,4.8,9.951530612244898,9.996198519399899,0.004406284626935264,0.004332886503215672,0.017563867708616884,0.013990661800323479,1,1
5.4,41.0,4.4,261.0,132.0,4.4,9.873737373737374,9.918405280892374,0.0074029593039744435,0.007483803352828222,0.003546163202613026,0.003567956668513453,1,1
5.0,64.0,4.3,250.0,138.8,4.626666666666667,9.912558139534884,9.957226046689884,0.0055281769869856,0.005518609481223236,0.0040126705799943185,0.0036193574918525115,1,1
5.0,41.0,4.6,246.4,138.0,4.6,10.006956521739133,10.051624428894133,0.000854621965454827,0.0007723713414338751,0.010004782242906237,0.008219357491852514,1,1
4.9,74.0,4.1,245.00000000000003,142.20000000000002,4.74,9.939273270283723,9.983941177438723,0.005090785828491207,0.005044524781716686,0.0032078770190692198,0.0027661720044051064,1,1
5.3,32.0,4.5,250.6,135.0,4.5,10.022641509433964,10.067309416588964,0.0010287906347146158,0.0009753114820967856,0.007610290876340276,0.006363098372131162,1,1
5.2,36.0,4.5,250.20000000000002,135.0,4.5,10.02051282051282,10.065180727667821,0.0006287906347146599,0.0005685016930601638,0.008179460758084109,0.006765745525888001,1,1
4.8,48.0,4.6,239.59999999999997,138.0,4.6,10.173913043478262,10.218580950633262,-0.005945378034545201,-0.006143395072189695,0.011423919613458785,0.009377437121647405,1,1
4.9,64.0,4.4,245.00000000000003,139.0,4.633333333333334,10.018552875695732,10.063220782850733,0.0007965657423683048,0.0007047246278796271,0.0055496197901374915,0.004806988330935716,1,1
4.9,59.0,4.7,245.00000000000003,142.8,4.760000000000001,9.905340859748154,9.950008766903155,0.005895952094639223,0.005858237310561121,0.006487374525881287,0.005827396494201025,1,1
5.3,42.0,4.2,256.2,126.0,4.2,10.183288409703504,10.227956316858505,-0.005448703357506024,-0.005535039404056363,0.005268548105272003,0.004476305919300976,1,1
5.2,49.0,4.4,259.2,132.0,4.4,9.881118881118882,9.925786788273882,0.00560295930397442,0.0056531593021631465,0.0046845029661006935,0.004265745525888,1,1
4.9,69.0,4.6,245.00000000000003,143.7,4.79,9.883762200532386,9.928430107687387,0.0071037014938612475,0.007078806103827773,0.0038348095550925594,0.003786580167670415,1,1
5.0,68.0,4.1,250.0,139.2,4.64,9.91609756097561,9.96076546813061,0.006064954497750907,0.006061084500452896,0.00320030235145519,0.002819357491852514,1,1
4.9,56.0,4.7,245.00000000000003,142.20000000000002,4.74,9.9209726443769,9.9656405515319,0.005090785828491207,0.005044524781716686,0.007329767347075973,0.006439641392160212,1,1
5.1,31.0,4.5,243.6,135.0,4.5,10.180392156862746,10.225060064017747,-0.00597120936528539,-0.0061438598260450394,0.011275809103412002,0.008948888646458847,1,1
4.8,77.0,4.3,240.0,142.5,4.75,10.043604651162791,10.088272558317792,0.0004933689615651549,0.0003662586831803538,0.0037470223081574943,0.0033357704549807324,1,1
5.6,21.0,4.5,248.1,135.0,4.5,10.116666666666667,10.161334573821668,-0.0014712093652853864,-0.0015672496993824336,0.005621983624043894,0.005062867015237103,1,1
4.8,29.0,4.8,240.0,144.0,4.8,10.000000000000002,10.044667907155002,0.0025062846269352512,0.002400540005291496,0.016448251947971344,0.013335770454980732,1,1
5.1,53.0,4.3,254.99999999999997,131.4,4.38,10.002735978112177,10.047403885267178,0.0005977930378263663,0.0005679439884335724,0.005409083947704754,0.00463516315626277,1,1
5.2,45.0,4.3,255.5,129.0,4.3,10.076028622540251,10.120696529695252,-0.002122872026765754,-0.002178393890648278,0.005963104494220504,0.005034976295118774,1,1
4.9,65.0,4.4,245.00000000000003,139.5,4.65,10.004638218923933,10.049306126078934,0.0014675376308249666,0.0013828184019166745,0.005268822183072597,0.0046029066982826595,1,1
4.8,75.0,4.1,240.0,140.5,4.683333333333334,10.106707317073171,10.151375224228172,-0.002190518592261659,-0.0023461164129677248,0.004619439722007738,0.003752437121647404,1,1
4.9,69.0,4.5,245.00000000000003,142.60000000000002,4.753333333333334,9.9156462585034,9.960314165658401,0.005627563339256569,0.005586999800946291,0.0039902206549527865,0.003786580167670415,1,1
5.4,19.0,4.7,248.3,141.0,4.7,9.898345153664303,9.943013060819304,0.006780453296195088,0.006773280483580335,0.009257477258460049,0.007642030742587529,1,1
5.2,57.0,4.1,260.0,130.7,4.3566666666666665,9.942776735459663,9.987444642614664,0.004658432393987,0.004703735067740189,0.002904355409162212,0.0027272839874264675,1,1
5.1,33.0,4.6,246.49999999999997,138.0,4.6,10.012787723785166,10.057455630940167,0.000954621965454816,0.0008740737886930305,0.010558802789421985,0.008556731783713752,1,1
5.2,23.0,4.7,246.5,141.0,4.7,9.930441898527006,9.975109805682006,0.004980453296195064,0.0049426364329152594,0.011519007450207296,0.009265745525888,1,1
5.6,39.0,4.2,264.59999999999997,126.0,4.2,10.035714285714286,10.080382192869287,0.002951296642493939,0.00300796616571386,0.0010338599964564562,0.0018485813009513877,1,1
5.2,57.0,4.0,260.0,128.4,4.28,10.026923076923076,10.071590984078076,0.001571961707086178,0.0015845037071698376,0.003059766509022439,0.0027272839874264675,1,1
5.4,33.0,4.4,253.00000000000003,132.0,4.4,10.075757575757576,10.120425482912577,-0.0005970406960255081,-0.0006523924279053239,0.0057925440591321915,0.005049438149994942,1,1
5.0,26.0,4.6,240.39999999999998,138.0,4.6,10.163478260869567,10.208146168024568,-0.005145378034545178,-0.0053297754941162845,0.01421674634887967,0.01121935749185252,1,1
5.5,33.0,4.3,254.6,129.0,4.3,10.158139534883722,10.202807442038722,-0.003022872026765766,-0.003093715915980899,0.004255594848989005,0.0039653655723000366,1,1
4.9,63.0,4.3,245.00000000000003,136.8,4.5600000000000005,10.086378737541528,10.131046644696529,-0.0021557105668411625,-0.0022788879778832816,0.0059858284970626145,0.005011069963588782,1,1
4.9,43.0,4.8,244.3,144.0,4.8,9.89030612244898,9.93497402960398,0.006806284626935277,0.006773745237435791,0.010824725139059391,0.009092702616650001,1,1
4.8,73.0,4.3,240.0,140.5,4.683333333333334,10.101744186046513,10.146412093201514,-0.002190518592261659,-0.0023461164129677248,0.0048702127364170745,0.004169103788314068,1,1
5.5,26.0,4.6,253.39999999999998,138.0,4.6,9.879841897233202,9.924509804388203,0.007854621965454833,0.007891542649575756,0.005754944798862591,0.00523809284502731,1,1
5.5,44.0,4.2,267.2,126.0,4.2,9.942857142857143,9.987525050012144,0.005551296642493986,0.00565222979445229,0.0013222322711353802,0.001965365572300037,1,1
5.0,58.0,4.2,250.0,132.4,4.413333333333333,10.102857142857143,10.147525050012144,-0.0030602631852602036,-0.0031609908264507713,0.005852867322243921,0.004819357491852514,1,1
5.0,61.0,4.2,250.0,134.8,4.493333333333334,10.034285714285714,10.078953621440714,0.0001604018793319728,9.385928892696738e-05,0.005010474501049232,0.004219357491852513,1,1
4.9,76.0,4.0,245.00000000000003,143.4,4.78,9.906122448979593,9.950790356134593,0.006701118360787239,0.006671949839405555,0.002801692904799655,0.0023580087390989847,1,1
4.9,31.0,4.6,239.3,138.0,4.6,10.187222715173029,10.231890622328029,-0.006245378034545168,-0.0064485024139671054,0.014505118623558595,0.011541682208486734,1,1
5.0,62.0,4.1,250.0,133.8,4.46,10.074146341463415,10.118814248618415,-0.0011815418975814618,-0.001262328259147072,0.0048850879938445654,0.004019357491852517,1,1
4.8,29.0,4.7,237.89999999999998,141.0,4.7,10.13563829787234,10.18030620502734,-0.0036195467038049323,-0.0038037740313733304,0.016603663047831573,0.013335770454980732,1,1
4.8,71.0,4.8,240.0,144.0,4.8,10.000000000000002,10.044667907155002,0.0025062846269352512,0.002400540005291496,0.004654752451245728,0.004585770454980732,1,1
5.2,54.0,4.1,260.0,127.39999999999999,4.246666666666666,10.03564727954972,10.08031518670472,0.0002300179301727434,0.00022831615909574277,0.003746748230356898,0.003304207064349541,1,1
5.4,28.0,4.6,252.4,138.0,4.6,9.893719806763285,9.938387713918285,0.006854621965454832,0.00687451817698409,0.006885709894736215,0.0059753640759208655,1,1
4.8,72.0,4.5,240.0,141.6,4.72,10.066666666666668,10.111334573821669,-0.0007143804376569252,-0.0008543101100862982,0.004840188143761516,0.004377437121647404,1,1
4.9,46.0,4.6,243.8,138.0,4.6,10.067435669920144,10.112103577075144,-0.0017453780345451086,-0.0018718922873044996,0.010293154517585158,0.008480457718690822,1,1
5.1,37.0,4.5,247.2,135.0,4.5,10.086274509803923,10.130942416958924,-0.0023712093652853428,-0.0024825717247149437,0.00959102346102263,0.007772418058223551,1,1
4.9,72.0,4.5,245.00000000000003,143.8,4.793333333333334,9.88299319727891,9.927661104433911,0.007237895871552658,0.00721442485863516,0.0031478278337581005,0.0031743352697112285,1,1
5.5,42.0,4.1,263.8,122.99999999999999,4.1,10.142793791574281,10.187461698729281,-0.0018745346882461655,-0.001874216056581668,0.0020392385851254,0.0023290019359364037,1,1
4.9,26.0,4.7,240.20000000000002,141.0,4.7,10.077290490664351,10.121958397819352,-0.001319546703804908,-0.0014646177444123665,0.015753695559022843,0.012562090371752049,1,1
5.0,59.0,4.3,250.0,135.3,4.510000000000001,10.010232558139535,10.054900465294535,0.0008313737677886346,0.0007719530629640148,0.005416658615318796,0.004619357491852511,1,1
4.8,65.0,4.8,240.0,144.0,4.8,10.000000000000002,10.044667907155002,0.0025062846269352512,0.002400540005291496,0.006339538093635104,0.0058357704549807324,1,1
5.2,44.0,4.3,254.60000000000002,129.0,4.3,10.100178890876565,10.144846798031566,-0.003022872026765766,-0.003093715915980788,0.0062439021012854,0.005227283987426468,1,1
5.6,30.0,4.4,256.0,132.0,4.4,10.032467532467532,10.077135439622532,0.002402959303974439,0.002398680989869728,0.0032502162603200617,0.0034557241580942416,1,1
5.5,43.0,4.1,265.2,122.99999999999999,4.1,10.105543237250556,10.150211144405556,-0.0004745346882462087,-0.0004503817949533251,0.0017584409780605041,0.002147183754118224,1,1
5.0,20.0,4.7,241.0,141.0,4.7,10.059574468085108,10.104242375240108,-0.0005195467038049406,-0.0006509981663390119,0.015746120891408817,0.012419357491852509,1,1
5.0,57.0,4.4,250.0,136.2,4.54,9.976363636363638,10.021031543518639,0.0020391231670107146,0.001992521856230667,0.005822842729588359,0.005019357491852517,1,1
4.9,64.0,4.7,245.00000000000003,143.8,4.793333333333334,9.879287885366914,9.923955792521914,0.007237895871552658,0.00721442485863516,0.005083386490556809,0.004806988330935716,1,1
4.8,69.0,4.5,240.0,140.7,4.6899999999999995,10.091666666666667,10.136334573821667,-0.0019221298368790052,-0.0020748789033529502,0.005682580964956202,0.005002437121647404,1,1
5.2,51.0,4.1,260.0,124.1,4.136666666666667,10.128517823639775,10.173185730794776,-0.0041983965336414575,-0.004247102749548648,0.004589141051551586,0.0038811301412726208,1,1
5.2,38.0,4.5,251.6,135.0,4.5,9.984615384615385,10.029283291770385,0.0020287906347146167,0.0019923359546885067,0.007617865543954318,0.006381130141272621,1,1
4.9,31.0,4.7,241.2,141.0,4.7,10.051237516283111,10.095905423438111,-0.00031954670380496264,-0.00044759327182070097,0.014349707523698366,0.011541682208486734,1,1
5.4,26.0,4.6,250.8,138.0,4.6,9.932367149758454,9.977035056913454,0.005254621965454898,0.005247279020837381,0.007447305108866007,0.006345734446291232,1,1
4.9,27.0,4.8,242.7,144.0,4.8,9.931122448979593,9.975790356134594,0.005206284626935287,0.005146506081289026,0.015317486852097722,0.012358008739098977,1,1
4.8,58.0,4.6,240.0,139.6,4.653333333333333,10.119565217391305,10.164233124546305,-0.003398267991483739,-0.0035666852062344323,0.00861594354280983,0.007294103788314068,1,1
4.8,76.0,4.3,240.0,142.0,4.733333333333333,10.058139534883722,10.102807442038722,-0.00017760292689156243,-0.0003118350908566381,0.0040278199152223885,0.003544103788314068,1,1
5.0,48.0,4.5,249.0,135.0,4.5,10.026666666666667,10.071334573821668,-0.0005712093652853745,-0.0006519276740499236,0.008194610093312193,0.006819357491852514,1,1
5.6,33.0,4.3,257.9,129.0,4.3,10.093853820598008,10.138521727753009,0.00027712797323420357,0.00026246484357167477,0.002563234538985603,0.0029200098723799572,1,1
5.2,45.0,4.5,256.5,135.0,4.5,9.85897435897436,9.90364226612936,0.006928790634714632,0.00697575587038779,0.005652282294500048,0.005034976295118774,1,1
5.0,37.0,4.5,243.5,135.0,4.5,10.173333333333334,10.218001240488334,-0.006071209365285379,-0.00624556227330425,0.011283383771026046,0.009019357491852517,1,1
5.6,31.0,4.4,257.2,132.0,4.4,10.003246753246753,10.047914660401753,0.003602959303974418,0.00361911035697976,0.002969418653255166,0.003277152729522818,1,1
5.4,52.0,4.0,270.0,122.8,4.093333333333333,9.977777777777778,10.022445684932778,0.004057076556371109,0.004160098163872028,0.0010790339243400855,0.001530919631476422,1,1
5.1,39.0,4.5,248.39999999999998,135.0,4.5,10.054901960784314,10.099569867939314,-0.001171209365285364,-0.0012621423576049118,0.009029428246892835,0.007380261195478454,1,1
4.8,52.0,4.8,240.0,144.0,4.8,10.000000000000002,10.044667907155002,0.0025062846269352512,0.002400540005291496,0.009989906985478745,0.008544103788314068,1,1
4.9,24.0,4.8,242.4,144.0,4.8,9.938775510204081,9.983443417359082,0.0049062846269352645,0.00484139873951156,0.01615987967329241,0.012970253637058164,1,1
5.6,47.0,4.0,275.2,120.0,4.0,9.985714285714288,10.030382192869288,0.0054996339810136075,0.005651300286741379,-0.0009016986603422542,0.000420009872379957,1,1
4.8,69.0,4.2,240.0,137.4,4.58,10.196428571428571,10.241096478583572,-0.006350544300693206,-0.0065502978119973965,0.006148814264536885,0.005002437121647404,1,1
4.9,72.0,4.4,245.00000000000003,143.0,4.766666666666667,9.907235621521336,9.951903528676336,0.006164340850021877,0.006129474820175951,0.0033032389336183276,0.0031743352697112285,1,1
5.0,46.0,4.7,248.8,141.0,4.7,9.860425531914895,9.905093439069896,0.0072804532961950885,0.007281792719876168,0.008445383107721527,0.007219357491852513,1,1
4.9,71.0,4.2,245.00000000000003,140.70000000000002,4.69,9.979591836734693,10.024259743889694,0.0030778701631211103,0.0030102434596055994,0.0038948587404036778,0.003378416902364293,1,1
5.2,53.0,4.0,260.0,123.6,4.12,10.165384615384616,10.210052522539616,-0.004869368422098175,-0.004925196523585695,0.004182956937282021,0.0034965147566572343,1,1
5.1,33.0,4.5,244.79999999999998,135.0,4.5,10.149019607843137,10.193687514998137,-0.0047712093652854115,-0.0049234304589350075,0.01071421388928221,0.008556731783713752,1,1
5.5,49.0,4.0,273.5,120.0,4.0,9.995454545454548,10.040122452609548,0.0037996339810135726,0.003922358683335514,0.0002290664355313575,0.0010562746632091305,1,1
5.3,23.0,4.6,246.09999999999997,138.0,4.6,10.038556193601314,10.083224100756315,0.0005546219654548046,0.00046726399965640875,0.00998205824006411,0.008061211579678335,1,1
5.0,53.0,4.3,250.0,131.1,4.37,10.127441860465117,10.172109767620118,-0.004804790095247646,-0.0049240346389470835,0.00710144425770817,0.005819357491852514,1,1
4.8,80.0,4.0,240.0,144.0,4.8,10.000000000000002,10.044667907155002,0.0025062846269352512,0.002400540005291496,0.003370862786543487,0.0027107704549807323,1,1
5.5,22.0,4.6,249.79999999999998,138.0,4.6,9.96521739130435,10.00988529845935,0.004254621965454841,0.004230254548245604,0.006878135227122175,0.005965365572300037,1,1
5.1,51.0,4.2,254.99999999999997,126.9,4.23,10.142857142857144,10.187525050012145,-0.005440953958283923,-0.005534899977899743,0.006126090261694773,0.0050273200190078665,1,1
5.0,66.0,4.0,250.0,136.0,4.533333333333333,10.020000000000001,10.064667907155002,0.0017707344116280055,0.0017212843466158367,0.003917308665445209,0.003219357491852513,1,1
5.6,24.0,4.5,251.39999999999998,135.0,4.5,10.038095238095238,10.082763145250238,0.0018287906347145833,0.0017889310601701403,0.004779590802849208,0.0045271527295228185,1,1
5.0,55.0,4.2,250.0,130.0,4.333333333333333,10.17142857142857,10.216096478583571,-0.00628092824985238,-0.006415840941828566,0.006695260143438607,0.005419357491852516,1,1
4.9,42.0,4.8,244.20000000000002,144.0,4.8,9.892857142857142,9.937525050012143,0.006706284626935288,0.00667204279017658,0.011105522746124285,0.009296784249303067,1,1
5.3,25.0,4.5,245.0,135.0,4.5,10.163522012578616,10.208189919733616,-0.004571209365285378,-0.004720025564416697,0.009575874125794543,0.0076838530891122974,1,1
4.8,69.0,4.8,240.0,144.0,4.8,10.000000000000002,10.044667907155002,0.0025062846269352512,0.002400540005291496,0.00521634766537552,0.005002437121647404,1,1
5.5,39.0,4.2,260.7,126.0,4.2,10.111688311688312,10.156356218843312,-0.00094870335750602,-0.000958429277393702,0.002726220306459858,0.0028744564813909506,1,1
5.3,50.0,4.0,265.0,120.0,4.0,10.160377358490567,10.205045265645568,-0.004700366018986379,-0.004722349333693809,0.003332989448473293,0.0029668719570368225,1,1
5.4,31.0,4.5,252.9,135.0,4.5,9.977777777777778,10.022445684932778,0.00332879063471464,0.003314467769057694,0.006198728173401756,0.005419808520365308,1,1
4.8,31.0,4.8,240.0,144.0,4.8,10.000000000000002,10.044667907155002,0.0025062846269352512,0.002400540005291496,0.015886656733841556,0.012919103788314075,1,1
4.8,74.0,4.7,240.0,143.39999999999998,4.779999999999999,10.015957446808512,10.060625353963513,0.0017011183607871794,0.0015868274764470058,0.003967770729911269,0.0039607704549807325,1,1
5.4,47.0,4.2,266.40000000000003,126.0,4.2,9.936507936507935,9.981175843662935,0.004751296642494018,0.004838610216378991,0.002172199759944108,0.002456845557402346,1,1
4.8,26.0,4.8,240.0,144.0,4.8,10.000000000000002,10.044667907155002,0.0025062846269352512,0.002400540005291496,0.01729064476916603,0.013960770454980733,1,1
5.2,49.0,4.3,259.1,129.0,4.3,9.979427549194991,10.024095456349992,0.0014771279732342935,0.0014828942106817622,0.004839914065960922,0.004265745525888,1,1
5.0,60.0,4.3,250.0,136.0,4.533333333333333,9.990697674418605,10.035365581573606,0.0017707344116280055,0.0017212843466158367,0.005135861008253902,0.004419357491852516,1,1
5.4,33.0,4.5,254.70000000000002,135.0,4.5,9.933333333333334,9.978001240488334,0.005128790634714664,0.00514511181972277,0.005637132959271964,0.005049438149994942,1,1
5.4,40.0,4.2,258.0,126.0,4.2,10.158730158730158,10.203398065885159,-0.003648703357506,-0.0037043953533912877,0.004137783009398378,0.0037531418536986437,1,1
5.0,23.0,4.7,241.9,141.0,4.7,10.03659574468085,10.081263651835851,0.0003804532961950713,0.0002643238589934982,0.014903728070214128,0.011819357491852514,1,1
5.1,61.0,4.2,254.99999999999997,135.89999999999998,4.529999999999999,9.89075630252101,9.935424209676011,0.006636540033936655,0.006670787954766888,0.003318114191045816,0.0030665357052823763,1,1
5.3,38.0,4.4,254.20000000000002,132.0,4.4,10.029159519725557,10.073827426880557,0.0006029593039744707,0.000568036939204708,0.006080916333811129,0.005231022900433054,1,1
5.0,29.0,4.7,243.7,141.0,4.7,9.990638297872339,10.03530620502734,0.002180453296195095,0.0020949679096585183,0.013218942427824756,0.010619357491852511,1,1
5.4,50.0,4.0,270.0,120.0,4.0,10.055555555555555,10.100223462710556,0.00029963398101362504,0.0003627730292646292,0.0016406291384698773,0.001901290001846789,1,1
5.0,40.0,4.6,246.0,138.0,4.6,10.017391304347827,10.062059211502827,0.0004546219654548711,0.0003655615523972533,0.010285579849971131,0.008419357491852516,1,1
4.9,70.0,4.4,245.00000000000003,142.0,4.733333333333333,9.935064935064934,9.979732842219935,0.0048223970731084975,0.004773287272101856,0.003864834147748116,0.0035824985350173507,1,1
5.0,62.0,4.4,250.0,139.2,4.64,9.894545454545455,9.939213361700455,0.006064954497750907,0.006061084500452896,0.0044188546942638815,0.004019357491852517,1,1
4.9,67.0,4.0,245.00000000000003,135.3,4.510000000000001,10.154081632653062,10.198749539808063,-0.004168626232211314,-0.004313169299994424,0.0053288713683837165,0.004194743432976537,1,1
5.0,61.0,4.3,250.0,136.7,4.556666666666667,9.971162790697674,10.015830697852675,0.0027100950554673764,0.0026706156302676587,0.0048550634011890045,0.004219357491852513,1,1
5.1,44.0,4.5,251.39999999999998,135.0,4.5,9.976470588235296,10.021138495390296,0.0018287906347145833,0.0017889310601701403,0.00762544021156836,0.006399869038615712,1,1
4.8,76.0,4.2,240.0,141.6,4.72,10.071428571428573,10.116096478583573,-0.0007143804376569252,-0.0008543101100862982,0.004183231015082616,0.003544103788314068,1,1
4.9,43.0,4.7,243.60000000000002,141.0,4.7,9.988710377768129,10.03337828492313,0.002080453296195106,0.001993265462399363,0.010980136238919618,0.009092702616650001,1,1
5.0,28.0,4.8,245.6,144.0,4.8,9.86,9.904667907155,0.0081062846269353,0.008095877051804978,0.013344328935029423,0.010819357491852515,1,1
5.2,30.0,4.6,248.0,138.0,4.6,9.983277591973245,10.027945499128245,0.002454621965454873,0.0023996104975805843,0.009708835300613259,0.007919591679734155,1,1
4.9,44.0,4.6,243.20000000000002,138.0,4.6,10.08340727595386,10.12807518310886,-0.0023453780345451536,-0.0024821069708595433,0.010854749731714953,0.008888620983996945,1,1
5.4,25.0,4.5,247.5,135.0,4.5,10.11111111111111,10.155779018266111,-0.002071209365285376,-0.002177464382937422,0.00788351381579113,0.006530919631476422,1,1
4.8,67.0,4.7,240.0,142.7,4.756666666666666,10.034574468085106,10.079242375240106,0.0007617577169478085,0.0006374961927951839,0.005933353979365539,0.005419103788314068,1,1
5.5,22.0,4.5,247.0,135.0,4.5,10.133333333333335,10.178001240488335,-0.0025712093652853762,-0.00268597661923331,0.007033546326982402,0.005965365572300037,1,1
5.1,51.0,4.4,254.99999999999997,132.70000000000002,4.423333333333334,9.954545454545455,9.999213361700455,0.0023423199478138645,0.0023309878009298846,0.005815268061974317,0.0050273200190078665,1,1
5.3,50.0,4.2,265.0,126.0,4.2,9.946091644204852,9.990759551359853,0.003351296642494006,0.003414775954750593,0.003022167248752838,0.0029668719570368225,1,1
5.0,51.0,4.5,250.0,135.5,4.516666666666667,9.986666666666666,10.031334573821667,0.0010997625231713437,0.0010431905725787893,0.007352217272117506,0.006219357491852513,1,1
5.0,46.0,4.5,248.0,135.0,4.5,10.053333333333335,10.098001240488335,-0.0015712093652853754,-0.001668952146641589,0.008756205307441981,0.007219357491852513,1,1
4.9,62.0,4.3,245.00000000000003,136.2,4.54,10.103464641670621,10.148132548825622,-0.00296087683298929,-0.0030926005067277718,0.006266626104127512,0.005215151596241838,1,1
5.1,21.0,4.6,240.49999999999997,138.0,4.6,10.166240409207163,10.210908316362163,-0.005045378034545189,-0.005228073046857129,0.013928374074200733,0.010909672960184337,1,1
4.9,19.0,4.7,238.8,141.0,4.7,10.113764654798091,10.158432561953092,-0.0027195467038049204,-0.002888452006040765,0.017719278808477113,0.013990661800323479,1,1
5.2,56.0,4.0,260.0,127.2,4.24,10.061538461538461,10.106206368693462,-3.83708252099102e-05,-4.292135051903179e-05,0.003340564116087333,0.002919591679734154,1,1
4.9,72.0,4.3,245.00000000000003,142.20000000000002,4.74,9.932605600379688,9.977273507534688,0.005090785828491207,0.005044524781716686,0.0034586500334785565,0.0031743352697112285,1,1
5.2,58.0,4.1,260.0,131.79999999999998,4.393333333333333,9.911819887429644,9.956487794584644,0.0061345705485917335,0.006195541370621671,0.0026235578020973177,0.002534976295118774,1,1
4.9,53.0,4.7,245.00000000000003,141.6,4.72,9.936604429005644,9.981272336160645,0.004285619562343079,0.004230812252872196,0.00817216016827066,0.0070518862901193914,1,1
5.6,30.0,4.3,254.0,129.0,4.3,10.191029900332227,10.235697807487227,-0.003622872026765811,-0.003703930599535832,0.0034056273601802906,0.0034557241580942416,1,1
5.0,27.0,4.6,240.8,138.0,4.6,10.153043478260871,10.197711385415872,-0.004745378034545111,-0.004922965705079607,0.013935948741814776,0.011019357491852518,1,1
5.1,50.0,4.4,254.99999999999997,132.0,4.4,9.973262032085564,10.017929939240565,0.0014029593039744381,0.001381656517278007,0.006096065669039213,0.005223398450380415,1,1
4.8,65.0,4.7,240.0,142.5,4.75,10.039893617021278,10.084561524176278,0.0004933689615651549,0.0003662586831803538,0.006494949193495331,0.0058357704549807324,1,1
4.8,68.0,4.4,240.0,139.2,4.64,10.136363636363637,10.181031543518637,-0.0039350455022491015,-0.004109160225464092,0.0061187896718813235,0.005210770454980732,1,1
5.3,37.0,4.3,252.0,129.0,4.3,10.18867924528302,10.23334715243802,-0.005622872026765813,-0.005737979544719274,0.006517125040736254,0.005419702145716066,1,1
5.2,37.0,4.6,252.2,138.0,4.6,9.877926421404682,9.922594328559683,0.006654621965454854,0.006671113282465668,0.007743252051158987,0.006573437833580315,1,1
5.1,40.0,4.5,249.0,135.0,4.5,10.039215686274511,10.083883593429512,-0.0005712093652853745,-0.0006519276740499236,0.008748630639827941,0.007184182764105905,1,1
5.2,55.0,4.1,260.0,128.5,4.283333333333333,10.0046904315197,10.0493583386747,0.0017061560847775326,0.0017201224619772804,0.0034659506232920037,0.0031118993720418474,1,1
5.4,50.0,4.1,270.0,122.99999999999999,4.1,9.945799457994582,9.990467365149582,0.004325465311753818,0.004431335673486803,0.0014852180386096502,0.001901290001846789,1,1
4.8,79.0,4.1,240.0,143.29999999999998,4.776666666666666,10.021341463414636,10.066009370569637,0.0015669239830958803,0.0014512087216396186,0.0034962492937481576,0.002919103788314068,1,1
5.4,37.0,4.4,257.0,132.0,4.4,9.974747474747476,10.019415381902476,0.00340295930397444,0.003415705462461449,0.00466935363087261,0.004308697409254193,1,1
