battery_id,model,cycle,soh_true_matr,soh_pred,usage_boundary
1,linear_recent,151,1.0033736443534562,1.0033501556840623,audit_only_not_for_training_or_tuning
1,linear_recent,152,1.0031962568111898,1.0033040503429826,audit_only_not_for_training_or_tuning
1,linear_recent,153,1.003084616652784,1.003257945001903,audit_only_not_for_training_or_tuning
1,linear_recent,154,1.0031087690522267,1.0032118396608234,audit_only_not_for_training_or_tuning
1,linear_recent,155,1.0030977405404455,1.0031657343197438,audit_only_not_for_training_or_tuning
1,linear_recent,156,1.0031040080609679,1.0031196289786641,audit_only_not_for_training_or_tuning
1,linear_recent,157,1.003102784043505,1.0030735236375845,audit_only_not_for_training_or_tuning
1,linear_recent,158,1.003256994947237,1.0030274182965049,audit_only_not_for_training_or_tuning
1,linear_recent,159,1.0032255712478164,1.002981312955425,audit_only_not_for_training_or_tuning
1,linear_recent,160,1.0031729491663672,1.0029352076143454,audit_only_not_for_training_or_tuning
1,linear_recent,161,1.0030204775015688,1.0028891022732658,audit_only_not_for_training_or_tuning
1,linear_recent,162,1.0028187653242489,1.0028429969321861,audit_only_not_for_training_or_tuning
1,linear_recent,163,1.002834323354002,1.0027968915911065,audit_only_not_for_training_or_tuning
1,linear_recent,164,1.0028237537929767,1.002750786250027,audit_only_not_for_training_or_tuning
1,linear_recent,165,1.0029964985976978,1.0027046809089473,audit_only_not_for_training_or_tuning
1,linear_recent,166,1.003080398574704,1.0026585755678676,audit_only_not_for_training_or_tuning
1,linear_recent,167,1.0030816618200222,1.0026124702267878,audit_only_not_for_training_or_tuning
1,linear_recent,168,1.0030895542801357,1.0025663648857082,audit_only_not_for_training_or_tuning
1,linear_recent,169,1.0030470952482937,1.0025202595446285,audit_only_not_for_training_or_tuning
1,linear_recent,170,1.0029901790737292,1.002474154203549,audit_only_not_for_training_or_tuning
1,linear_recent,171,1.0028921819792926,1.0024280488624693,audit_only_not_for_training_or_tuning
1,linear_recent,172,1.0026393583564956,1.0023819435213897,audit_only_not_for_training_or_tuning
1,linear_recent,173,1.0027400008963891,1.00233583818031,audit_only_not_for_training_or_tuning
1,linear_recent,174,1.0025400653113585,1.0022897328392304,audit_only_not_for_training_or_tuning
1,linear_recent,175,1.002631482997271,1.0022436274981505,audit_only_not_for_training_or_tuning
1,linear_recent,176,1.002516107726358,1.002197522157071,audit_only_not_for_training_or_tuning
1,linear_recent,177,1.002453154156424,1.0021514168159913,audit_only_not_for_training_or_tuning
1,linear_recent,178,1.0024258357176712,1.0021053114749117,audit_only_not_for_training_or_tuning
1,linear_recent,179,1.002435118938642,1.002059206133832,audit_only_not_for_training_or_tuning
1,linear_recent,180,1.002343101422933,1.0020131007927524,audit_only_not_for_training_or_tuning
1,linear_recent,181,1.0023606140323114,1.0019669954516728,audit_only_not_for_training_or_tuning
1,linear_recent,182,1.0023263580842472,1.0019208901105932,audit_only_not_for_training_or_tuning
1,linear_recent,183,1.0025339669534248,1.0018747847695133,audit_only_not_for_training_or_tuning
1,linear_recent,184,1.0026017920539771,1.0018286794284337,audit_only_not_for_training_or_tuning
1,linear_recent,185,1.0026069298375726,1.001782574087354,audit_only_not_for_training_or_tuning
1,linear_recent,186,1.0025437418648986,1.0017364687462744,audit_only_not_for_training_or_tuning
1,linear_recent,187,1.002378810001584,1.0016903634051948,audit_only_not_for_training_or_tuning
1,linear_recent,188,1.002208596068011,1.0016442580641152,audit_only_not_for_training_or_tuning
1,linear_recent,189,1.0022069099912974,1.0015981527230355,audit_only_not_for_training_or_tuning
1,linear_recent,190,1.002259152223657,1.001552047381956,audit_only_not_for_training_or_tuning
1,linear_recent,191,1.002343682409329,1.001505942040876,audit_only_not_for_training_or_tuning
1,linear_recent,192,1.0025100054006992,1.0014598366997964,audit_only_not_for_training_or_tuning
1,linear_recent,193,1.0026413554896454,1.0014137313587168,audit_only_not_for_training_or_tuning
1,linear_recent,194,1.002614645563074,1.0013676260176372,audit_only_not_for_training_or_tuning
1,linear_recent,195,1.0026224138401654,1.0013215206765576,audit_only_not_for_training_or_tuning
1,linear_recent,196,1.0025966630787306,1.001275415335478,audit_only_not_for_training_or_tuning
1,linear_recent,197,1.0024886115326626,1.0012293099943983,audit_only_not_for_training_or_tuning
1,linear_recent,198,1.0021585917665825,1.0011832046533187,audit_only_not_for_training_or_tuning
1,linear_recent,199,1.0020056782756084,1.0011370993122388,audit_only_not_for_training_or_tuning
1,linear_recent,200,1.0019773619188586,1.0010909939711592,audit_only_not_for_training_or_tuning
1,policy_mean,151,1.0033736443534562,1.0033386480469966,audit_only_not_for_training_or_tuning
1,policy_mean,152,1.0031962568111898,1.0032810350688512,audit_only_not_for_training_or_tuning
1,policy_mean,153,1.003084616652784,1.0032234220907057,audit_only_not_for_training_or_tuning
1,policy_mean,154,1.0031087690522267,1.0031658091125604,audit_only_not_for_training_or_tuning
1,policy_mean,155,1.0030977405404455,1.0031081961344148,audit_only_not_for_training_or_tuning
1,policy_mean,156,1.0031040080609679,1.0030505831562695,audit_only_not_for_training_or_tuning
1,policy_mean,157,1.003102784043505,1.002992970178124,audit_only_not_for_training_or_tuning
1,policy_mean,158,1.003256994947237,1.0029353571999786,audit_only_not_for_training_or_tuning
1,policy_mean,159,1.0032255712478164,1.0028777442218333,audit_only_not_for_training_or_tuning
1,policy_mean,160,1.0031729491663672,1.0028201312436877,audit_only_not_for_training_or_tuning
1,policy_mean,161,1.0030204775015688,1.0027625182655424,audit_only_not_for_training_or_tuning
1,policy_mean,162,1.0028187653242489,1.0027049052873969,audit_only_not_for_training_or_tuning
1,policy_mean,163,1.002834323354002,1.0026472923092515,audit_only_not_for_training_or_tuning
1,policy_mean,164,1.0028237537929767,1.002589679331106,audit_only_not_for_training_or_tuning
1,policy_mean,165,1.0029964985976978,1.0025320663529607,audit_only_not_for_training_or_tuning
1,policy_mean,166,1.003080398574704,1.0024744533748153,audit_only_not_for_training_or_tuning
1,policy_mean,167,1.0030816618200222,1.0024168403966698,audit_only_not_for_training_or_tuning
1,policy_mean,168,1.0030895542801357,1.0023592274185245,audit_only_not_for_training_or_tuning
1,policy_mean,169,1.0030470952482937,1.002301614440379,audit_only_not_for_training_or_tuning
1,policy_mean,170,1.0029901790737292,1.0022440014622336,audit_only_not_for_training_or_tuning
1,policy_mean,171,1.0028921819792926,1.002186388484088,audit_only_not_for_training_or_tuning
1,policy_mean,172,1.0026393583564956,1.0021287755059427,audit_only_not_for_training_or_tuning
1,policy_mean,173,1.0027400008963891,1.0020711625277974,audit_only_not_for_training_or_tuning
1,policy_mean,174,1.0025400653113585,1.0020135495496518,audit_only_not_for_training_or_tuning
1,policy_mean,175,1.002631482997271,1.0019559365715065,audit_only_not_for_training_or_tuning
1,policy_mean,176,1.002516107726358,1.001898323593361,audit_only_not_for_training_or_tuning
1,policy_mean,177,1.002453154156424,1.0018407106152156,audit_only_not_for_training_or_tuning
1,policy_mean,178,1.0024258357176712,1.00178309763707,audit_only_not_for_training_or_tuning
1,policy_mean,179,1.002435118938642,1.0017254846589247,audit_only_not_for_training_or_tuning
1,policy_mean,180,1.002343101422933,1.0016678716807794,audit_only_not_for_training_or_tuning
1,policy_mean,181,1.0023606140323114,1.0016102587026339,audit_only_not_for_training_or_tuning
1,policy_mean,182,1.0023263580842472,1.0015526457244885,audit_only_not_for_training_or_tuning
1,policy_mean,183,1.0025339669534248,1.001495032746343,audit_only_not_for_training_or_tuning
1,policy_mean,184,1.0026017920539771,1.0014374197681977,audit_only_not_for_training_or_tuning
1,policy_mean,185,1.0026069298375726,1.0013798067900521,audit_only_not_for_training_or_tuning
1,policy_mean,186,1.0025437418648986,1.0013221938119068,audit_only_not_for_training_or_tuning
1,policy_mean,187,1.002378810001584,1.0012645808337615,audit_only_not_for_training_or_tuning
1,policy_mean,188,1.002208596068011,1.001206967855616,audit_only_not_for_training_or_tuning
1,policy_mean,189,1.0022069099912974,1.0011493548774706,audit_only_not_for_training_or_tuning
1,policy_mean,190,1.002259152223657,1.001091741899325,audit_only_not_for_training_or_tuning
1,policy_mean,191,1.002343682409329,1.0010341289211797,audit_only_not_for_training_or_tuning
1,policy_mean,192,1.0025100054006992,1.0009765159430342,audit_only_not_for_training_or_tuning
1,policy_mean,193,1.0026413554896454,1.0009189029648888,audit_only_not_for_training_or_tuning
1,policy_mean,194,1.002614645563074,1.0008612899867435,audit_only_not_for_training_or_tuning
1,policy_mean,195,1.0026224138401654,1.000803677008598,audit_only_not_for_training_or_tuning
1,policy_mean,196,1.0025966630787306,1.0007460640304526,audit_only_not_for_training_or_tuning
1,policy_mean,197,1.0024886115326626,1.000688451052307,audit_only_not_for_training_or_tuning
1,policy_mean,198,1.0021585917665825,1.0006308380741618,audit_only_not_for_training_or_tuning
1,policy_mean,199,1.0020056782756084,1.0005732250960162,audit_only_not_for_training_or_tuning
1,policy_mean,200,1.0019773619188586,1.0005156121178709,audit_only_not_for_training_or_tuning
1,persist,151,1.0033736443534562,1.003396261025142,audit_only_not_for_training_or_tuning
1,persist,152,1.0031962568111898,1.003396261025142,audit_only_not_for_training_or_tuning
1,persist,153,1.003084616652784,1.003396261025142,audit_only_not_for_training_or_tuning
1,persist,154,1.0031087690522267,1.003396261025142,audit_only_not_for_training_or_tuning
1,persist,155,1.0030977405404455,1.003396261025142,audit_only_not_for_training_or_tuning
1,persist,156,1.0031040080609679,1.003396261025142,audit_only_not_for_training_or_tuning
1,persist,157,1.003102784043505,1.003396261025142,audit_only_not_for_training_or_tuning
1,persist,158,1.003256994947237,1.003396261025142,audit_only_not_for_training_or_tuning
1,persist,159,1.0032255712478164,1.003396261025142,audit_only_not_for_training_or_tuning
1,persist,160,1.0031729491663672,1.003396261025142,audit_only_not_for_training_or_tuning
1,persist,161,1.0030204775015688,1.003396261025142,audit_only_not_for_training_or_tuning
1,persist,162,1.0028187653242489,1.003396261025142,audit_only_not_for_training_or_tuning
1,persist,163,1.002834323354002,1.003396261025142,audit_only_not_for_training_or_tuning
1,persist,164,1.0028237537929767,1.003396261025142,audit_only_not_for_training_or_tuning
1,persist,165,1.0029964985976978,1.003396261025142,audit_only_not_for_training_or_tuning
1,persist,166,1.003080398574704,1.003396261025142,audit_only_not_for_training_or_tuning
1,persist,167,1.0030816618200222,1.003396261025142,audit_only_not_for_training_or_tuning
1,persist,168,1.0030895542801357,1.003396261025142,audit_only_not_for_training_or_tuning
1,persist,169,1.0030470952482937,1.003396261025142,audit_only_not_for_training_or_tuning
1,persist,170,1.0029901790737292,1.003396261025142,audit_only_not_for_training_or_tuning
1,persist,171,1.0028921819792926,1.003396261025142,audit_only_not_for_training_or_tuning
1,persist,172,1.0026393583564956,1.003396261025142,audit_only_not_for_training_or_tuning
1,persist,173,1.0027400008963891,1.003396261025142,audit_only_not_for_training_or_tuning
1,persist,174,1.0025400653113585,1.003396261025142,audit_only_not_for_training_or_tuning
1,persist,175,1.002631482997271,1.003396261025142,audit_only_not_for_training_or_tuning
1,persist,176,1.002516107726358,1.003396261025142,audit_only_not_for_training_or_tuning
1,persist,177,1.002453154156424,1.003396261025142,audit_only_not_for_training_or_tuning
1,persist,178,1.0024258357176712,1.003396261025142,audit_only_not_for_training_or_tuning
1,persist,179,1.002435118938642,1.003396261025142,audit_only_not_for_training_or_tuning
1,persist,180,1.002343101422933,1.003396261025142,audit_only_not_for_training_or_tuning
1,persist,181,1.0023606140323114,1.003396261025142,audit_only_not_for_training_or_tuning
1,persist,182,1.0023263580842472,1.003396261025142,audit_only_not_for_training_or_tuning
1,persist,183,1.0025339669534248,1.003396261025142,audit_only_not_for_training_or_tuning
1,persist,184,1.0026017920539771,1.003396261025142,audit_only_not_for_training_or_tuning
1,persist,185,1.0026069298375726,1.003396261025142,audit_only_not_for_training_or_tuning
1,persist,186,1.0025437418648986,1.003396261025142,audit_only_not_for_training_or_tuning
1,persist,187,1.002378810001584,1.003396261025142,audit_only_not_for_training_or_tuning
1,persist,188,1.002208596068011,1.003396261025142,audit_only_not_for_training_or_tuning
1,persist,189,1.0022069099912974,1.003396261025142,audit_only_not_for_training_or_tuning
1,persist,190,1.002259152223657,1.003396261025142,audit_only_not_for_training_or_tuning
1,persist,191,1.002343682409329,1.003396261025142,audit_only_not_for_training_or_tuning
1,persist,192,1.0025100054006992,1.003396261025142,audit_only_not_for_training_or_tuning
1,persist,193,1.0026413554896454,1.003396261025142,audit_only_not_for_training_or_tuning
1,persist,194,1.002614645563074,1.003396261025142,audit_only_not_for_training_or_tuning
1,persist,195,1.0026224138401654,1.003396261025142,audit_only_not_for_training_or_tuning
1,persist,196,1.0025966630787306,1.003396261025142,audit_only_not_for_training_or_tuning
1,persist,197,1.0024886115326626,1.003396261025142,audit_only_not_for_training_or_tuning
1,persist,198,1.0021585917665825,1.003396261025142,audit_only_not_for_training_or_tuning
1,persist,199,1.0020056782756084,1.003396261025142,audit_only_not_for_training_or_tuning
1,persist,200,1.0019773619188586,1.003396261025142,audit_only_not_for_training_or_tuning
1,fusion_pbt_batterygpt,151,1.0033736443534562,1.0033500736579062,audit_only_not_for_training_or_tuning
1,fusion_pbt_batterygpt,152,1.0031962568111898,1.0033038862906702,audit_only_not_for_training_or_tuning
1,fusion_pbt_batterygpt,153,1.003084616652784,1.0032576989234345,audit_only_not_for_training_or_tuning
1,fusion_pbt_batterygpt,154,1.0031087690522267,1.0032115115561988,audit_only_not_for_training_or_tuning
1,fusion_pbt_batterygpt,155,1.0030977405404455,1.0031653241889629,audit_only_not_for_training_or_tuning
1,fusion_pbt_batterygpt,156,1.0031040080609679,1.0031191368217272,audit_only_not_for_training_or_tuning
1,fusion_pbt_batterygpt,157,1.003102784043505,1.0030729494544912,audit_only_not_for_training_or_tuning
1,fusion_pbt_batterygpt,158,1.003256994947237,1.0030267620872555,audit_only_not_for_training_or_tuning
1,fusion_pbt_batterygpt,159,1.0032255712478164,1.0029805747200198,audit_only_not_for_training_or_tuning
1,fusion_pbt_batterygpt,160,1.0031729491663672,1.0029343873527838,audit_only_not_for_training_or_tuning
1,fusion_pbt_batterygpt,161,1.0030204775015688,1.0028881999855481,audit_only_not_for_training_or_tuning
1,fusion_pbt_batterygpt,162,1.0028187653242489,1.0028420126183124,audit_only_not_for_training_or_tuning
1,fusion_pbt_batterygpt,163,1.002834323354002,1.0027958252510765,audit_only_not_for_training_or_tuning
1,fusion_pbt_batterygpt,164,1.0028237537929767,1.0027496378838407,audit_only_not_for_training_or_tuning
1,fusion_pbt_batterygpt,165,1.0029964985976978,1.002703450516605,audit_only_not_for_training_or_tuning
1,fusion_pbt_batterygpt,166,1.003080398574704,1.002657263149369,audit_only_not_for_training_or_tuning
1,fusion_pbt_batterygpt,167,1.0030816618200222,1.0026110757821334,audit_only_not_for_training_or_tuning
1,fusion_pbt_batterygpt,168,1.0030895542801357,1.0025648884148977,audit_only_not_for_training_or_tuning
1,fusion_pbt_batterygpt,169,1.0030470952482937,1.0025187010476617,audit_only_not_for_training_or_tuning
1,fusion_pbt_batterygpt,170,1.0029901790737292,1.002472513680426,audit_only_not_for_training_or_tuning
1,fusion_pbt_batterygpt,171,1.0028921819792926,1.00242632631319,audit_only_not_for_training_or_tuning
1,fusion_pbt_batterygpt,172,1.0026393583564956,1.0023801389459543,audit_only_not_for_training_or_tuning
1,fusion_pbt_batterygpt,173,1.0027400008963891,1.0023339515787186,audit_only_not_for_training_or_tuning
1,fusion_pbt_batterygpt,174,1.0025400653113585,1.0022877642114827,audit_only_not_for_training_or_tuning
1,fusion_pbt_batterygpt,175,1.002631482997271,1.002241576844247,audit_only_not_for_training_or_tuning
1,fusion_pbt_batterygpt,176,1.002516107726358,1.0021953894770113,audit_only_not_for_training_or_tuning
1,fusion_pbt_batterygpt,177,1.002453154156424,1.0021492021097753,audit_only_not_for_training_or_tuning
1,fusion_pbt_batterygpt,178,1.0024258357176712,1.0021030147425396,audit_only_not_for_training_or_tuning
1,fusion_pbt_batterygpt,179,1.002435118938642,1.0020568273753039,audit_only_not_for_training_or_tuning
1,fusion_pbt_batterygpt,180,1.002343101422933,1.002010640008068,audit_only_not_for_training_or_tuning
1,fusion_pbt_batterygpt,181,1.0023606140323114,1.0019644526408322,audit_only_not_for_training_or_tuning
1,fusion_pbt_batterygpt,182,1.0023263580842472,1.0019182652735963,audit_only_not_for_training_or_tuning
1,fusion_pbt_batterygpt,183,1.0025339669534248,1.0018720779063606,audit_only_not_for_training_or_tuning
1,fusion_pbt_batterygpt,184,1.0026017920539771,1.0018258905391249,audit_only_not_for_training_or_tuning
1,fusion_pbt_batterygpt,185,1.0026069298375726,1.001779703171889,audit_only_not_for_training_or_tuning
1,fusion_pbt_batterygpt,186,1.0025437418648986,1.0017335158046532,audit_only_not_for_training_or_tuning
1,fusion_pbt_batterygpt,187,1.002378810001584,1.0016873284374175,audit_only_not_for_training_or_tuning
1,fusion_pbt_batterygpt,188,1.002208596068011,1.0016411410701815,audit_only_not_for_training_or_tuning
1,fusion_pbt_batterygpt,189,1.0022069099912974,1.0015949537029458,audit_only_not_for_training_or_tuning
1,fusion_pbt_batterygpt,190,1.002259152223657,1.00154876633571,audit_only_not_for_training_or_tuning
1,fusion_pbt_batterygpt,191,1.002343682409329,1.0015025789684742,audit_only_not_for_training_or_tuning
1,fusion_pbt_batterygpt,192,1.0025100054006992,1.0014563916012384,audit_only_not_for_training_or_tuning
1,fusion_pbt_batterygpt,193,1.0026413554896454,1.0014102042340027,audit_only_not_for_training_or_tuning
1,fusion_pbt_batterygpt,194,1.002614645563074,1.0013640168667668,audit_only_not_for_training_or_tuning
1,fusion_pbt_batterygpt,195,1.0026224138401654,1.001317829499531,audit_only_not_for_training_or_tuning
1,fusion_pbt_batterygpt,196,1.0025966630787306,1.0012716421322951,audit_only_not_for_training_or_tuning
1,fusion_pbt_batterygpt,197,1.0024886115326626,1.0012254547650594,audit_only_not_for_training_or_tuning
1,fusion_pbt_batterygpt,198,1.0021585917665825,1.0011792673978237,audit_only_not_for_training_or_tuning
1,fusion_pbt_batterygpt,199,1.0020056782756084,1.0011330800305878,audit_only_not_for_training_or_tuning
1,fusion_pbt_batterygpt,200,1.0019773619188586,1.001086892663352,audit_only_not_for_training_or_tuning
2,linear_recent,151,1.0038408487656376,0.9952205842057714,audit_only_not_for_training_or_tuning
2,linear_recent,152,1.0037198579322013,0.9951973549687609,audit_only_not_for_training_or_tuning
2,linear_recent,153,1.0037207398395551,0.9951741257317505,audit_only_not_for_training_or_tuning
2,linear_recent,154,1.0037377168623935,0.9951508964947399,audit_only_not_for_training_or_tuning
2,linear_recent,155,1.003725818039803,0.9951276672577294,audit_only_not_for_training_or_tuning
2,linear_recent,156,1.003705406963732,0.9951044380207189,audit_only_not_for_training_or_tuning
2,linear_recent,157,1.0036360389522352,0.9950812087837083,audit_only_not_for_training_or_tuning
2,linear_recent,158,1.0036824264054638,0.9950579795466978,audit_only_not_for_training_or_tuning
2,linear_recent,159,1.0036997575358346,0.9950347503096874,audit_only_not_for_training_or_tuning
2,linear_recent,160,1.00368864266748,0.9950115210726768,audit_only_not_for_training_or_tuning
2,linear_recent,161,1.003648310457602,0.9949882918356663,audit_only_not_for_training_or_tuning
2,linear_recent,162,1.0036272080764532,0.9949650625986558,audit_only_not_for_training_or_tuning
2,linear_recent,163,1.0035988709903114,0.9949418333616452,audit_only_not_for_training_or_tuning
2,linear_recent,164,1.0035526823207996,0.9949186041246347,audit_only_not_for_training_or_tuning
2,linear_recent,165,1.0035119006457014,0.9948953748876243,audit_only_not_for_training_or_tuning
2,linear_recent,166,1.0034105947191654,0.9948721456506137,audit_only_not_for_training_or_tuning
2,linear_recent,167,1.003337719505188,0.9948489164136032,audit_only_not_for_training_or_tuning
2,linear_recent,168,1.0032991926749446,0.9948256871765927,audit_only_not_for_training_or_tuning
2,linear_recent,169,1.0033628283086082,0.9948024579395821,audit_only_not_for_training_or_tuning
2,linear_recent,170,1.0033864629304419,0.9947792287025716,audit_only_not_for_training_or_tuning
2,linear_recent,171,1.0034929118474298,0.9947559994655611,audit_only_not_for_training_or_tuning
2,linear_recent,172,1.0035393379595416,0.9947327702285506,audit_only_not_for_training_or_tuning
2,linear_recent,173,1.0034736182191273,0.9947095409915401,audit_only_not_for_training_or_tuning
2,linear_recent,174,1.003358431166755,0.9946863117545296,audit_only_not_for_training_or_tuning
2,linear_recent,175,1.0031872002389617,0.994663082517519,audit_only_not_for_training_or_tuning
2,linear_recent,176,1.003258506322123,0.9946398532805085,audit_only_not_for_training_or_tuning
2,linear_recent,177,1.0031563583639955,0.994616624043498,audit_only_not_for_training_or_tuning
2,linear_recent,178,1.0033009248334201,0.9945933948064875,audit_only_not_for_training_or_tuning
2,linear_recent,179,1.0033843861462513,0.994570165569477,audit_only_not_for_training_or_tuning
2,linear_recent,180,1.0034100216515016,0.9945469363324665,audit_only_not_for_training_or_tuning
2,linear_recent,181,1.0034229185324135,0.9945237070954559,audit_only_not_for_training_or_tuning
2,linear_recent,182,1.0033920273856942,0.9945004778584454,audit_only_not_for_training_or_tuning
2,linear_recent,183,1.0032755495416297,0.9944772486214348,audit_only_not_for_training_or_tuning
2,linear_recent,184,1.003206728959322,0.9944540193844243,audit_only_not_for_training_or_tuning
2,linear_recent,185,1.0029856176558516,0.9944307901474139,audit_only_not_for_training_or_tuning
2,linear_recent,186,1.0031032958644681,0.9944075609104033,audit_only_not_for_training_or_tuning
2,linear_recent,187,1.0030725767354614,0.9943843316733928,audit_only_not_for_training_or_tuning
2,linear_recent,188,1.0030472581485164,0.9943611024363823,audit_only_not_for_training_or_tuning
2,linear_recent,189,1.0029431940893432,0.9943378731993717,audit_only_not_for_training_or_tuning
2,linear_recent,190,1.0028577149151485,0.9943146439623612,audit_only_not_for_training_or_tuning
2,linear_recent,191,1.0028027008581477,0.9942914147253508,audit_only_not_for_training_or_tuning
2,linear_recent,192,1.0027463489295447,0.9942681854883402,audit_only_not_for_training_or_tuning
2,linear_recent,193,1.0027301639590764,0.9942449562513297,audit_only_not_for_training_or_tuning
2,linear_recent,194,1.0026726101706358,0.9942217270143192,audit_only_not_for_training_or_tuning
2,linear_recent,195,1.002618684362134,0.9941984977773086,audit_only_not_for_training_or_tuning
2,linear_recent,196,1.0026930505876885,0.9941752685402981,audit_only_not_for_training_or_tuning
2,linear_recent,197,1.0025933877121156,0.9941520393032877,audit_only_not_for_training_or_tuning
2,linear_recent,198,1.0029435552902468,0.9941288100662771,audit_only_not_for_training_or_tuning
2,linear_recent,199,1.0029679598278014,0.9941055808292666,audit_only_not_for_training_or_tuning
2,linear_recent,200,1.0027851671094739,0.9940823515922561,audit_only_not_for_training_or_tuning
2,policy_mean,151,1.0038408487656376,0.9951995474261033,audit_only_not_for_training_or_tuning
2,policy_mean,152,1.0037198579322013,0.9951552814094246,audit_only_not_for_training_or_tuning
2,policy_mean,153,1.0037207398395551,0.9951110153927458,audit_only_not_for_training_or_tuning
2,policy_mean,154,1.0037377168623935,0.9950667493760671,audit_only_not_for_training_or_tuning
2,policy_mean,155,1.003725818039803,0.9950224833593883,audit_only_not_for_training_or_tuning
2,policy_mean,156,1.003705406963732,0.9949782173427095,audit_only_not_for_training_or_tuning
2,policy_mean,157,1.0036360389522352,0.9949339513260308,audit_only_not_for_training_or_tuning
2,policy_mean,158,1.0036824264054638,0.9948896853093521,audit_only_not_for_training_or_tuning
2,policy_mean,159,1.0036997575358346,0.9948454192926733,audit_only_not_for_training_or_tuning
2,policy_mean,160,1.00368864266748,0.9948011532759945,audit_only_not_for_training_or_tuning
2,policy_mean,161,1.003648310457602,0.9947568872593158,audit_only_not_for_training_or_tuning
2,policy_mean,162,1.0036272080764532,0.994712621242637,audit_only_not_for_training_or_tuning
2,policy_mean,163,1.0035988709903114,0.9946683552259583,audit_only_not_for_training_or_tuning
2,policy_mean,164,1.0035526823207996,0.9946240892092796,audit_only_not_for_training_or_tuning
2,policy_mean,165,1.0035119006457014,0.9945798231926007,audit_only_not_for_training_or_tuning
2,policy_mean,166,1.0034105947191654,0.994535557175922,audit_only_not_for_training_or_tuning
2,policy_mean,167,1.003337719505188,0.9944912911592433,audit_only_not_for_training_or_tuning
2,policy_mean,168,1.0032991926749446,0.9944470251425646,audit_only_not_for_training_or_tuning
2,policy_mean,169,1.0033628283086082,0.9944027591258858,audit_only_not_for_training_or_tuning
2,policy_mean,170,1.0033864629304419,0.994358493109207,audit_only_not_for_training_or_tuning
2,policy_mean,171,1.0034929118474298,0.9943142270925283,audit_only_not_for_training_or_tuning
2,policy_mean,172,1.0035393379595416,0.9942699610758495,audit_only_not_for_training_or_tuning
2,policy_mean,173,1.0034736182191273,0.9942256950591708,audit_only_not_for_training_or_tuning
2,policy_mean,174,1.003358431166755,0.994181429042492,audit_only_not_for_training_or_tuning
2,policy_mean,175,1.0031872002389617,0.9941371630258132,audit_only_not_for_training_or_tuning
2,policy_mean,176,1.003258506322123,0.9940928970091345,audit_only_not_for_training_or_tuning
2,policy_mean,177,1.0031563583639955,0.9940486309924558,audit_only_not_for_training_or_tuning
2,policy_mean,178,1.0033009248334201,0.994004364975777,audit_only_not_for_training_or_tuning
2,policy_mean,179,1.0033843861462513,0.9939600989590982,audit_only_not_for_training_or_tuning
2,policy_mean,180,1.0034100216515016,0.9939158329424195,audit_only_not_for_training_or_tuning
2,policy_mean,181,1.0034229185324135,0.9938715669257407,audit_only_not_for_training_or_tuning
2,policy_mean,182,1.0033920273856942,0.993827300909062,audit_only_not_for_training_or_tuning
2,policy_mean,183,1.0032755495416297,0.9937830348923833,audit_only_not_for_training_or_tuning
2,policy_mean,184,1.003206728959322,0.9937387688757044,audit_only_not_for_training_or_tuning
2,policy_mean,185,1.0029856176558516,0.9936945028590257,audit_only_not_for_training_or_tuning
2,policy_mean,186,1.0031032958644681,0.993650236842347,audit_only_not_for_training_or_tuning
2,policy_mean,187,1.0030725767354614,0.9936059708256683,audit_only_not_for_training_or_tuning
2,policy_mean,188,1.0030472581485164,0.9935617048089895,audit_only_not_for_training_or_tuning
2,policy_mean,189,1.0029431940893432,0.9935174387923107,audit_only_not_for_training_or_tuning
2,policy_mean,190,1.0028577149151485,0.993473172775632,audit_only_not_for_training_or_tuning
2,policy_mean,191,1.0028027008581477,0.9934289067589532,audit_only_not_for_training_or_tuning
2,policy_mean,192,1.0027463489295447,0.9933846407422745,audit_only_not_for_training_or_tuning
2,policy_mean,193,1.0027301639590764,0.9933403747255958,audit_only_not_for_training_or_tuning
2,policy_mean,194,1.0026726101706358,0.9932961087089169,audit_only_not_for_training_or_tuning
2,policy_mean,195,1.002618684362134,0.9932518426922382,audit_only_not_for_training_or_tuning
2,policy_mean,196,1.0026930505876885,0.9932075766755595,audit_only_not_for_training_or_tuning
2,policy_mean,197,1.0025933877121156,0.9931633106588807,audit_only_not_for_training_or_tuning
2,policy_mean,198,1.0029435552902468,0.993119044642202,audit_only_not_for_training_or_tuning
2,policy_mean,199,1.0029679598278014,0.9930747786255232,audit_only_not_for_training_or_tuning
2,policy_mean,200,1.0027851671094739,0.9930305126088445,audit_only_not_for_training_or_tuning
2,persist,151,1.0038408487656376,0.995243813442782,audit_only_not_for_training_or_tuning
2,persist,152,1.0037198579322013,0.995243813442782,audit_only_not_for_training_or_tuning
2,persist,153,1.0037207398395551,0.995243813442782,audit_only_not_for_training_or_tuning
2,persist,154,1.0037377168623935,0.995243813442782,audit_only_not_for_training_or_tuning
2,persist,155,1.003725818039803,0.995243813442782,audit_only_not_for_training_or_tuning
2,persist,156,1.003705406963732,0.995243813442782,audit_only_not_for_training_or_tuning
2,persist,157,1.0036360389522352,0.995243813442782,audit_only_not_for_training_or_tuning
2,persist,158,1.0036824264054638,0.995243813442782,audit_only_not_for_training_or_tuning
2,persist,159,1.0036997575358346,0.995243813442782,audit_only_not_for_training_or_tuning
2,persist,160,1.00368864266748,0.995243813442782,audit_only_not_for_training_or_tuning
2,persist,161,1.003648310457602,0.995243813442782,audit_only_not_for_training_or_tuning
2,persist,162,1.0036272080764532,0.995243813442782,audit_only_not_for_training_or_tuning
2,persist,163,1.0035988709903114,0.995243813442782,audit_only_not_for_training_or_tuning
2,persist,164,1.0035526823207996,0.995243813442782,audit_only_not_for_training_or_tuning
2,persist,165,1.0035119006457014,0.995243813442782,audit_only_not_for_training_or_tuning
2,persist,166,1.0034105947191654,0.995243813442782,audit_only_not_for_training_or_tuning
2,persist,167,1.003337719505188,0.995243813442782,audit_only_not_for_training_or_tuning
2,persist,168,1.0032991926749446,0.995243813442782,audit_only_not_for_training_or_tuning
2,persist,169,1.0033628283086082,0.995243813442782,audit_only_not_for_training_or_tuning
2,persist,170,1.0033864629304419,0.995243813442782,audit_only_not_for_training_or_tuning
2,persist,171,1.0034929118474298,0.995243813442782,audit_only_not_for_training_or_tuning
2,persist,172,1.0035393379595416,0.995243813442782,audit_only_not_for_training_or_tuning
2,persist,173,1.0034736182191273,0.995243813442782,audit_only_not_for_training_or_tuning
2,persist,174,1.003358431166755,0.995243813442782,audit_only_not_for_training_or_tuning
2,persist,175,1.0031872002389617,0.995243813442782,audit_only_not_for_training_or_tuning
2,persist,176,1.003258506322123,0.995243813442782,audit_only_not_for_training_or_tuning
2,persist,177,1.0031563583639955,0.995243813442782,audit_only_not_for_training_or_tuning
2,persist,178,1.0033009248334201,0.995243813442782,audit_only_not_for_training_or_tuning
2,persist,179,1.0033843861462513,0.995243813442782,audit_only_not_for_training_or_tuning
2,persist,180,1.0034100216515016,0.995243813442782,audit_only_not_for_training_or_tuning
2,persist,181,1.0034229185324135,0.995243813442782,audit_only_not_for_training_or_tuning
2,persist,182,1.0033920273856942,0.995243813442782,audit_only_not_for_training_or_tuning
2,persist,183,1.0032755495416297,0.995243813442782,audit_only_not_for_training_or_tuning
2,persist,184,1.003206728959322,0.995243813442782,audit_only_not_for_training_or_tuning
2,persist,185,1.0029856176558516,0.995243813442782,audit_only_not_for_training_or_tuning
2,persist,186,1.0031032958644681,0.995243813442782,audit_only_not_for_training_or_tuning
2,persist,187,1.0030725767354614,0.995243813442782,audit_only_not_for_training_or_tuning
2,persist,188,1.0030472581485164,0.995243813442782,audit_only_not_for_training_or_tuning
2,persist,189,1.0029431940893432,0.995243813442782,audit_only_not_for_training_or_tuning
2,persist,190,1.0028577149151485,0.995243813442782,audit_only_not_for_training_or_tuning
2,persist,191,1.0028027008581477,0.995243813442782,audit_only_not_for_training_or_tuning
2,persist,192,1.0027463489295447,0.995243813442782,audit_only_not_for_training_or_tuning
2,persist,193,1.0027301639590764,0.995243813442782,audit_only_not_for_training_or_tuning
2,persist,194,1.0026726101706358,0.995243813442782,audit_only_not_for_training_or_tuning
2,persist,195,1.002618684362134,0.995243813442782,audit_only_not_for_training_or_tuning
2,persist,196,1.0026930505876885,0.995243813442782,audit_only_not_for_training_or_tuning
2,persist,197,1.0025933877121156,0.995243813442782,audit_only_not_for_training_or_tuning
2,persist,198,1.0029435552902468,0.995243813442782,audit_only_not_for_training_or_tuning
2,persist,199,1.0029679598278014,0.995243813442782,audit_only_not_for_training_or_tuning
2,persist,200,1.0027851671094739,0.995243813442782,audit_only_not_for_training_or_tuning
2,fusion_pbt_batterygpt,151,1.0038408487656376,0.9952188342797832,audit_only_not_for_training_or_tuning
2,fusion_pbt_batterygpt,152,1.0037198579322013,0.9951938551167844,audit_only_not_for_training_or_tuning
2,fusion_pbt_batterygpt,153,1.0037207398395551,0.9951688759537854,audit_only_not_for_training_or_tuning
2,fusion_pbt_batterygpt,154,1.0037377168623935,0.9951438967907866,audit_only_not_for_training_or_tuning
2,fusion_pbt_batterygpt,155,1.003725818039803,0.9951189176277878,audit_only_not_for_training_or_tuning
2,fusion_pbt_batterygpt,156,1.003705406963732,0.995093938464789,audit_only_not_for_training_or_tuning
2,fusion_pbt_batterygpt,157,1.0036360389522352,0.9950689593017901,audit_only_not_for_training_or_tuning
2,fusion_pbt_batterygpt,158,1.0036824264054638,0.9950439801387913,audit_only_not_for_training_or_tuning
2,fusion_pbt_batterygpt,159,1.0036997575358346,0.9950190009757924,audit_only_not_for_training_or_tuning
2,fusion_pbt_batterygpt,160,1.00368864266748,0.9949940218127936,audit_only_not_for_training_or_tuning
2,fusion_pbt_batterygpt,161,1.003648310457602,0.9949690426497948,audit_only_not_for_training_or_tuning
2,fusion_pbt_batterygpt,162,1.0036272080764532,0.9949440634867959,audit_only_not_for_training_or_tuning
2,fusion_pbt_batterygpt,163,1.0035988709903114,0.994919084323797,audit_only_not_for_training_or_tuning
2,fusion_pbt_batterygpt,164,1.0035526823207996,0.9948941051607982,audit_only_not_for_training_or_tuning
2,fusion_pbt_batterygpt,165,1.0035119006457014,0.9948691259977994,audit_only_not_for_training_or_tuning
2,fusion_pbt_batterygpt,166,1.0034105947191654,0.9948441468348005,audit_only_not_for_training_or_tuning
2,fusion_pbt_batterygpt,167,1.003337719505188,0.9948191676718017,audit_only_not_for_training_or_tuning
2,fusion_pbt_batterygpt,168,1.0032991926749446,0.9947941885088029,audit_only_not_for_training_or_tuning
2,fusion_pbt_batterygpt,169,1.0033628283086082,0.994769209345804,audit_only_not_for_training_or_tuning
2,fusion_pbt_batterygpt,170,1.0033864629304419,0.9947442301828052,audit_only_not_for_training_or_tuning
2,fusion_pbt_batterygpt,171,1.0034929118474298,0.9947192510198063,audit_only_not_for_training_or_tuning
2,fusion_pbt_batterygpt,172,1.0035393379595416,0.9946942718568075,audit_only_not_for_training_or_tuning
2,fusion_pbt_batterygpt,173,1.0034736182191273,0.9946692926938087,audit_only_not_for_training_or_tuning
2,fusion_pbt_batterygpt,174,1.003358431166755,0.9946443135308098,audit_only_not_for_training_or_tuning
2,fusion_pbt_batterygpt,175,1.0031872002389617,0.9946193343678109,audit_only_not_for_training_or_tuning
2,fusion_pbt_batterygpt,176,1.003258506322123,0.9945943552048121,audit_only_not_for_training_or_tuning
2,fusion_pbt_batterygpt,177,1.0031563583639955,0.9945693760418133,audit_only_not_for_training_or_tuning
2,fusion_pbt_batterygpt,178,1.0033009248334201,0.9945443968788145,audit_only_not_for_training_or_tuning
2,fusion_pbt_batterygpt,179,1.0033843861462513,0.9945194177158156,audit_only_not_for_training_or_tuning
2,fusion_pbt_batterygpt,180,1.0034100216515016,0.9944944385528167,audit_only_not_for_training_or_tuning
2,fusion_pbt_batterygpt,181,1.0034229185324135,0.9944694593898179,audit_only_not_for_training_or_tuning
2,fusion_pbt_batterygpt,182,1.0033920273856942,0.9944444802268191,audit_only_not_for_training_or_tuning
2,fusion_pbt_batterygpt,183,1.0032755495416297,0.9944195010638203,audit_only_not_for_training_or_tuning
2,fusion_pbt_batterygpt,184,1.003206728959322,0.9943945219008214,audit_only_not_for_training_or_tuning
2,fusion_pbt_batterygpt,185,1.0029856176558516,0.9943695427378225,audit_only_not_for_training_or_tuning
2,fusion_pbt_batterygpt,186,1.0031032958644681,0.9943445635748237,audit_only_not_for_training_or_tuning
2,fusion_pbt_batterygpt,187,1.0030725767354614,0.9943195844118249,audit_only_not_for_training_or_tuning
2,fusion_pbt_batterygpt,188,1.0030472581485164,0.9942946052488261,audit_only_not_for_training_or_tuning
2,fusion_pbt_batterygpt,189,1.0029431940893432,0.9942696260858271,audit_only_not_for_training_or_tuning
2,fusion_pbt_batterygpt,190,1.0028577149151485,0.9942446469228283,audit_only_not_for_training_or_tuning
2,fusion_pbt_batterygpt,191,1.0028027008581477,0.9942196677598295,audit_only_not_for_training_or_tuning
2,fusion_pbt_batterygpt,192,1.0027463489295447,0.9941946885968307,audit_only_not_for_training_or_tuning
2,fusion_pbt_batterygpt,193,1.0027301639590764,0.9941697094338319,audit_only_not_for_training_or_tuning
2,fusion_pbt_batterygpt,194,1.0026726101706358,0.9941447302708329,audit_only_not_for_training_or_tuning
2,fusion_pbt_batterygpt,195,1.002618684362134,0.9941197511078341,audit_only_not_for_training_or_tuning
2,fusion_pbt_batterygpt,196,1.0026930505876885,0.9940947719448353,audit_only_not_for_training_or_tuning
2,fusion_pbt_batterygpt,197,1.0025933877121156,0.9940697927818365,audit_only_not_for_training_or_tuning
2,fusion_pbt_batterygpt,198,1.0029435552902468,0.9940448136188376,audit_only_not_for_training_or_tuning
2,fusion_pbt_batterygpt,199,1.0029679598278014,0.9940198344558387,audit_only_not_for_training_or_tuning
2,fusion_pbt_batterygpt,200,1.0027851671094739,0.9939948552928399,audit_only_not_for_training_or_tuning
3,linear_recent,151,1.003539424756989,0.9961036164294559,audit_only_not_for_training_or_tuning
3,linear_recent,152,0.9776834533903132,0.9960829062518106,audit_only_not_for_training_or_tuning
3,linear_recent,153,1.0034146316432466,0.9960621960741654,audit_only_not_for_training_or_tuning
3,linear_recent,154,1.0033763869674859,0.9960414858965202,audit_only_not_for_training_or_tuning
3,linear_recent,155,1.003388850352043,0.9960207757188749,audit_only_not_for_training_or_tuning
3,linear_recent,156,1.003374293972453,0.9960000655412297,audit_only_not_for_training_or_tuning
3,linear_recent,157,1.003386433482272,0.9959793553635845,audit_only_not_for_training_or_tuning
3,linear_recent,158,1.003463309440923,0.9959586451859392,audit_only_not_for_training_or_tuning
3,linear_recent,159,1.0034582258748925,0.995937935008294,audit_only_not_for_training_or_tuning
3,linear_recent,160,1.0034225955475742,0.9959172248306488,audit_only_not_for_training_or_tuning
3,linear_recent,161,1.00339700694108,0.9958965146530036,audit_only_not_for_training_or_tuning
3,linear_recent,162,1.0033438616282682,0.9958758044753583,audit_only_not_for_training_or_tuning
3,linear_recent,163,1.0032796907763188,0.9958550942977131,audit_only_not_for_training_or_tuning
3,linear_recent,164,1.003227006729702,0.9958343841200679,audit_only_not_for_training_or_tuning
3,linear_recent,165,1.0031847276573809,0.9958136739424226,audit_only_not_for_training_or_tuning
3,linear_recent,166,1.0031559773923795,0.9957929637647774,audit_only_not_for_training_or_tuning
3,linear_recent,167,1.0030189006843289,0.9957722535871322,audit_only_not_for_training_or_tuning
3,linear_recent,168,1.0030297601771705,0.9957515434094869,audit_only_not_for_training_or_tuning
3,linear_recent,169,1.0030485743201374,0.9957308332318417,audit_only_not_for_training_or_tuning
3,linear_recent,170,1.0030583572948066,0.9957101230541965,audit_only_not_for_training_or_tuning
3,linear_recent,171,1.0031961392758235,0.9956894128765512,audit_only_not_for_training_or_tuning
3,linear_recent,172,1.0032435094521972,0.9956687026989061,audit_only_not_for_training_or_tuning
3,linear_recent,173,1.0031941752870248,0.9956479925212608,audit_only_not_for_training_or_tuning
3,linear_recent,174,1.0030662652156377,0.9956272823436155,audit_only_not_for_training_or_tuning
3,linear_recent,175,1.0029703429989838,0.9956065721659704,audit_only_not_for_training_or_tuning
3,linear_recent,176,1.0029663330758913,0.9955858619883251,audit_only_not_for_training_or_tuning
3,linear_recent,177,1.0029724798356137,0.9955651518106798,audit_only_not_for_training_or_tuning
3,linear_recent,178,1.0030127752487932,0.9955444416330347,audit_only_not_for_training_or_tuning
3,linear_recent,179,1.0031559084225123,0.9955237314553894,audit_only_not_for_training_or_tuning
3,linear_recent,180,1.0032675339328656,0.9955030212777441,audit_only_not_for_training_or_tuning
3,linear_recent,181,1.0032531969079572,0.995482311100099,audit_only_not_for_training_or_tuning
3,linear_recent,182,1.0032004790220526,0.9954616009224537,audit_only_not_for_training_or_tuning
3,linear_recent,183,1.003092409721767,0.9954408907448085,audit_only_not_for_training_or_tuning
3,linear_recent,184,1.0029769504432278,0.9954201805671633,audit_only_not_for_training_or_tuning
3,linear_recent,185,1.0028332400965294,0.995399470389518,audit_only_not_for_training_or_tuning
3,linear_recent,186,1.0028492896342365,0.9953787602118728,audit_only_not_for_training_or_tuning
3,linear_recent,187,1.002863954885622,0.9953580500342276,audit_only_not_for_training_or_tuning
3,linear_recent,188,1.0028117291030432,0.9953373398565823,audit_only_not_for_training_or_tuning
3,linear_recent,189,1.0027629797319209,0.9953166296789371,audit_only_not_for_training_or_tuning
3,linear_recent,190,1.002678637589718,0.9952959195012919,audit_only_not_for_training_or_tuning
3,linear_recent,191,1.0026608989068142,0.9952752093236467,audit_only_not_for_training_or_tuning
3,linear_recent,192,1.0026339292685298,0.9952544991460014,audit_only_not_for_training_or_tuning
3,linear_recent,193,1.0025517520801264,0.9952337889683562,audit_only_not_for_training_or_tuning
3,linear_recent,194,1.002554389967288,0.995213078790711,audit_only_not_for_training_or_tuning
3,linear_recent,195,1.0025555825895396,0.9951923686130657,audit_only_not_for_training_or_tuning
3,linear_recent,196,1.0025426446665195,0.9951716584354205,audit_only_not_for_training_or_tuning
3,linear_recent,197,1.002599294581908,0.9951509482577753,audit_only_not_for_training_or_tuning
3,linear_recent,198,1.002711941063532,0.99513023808013,audit_only_not_for_training_or_tuning
3,linear_recent,199,1.0027099371384929,0.9951095279024849,audit_only_not_for_training_or_tuning
3,linear_recent,200,1.0025970545705656,0.9950888177248396,audit_only_not_for_training_or_tuning
3,policy_mean,151,1.003539424756989,0.9960671640110151,audit_only_not_for_training_or_tuning
3,policy_mean,152,0.9776834533903132,0.9960100014149292,audit_only_not_for_training_or_tuning
3,policy_mean,153,1.0034146316432466,0.9959528388188433,audit_only_not_for_training_or_tuning
3,policy_mean,154,1.0033763869674859,0.9958956762227574,audit_only_not_for_training_or_tuning
3,policy_mean,155,1.003388850352043,0.9958385136266716,audit_only_not_for_training_or_tuning
3,policy_mean,156,1.003374293972453,0.9957813510305857,audit_only_not_for_training_or_tuning
3,policy_mean,157,1.003386433482272,0.9957241884344998,audit_only_not_for_training_or_tuning
3,policy_mean,158,1.003463309440923,0.9956670258384139,audit_only_not_for_training_or_tuning
3,policy_mean,159,1.0034582258748925,0.995609863242328,audit_only_not_for_training_or_tuning
3,policy_mean,160,1.0034225955475742,0.9955527006462422,audit_only_not_for_training_or_tuning
3,policy_mean,161,1.00339700694108,0.9954955380501563,audit_only_not_for_training_or_tuning
3,policy_mean,162,1.0033438616282682,0.9954383754540704,audit_only_not_for_training_or_tuning
3,policy_mean,163,1.0032796907763188,0.9953812128579845,audit_only_not_for_training_or_tuning
3,policy_mean,164,1.003227006729702,0.9953240502618986,audit_only_not_for_training_or_tuning
3,policy_mean,165,1.0031847276573809,0.9952668876658127,audit_only_not_for_training_or_tuning
3,policy_mean,166,1.0031559773923795,0.9952097250697269,audit_only_not_for_training_or_tuning
3,policy_mean,167,1.0030189006843289,0.995152562473641,audit_only_not_for_training_or_tuning
3,policy_mean,168,1.0030297601771705,0.9950953998775551,audit_only_not_for_training_or_tuning
3,policy_mean,169,1.0030485743201374,0.9950382372814692,audit_only_not_for_training_or_tuning
3,policy_mean,170,1.0030583572948066,0.9949810746853833,audit_only_not_for_training_or_tuning
3,policy_mean,171,1.0031961392758235,0.9949239120892975,audit_only_not_for_training_or_tuning
3,policy_mean,172,1.0032435094521972,0.9948667494932116,audit_only_not_for_training_or_tuning
3,policy_mean,173,1.0031941752870248,0.9948095868971257,audit_only_not_for_training_or_tuning
3,policy_mean,174,1.0030662652156377,0.9947524243010398,audit_only_not_for_training_or_tuning
3,policy_mean,175,1.0029703429989838,0.9946952617049539,audit_only_not_for_training_or_tuning
3,policy_mean,176,1.0029663330758913,0.9946380991088681,audit_only_not_for_training_or_tuning
3,policy_mean,177,1.0029724798356137,0.9945809365127822,audit_only_not_for_training_or_tuning
3,policy_mean,178,1.0030127752487932,0.9945237739166963,audit_only_not_for_training_or_tuning
3,policy_mean,179,1.0031559084225123,0.9944666113206104,audit_only_not_for_training_or_tuning
3,policy_mean,180,1.0032675339328656,0.9944094487245245,audit_only_not_for_training_or_tuning
3,policy_mean,181,1.0032531969079572,0.9943522861284387,audit_only_not_for_training_or_tuning
3,policy_mean,182,1.0032004790220526,0.9942951235323528,audit_only_not_for_training_or_tuning
3,policy_mean,183,1.003092409721767,0.9942379609362669,audit_only_not_for_training_or_tuning
3,policy_mean,184,1.0029769504432278,0.994180798340181,audit_only_not_for_training_or_tuning
3,policy_mean,185,1.0028332400965294,0.9941236357440951,audit_only_not_for_training_or_tuning
3,policy_mean,186,1.0028492896342365,0.9940664731480093,audit_only_not_for_training_or_tuning
3,policy_mean,187,1.002863954885622,0.9940093105519234,audit_only_not_for_training_or_tuning
3,policy_mean,188,1.0028117291030432,0.9939521479558375,audit_only_not_for_training_or_tuning
3,policy_mean,189,1.0027629797319209,0.9938949853597516,audit_only_not_for_training_or_tuning
3,policy_mean,190,1.002678637589718,0.9938378227636657,audit_only_not_for_training_or_tuning
3,policy_mean,191,1.0026608989068142,0.9937806601675798,audit_only_not_for_training_or_tuning
3,policy_mean,192,1.0026339292685298,0.993723497571494,audit_only_not_for_training_or_tuning
3,policy_mean,193,1.0025517520801264,0.9936663349754081,audit_only_not_for_training_or_tuning
3,policy_mean,194,1.002554389967288,0.9936091723793222,audit_only_not_for_training_or_tuning
3,policy_mean,195,1.0025555825895396,0.9935520097832363,audit_only_not_for_training_or_tuning
3,policy_mean,196,1.0025426446665195,0.9934948471871504,audit_only_not_for_training_or_tuning
3,policy_mean,197,1.002599294581908,0.9934376845910646,audit_only_not_for_training_or_tuning
3,policy_mean,198,1.002711941063532,0.9933805219949787,audit_only_not_for_training_or_tuning
3,policy_mean,199,1.0027099371384929,0.9933233593988928,audit_only_not_for_training_or_tuning
3,policy_mean,200,1.0025970545705656,0.9932661968028069,audit_only_not_for_training_or_tuning
3,persist,151,1.003539424756989,0.996124326607101,audit_only_not_for_training_or_tuning
3,persist,152,0.9776834533903132,0.996124326607101,audit_only_not_for_training_or_tuning
3,persist,153,1.0034146316432466,0.996124326607101,audit_only_not_for_training_or_tuning
3,persist,154,1.0033763869674859,0.996124326607101,audit_only_not_for_training_or_tuning
3,persist,155,1.003388850352043,0.996124326607101,audit_only_not_for_training_or_tuning
3,persist,156,1.003374293972453,0.996124326607101,audit_only_not_for_training_or_tuning
3,persist,157,1.003386433482272,0.996124326607101,audit_only_not_for_training_or_tuning
3,persist,158,1.003463309440923,0.996124326607101,audit_only_not_for_training_or_tuning
3,persist,159,1.0034582258748925,0.996124326607101,audit_only_not_for_training_or_tuning
3,persist,160,1.0034225955475742,0.996124326607101,audit_only_not_for_training_or_tuning
3,persist,161,1.00339700694108,0.996124326607101,audit_only_not_for_training_or_tuning
3,persist,162,1.0033438616282682,0.996124326607101,audit_only_not_for_training_or_tuning
3,persist,163,1.0032796907763188,0.996124326607101,audit_only_not_for_training_or_tuning
3,persist,164,1.003227006729702,0.996124326607101,audit_only_not_for_training_or_tuning
3,persist,165,1.0031847276573809,0.996124326607101,audit_only_not_for_training_or_tuning
3,persist,166,1.0031559773923795,0.996124326607101,audit_only_not_for_training_or_tuning
3,persist,167,1.0030189006843289,0.996124326607101,audit_only_not_for_training_or_tuning
3,persist,168,1.0030297601771705,0.996124326607101,audit_only_not_for_training_or_tuning
3,persist,169,1.0030485743201374,0.996124326607101,audit_only_not_for_training_or_tuning
3,persist,170,1.0030583572948066,0.996124326607101,audit_only_not_for_training_or_tuning
3,persist,171,1.0031961392758235,0.996124326607101,audit_only_not_for_training_or_tuning
3,persist,172,1.0032435094521972,0.996124326607101,audit_only_not_for_training_or_tuning
3,persist,173,1.0031941752870248,0.996124326607101,audit_only_not_for_training_or_tuning
3,persist,174,1.0030662652156377,0.996124326607101,audit_only_not_for_training_or_tuning
3,persist,175,1.0029703429989838,0.996124326607101,audit_only_not_for_training_or_tuning
3,persist,176,1.0029663330758913,0.996124326607101,audit_only_not_for_training_or_tuning
3,persist,177,1.0029724798356137,0.996124326607101,audit_only_not_for_training_or_tuning
3,persist,178,1.0030127752487932,0.996124326607101,audit_only_not_for_training_or_tuning
3,persist,179,1.0031559084225123,0.996124326607101,audit_only_not_for_training_or_tuning
3,persist,180,1.0032675339328656,0.996124326607101,audit_only_not_for_training_or_tuning
3,persist,181,1.0032531969079572,0.996124326607101,audit_only_not_for_training_or_tuning
3,persist,182,1.0032004790220526,0.996124326607101,audit_only_not_for_training_or_tuning
3,persist,183,1.003092409721767,0.996124326607101,audit_only_not_for_training_or_tuning
3,persist,184,1.0029769504432278,0.996124326607101,audit_only_not_for_training_or_tuning
3,persist,185,1.0028332400965294,0.996124326607101,audit_only_not_for_training_or_tuning
3,persist,186,1.0028492896342365,0.996124326607101,audit_only_not_for_training_or_tuning
3,persist,187,1.002863954885622,0.996124326607101,audit_only_not_for_training_or_tuning
3,persist,188,1.0028117291030432,0.996124326607101,audit_only_not_for_training_or_tuning
3,persist,189,1.0027629797319209,0.996124326607101,audit_only_not_for_training_or_tuning
3,persist,190,1.002678637589718,0.996124326607101,audit_only_not_for_training_or_tuning
3,persist,191,1.0026608989068142,0.996124326607101,audit_only_not_for_training_or_tuning
3,persist,192,1.0026339292685298,0.996124326607101,audit_only_not_for_training_or_tuning
3,persist,193,1.0025517520801264,0.996124326607101,audit_only_not_for_training_or_tuning
3,persist,194,1.002554389967288,0.996124326607101,audit_only_not_for_training_or_tuning
3,persist,195,1.0025555825895396,0.996124326607101,audit_only_not_for_training_or_tuning
3,persist,196,1.0025426446665195,0.996124326607101,audit_only_not_for_training_or_tuning
3,persist,197,1.002599294581908,0.996124326607101,audit_only_not_for_training_or_tuning
3,persist,198,1.002711941063532,0.996124326607101,audit_only_not_for_training_or_tuning
3,persist,199,1.0027099371384929,0.996124326607101,audit_only_not_for_training_or_tuning
3,persist,200,1.0025970545705656,0.996124326607101,audit_only_not_for_training_or_tuning
3,fusion_pbt_batterygpt,151,1.003539424756989,0.9960946161193939,audit_only_not_for_training_or_tuning
3,fusion_pbt_batterygpt,152,0.9776834533903132,0.9960649056316867,audit_only_not_for_training_or_tuning
3,fusion_pbt_batterygpt,153,1.0034146316432466,0.9960351951439795,audit_only_not_for_training_or_tuning
3,fusion_pbt_batterygpt,154,1.0033763869674859,0.9960054846562725,audit_only_not_for_training_or_tuning
3,fusion_pbt_batterygpt,155,1.003388850352043,0.9959757741685653,audit_only_not_for_training_or_tuning
3,fusion_pbt_batterygpt,156,1.003374293972453,0.9959460636808581,audit_only_not_for_training_or_tuning
3,fusion_pbt_batterygpt,157,1.003386433482272,0.995916353193151,audit_only_not_for_training_or_tuning
3,fusion_pbt_batterygpt,158,1.003463309440923,0.9958866427054438,audit_only_not_for_training_or_tuning
3,fusion_pbt_batterygpt,159,1.0034582258748925,0.9958569322177366,audit_only_not_for_training_or_tuning
3,fusion_pbt_batterygpt,160,1.0034225955475742,0.9958272217300295,audit_only_not_for_training_or_tuning
3,fusion_pbt_batterygpt,161,1.00339700694108,0.9957975112423224,audit_only_not_for_training_or_tuning
3,fusion_pbt_batterygpt,162,1.0033438616282682,0.9957678007546152,audit_only_not_for_training_or_tuning
3,fusion_pbt_batterygpt,163,1.0032796907763188,0.9957380902669081,audit_only_not_for_training_or_tuning
3,fusion_pbt_batterygpt,164,1.003227006729702,0.9957083797792009,audit_only_not_for_training_or_tuning
3,fusion_pbt_batterygpt,165,1.0031847276573809,0.9956786692914937,audit_only_not_for_training_or_tuning
3,fusion_pbt_batterygpt,166,1.0031559773923795,0.9956489588037866,audit_only_not_for_training_or_tuning
3,fusion_pbt_batterygpt,167,1.0030189006843289,0.9956192483160794,audit_only_not_for_training_or_tuning
3,fusion_pbt_batterygpt,168,1.0030297601771705,0.9955895378283723,audit_only_not_for_training_or_tuning
3,fusion_pbt_batterygpt,169,1.0030485743201374,0.9955598273406652,audit_only_not_for_training_or_tuning
3,fusion_pbt_batterygpt,170,1.0030583572948066,0.995530116852958,audit_only_not_for_training_or_tuning
3,fusion_pbt_batterygpt,171,1.0031961392758235,0.9955004063652508,audit_only_not_for_training_or_tuning
3,fusion_pbt_batterygpt,172,1.0032435094521972,0.9954706958775437,audit_only_not_for_training_or_tuning
3,fusion_pbt_batterygpt,173,1.0031941752870248,0.9954409853898365,audit_only_not_for_training_or_tuning
3,fusion_pbt_batterygpt,174,1.0030662652156377,0.9954112749021293,audit_only_not_for_training_or_tuning
3,fusion_pbt_batterygpt,175,1.0029703429989838,0.9953815644144222,audit_only_not_for_training_or_tuning
3,fusion_pbt_batterygpt,176,1.0029663330758913,0.9953518539267151,audit_only_not_for_training_or_tuning
3,fusion_pbt_batterygpt,177,1.0029724798356137,0.9953221434390079,audit_only_not_for_training_or_tuning
3,fusion_pbt_batterygpt,178,1.0030127752487932,0.9952924329513008,audit_only_not_for_training_or_tuning
3,fusion_pbt_batterygpt,179,1.0031559084225123,0.9952627224635936,audit_only_not_for_training_or_tuning
3,fusion_pbt_batterygpt,180,1.0032675339328656,0.9952330119758864,audit_only_not_for_training_or_tuning
3,fusion_pbt_batterygpt,181,1.0032531969079572,0.9952033014881793,audit_only_not_for_training_or_tuning
3,fusion_pbt_batterygpt,182,1.0032004790220526,0.9951735910004721,audit_only_not_for_training_or_tuning
3,fusion_pbt_batterygpt,183,1.003092409721767,0.995143880512765,audit_only_not_for_training_or_tuning
3,fusion_pbt_batterygpt,184,1.0029769504432278,0.9951141700250579,audit_only_not_for_training_or_tuning
3,fusion_pbt_batterygpt,185,1.0028332400965294,0.9950844595373507,audit_only_not_for_training_or_tuning
3,fusion_pbt_batterygpt,186,1.0028492896342365,0.9950547490496435,audit_only_not_for_training_or_tuning
3,fusion_pbt_batterygpt,187,1.002863954885622,0.9950250385619364,audit_only_not_for_training_or_tuning
3,fusion_pbt_batterygpt,188,1.0028117291030432,0.9949953280742292,audit_only_not_for_training_or_tuning
3,fusion_pbt_batterygpt,189,1.0027629797319209,0.994965617586522,audit_only_not_for_training_or_tuning
3,fusion_pbt_batterygpt,190,1.002678637589718,0.994935907098815,audit_only_not_for_training_or_tuning
3,fusion_pbt_batterygpt,191,1.0026608989068142,0.9949061966111078,audit_only_not_for_training_or_tuning
3,fusion_pbt_batterygpt,192,1.0026339292685298,0.9948764861234006,audit_only_not_for_training_or_tuning
3,fusion_pbt_batterygpt,193,1.0025517520801264,0.9948467756356935,audit_only_not_for_training_or_tuning
3,fusion_pbt_batterygpt,194,1.002554389967288,0.9948170651479863,audit_only_not_for_training_or_tuning
3,fusion_pbt_batterygpt,195,1.0025555825895396,0.9947873546602791,audit_only_not_for_training_or_tuning
3,fusion_pbt_batterygpt,196,1.0025426446665195,0.994757644172572,audit_only_not_for_training_or_tuning
3,fusion_pbt_batterygpt,197,1.002599294581908,0.9947279336848649,audit_only_not_for_training_or_tuning
3,fusion_pbt_batterygpt,198,1.002711941063532,0.9946982231971577,audit_only_not_for_training_or_tuning
3,fusion_pbt_batterygpt,199,1.0027099371384929,0.9946685127094506,audit_only_not_for_training_or_tuning
3,fusion_pbt_batterygpt,200,1.0025970545705656,0.9946388022217434,audit_only_not_for_training_or_tuning
4,linear_recent,151,0.9867966981434464,0.9770855040419472,audit_only_not_for_training_or_tuning
4,linear_recent,152,0.986257726964461,0.9769006421727195,audit_only_not_for_training_or_tuning
4,linear_recent,153,0.9866552964529035,0.9767157803034918,audit_only_not_for_training_or_tuning
4,linear_recent,154,0.9861222194237995,0.9765309184342641,audit_only_not_for_training_or_tuning
4,linear_recent,155,0.9867791332014922,0.9763460565650364,audit_only_not_for_training_or_tuning
4,linear_recent,156,0.9868057657720286,0.9761611946958086,audit_only_not_for_training_or_tuning
4,linear_recent,157,0.9867257239796342,0.975976332826581,audit_only_not_for_training_or_tuning
4,linear_recent,158,0.9864298372138625,0.9757914709573533,audit_only_not_for_training_or_tuning
4,linear_recent,159,0.9865797956993783,0.9756066090881256,audit_only_not_for_training_or_tuning
4,linear_recent,160,0.9869796416795502,0.9754217472188978,audit_only_not_for_training_or_tuning
4,linear_recent,161,0.9862432708894717,0.9752368853496702,audit_only_not_for_training_or_tuning
4,linear_recent,162,0.9862327262971393,0.9750520234804425,audit_only_not_for_training_or_tuning
4,linear_recent,163,0.9862848555520348,0.9748671616112148,audit_only_not_for_training_or_tuning
4,linear_recent,164,0.9857642901489836,0.9746822997419871,audit_only_not_for_training_or_tuning
4,linear_recent,165,0.9856012674340944,0.9744974378727594,audit_only_not_for_training_or_tuning
4,linear_recent,166,0.986069598343343,0.9743125760035317,audit_only_not_for_training_or_tuning
4,linear_recent,167,0.9859354169302901,0.974127714134304,audit_only_not_for_training_or_tuning
4,linear_recent,168,0.985798696931724,0.9739428522650763,audit_only_not_for_training_or_tuning
4,linear_recent,169,0.9853098770537196,0.9737579903958486,audit_only_not_for_training_or_tuning
4,linear_recent,170,0.9857718209386712,0.9735731285266209,audit_only_not_for_training_or_tuning
4,linear_recent,171,0.9853596594700463,0.9733882666573932,audit_only_not_for_training_or_tuning
4,linear_recent,172,0.985359553440742,0.9732034047881655,audit_only_not_for_training_or_tuning
4,linear_recent,173,0.985097614216293,0.9730185429189377,audit_only_not_for_training_or_tuning
4,linear_recent,174,0.9851439843988403,0.9728336810497101,audit_only_not_for_training_or_tuning
4,linear_recent,175,0.9855917409932693,0.9726488191804824,audit_only_not_for_training_or_tuning
4,linear_recent,176,0.9856191405706964,0.9724639573112547,audit_only_not_for_training_or_tuning
4,linear_recent,177,0.9853965593103832,0.972279095442027,audit_only_not_for_training_or_tuning
4,linear_recent,178,0.9849606798369388,0.9720942335727993,audit_only_not_for_training_or_tuning
4,linear_recent,179,0.9850413927086016,0.9719093717035716,audit_only_not_for_training_or_tuning
4,linear_recent,180,0.9850255540601881,0.9717245098343439,audit_only_not_for_training_or_tuning
4,linear_recent,181,0.984852010742092,0.9715396479651162,audit_only_not_for_training_or_tuning
4,linear_recent,182,0.9845757355019272,0.9713547860958885,audit_only_not_for_training_or_tuning
4,linear_recent,183,0.9850481679293375,0.9711699242266608,audit_only_not_for_training_or_tuning
4,linear_recent,184,0.9852548962357777,0.9709850623574331,audit_only_not_for_training_or_tuning
4,linear_recent,185,0.9853983958561447,0.9708002004882054,audit_only_not_for_training_or_tuning
4,linear_recent,186,0.9853611406295844,0.9706153386189778,audit_only_not_for_training_or_tuning
4,linear_recent,187,0.985356104291016,0.97043047674975,audit_only_not_for_training_or_tuning
4,linear_recent,188,0.9854268000321749,0.9702456148805223,audit_only_not_for_training_or_tuning
4,linear_recent,189,0.9851448420667348,0.9700607530112946,audit_only_not_for_training_or_tuning
4,linear_recent,190,0.9849906213042204,0.9698758911420668,audit_only_not_for_training_or_tuning
4,linear_recent,191,0.9847870455316421,0.9696910292728392,audit_only_not_for_training_or_tuning
4,linear_recent,192,0.9849246693936399,0.9695061674036115,audit_only_not_for_training_or_tuning
4,linear_recent,193,0.9848588120711149,0.9693213055343838,audit_only_not_for_training_or_tuning
4,linear_recent,194,0.9843495682578052,0.969136443665156,audit_only_not_for_training_or_tuning
4,linear_recent,195,0.9844120110839316,0.9689515817959284,audit_only_not_for_training_or_tuning
4,linear_recent,196,0.9847338574513405,0.9687667199267007,audit_only_not_for_training_or_tuning
4,linear_recent,197,0.9846679039089592,0.968581858057473,audit_only_not_for_training_or_tuning
4,linear_recent,198,0.9846698643197069,0.9683969961882453,audit_only_not_for_training_or_tuning
4,linear_recent,199,0.9843613476113279,0.9682121343190176,audit_only_not_for_training_or_tuning
4,linear_recent,200,0.9836166728519746,0.9680272724497899,audit_only_not_for_training_or_tuning
4,policy_mean,151,0.9867966981434464,0.9772611262949013,audit_only_not_for_training_or_tuning
4,policy_mean,152,0.986257726964461,0.9772518866786276,audit_only_not_for_training_or_tuning
4,policy_mean,153,0.9866552964529035,0.9772426470623539,audit_only_not_for_training_or_tuning
4,policy_mean,154,0.9861222194237995,0.9772334074460801,audit_only_not_for_training_or_tuning
4,policy_mean,155,0.9867791332014922,0.9772241678298064,audit_only_not_for_training_or_tuning
4,policy_mean,156,0.9868057657720286,0.9772149282135327,audit_only_not_for_training_or_tuning
4,policy_mean,157,0.9867257239796342,0.977205688597259,audit_only_not_for_training_or_tuning
4,policy_mean,158,0.9864298372138625,0.9771964489809852,audit_only_not_for_training_or_tuning
4,policy_mean,159,0.9865797956993783,0.9771872093647115,audit_only_not_for_training_or_tuning
4,policy_mean,160,0.9869796416795502,0.9771779697484378,audit_only_not_for_training_or_tuning
4,policy_mean,161,0.9862432708894717,0.9771687301321641,audit_only_not_for_training_or_tuning
4,policy_mean,162,0.9862327262971393,0.9771594905158903,audit_only_not_for_training_or_tuning
4,policy_mean,163,0.9862848555520348,0.9771502508996166,audit_only_not_for_training_or_tuning
4,policy_mean,164,0.9857642901489836,0.977141011283343,audit_only_not_for_training_or_tuning
4,policy_mean,165,0.9856012674340944,0.9771317716670692,audit_only_not_for_training_or_tuning
4,policy_mean,166,0.986069598343343,0.9771225320507955,audit_only_not_for_training_or_tuning
4,policy_mean,167,0.9859354169302901,0.9771132924345217,audit_only_not_for_training_or_tuning
4,policy_mean,168,0.985798696931724,0.9771040528182481,audit_only_not_for_training_or_tuning
4,policy_mean,169,0.9853098770537196,0.9770948132019743,audit_only_not_for_training_or_tuning
4,policy_mean,170,0.9857718209386712,0.9770855735857006,audit_only_not_for_training_or_tuning
4,policy_mean,171,0.9853596594700463,0.9770763339694268,audit_only_not_for_training_or_tuning
4,policy_mean,172,0.985359553440742,0.9770670943531532,audit_only_not_for_training_or_tuning
4,policy_mean,173,0.985097614216293,0.9770578547368794,audit_only_not_for_training_or_tuning
4,policy_mean,174,0.9851439843988403,0.9770486151206057,audit_only_not_for_training_or_tuning
4,policy_mean,175,0.9855917409932693,0.9770393755043321,audit_only_not_for_training_or_tuning
4,policy_mean,176,0.9856191405706964,0.9770301358880583,audit_only_not_for_training_or_tuning
4,policy_mean,177,0.9853965593103832,0.9770208962717846,audit_only_not_for_training_or_tuning
4,policy_mean,178,0.9849606798369388,0.9770116566555108,audit_only_not_for_training_or_tuning
4,policy_mean,179,0.9850413927086016,0.9770024170392372,audit_only_not_for_training_or_tuning
4,policy_mean,180,0.9850255540601881,0.9769931774229634,audit_only_not_for_training_or_tuning
4,policy_mean,181,0.984852010742092,0.9769839378066897,audit_only_not_for_training_or_tuning
4,policy_mean,182,0.9845757355019272,0.9769746981904159,audit_only_not_for_training_or_tuning
4,policy_mean,183,0.9850481679293375,0.9769654585741423,audit_only_not_for_training_or_tuning
4,policy_mean,184,0.9852548962357777,0.9769562189578685,audit_only_not_for_training_or_tuning
4,policy_mean,185,0.9853983958561447,0.9769469793415948,audit_only_not_for_training_or_tuning
4,policy_mean,186,0.9853611406295844,0.976937739725321,audit_only_not_for_training_or_tuning
4,policy_mean,187,0.985356104291016,0.9769285001090474,audit_only_not_for_training_or_tuning
4,policy_mean,188,0.9854268000321749,0.9769192604927737,audit_only_not_for_training_or_tuning
4,policy_mean,189,0.9851448420667348,0.9769100208764999,audit_only_not_for_training_or_tuning
4,policy_mean,190,0.9849906213042204,0.9769007812602262,audit_only_not_for_training_or_tuning
4,policy_mean,191,0.9847870455316421,0.9768915416439525,audit_only_not_for_training_or_tuning
4,policy_mean,192,0.9849246693936399,0.9768823020276788,audit_only_not_for_training_or_tuning
4,policy_mean,193,0.9848588120711149,0.976873062411405,audit_only_not_for_training_or_tuning
4,policy_mean,194,0.9843495682578052,0.9768638227951313,audit_only_not_for_training_or_tuning
4,policy_mean,195,0.9844120110839316,0.9768545831788576,audit_only_not_for_training_or_tuning
4,policy_mean,196,0.9847338574513405,0.9768453435625839,audit_only_not_for_training_or_tuning
4,policy_mean,197,0.9846679039089592,0.9768361039463102,audit_only_not_for_training_or_tuning
4,policy_mean,198,0.9846698643197069,0.9768268643300364,audit_only_not_for_training_or_tuning
4,policy_mean,199,0.9843613476113279,0.9768176247137628,audit_only_not_for_training_or_tuning
4,policy_mean,200,0.9836166728519746,0.976808385097489,audit_only_not_for_training_or_tuning
4,persist,151,0.9867966981434464,0.977270365911175,audit_only_not_for_training_or_tuning
4,persist,152,0.986257726964461,0.977270365911175,audit_only_not_for_training_or_tuning
4,persist,153,0.9866552964529035,0.977270365911175,audit_only_not_for_training_or_tuning
4,persist,154,0.9861222194237995,0.977270365911175,audit_only_not_for_training_or_tuning
4,persist,155,0.9867791332014922,0.977270365911175,audit_only_not_for_training_or_tuning
4,persist,156,0.9868057657720286,0.977270365911175,audit_only_not_for_training_or_tuning
4,persist,157,0.9867257239796342,0.977270365911175,audit_only_not_for_training_or_tuning
4,persist,158,0.9864298372138625,0.977270365911175,audit_only_not_for_training_or_tuning
4,persist,159,0.9865797956993783,0.977270365911175,audit_only_not_for_training_or_tuning
4,persist,160,0.9869796416795502,0.977270365911175,audit_only_not_for_training_or_tuning
4,persist,161,0.9862432708894717,0.977270365911175,audit_only_not_for_training_or_tuning
4,persist,162,0.9862327262971393,0.977270365911175,audit_only_not_for_training_or_tuning
4,persist,163,0.9862848555520348,0.977270365911175,audit_only_not_for_training_or_tuning
4,persist,164,0.9857642901489836,0.977270365911175,audit_only_not_for_training_or_tuning
4,persist,165,0.9856012674340944,0.977270365911175,audit_only_not_for_training_or_tuning
4,persist,166,0.986069598343343,0.977270365911175,audit_only_not_for_training_or_tuning
4,persist,167,0.9859354169302901,0.977270365911175,audit_only_not_for_training_or_tuning
4,persist,168,0.985798696931724,0.977270365911175,audit_only_not_for_training_or_tuning
4,persist,169,0.9853098770537196,0.977270365911175,audit_only_not_for_training_or_tuning
4,persist,170,0.9857718209386712,0.977270365911175,audit_only_not_for_training_or_tuning
4,persist,171,0.9853596594700463,0.977270365911175,audit_only_not_for_training_or_tuning
4,persist,172,0.985359553440742,0.977270365911175,audit_only_not_for_training_or_tuning
4,persist,173,0.985097614216293,0.977270365911175,audit_only_not_for_training_or_tuning
4,persist,174,0.9851439843988403,0.977270365911175,audit_only_not_for_training_or_tuning
4,persist,175,0.9855917409932693,0.977270365911175,audit_only_not_for_training_or_tuning
4,persist,176,0.9856191405706964,0.977270365911175,audit_only_not_for_training_or_tuning
4,persist,177,0.9853965593103832,0.977270365911175,audit_only_not_for_training_or_tuning
4,persist,178,0.9849606798369388,0.977270365911175,audit_only_not_for_training_or_tuning
4,persist,179,0.9850413927086016,0.977270365911175,audit_only_not_for_training_or_tuning
4,persist,180,0.9850255540601881,0.977270365911175,audit_only_not_for_training_or_tuning
4,persist,181,0.984852010742092,0.977270365911175,audit_only_not_for_training_or_tuning
4,persist,182,0.9845757355019272,0.977270365911175,audit_only_not_for_training_or_tuning
4,persist,183,0.9850481679293375,0.977270365911175,audit_only_not_for_training_or_tuning
4,persist,184,0.9852548962357777,0.977270365911175,audit_only_not_for_training_or_tuning
4,persist,185,0.9853983958561447,0.977270365911175,audit_only_not_for_training_or_tuning
4,persist,186,0.9853611406295844,0.977270365911175,audit_only_not_for_training_or_tuning
4,persist,187,0.985356104291016,0.977270365911175,audit_only_not_for_training_or_tuning
4,persist,188,0.9854268000321749,0.977270365911175,audit_only_not_for_training_or_tuning
4,persist,189,0.9851448420667348,0.977270365911175,audit_only_not_for_training_or_tuning
4,persist,190,0.9849906213042204,0.977270365911175,audit_only_not_for_training_or_tuning
4,persist,191,0.9847870455316421,0.977270365911175,audit_only_not_for_training_or_tuning
4,persist,192,0.9849246693936399,0.977270365911175,audit_only_not_for_training_or_tuning
4,persist,193,0.9848588120711149,0.977270365911175,audit_only_not_for_training_or_tuning
4,persist,194,0.9843495682578052,0.977270365911175,audit_only_not_for_training_or_tuning
4,persist,195,0.9844120110839316,0.977270365911175,audit_only_not_for_training_or_tuning
4,persist,196,0.9847338574513405,0.977270365911175,audit_only_not_for_training_or_tuning
4,persist,197,0.9846679039089592,0.977270365911175,audit_only_not_for_training_or_tuning
4,persist,198,0.9846698643197069,0.977270365911175,audit_only_not_for_training_or_tuning
4,persist,199,0.9843613476113279,0.977270365911175,audit_only_not_for_training_or_tuning
4,persist,200,0.9836166728519746,0.977270365911175,audit_only_not_for_training_or_tuning
4,fusion_pbt_batterygpt,151,0.9867966981434464,0.9770778360298558,audit_only_not_for_training_or_tuning
4,fusion_pbt_batterygpt,152,0.986257726964461,0.9768853061485365,audit_only_not_for_training_or_tuning
4,fusion_pbt_batterygpt,153,0.9866552964529035,0.9766927762672173,audit_only_not_for_training_or_tuning
4,fusion_pbt_batterygpt,154,0.9861222194237995,0.9765002463858982,audit_only_not_for_training_or_tuning
4,fusion_pbt_batterygpt,155,0.9867791332014922,0.9763077165045789,audit_only_not_for_training_or_tuning
4,fusion_pbt_batterygpt,156,0.9868057657720286,0.9761151866232598,audit_only_not_for_training_or_tuning
4,fusion_pbt_batterygpt,157,0.9867257239796342,0.9759226567419406,audit_only_not_for_training_or_tuning
4,fusion_pbt_batterygpt,158,0.9864298372138625,0.9757301268606213,audit_only_not_for_training_or_tuning
4,fusion_pbt_batterygpt,159,0.9865797956993783,0.9755375969793021,audit_only_not_for_training_or_tuning
4,fusion_pbt_batterygpt,160,0.9869796416795502,0.975345067097983,audit_only_not_for_training_or_tuning
4,fusion_pbt_batterygpt,161,0.9862432708894717,0.9751525372166637,audit_only_not_for_training_or_tuning
4,fusion_pbt_batterygpt,162,0.9862327262971393,0.9749600073353445,audit_only_not_for_training_or_tuning
4,fusion_pbt_batterygpt,163,0.9862848555520348,0.9747674774540254,audit_only_not_for_training_or_tuning
4,fusion_pbt_batterygpt,164,0.9857642901489836,0.9745749475727061,audit_only_not_for_training_or_tuning
4,fusion_pbt_batterygpt,165,0.9856012674340944,0.9743824176913869,audit_only_not_for_training_or_tuning
4,fusion_pbt_batterygpt,166,0.986069598343343,0.9741898878100678,audit_only_not_for_training_or_tuning
4,fusion_pbt_batterygpt,167,0.9859354169302901,0.9739973579287485,audit_only_not_for_training_or_tuning
4,fusion_pbt_batterygpt,168,0.985798696931724,0.9738048280474293,audit_only_not_for_training_or_tuning
4,fusion_pbt_batterygpt,169,0.9853098770537196,0.9736122981661102,audit_only_not_for_training_or_tuning
4,fusion_pbt_batterygpt,170,0.9857718209386712,0.9734197682847909,audit_only_not_for_training_or_tuning
4,fusion_pbt_batterygpt,171,0.9853596594700463,0.9732272384034717,audit_only_not_for_training_or_tuning
4,fusion_pbt_batterygpt,172,0.985359553440742,0.9730347085221526,audit_only_not_for_training_or_tuning
4,fusion_pbt_batterygpt,173,0.985097614216293,0.9728421786408333,audit_only_not_for_training_or_tuning
4,fusion_pbt_batterygpt,174,0.9851439843988403,0.9726496487595141,audit_only_not_for_training_or_tuning
4,fusion_pbt_batterygpt,175,0.9855917409932693,0.972457118878195,audit_only_not_for_training_or_tuning
4,fusion_pbt_batterygpt,176,0.9856191405706964,0.9722645889968757,audit_only_not_for_training_or_tuning
4,fusion_pbt_batterygpt,177,0.9853965593103832,0.9720720591155565,audit_only_not_for_training_or_tuning
4,fusion_pbt_batterygpt,178,0.9849606798369388,0.9718795292342374,audit_only_not_for_training_or_tuning
4,fusion_pbt_batterygpt,179,0.9850413927086016,0.9716869993529181,audit_only_not_for_training_or_tuning
4,fusion_pbt_batterygpt,180,0.9850255540601881,0.9714944694715989,audit_only_not_for_training_or_tuning
4,fusion_pbt_batterygpt,181,0.984852010742092,0.9713019395902798,audit_only_not_for_training_or_tuning
4,fusion_pbt_batterygpt,182,0.9845757355019272,0.9711094097089605,audit_only_not_for_training_or_tuning
4,fusion_pbt_batterygpt,183,0.9850481679293375,0.9709168798276413,audit_only_not_for_training_or_tuning
4,fusion_pbt_batterygpt,184,0.9852548962357777,0.9707243499463222,audit_only_not_for_training_or_tuning
4,fusion_pbt_batterygpt,185,0.9853983958561447,0.9705318200650029,audit_only_not_for_training_or_tuning
4,fusion_pbt_batterygpt,186,0.9853611406295844,0.9703392901836837,audit_only_not_for_training_or_tuning
4,fusion_pbt_batterygpt,187,0.985356104291016,0.9701467603023646,audit_only_not_for_training_or_tuning
4,fusion_pbt_batterygpt,188,0.9854268000321749,0.9699542304210453,audit_only_not_for_training_or_tuning
4,fusion_pbt_batterygpt,189,0.9851448420667348,0.9697617005397261,audit_only_not_for_training_or_tuning
4,fusion_pbt_batterygpt,190,0.9849906213042204,0.969569170658407,audit_only_not_for_training_or_tuning
4,fusion_pbt_batterygpt,191,0.9847870455316421,0.9693766407770877,audit_only_not_for_training_or_tuning
4,fusion_pbt_batterygpt,192,0.9849246693936399,0.9691841108957685,audit_only_not_for_training_or_tuning
4,fusion_pbt_batterygpt,193,0.9848588120711149,0.9689915810144494,audit_only_not_for_training_or_tuning
4,fusion_pbt_batterygpt,194,0.9843495682578052,0.9687990511331301,audit_only_not_for_training_or_tuning
4,fusion_pbt_batterygpt,195,0.9844120110839316,0.9686065212518109,audit_only_not_for_training_or_tuning
4,fusion_pbt_batterygpt,196,0.9847338574513405,0.9684139913704918,audit_only_not_for_training_or_tuning
4,fusion_pbt_batterygpt,197,0.9846679039089592,0.9682214614891725,audit_only_not_for_training_or_tuning
4,fusion_pbt_batterygpt,198,0.9846698643197069,0.9680289316078533,audit_only_not_for_training_or_tuning
4,fusion_pbt_batterygpt,199,0.9843613476113279,0.9678364017265342,audit_only_not_for_training_or_tuning
4,fusion_pbt_batterygpt,200,0.9836166728519746,0.9676438718452149,audit_only_not_for_training_or_tuning
5,linear_recent,151,1.003398179380629,0.9962674938542472,audit_only_not_for_training_or_tuning
5,linear_recent,152,1.0034242413310053,0.9962277375666404,audit_only_not_for_training_or_tuning
5,linear_recent,153,1.002738321697451,0.9961879812790336,audit_only_not_for_training_or_tuning
5,linear_recent,154,1.0031204868852697,0.9961482249914269,audit_only_not_for_training_or_tuning
5,linear_recent,155,1.002786170387277,0.99610846870382,audit_only_not_for_training_or_tuning
5,linear_recent,156,1.0020908620462603,0.9960687124162132,audit_only_not_for_training_or_tuning
5,linear_recent,157,1.0026586335739773,0.9960289561286064,audit_only_not_for_training_or_tuning
5,linear_recent,158,1.0030911000443148,0.9959891998409995,audit_only_not_for_training_or_tuning
5,linear_recent,159,1.0025419296487783,0.9959494435533928,audit_only_not_for_training_or_tuning
5,linear_recent,160,1.002638063260029,0.995909687265786,audit_only_not_for_training_or_tuning
5,linear_recent,161,1.0024315799377577,0.9958699309781792,audit_only_not_for_training_or_tuning
5,linear_recent,162,1.0024204037675388,0.9958301746905723,audit_only_not_for_training_or_tuning
5,linear_recent,163,1.0025014472895293,0.9957904184029656,audit_only_not_for_training_or_tuning
5,linear_recent,164,1.0024117112268514,0.9957506621153588,audit_only_not_for_training_or_tuning
5,linear_recent,165,1.0027812735647526,0.9957109058277519,audit_only_not_for_training_or_tuning
5,linear_recent,166,1.0023856350227296,0.9956711495401451,audit_only_not_for_training_or_tuning
5,linear_recent,167,1.0026078337512843,0.9956313932525384,audit_only_not_for_training_or_tuning
5,linear_recent,168,1.0024903492883401,0.9955916369649316,audit_only_not_for_training_or_tuning
5,linear_recent,169,1.0023969197414953,0.9955518806773247,audit_only_not_for_training_or_tuning
5,linear_recent,170,1.001709075191087,0.9955121243897179,audit_only_not_for_training_or_tuning
5,linear_recent,171,1.0015419362530442,0.9954723681021111,audit_only_not_for_training_or_tuning
5,linear_recent,172,1.0022456623190603,0.9954326118145044,audit_only_not_for_training_or_tuning
5,linear_recent,173,1.0022823561204885,0.9953928555268975,audit_only_not_for_training_or_tuning
5,linear_recent,174,1.0012722903514613,0.9953530992392907,audit_only_not_for_training_or_tuning
5,linear_recent,175,1.0016850850065933,0.9953133429516839,audit_only_not_for_training_or_tuning
5,linear_recent,176,1.0017609096566327,0.9952735866640771,audit_only_not_for_training_or_tuning
5,linear_recent,177,1.0018210503284626,0.9952338303764703,audit_only_not_for_training_or_tuning
5,linear_recent,178,1.0023015052135131,0.9951940740888635,audit_only_not_for_training_or_tuning
5,linear_recent,179,1.001903294755244,0.9951543178012567,audit_only_not_for_training_or_tuning
5,linear_recent,180,1.00155091939613,0.9951145615136499,audit_only_not_for_training_or_tuning
5,linear_recent,181,1.0019739403014698,0.9950748052260431,audit_only_not_for_training_or_tuning
5,linear_recent,182,1.0010911095620652,0.9950350489384363,audit_only_not_for_training_or_tuning
5,linear_recent,183,1.0014989504852856,0.9949952926508294,audit_only_not_for_training_or_tuning
5,linear_recent,184,1.0013159386115469,0.9949555363632226,audit_only_not_for_training_or_tuning
5,linear_recent,185,1.0011759267176101,0.9949157800756159,audit_only_not_for_training_or_tuning
5,linear_recent,186,1.0013702556565585,0.9948760237880091,audit_only_not_for_training_or_tuning
5,linear_recent,187,1.001016611357698,0.9948362675004022,audit_only_not_for_training_or_tuning
5,linear_recent,188,1.000905233039284,0.9947965112127954,audit_only_not_for_training_or_tuning
5,linear_recent,189,1.0012120469154728,0.9947567549251887,audit_only_not_for_training_or_tuning
5,linear_recent,190,1.0013044692517412,0.9947169986375819,audit_only_not_for_training_or_tuning
5,linear_recent,191,1.0006239262920518,0.994677242349975,audit_only_not_for_training_or_tuning
5,linear_recent,192,1.0014093738315655,0.9946374860623682,audit_only_not_for_training_or_tuning
5,linear_recent,193,1.0009529545994775,0.9945977297747615,audit_only_not_for_training_or_tuning
5,linear_recent,194,1.001220913328737,0.9945579734871546,audit_only_not_for_training_or_tuning
5,linear_recent,195,1.0012243615385386,0.9945182171995478,audit_only_not_for_training_or_tuning
5,linear_recent,196,1.000333272913547,0.994478460911941,audit_only_not_for_training_or_tuning
5,linear_recent,197,1.0009245398554512,0.9944387046243343,audit_only_not_for_training_or_tuning
5,linear_recent,198,1.0005377626503078,0.9943989483367274,audit_only_not_for_training_or_tuning
5,linear_recent,199,1.0006334084679165,0.9943591920491206,audit_only_not_for_training_or_tuning
5,linear_recent,200,1.0007856686939287,0.9943194357615138,audit_only_not_for_training_or_tuning
5,policy_mean,151,1.003398179380629,0.9962629841251751,audit_only_not_for_training_or_tuning
5,policy_mean,152,1.0034242413310053,0.9962187181084964,audit_only_not_for_training_or_tuning
5,policy_mean,153,1.002738321697451,0.9961744520918177,audit_only_not_for_training_or_tuning
5,policy_mean,154,1.0031204868852697,0.9961301860751389,audit_only_not_for_training_or_tuning
5,policy_mean,155,1.002786170387277,0.9960859200584601,audit_only_not_for_training_or_tuning
5,policy_mean,156,1.0020908620462603,0.9960416540417814,audit_only_not_for_training_or_tuning
5,policy_mean,157,1.0026586335739773,0.9959973880251026,audit_only_not_for_training_or_tuning
5,policy_mean,158,1.0030911000443148,0.9959531220084239,audit_only_not_for_training_or_tuning
5,policy_mean,159,1.0025419296487783,0.9959088559917452,audit_only_not_for_training_or_tuning
5,policy_mean,160,1.002638063260029,0.9958645899750663,audit_only_not_for_training_or_tuning
5,policy_mean,161,1.0024315799377577,0.9958203239583876,audit_only_not_for_training_or_tuning
5,policy_mean,162,1.0024204037675388,0.9957760579417089,audit_only_not_for_training_or_tuning
5,policy_mean,163,1.0025014472895293,0.9957317919250301,audit_only_not_for_training_or_tuning
5,policy_mean,164,1.0024117112268514,0.9956875259083514,audit_only_not_for_training_or_tuning
5,policy_mean,165,1.0027812735647526,0.9956432598916726,audit_only_not_for_training_or_tuning
5,policy_mean,166,1.0023856350227296,0.9955989938749938,audit_only_not_for_training_or_tuning
5,policy_mean,167,1.0026078337512843,0.9955547278583151,audit_only_not_for_training_or_tuning
5,policy_mean,168,1.0024903492883401,0.9955104618416364,audit_only_not_for_training_or_tuning
5,policy_mean,169,1.0023969197414953,0.9954661958249577,audit_only_not_for_training_or_tuning
5,policy_mean,170,1.001709075191087,0.9954219298082788,audit_only_not_for_training_or_tuning
5,policy_mean,171,1.0015419362530442,0.9953776637916001,audit_only_not_for_training_or_tuning
5,policy_mean,172,1.0022456623190603,0.9953333977749214,audit_only_not_for_training_or_tuning
5,policy_mean,173,1.0022823561204885,0.9952891317582426,audit_only_not_for_training_or_tuning
5,policy_mean,174,1.0012722903514613,0.9952448657415638,audit_only_not_for_training_or_tuning
5,policy_mean,175,1.0016850850065933,0.9952005997248851,audit_only_not_for_training_or_tuning
5,policy_mean,176,1.0017609096566327,0.9951563337082063,audit_only_not_for_training_or_tuning
5,policy_mean,177,1.0018210503284626,0.9951120676915276,audit_only_not_for_training_or_tuning
5,policy_mean,178,1.0023015052135131,0.9950678016748489,audit_only_not_for_training_or_tuning
5,policy_mean,179,1.001903294755244,0.99502353565817,audit_only_not_for_training_or_tuning
5,policy_mean,180,1.00155091939613,0.9949792696414913,audit_only_not_for_training_or_tuning
5,policy_mean,181,1.0019739403014698,0.9949350036248126,audit_only_not_for_training_or_tuning
5,policy_mean,182,1.0010911095620652,0.9948907376081338,audit_only_not_for_training_or_tuning
5,policy_mean,183,1.0014989504852856,0.9948464715914551,audit_only_not_for_training_or_tuning
5,policy_mean,184,1.0013159386115469,0.9948022055747763,audit_only_not_for_training_or_tuning
5,policy_mean,185,1.0011759267176101,0.9947579395580975,audit_only_not_for_training_or_tuning
5,policy_mean,186,1.0013702556565585,0.9947136735414188,audit_only_not_for_training_or_tuning
5,policy_mean,187,1.001016611357698,0.9946694075247401,audit_only_not_for_training_or_tuning
5,policy_mean,188,1.000905233039284,0.9946251415080614,audit_only_not_for_training_or_tuning
5,policy_mean,189,1.0012120469154728,0.9945808754913825,audit_only_not_for_training_or_tuning
5,policy_mean,190,1.0013044692517412,0.9945366094747038,audit_only_not_for_training_or_tuning
5,policy_mean,191,1.0006239262920518,0.9944923434580251,audit_only_not_for_training_or_tuning
5,policy_mean,192,1.0014093738315655,0.9944480774413463,audit_only_not_for_training_or_tuning
5,policy_mean,193,1.0009529545994775,0.9944038114246676,audit_only_not_for_training_or_tuning
5,policy_mean,194,1.001220913328737,0.9943595454079888,audit_only_not_for_training_or_tuning
5,policy_mean,195,1.0012243615385386,0.99431527939131,audit_only_not_for_training_or_tuning
5,policy_mean,196,1.000333272913547,0.9942710133746313,audit_only_not_for_training_or_tuning
5,policy_mean,197,1.0009245398554512,0.9942267473579526,audit_only_not_for_training_or_tuning
5,policy_mean,198,1.0005377626503078,0.9941824813412738,audit_only_not_for_training_or_tuning
5,policy_mean,199,1.0006334084679165,0.994138215324595,audit_only_not_for_training_or_tuning
5,policy_mean,200,1.0007856686939287,0.9940939493079163,audit_only_not_for_training_or_tuning
5,persist,151,1.003398179380629,0.996307250141854,audit_only_not_for_training_or_tuning
5,persist,152,1.0034242413310053,0.996307250141854,audit_only_not_for_training_or_tuning
5,persist,153,1.002738321697451,0.996307250141854,audit_only_not_for_training_or_tuning
5,persist,154,1.0031204868852697,0.996307250141854,audit_only_not_for_training_or_tuning
5,persist,155,1.002786170387277,0.996307250141854,audit_only_not_for_training_or_tuning
5,persist,156,1.0020908620462603,0.996307250141854,audit_only_not_for_training_or_tuning
5,persist,157,1.0026586335739773,0.996307250141854,audit_only_not_for_training_or_tuning
5,persist,158,1.0030911000443148,0.996307250141854,audit_only_not_for_training_or_tuning
5,persist,159,1.0025419296487783,0.996307250141854,audit_only_not_for_training_or_tuning
5,persist,160,1.002638063260029,0.996307250141854,audit_only_not_for_training_or_tuning
5,persist,161,1.0024315799377577,0.996307250141854,audit_only_not_for_training_or_tuning
5,persist,162,1.0024204037675388,0.996307250141854,audit_only_not_for_training_or_tuning
5,persist,163,1.0025014472895293,0.996307250141854,audit_only_not_for_training_or_tuning
5,persist,164,1.0024117112268514,0.996307250141854,audit_only_not_for_training_or_tuning
5,persist,165,1.0027812735647526,0.996307250141854,audit_only_not_for_training_or_tuning
5,persist,166,1.0023856350227296,0.996307250141854,audit_only_not_for_training_or_tuning
5,persist,167,1.0026078337512843,0.996307250141854,audit_only_not_for_training_or_tuning
5,persist,168,1.0024903492883401,0.996307250141854,audit_only_not_for_training_or_tuning
5,persist,169,1.0023969197414953,0.996307250141854,audit_only_not_for_training_or_tuning
5,persist,170,1.001709075191087,0.996307250141854,audit_only_not_for_training_or_tuning
5,persist,171,1.0015419362530442,0.996307250141854,audit_only_not_for_training_or_tuning
5,persist,172,1.0022456623190603,0.996307250141854,audit_only_not_for_training_or_tuning
5,persist,173,1.0022823561204885,0.996307250141854,audit_only_not_for_training_or_tuning
5,persist,174,1.0012722903514613,0.996307250141854,audit_only_not_for_training_or_tuning
5,persist,175,1.0016850850065933,0.996307250141854,audit_only_not_for_training_or_tuning
5,persist,176,1.0017609096566327,0.996307250141854,audit_only_not_for_training_or_tuning
5,persist,177,1.0018210503284626,0.996307250141854,audit_only_not_for_training_or_tuning
5,persist,178,1.0023015052135131,0.996307250141854,audit_only_not_for_training_or_tuning
5,persist,179,1.001903294755244,0.996307250141854,audit_only_not_for_training_or_tuning
5,persist,180,1.00155091939613,0.996307250141854,audit_only_not_for_training_or_tuning
5,persist,181,1.0019739403014698,0.996307250141854,audit_only_not_for_training_or_tuning
5,persist,182,1.0010911095620652,0.996307250141854,audit_only_not_for_training_or_tuning
5,persist,183,1.0014989504852856,0.996307250141854,audit_only_not_for_training_or_tuning
5,persist,184,1.0013159386115469,0.996307250141854,audit_only_not_for_training_or_tuning
5,persist,185,1.0011759267176101,0.996307250141854,audit_only_not_for_training_or_tuning
5,persist,186,1.0013702556565585,0.996307250141854,audit_only_not_for_training_or_tuning
5,persist,187,1.001016611357698,0.996307250141854,audit_only_not_for_training_or_tuning
5,persist,188,1.000905233039284,0.996307250141854,audit_only_not_for_training_or_tuning
5,persist,189,1.0012120469154728,0.996307250141854,audit_only_not_for_training_or_tuning
5,persist,190,1.0013044692517412,0.996307250141854,audit_only_not_for_training_or_tuning
5,persist,191,1.0006239262920518,0.996307250141854,audit_only_not_for_training_or_tuning
5,persist,192,1.0014093738315655,0.996307250141854,audit_only_not_for_training_or_tuning
5,persist,193,1.0009529545994775,0.996307250141854,audit_only_not_for_training_or_tuning
5,persist,194,1.001220913328737,0.996307250141854,audit_only_not_for_training_or_tuning
5,persist,195,1.0012243615385386,0.996307250141854,audit_only_not_for_training_or_tuning
5,persist,196,1.000333272913547,0.996307250141854,audit_only_not_for_training_or_tuning
5,persist,197,1.0009245398554512,0.996307250141854,audit_only_not_for_training_or_tuning
5,persist,198,1.0005377626503078,0.996307250141854,audit_only_not_for_training_or_tuning
5,persist,199,1.0006334084679165,0.996307250141854,audit_only_not_for_training_or_tuning
5,persist,200,1.0007856686939287,0.996307250141854,audit_only_not_for_training_or_tuning
5,fusion_pbt_batterygpt,151,1.003398179380629,0.9962574337805656,audit_only_not_for_training_or_tuning
5,fusion_pbt_batterygpt,152,1.0034242413310053,0.9962076174192773,audit_only_not_for_training_or_tuning
5,fusion_pbt_batterygpt,153,1.002738321697451,0.996157801057989,audit_only_not_for_training_or_tuning
5,fusion_pbt_batterygpt,154,1.0031204868852697,0.9961079846967007,audit_only_not_for_training_or_tuning
5,fusion_pbt_batterygpt,155,1.002786170387277,0.9960581683354123,audit_only_not_for_training_or_tuning
5,fusion_pbt_batterygpt,156,1.0020908620462603,0.996008351974124,audit_only_not_for_training_or_tuning
5,fusion_pbt_batterygpt,157,1.0026586335739773,0.9959585356128356,audit_only_not_for_training_or_tuning
5,fusion_pbt_batterygpt,158,1.0030911000443148,0.9959087192515473,audit_only_not_for_training_or_tuning
5,fusion_pbt_batterygpt,159,1.0025419296487783,0.995858902890259,audit_only_not_for_training_or_tuning
5,fusion_pbt_batterygpt,160,1.002638063260029,0.9958090865289707,audit_only_not_for_training_or_tuning
5,fusion_pbt_batterygpt,161,1.0024315799377577,0.9957592701676824,audit_only_not_for_training_or_tuning
5,fusion_pbt_batterygpt,162,1.0024204037675388,0.9957094538063941,audit_only_not_for_training_or_tuning
5,fusion_pbt_batterygpt,163,1.0025014472895293,0.9956596374451057,audit_only_not_for_training_or_tuning
5,fusion_pbt_batterygpt,164,1.0024117112268514,0.9956098210838173,audit_only_not_for_training_or_tuning
5,fusion_pbt_batterygpt,165,1.0027812735647526,0.995560004722529,audit_only_not_for_training_or_tuning
5,fusion_pbt_batterygpt,166,1.0023856350227296,0.9955101883612407,audit_only_not_for_training_or_tuning
5,fusion_pbt_batterygpt,167,1.0026078337512843,0.9954603719999524,audit_only_not_for_training_or_tuning
5,fusion_pbt_batterygpt,168,1.0024903492883401,0.9954105556386641,audit_only_not_for_training_or_tuning
5,fusion_pbt_batterygpt,169,1.0023969197414953,0.9953607392773758,audit_only_not_for_training_or_tuning
5,fusion_pbt_batterygpt,170,1.001709075191087,0.9953109229160875,audit_only_not_for_training_or_tuning
5,fusion_pbt_batterygpt,171,1.0015419362530442,0.995261106554799,audit_only_not_for_training_or_tuning
5,fusion_pbt_batterygpt,172,1.0022456623190603,0.9952112901935107,audit_only_not_for_training_or_tuning
5,fusion_pbt_batterygpt,173,1.0022823561204885,0.9951614738322224,audit_only_not_for_training_or_tuning
5,fusion_pbt_batterygpt,174,1.0012722903514613,0.9951116574709341,audit_only_not_for_training_or_tuning
5,fusion_pbt_batterygpt,175,1.0016850850065933,0.9950618411096458,audit_only_not_for_training_or_tuning
5,fusion_pbt_batterygpt,176,1.0017609096566327,0.9950120247483575,audit_only_not_for_training_or_tuning
5,fusion_pbt_batterygpt,177,1.0018210503284626,0.9949622083870692,audit_only_not_for_training_or_tuning
5,fusion_pbt_batterygpt,178,1.0023015052135131,0.9949123920257809,audit_only_not_for_training_or_tuning
5,fusion_pbt_batterygpt,179,1.001903294755244,0.9948625756644925,audit_only_not_for_training_or_tuning
5,fusion_pbt_batterygpt,180,1.00155091939613,0.9948127593032041,audit_only_not_for_training_or_tuning
5,fusion_pbt_batterygpt,181,1.0019739403014698,0.9947629429419158,audit_only_not_for_training_or_tuning
5,fusion_pbt_batterygpt,182,1.0010911095620652,0.9947131265806275,audit_only_not_for_training_or_tuning
5,fusion_pbt_batterygpt,183,1.0014989504852856,0.9946633102193392,audit_only_not_for_training_or_tuning
5,fusion_pbt_batterygpt,184,1.0013159386115469,0.9946134938580509,audit_only_not_for_training_or_tuning
5,fusion_pbt_batterygpt,185,1.0011759267176101,0.9945636774967626,audit_only_not_for_training_or_tuning
5,fusion_pbt_batterygpt,186,1.0013702556565585,0.9945138611354742,audit_only_not_for_training_or_tuning
5,fusion_pbt_batterygpt,187,1.001016611357698,0.9944640447741859,audit_only_not_for_training_or_tuning
5,fusion_pbt_batterygpt,188,1.000905233039284,0.9944142284128975,audit_only_not_for_training_or_tuning
5,fusion_pbt_batterygpt,189,1.0012120469154728,0.9943644120516092,audit_only_not_for_training_or_tuning
5,fusion_pbt_batterygpt,190,1.0013044692517412,0.9943145956903209,audit_only_not_for_training_or_tuning
5,fusion_pbt_batterygpt,191,1.0006239262920518,0.9942647793290326,audit_only_not_for_training_or_tuning
5,fusion_pbt_batterygpt,192,1.0014093738315655,0.9942149629677443,audit_only_not_for_training_or_tuning
5,fusion_pbt_batterygpt,193,1.0009529545994775,0.9941651466064559,audit_only_not_for_training_or_tuning
5,fusion_pbt_batterygpt,194,1.001220913328737,0.9941153302451676,audit_only_not_for_training_or_tuning
5,fusion_pbt_batterygpt,195,1.0012243615385386,0.9940655138838793,audit_only_not_for_training_or_tuning
5,fusion_pbt_batterygpt,196,1.000333272913547,0.9940156975225909,audit_only_not_for_training_or_tuning
5,fusion_pbt_batterygpt,197,1.0009245398554512,0.9939658811613026,audit_only_not_for_training_or_tuning
5,fusion_pbt_batterygpt,198,1.0005377626503078,0.9939160648000143,audit_only_not_for_training_or_tuning
5,fusion_pbt_batterygpt,199,1.0006334084679165,0.993866248438726,audit_only_not_for_training_or_tuning
5,fusion_pbt_batterygpt,200,1.0007856686939287,0.9938164320774376,audit_only_not_for_training_or_tuning
6,linear_recent,151,1.0024443060362749,0.9961315128740116,audit_only_not_for_training_or_tuning
6,linear_recent,152,1.002131596932723,0.9960971651622221,audit_only_not_for_training_or_tuning
6,linear_recent,153,1.002636957436886,0.9960628174504327,audit_only_not_for_training_or_tuning
6,linear_recent,154,1.0020942102647532,0.9960284697386433,audit_only_not_for_training_or_tuning
6,linear_recent,155,1.0018871365029138,0.9959941220268539,audit_only_not_for_training_or_tuning
6,linear_recent,156,1.0019889580213652,0.9959597743150644,audit_only_not_for_training_or_tuning
6,linear_recent,157,1.0019079462258431,0.995925426603275,audit_only_not_for_training_or_tuning
6,linear_recent,158,1.0020128904343435,0.9958910788914855,audit_only_not_for_training_or_tuning
6,linear_recent,159,1.0018163422055149,0.9958567311796961,audit_only_not_for_training_or_tuning
6,linear_recent,160,1.0015922568246962,0.9958223834679066,audit_only_not_for_training_or_tuning
6,linear_recent,161,1.0015444918573089,0.9957880357561172,audit_only_not_for_training_or_tuning
6,linear_recent,162,1.0016716751553711,0.9957536880443277,audit_only_not_for_training_or_tuning
6,linear_recent,163,1.0015459461048124,0.9957193403325383,audit_only_not_for_training_or_tuning
6,linear_recent,164,1.0015027906645493,0.9956849926207488,audit_only_not_for_training_or_tuning
6,linear_recent,165,1.0012419565230153,0.9956506449089595,audit_only_not_for_training_or_tuning
6,linear_recent,166,1.0012198268835835,0.99561629719717,audit_only_not_for_training_or_tuning
6,linear_recent,167,1.0013230719209436,0.9955819494853806,audit_only_not_for_training_or_tuning
6,linear_recent,168,1.001265723273847,0.9955476017735911,audit_only_not_for_training_or_tuning
6,linear_recent,169,1.001385758017426,0.9955132540618017,audit_only_not_for_training_or_tuning
6,linear_recent,170,1.0011420124133195,0.9954789063500122,audit_only_not_for_training_or_tuning
6,linear_recent,171,1.0010156833498298,0.9954445586382228,audit_only_not_for_training_or_tuning
6,linear_recent,172,1.0009570728754253,0.9954102109264333,audit_only_not_for_training_or_tuning
6,linear_recent,173,1.0012497561830545,0.9953758632146439,audit_only_not_for_training_or_tuning
6,linear_recent,174,1.0010489875431412,0.9953415155028544,audit_only_not_for_training_or_tuning
6,linear_recent,175,1.001248092466543,0.995307167791065,audit_only_not_for_training_or_tuning
6,linear_recent,176,1.0001885768453183,0.9952728200792756,audit_only_not_for_training_or_tuning
6,linear_recent,177,1.0010552541314377,0.9952384723674862,audit_only_not_for_training_or_tuning
6,linear_recent,178,1.0005742801165352,0.9952041246556967,audit_only_not_for_training_or_tuning
6,linear_recent,179,1.0006743521438155,0.9951697769439073,audit_only_not_for_training_or_tuning
6,linear_recent,180,1.000876047347762,0.9951354292321178,audit_only_not_for_training_or_tuning
6,linear_recent,181,1.0012088831891566,0.9951010815203284,audit_only_not_for_training_or_tuning
6,linear_recent,182,1.0006529696367903,0.9950667338085389,audit_only_not_for_training_or_tuning
6,linear_recent,183,1.0010921414547658,0.9950323860967495,audit_only_not_for_training_or_tuning
6,linear_recent,184,1.0005942153331173,0.99499803838496,audit_only_not_for_training_or_tuning
6,linear_recent,185,1.0005005215372562,0.9949636906731706,audit_only_not_for_training_or_tuning
6,linear_recent,186,1.0004808032433636,0.9949293429613812,audit_only_not_for_training_or_tuning
6,linear_recent,187,0.99998358554457,0.9948949952495918,audit_only_not_for_training_or_tuning
6,linear_recent,188,1.0002345062300357,0.9948606475378023,audit_only_not_for_training_or_tuning
6,linear_recent,189,1.0002349446269534,0.9948262998260129,audit_only_not_for_training_or_tuning
6,linear_recent,190,1.0004681397655428,0.9947919521142234,audit_only_not_for_training_or_tuning
6,linear_recent,191,1.0001276557844752,0.994757604402434,audit_only_not_for_training_or_tuning
6,linear_recent,192,1.000751312589909,0.9947232566906445,audit_only_not_for_training_or_tuning
6,linear_recent,193,1.0002806779126818,0.9946889089788551,audit_only_not_for_training_or_tuning
6,linear_recent,194,1.0005905993957525,0.9946545612670656,audit_only_not_for_training_or_tuning
6,linear_recent,195,1.0001741771434565,0.9946202135552762,audit_only_not_for_training_or_tuning
6,linear_recent,196,0.9999710843487547,0.9945858658434867,audit_only_not_for_training_or_tuning
6,linear_recent,197,,0.9945515181316974,audit_only_not_for_training_or_tuning
6,linear_recent,198,,0.994517170419908,audit_only_not_for_training_or_tuning
6,linear_recent,199,,0.9944828227081185,audit_only_not_for_training_or_tuning
6,linear_recent,200,,0.994448474996329,audit_only_not_for_training_or_tuning
6,policy_mean,151,1.0024443060362749,0.9961128117095912,audit_only_not_for_training_or_tuning
6,policy_mean,152,1.002131596932723,0.9960597628333812,audit_only_not_for_training_or_tuning
6,policy_mean,153,1.002636957436886,0.9960067139571712,audit_only_not_for_training_or_tuning
6,policy_mean,154,1.0020942102647532,0.9959536650809612,audit_only_not_for_training_or_tuning
6,policy_mean,155,1.0018871365029138,0.9959006162047512,audit_only_not_for_training_or_tuning
6,policy_mean,156,1.0019889580213652,0.9958475673285413,audit_only_not_for_training_or_tuning
6,policy_mean,157,1.0019079462258431,0.9957945184523312,audit_only_not_for_training_or_tuning
6,policy_mean,158,1.0020128904343435,0.9957414695761213,audit_only_not_for_training_or_tuning
6,policy_mean,159,1.0018163422055149,0.9956884206999113,audit_only_not_for_training_or_tuning
6,policy_mean,160,1.0015922568246962,0.9956353718237013,audit_only_not_for_training_or_tuning
6,policy_mean,161,1.0015444918573089,0.9955823229474913,audit_only_not_for_training_or_tuning
6,policy_mean,162,1.0016716751553711,0.9955292740712813,audit_only_not_for_training_or_tuning
6,policy_mean,163,1.0015459461048124,0.9954762251950714,audit_only_not_for_training_or_tuning
6,policy_mean,164,1.0015027906645493,0.9954231763188613,audit_only_not_for_training_or_tuning
6,policy_mean,165,1.0012419565230153,0.9953701274426514,audit_only_not_for_training_or_tuning
6,policy_mean,166,1.0012198268835835,0.9953170785664414,audit_only_not_for_training_or_tuning
6,policy_mean,167,1.0013230719209436,0.9952640296902314,audit_only_not_for_training_or_tuning
6,policy_mean,168,1.001265723273847,0.9952109808140215,audit_only_not_for_training_or_tuning
6,policy_mean,169,1.001385758017426,0.9951579319378114,audit_only_not_for_training_or_tuning
6,policy_mean,170,1.0011420124133195,0.9951048830616015,audit_only_not_for_training_or_tuning
6,policy_mean,171,1.0010156833498298,0.9950518341853914,audit_only_not_for_training_or_tuning
6,policy_mean,172,1.0009570728754253,0.9949987853091815,audit_only_not_for_training_or_tuning
6,policy_mean,173,1.0012497561830545,0.9949457364329716,audit_only_not_for_training_or_tuning
6,policy_mean,174,1.0010489875431412,0.9948926875567615,audit_only_not_for_training_or_tuning
6,policy_mean,175,1.001248092466543,0.9948396386805516,audit_only_not_for_training_or_tuning
6,policy_mean,176,1.0001885768453183,0.9947865898043415,audit_only_not_for_training_or_tuning
6,policy_mean,177,1.0010552541314377,0.9947335409281316,audit_only_not_for_training_or_tuning
6,policy_mean,178,1.0005742801165352,0.9946804920519217,audit_only_not_for_training_or_tuning
6,policy_mean,179,1.0006743521438155,0.9946274431757116,audit_only_not_for_training_or_tuning
6,policy_mean,180,1.000876047347762,0.9945743942995017,audit_only_not_for_training_or_tuning
6,policy_mean,181,1.0012088831891566,0.9945213454232916,audit_only_not_for_training_or_tuning
6,policy_mean,182,1.0006529696367903,0.9944682965470817,audit_only_not_for_training_or_tuning
6,policy_mean,183,1.0010921414547658,0.9944152476708717,audit_only_not_for_training_or_tuning
6,policy_mean,184,1.0005942153331173,0.9943621987946617,audit_only_not_for_training_or_tuning
6,policy_mean,185,1.0005005215372562,0.9943091499184518,audit_only_not_for_training_or_tuning
6,policy_mean,186,1.0004808032433636,0.9942561010422417,audit_only_not_for_training_or_tuning
6,policy_mean,187,0.99998358554457,0.9942030521660318,audit_only_not_for_training_or_tuning
6,policy_mean,188,1.0002345062300357,0.9941500032898218,audit_only_not_for_training_or_tuning
6,policy_mean,189,1.0002349446269534,0.9940969544136118,audit_only_not_for_training_or_tuning
6,policy_mean,190,1.0004681397655428,0.9940439055374019,audit_only_not_for_training_or_tuning
6,policy_mean,191,1.0001276557844752,0.9939908566611918,audit_only_not_for_training_or_tuning
6,policy_mean,192,1.000751312589909,0.9939378077849819,audit_only_not_for_training_or_tuning
6,policy_mean,193,1.0002806779126818,0.9938847589087718,audit_only_not_for_training_or_tuning
6,policy_mean,194,1.0005905993957525,0.9938317100325619,audit_only_not_for_training_or_tuning
6,policy_mean,195,1.0001741771434565,0.9937786611563519,audit_only_not_for_training_or_tuning
6,policy_mean,196,0.9999710843487547,0.9937256122801419,audit_only_not_for_training_or_tuning
6,policy_mean,197,,0.993672563403932,audit_only_not_for_training_or_tuning
6,policy_mean,198,,0.9936195145277219,audit_only_not_for_training_or_tuning
6,policy_mean,199,,0.993566465651512,audit_only_not_for_training_or_tuning
6,policy_mean,200,,0.993513416775302,audit_only_not_for_training_or_tuning
6,persist,151,1.0024443060362749,0.996165860585801,audit_only_not_for_training_or_tuning
6,persist,152,1.002131596932723,0.996165860585801,audit_only_not_for_training_or_tuning
6,persist,153,1.002636957436886,0.996165860585801,audit_only_not_for_training_or_tuning
6,persist,154,1.0020942102647532,0.996165860585801,audit_only_not_for_training_or_tuning
6,persist,155,1.0018871365029138,0.996165860585801,audit_only_not_for_training_or_tuning
6,persist,156,1.0019889580213652,0.996165860585801,audit_only_not_for_training_or_tuning
6,persist,157,1.0019079462258431,0.996165860585801,audit_only_not_for_training_or_tuning
6,persist,158,1.0020128904343435,0.996165860585801,audit_only_not_for_training_or_tuning
6,persist,159,1.0018163422055149,0.996165860585801,audit_only_not_for_training_or_tuning
6,persist,160,1.0015922568246962,0.996165860585801,audit_only_not_for_training_or_tuning
6,persist,161,1.0015444918573089,0.996165860585801,audit_only_not_for_training_or_tuning
6,persist,162,1.0016716751553711,0.996165860585801,audit_only_not_for_training_or_tuning
6,persist,163,1.0015459461048124,0.996165860585801,audit_only_not_for_training_or_tuning
6,persist,164,1.0015027906645493,0.996165860585801,audit_only_not_for_training_or_tuning
6,persist,165,1.0012419565230153,0.996165860585801,audit_only_not_for_training_or_tuning
6,persist,166,1.0012198268835835,0.996165860585801,audit_only_not_for_training_or_tuning
6,persist,167,1.0013230719209436,0.996165860585801,audit_only_not_for_training_or_tuning
6,persist,168,1.001265723273847,0.996165860585801,audit_only_not_for_training_or_tuning
6,persist,169,1.001385758017426,0.996165860585801,audit_only_not_for_training_or_tuning
6,persist,170,1.0011420124133195,0.996165860585801,audit_only_not_for_training_or_tuning
6,persist,171,1.0010156833498298,0.996165860585801,audit_only_not_for_training_or_tuning
6,persist,172,1.0009570728754253,0.996165860585801,audit_only_not_for_training_or_tuning
6,persist,173,1.0012497561830545,0.996165860585801,audit_only_not_for_training_or_tuning
6,persist,174,1.0010489875431412,0.996165860585801,audit_only_not_for_training_or_tuning
6,persist,175,1.001248092466543,0.996165860585801,audit_only_not_for_training_or_tuning
6,persist,176,1.0001885768453183,0.996165860585801,audit_only_not_for_training_or_tuning
6,persist,177,1.0010552541314377,0.996165860585801,audit_only_not_for_training_or_tuning
6,persist,178,1.0005742801165352,0.996165860585801,audit_only_not_for_training_or_tuning
6,persist,179,1.0006743521438155,0.996165860585801,audit_only_not_for_training_or_tuning
6,persist,180,1.000876047347762,0.996165860585801,audit_only_not_for_training_or_tuning
6,persist,181,1.0012088831891566,0.996165860585801,audit_only_not_for_training_or_tuning
6,persist,182,1.0006529696367903,0.996165860585801,audit_only_not_for_training_or_tuning
6,persist,183,1.0010921414547658,0.996165860585801,audit_only_not_for_training_or_tuning
6,persist,184,1.0005942153331173,0.996165860585801,audit_only_not_for_training_or_tuning
6,persist,185,1.0005005215372562,0.996165860585801,audit_only_not_for_training_or_tuning
6,persist,186,1.0004808032433636,0.996165860585801,audit_only_not_for_training_or_tuning
6,persist,187,0.99998358554457,0.996165860585801,audit_only_not_for_training_or_tuning
6,persist,188,1.0002345062300357,0.996165860585801,audit_only_not_for_training_or_tuning
6,persist,189,1.0002349446269534,0.996165860585801,audit_only_not_for_training_or_tuning
6,persist,190,1.0004681397655428,0.996165860585801,audit_only_not_for_training_or_tuning
6,persist,191,1.0001276557844752,0.996165860585801,audit_only_not_for_training_or_tuning
6,persist,192,1.000751312589909,0.996165860585801,audit_only_not_for_training_or_tuning
6,persist,193,1.0002806779126818,0.996165860585801,audit_only_not_for_training_or_tuning
6,persist,194,1.0005905993957525,0.996165860585801,audit_only_not_for_training_or_tuning
6,persist,195,1.0001741771434565,0.996165860585801,audit_only_not_for_training_or_tuning
6,persist,196,0.9999710843487547,0.996165860585801,audit_only_not_for_training_or_tuning
6,persist,197,,0.996165860585801,audit_only_not_for_training_or_tuning
6,persist,198,,0.996165860585801,audit_only_not_for_training_or_tuning
6,persist,199,,0.996165860585801,audit_only_not_for_training_or_tuning
6,persist,200,,0.996165860585801,audit_only_not_for_training_or_tuning
6,fusion_pbt_batterygpt,151,1.0024443060362749,0.9961307389154376,audit_only_not_for_training_or_tuning
6,fusion_pbt_batterygpt,152,1.002131596932723,0.9960956172450742,audit_only_not_for_training_or_tuning
6,fusion_pbt_batterygpt,153,1.002636957436886,0.9960604955747108,audit_only_not_for_training_or_tuning
6,fusion_pbt_batterygpt,154,1.0020942102647532,0.9960253739043474,audit_only_not_for_training_or_tuning
6,fusion_pbt_batterygpt,155,1.0018871365029138,0.995990252233984,audit_only_not_for_training_or_tuning
6,fusion_pbt_batterygpt,156,1.0019889580213652,0.9959551305636206,audit_only_not_for_training_or_tuning
6,fusion_pbt_batterygpt,157,1.0019079462258431,0.9959200088932572,audit_only_not_for_training_or_tuning
6,fusion_pbt_batterygpt,158,1.0020128904343435,0.9958848872228938,audit_only_not_for_training_or_tuning
6,fusion_pbt_batterygpt,159,1.0018163422055149,0.9958497655525304,audit_only_not_for_training_or_tuning
6,fusion_pbt_batterygpt,160,1.0015922568246962,0.995814643882167,audit_only_not_for_training_or_tuning
6,fusion_pbt_batterygpt,161,1.0015444918573089,0.9957795222118035,audit_only_not_for_training_or_tuning
6,fusion_pbt_batterygpt,162,1.0016716751553711,0.9957444005414402,audit_only_not_for_training_or_tuning
6,fusion_pbt_batterygpt,163,1.0015459461048124,0.9957092788710767,audit_only_not_for_training_or_tuning
6,fusion_pbt_batterygpt,164,1.0015027906645493,0.9956741572007134,audit_only_not_for_training_or_tuning
6,fusion_pbt_batterygpt,165,1.0012419565230153,0.9956390355303499,audit_only_not_for_training_or_tuning
6,fusion_pbt_batterygpt,166,1.0012198268835835,0.9956039138599866,audit_only_not_for_training_or_tuning
6,fusion_pbt_batterygpt,167,1.0013230719209436,0.9955687921896231,audit_only_not_for_training_or_tuning
6,fusion_pbt_batterygpt,168,1.001265723273847,0.9955336705192598,audit_only_not_for_training_or_tuning
6,fusion_pbt_batterygpt,169,1.001385758017426,0.9954985488488963,audit_only_not_for_training_or_tuning
6,fusion_pbt_batterygpt,170,1.0011420124133195,0.995463427178533,audit_only_not_for_training_or_tuning
6,fusion_pbt_batterygpt,171,1.0010156833498298,0.9954283055081695,audit_only_not_for_training_or_tuning
6,fusion_pbt_batterygpt,172,1.0009570728754253,0.9953931838378062,audit_only_not_for_training_or_tuning
6,fusion_pbt_batterygpt,173,1.0012497561830545,0.9953580621674427,audit_only_not_for_training_or_tuning
6,fusion_pbt_batterygpt,174,1.0010489875431412,0.9953229404970794,audit_only_not_for_training_or_tuning
6,fusion_pbt_batterygpt,175,1.001248092466543,0.9952878188267159,audit_only_not_for_training_or_tuning
6,fusion_pbt_batterygpt,176,1.0001885768453183,0.9952526971563525,audit_only_not_for_training_or_tuning
6,fusion_pbt_batterygpt,177,1.0010552541314377,0.9952175754859891,audit_only_not_for_training_or_tuning
6,fusion_pbt_batterygpt,178,1.0005742801165352,0.9951824538156256,audit_only_not_for_training_or_tuning
6,fusion_pbt_batterygpt,179,1.0006743521438155,0.9951473321452623,audit_only_not_for_training_or_tuning
6,fusion_pbt_batterygpt,180,1.000876047347762,0.9951122104748988,audit_only_not_for_training_or_tuning
6,fusion_pbt_batterygpt,181,1.0012088831891566,0.9950770888045355,audit_only_not_for_training_or_tuning
6,fusion_pbt_batterygpt,182,1.0006529696367903,0.995041967134172,audit_only_not_for_training_or_tuning
6,fusion_pbt_batterygpt,183,1.0010921414547658,0.9950068454638087,audit_only_not_for_training_or_tuning
6,fusion_pbt_batterygpt,184,1.0005942153331173,0.9949717237934452,audit_only_not_for_training_or_tuning
6,fusion_pbt_batterygpt,185,1.0005005215372562,0.9949366021230819,audit_only_not_for_training_or_tuning
6,fusion_pbt_batterygpt,186,1.0004808032433636,0.9949014804527184,audit_only_not_for_training_or_tuning
6,fusion_pbt_batterygpt,187,0.99998358554457,0.9948663587823551,audit_only_not_for_training_or_tuning
6,fusion_pbt_batterygpt,188,1.0002345062300357,0.9948312371119916,audit_only_not_for_training_or_tuning
6,fusion_pbt_batterygpt,189,1.0002349446269534,0.9947961154416283,audit_only_not_for_training_or_tuning
6,fusion_pbt_batterygpt,190,1.0004681397655428,0.9947609937712648,audit_only_not_for_training_or_tuning
6,fusion_pbt_batterygpt,191,1.0001276557844752,0.9947258721009015,audit_only_not_for_training_or_tuning
6,fusion_pbt_batterygpt,192,1.000751312589909,0.994690750430538,audit_only_not_for_training_or_tuning
6,fusion_pbt_batterygpt,193,1.0002806779126818,0.9946556287601747,audit_only_not_for_training_or_tuning
6,fusion_pbt_batterygpt,194,1.0005905993957525,0.9946205070898112,audit_only_not_for_training_or_tuning
6,fusion_pbt_batterygpt,195,1.0001741771434565,0.9945853854194479,audit_only_not_for_training_or_tuning
6,fusion_pbt_batterygpt,196,0.9999710843487547,0.9945502637490844,audit_only_not_for_training_or_tuning
6,fusion_pbt_batterygpt,197,,0.994515142078721,audit_only_not_for_training_or_tuning
6,fusion_pbt_batterygpt,198,,0.9944800204083576,audit_only_not_for_training_or_tuning
6,fusion_pbt_batterygpt,199,,0.9944448987379942,audit_only_not_for_training_or_tuning
6,fusion_pbt_batterygpt,200,,0.9944097770676308,audit_only_not_for_training_or_tuning
7,linear_recent,151,1.003357446693577,0.9946311863569216,audit_only_not_for_training_or_tuning
7,linear_recent,152,1.0029575073405552,0.9945692261618824,audit_only_not_for_training_or_tuning
7,linear_recent,153,1.0029012602265872,0.9945072659668431,audit_only_not_for_training_or_tuning
7,linear_recent,154,1.0028242378844836,0.9944453057718039,audit_only_not_for_training_or_tuning
7,linear_recent,155,1.002702381352171,0.9943833455767647,audit_only_not_for_training_or_tuning
7,linear_recent,156,1.0022022854768449,0.9943213853817254,audit_only_not_for_training_or_tuning
7,linear_recent,157,1.002455946574706,0.9942594251866862,audit_only_not_for_training_or_tuning
7,linear_recent,158,1.0016267899862894,0.994197464991647,audit_only_not_for_training_or_tuning
7,linear_recent,159,1.0018086863677733,0.9941355047966077,audit_only_not_for_training_or_tuning
7,linear_recent,160,1.0019723480446079,0.9940735446015685,audit_only_not_for_training_or_tuning
7,linear_recent,161,1.0019302097334686,0.9940115844065291,audit_only_not_for_training_or_tuning
7,linear_recent,162,1.001609731202578,0.9939496242114899,audit_only_not_for_training_or_tuning
7,linear_recent,163,1.0016522092445954,0.9938876640164507,audit_only_not_for_training_or_tuning
7,linear_recent,164,1.0012684045004452,0.9938257038214114,audit_only_not_for_training_or_tuning
7,linear_recent,165,1.0013618355905498,0.9937637436263722,audit_only_not_for_training_or_tuning
7,linear_recent,166,1.0010164544842033,0.993701783431333,audit_only_not_for_training_or_tuning
7,linear_recent,167,1.00123621171007,0.9936398232362937,audit_only_not_for_training_or_tuning
7,linear_recent,168,1.0011326861742424,0.9935778630412545,audit_only_not_for_training_or_tuning
7,linear_recent,169,1.0007889067353044,0.9935159028462153,audit_only_not_for_training_or_tuning
7,linear_recent,170,1.0004543762764677,0.993453942651176,audit_only_not_for_training_or_tuning
7,linear_recent,171,1.0011739968901237,0.9933919824561368,audit_only_not_for_training_or_tuning
7,linear_recent,172,1.0007754044929582,0.9933300222610976,audit_only_not_for_training_or_tuning
7,linear_recent,173,1.0006729260901648,0.9932680620660583,audit_only_not_for_training_or_tuning
7,linear_recent,174,1.000675756299851,0.9932061018710191,audit_only_not_for_training_or_tuning
7,linear_recent,175,1.0002803321010423,0.9931441416759799,audit_only_not_for_training_or_tuning
7,linear_recent,176,1.0003760895553615,0.9930821814809405,audit_only_not_for_training_or_tuning
7,linear_recent,177,1.0004322424565657,0.9930202212859013,audit_only_not_for_training_or_tuning
7,linear_recent,178,1.000215855698125,0.992958261090862,audit_only_not_for_training_or_tuning
7,linear_recent,179,1.0002628128207143,0.9928963008958228,audit_only_not_for_training_or_tuning
7,linear_recent,180,1.000041088832034,0.9928343407007836,audit_only_not_for_training_or_tuning
7,linear_recent,181,0.9998949632304145,0.9927723805057443,audit_only_not_for_training_or_tuning
7,linear_recent,182,0.9998282460233614,0.9927104203107051,audit_only_not_for_training_or_tuning
7,linear_recent,183,0.999564903996304,0.9926484601156659,audit_only_not_for_training_or_tuning
7,linear_recent,184,0.9995421010982777,0.9925864999206266,audit_only_not_for_training_or_tuning
7,linear_recent,185,0.999475844503343,0.9925245397255874,audit_only_not_for_training_or_tuning
7,linear_recent,186,0.9991549282287009,0.9924625795305482,audit_only_not_for_training_or_tuning
7,linear_recent,187,0.9993086605332163,0.9924006193355089,audit_only_not_for_training_or_tuning
7,linear_recent,188,0.99907961068082,0.9923386591404697,audit_only_not_for_training_or_tuning
7,linear_recent,189,0.9987169870322498,0.9922766989454305,audit_only_not_for_training_or_tuning
7,linear_recent,190,0.998816777713084,0.9922147387503912,audit_only_not_for_training_or_tuning
7,linear_recent,191,0.9988333962284179,0.992152778555352,audit_only_not_for_training_or_tuning
7,linear_recent,192,0.9984986778687919,0.9920908183603127,audit_only_not_for_training_or_tuning
7,linear_recent,193,0.9984082774657828,0.9920288581652734,audit_only_not_for_training_or_tuning
7,linear_recent,194,0.9984356164890561,0.9919668979702342,audit_only_not_for_training_or_tuning
7,linear_recent,195,0.9286930020974444,0.991904937775195,audit_only_not_for_training_or_tuning
7,linear_recent,196,0.9286235968830132,0.9918429775801557,audit_only_not_for_training_or_tuning
7,linear_recent,197,0.9288442409334551,0.9917810173851165,audit_only_not_for_training_or_tuning
7,linear_recent,198,0.9979789274257338,0.9917190571900772,audit_only_not_for_training_or_tuning
7,linear_recent,199,0.9288530227051505,0.991657096995038,audit_only_not_for_training_or_tuning
7,linear_recent,200,0.9282879882526297,0.9915951367999988,audit_only_not_for_training_or_tuning
7,policy_mean,151,1.003357446693577,0.9946744568431952,audit_only_not_for_training_or_tuning
7,policy_mean,152,1.0029575073405552,0.9946557671344294,audit_only_not_for_training_or_tuning
7,policy_mean,153,1.0029012602265872,0.9946370774256637,audit_only_not_for_training_or_tuning
7,policy_mean,154,1.0028242378844836,0.9946183877168979,audit_only_not_for_training_or_tuning
7,policy_mean,155,1.002702381352171,0.9945996980081322,audit_only_not_for_training_or_tuning
7,policy_mean,156,1.0022022854768449,0.9945810082993665,audit_only_not_for_training_or_tuning
7,policy_mean,157,1.002455946574706,0.9945623185906007,audit_only_not_for_training_or_tuning
7,policy_mean,158,1.0016267899862894,0.994543628881835,audit_only_not_for_training_or_tuning
7,policy_mean,159,1.0018086863677733,0.9945249391730693,audit_only_not_for_training_or_tuning
7,policy_mean,160,1.0019723480446079,0.9945062494643035,audit_only_not_for_training_or_tuning
7,policy_mean,161,1.0019302097334686,0.9944875597555377,audit_only_not_for_training_or_tuning
7,policy_mean,162,1.001609731202578,0.994468870046772,audit_only_not_for_training_or_tuning
7,policy_mean,163,1.0016522092445954,0.9944501803380063,audit_only_not_for_training_or_tuning
7,policy_mean,164,1.0012684045004452,0.9944314906292405,audit_only_not_for_training_or_tuning
7,policy_mean,165,1.0013618355905498,0.9944128009204748,audit_only_not_for_training_or_tuning
7,policy_mean,166,1.0010164544842033,0.9943941112117091,audit_only_not_for_training_or_tuning
7,policy_mean,167,1.00123621171007,0.9943754215029433,audit_only_not_for_training_or_tuning
7,policy_mean,168,1.0011326861742424,0.9943567317941776,audit_only_not_for_training_or_tuning
7,policy_mean,169,1.0007889067353044,0.9943380420854118,audit_only_not_for_training_or_tuning
7,policy_mean,170,1.0004543762764677,0.994319352376646,audit_only_not_for_training_or_tuning
7,policy_mean,171,1.0011739968901237,0.9943006626678803,audit_only_not_for_training_or_tuning
7,policy_mean,172,1.0007754044929582,0.9942819729591146,audit_only_not_for_training_or_tuning
7,policy_mean,173,1.0006729260901648,0.9942632832503489,audit_only_not_for_training_or_tuning
7,policy_mean,174,1.000675756299851,0.9942445935415831,audit_only_not_for_training_or_tuning
7,policy_mean,175,1.0002803321010423,0.9942259038328174,audit_only_not_for_training_or_tuning
7,policy_mean,176,1.0003760895553615,0.9942072141240517,audit_only_not_for_training_or_tuning
7,policy_mean,177,1.0004322424565657,0.9941885244152858,audit_only_not_for_training_or_tuning
7,policy_mean,178,1.000215855698125,0.9941698347065201,audit_only_not_for_training_or_tuning
7,policy_mean,179,1.0002628128207143,0.9941511449977544,audit_only_not_for_training_or_tuning
7,policy_mean,180,1.000041088832034,0.9941324552889886,audit_only_not_for_training_or_tuning
7,policy_mean,181,0.9998949632304145,0.9941137655802229,audit_only_not_for_training_or_tuning
7,policy_mean,182,0.9998282460233614,0.9940950758714572,audit_only_not_for_training_or_tuning
7,policy_mean,183,0.999564903996304,0.9940763861626914,audit_only_not_for_training_or_tuning
7,policy_mean,184,0.9995421010982777,0.9940576964539257,audit_only_not_for_training_or_tuning
7,policy_mean,185,0.999475844503343,0.9940390067451599,audit_only_not_for_training_or_tuning
7,policy_mean,186,0.9991549282287009,0.9940203170363942,audit_only_not_for_training_or_tuning
7,policy_mean,187,0.9993086605332163,0.9940016273276284,audit_only_not_for_training_or_tuning
7,policy_mean,188,0.99907961068082,0.9939829376188627,audit_only_not_for_training_or_tuning
7,policy_mean,189,0.9987169870322498,0.993964247910097,audit_only_not_for_training_or_tuning
7,policy_mean,190,0.998816777713084,0.9939455582013312,audit_only_not_for_training_or_tuning
7,policy_mean,191,0.9988333962284179,0.9939268684925655,audit_only_not_for_training_or_tuning
7,policy_mean,192,0.9984986778687919,0.9939081787837998,audit_only_not_for_training_or_tuning
7,policy_mean,193,0.9984082774657828,0.993889489075034,audit_only_not_for_training_or_tuning
7,policy_mean,194,0.9984356164890561,0.9938707993662682,audit_only_not_for_training_or_tuning
7,policy_mean,195,0.9286930020974444,0.9938521096575025,audit_only_not_for_training_or_tuning
7,policy_mean,196,0.9286235968830132,0.9938334199487368,audit_only_not_for_training_or_tuning
7,policy_mean,197,0.9288442409334551,0.993814730239971,audit_only_not_for_training_or_tuning
7,policy_mean,198,0.9979789274257338,0.9937960405312053,audit_only_not_for_training_or_tuning
7,policy_mean,199,0.9288530227051505,0.9937773508224396,audit_only_not_for_training_or_tuning
7,policy_mean,200,0.9282879882526297,0.9937586611136738,audit_only_not_for_training_or_tuning
7,persist,151,1.003357446693577,0.994693146551961,audit_only_not_for_training_or_tuning
7,persist,152,1.0029575073405552,0.994693146551961,audit_only_not_for_training_or_tuning
7,persist,153,1.0029012602265872,0.994693146551961,audit_only_not_for_training_or_tuning
7,persist,154,1.0028242378844836,0.994693146551961,audit_only_not_for_training_or_tuning
7,persist,155,1.002702381352171,0.994693146551961,audit_only_not_for_training_or_tuning
7,persist,156,1.0022022854768449,0.994693146551961,audit_only_not_for_training_or_tuning
7,persist,157,1.002455946574706,0.994693146551961,audit_only_not_for_training_or_tuning
7,persist,158,1.0016267899862894,0.994693146551961,audit_only_not_for_training_or_tuning
7,persist,159,1.0018086863677733,0.994693146551961,audit_only_not_for_training_or_tuning
7,persist,160,1.0019723480446079,0.994693146551961,audit_only_not_for_training_or_tuning
7,persist,161,1.0019302097334686,0.994693146551961,audit_only_not_for_training_or_tuning
7,persist,162,1.001609731202578,0.994693146551961,audit_only_not_for_training_or_tuning
7,persist,163,1.0016522092445954,0.994693146551961,audit_only_not_for_training_or_tuning
7,persist,164,1.0012684045004452,0.994693146551961,audit_only_not_for_training_or_tuning
7,persist,165,1.0013618355905498,0.994693146551961,audit_only_not_for_training_or_tuning
7,persist,166,1.0010164544842033,0.994693146551961,audit_only_not_for_training_or_tuning
7,persist,167,1.00123621171007,0.994693146551961,audit_only_not_for_training_or_tuning
7,persist,168,1.0011326861742424,0.994693146551961,audit_only_not_for_training_or_tuning
7,persist,169,1.0007889067353044,0.994693146551961,audit_only_not_for_training_or_tuning
7,persist,170,1.0004543762764677,0.994693146551961,audit_only_not_for_training_or_tuning
7,persist,171,1.0011739968901237,0.994693146551961,audit_only_not_for_training_or_tuning
7,persist,172,1.0007754044929582,0.994693146551961,audit_only_not_for_training_or_tuning
7,persist,173,1.0006729260901648,0.994693146551961,audit_only_not_for_training_or_tuning
7,persist,174,1.000675756299851,0.994693146551961,audit_only_not_for_training_or_tuning
7,persist,175,1.0002803321010423,0.994693146551961,audit_only_not_for_training_or_tuning
7,persist,176,1.0003760895553615,0.994693146551961,audit_only_not_for_training_or_tuning
7,persist,177,1.0004322424565657,0.994693146551961,audit_only_not_for_training_or_tuning
7,persist,178,1.000215855698125,0.994693146551961,audit_only_not_for_training_or_tuning
7,persist,179,1.0002628128207143,0.994693146551961,audit_only_not_for_training_or_tuning
7,persist,180,1.000041088832034,0.994693146551961,audit_only_not_for_training_or_tuning
7,persist,181,0.9998949632304145,0.994693146551961,audit_only_not_for_training_or_tuning
7,persist,182,0.9998282460233614,0.994693146551961,audit_only_not_for_training_or_tuning
7,persist,183,0.999564903996304,0.994693146551961,audit_only_not_for_training_or_tuning
7,persist,184,0.9995421010982777,0.994693146551961,audit_only_not_for_training_or_tuning
7,persist,185,0.999475844503343,0.994693146551961,audit_only_not_for_training_or_tuning
7,persist,186,0.9991549282287009,0.994693146551961,audit_only_not_for_training_or_tuning
7,persist,187,0.9993086605332163,0.994693146551961,audit_only_not_for_training_or_tuning
7,persist,188,0.99907961068082,0.994693146551961,audit_only_not_for_training_or_tuning
7,persist,189,0.9987169870322498,0.994693146551961,audit_only_not_for_training_or_tuning
7,persist,190,0.998816777713084,0.994693146551961,audit_only_not_for_training_or_tuning
7,persist,191,0.9988333962284179,0.994693146551961,audit_only_not_for_training_or_tuning
7,persist,192,0.9984986778687919,0.994693146551961,audit_only_not_for_training_or_tuning
7,persist,193,0.9984082774657828,0.994693146551961,audit_only_not_for_training_or_tuning
7,persist,194,0.9984356164890561,0.994693146551961,audit_only_not_for_training_or_tuning
7,persist,195,0.9286930020974444,0.994693146551961,audit_only_not_for_training_or_tuning
7,persist,196,0.9286235968830132,0.994693146551961,audit_only_not_for_training_or_tuning
7,persist,197,0.9288442409334551,0.994693146551961,audit_only_not_for_training_or_tuning
7,persist,198,0.9979789274257338,0.994693146551961,audit_only_not_for_training_or_tuning
7,persist,199,0.9288530227051505,0.994693146551961,audit_only_not_for_training_or_tuning
7,persist,200,0.9282879882526297,0.994693146551961,audit_only_not_for_training_or_tuning
7,fusion_pbt_batterygpt,151,1.003357446693577,0.9946246035405405,audit_only_not_for_training_or_tuning
7,fusion_pbt_batterygpt,152,1.0029575073405552,0.99455606052912,audit_only_not_for_training_or_tuning
7,fusion_pbt_batterygpt,153,1.0029012602265872,0.9944875175176996,audit_only_not_for_training_or_tuning
7,fusion_pbt_batterygpt,154,1.0028242378844836,0.9944189745062791,audit_only_not_for_training_or_tuning
7,fusion_pbt_batterygpt,155,1.002702381352171,0.9943504314948588,audit_only_not_for_training_or_tuning
7,fusion_pbt_batterygpt,156,1.0022022854768449,0.9942818884834383,audit_only_not_for_training_or_tuning
7,fusion_pbt_batterygpt,157,1.002455946574706,0.9942133454720179,audit_only_not_for_training_or_tuning
7,fusion_pbt_batterygpt,158,1.0016267899862894,0.9941448024605974,audit_only_not_for_training_or_tuning
7,fusion_pbt_batterygpt,159,1.0018086863677733,0.994076259449177,audit_only_not_for_training_or_tuning
7,fusion_pbt_batterygpt,160,1.0019723480446079,0.9940077164377565,audit_only_not_for_training_or_tuning
7,fusion_pbt_batterygpt,161,1.0019302097334686,0.9939391734263361,audit_only_not_for_training_or_tuning
7,fusion_pbt_batterygpt,162,1.001609731202578,0.9938706304149156,audit_only_not_for_training_or_tuning
7,fusion_pbt_batterygpt,163,1.0016522092445954,0.9938020874034952,audit_only_not_for_training_or_tuning
7,fusion_pbt_batterygpt,164,1.0012684045004452,0.9937335443920747,audit_only_not_for_training_or_tuning
7,fusion_pbt_batterygpt,165,1.0013618355905498,0.9936650013806543,audit_only_not_for_training_or_tuning
7,fusion_pbt_batterygpt,166,1.0010164544842033,0.9935964583692339,audit_only_not_for_training_or_tuning
7,fusion_pbt_batterygpt,167,1.00123621171007,0.9935279153578135,audit_only_not_for_training_or_tuning
7,fusion_pbt_batterygpt,168,1.0011326861742424,0.993459372346393,audit_only_not_for_training_or_tuning
7,fusion_pbt_batterygpt,169,1.0007889067353044,0.9933908293349726,audit_only_not_for_training_or_tuning
7,fusion_pbt_batterygpt,170,1.0004543762764677,0.9933222863235521,audit_only_not_for_training_or_tuning
7,fusion_pbt_batterygpt,171,1.0011739968901237,0.9932537433121317,audit_only_not_for_training_or_tuning
7,fusion_pbt_batterygpt,172,1.0007754044929582,0.9931852003007112,audit_only_not_for_training_or_tuning
7,fusion_pbt_batterygpt,173,1.0006729260901648,0.9931166572892908,audit_only_not_for_training_or_tuning
7,fusion_pbt_batterygpt,174,1.000675756299851,0.9930481142778703,audit_only_not_for_training_or_tuning
7,fusion_pbt_batterygpt,175,1.0002803321010423,0.99297957126645,audit_only_not_for_training_or_tuning
7,fusion_pbt_batterygpt,176,1.0003760895553615,0.9929110282550295,audit_only_not_for_training_or_tuning
7,fusion_pbt_batterygpt,177,1.0004322424565657,0.9928424852436091,audit_only_not_for_training_or_tuning
7,fusion_pbt_batterygpt,178,1.000215855698125,0.9927739422321886,audit_only_not_for_training_or_tuning
7,fusion_pbt_batterygpt,179,1.0002628128207143,0.9927053992207682,audit_only_not_for_training_or_tuning
7,fusion_pbt_batterygpt,180,1.000041088832034,0.9926368562093477,audit_only_not_for_training_or_tuning
7,fusion_pbt_batterygpt,181,0.9998949632304145,0.9925683131979273,audit_only_not_for_training_or_tuning
7,fusion_pbt_batterygpt,182,0.9998282460233614,0.9924997701865068,audit_only_not_for_training_or_tuning
7,fusion_pbt_batterygpt,183,0.999564903996304,0.9924312271750864,audit_only_not_for_training_or_tuning
7,fusion_pbt_batterygpt,184,0.9995421010982777,0.9923626841636659,audit_only_not_for_training_or_tuning
7,fusion_pbt_batterygpt,185,0.999475844503343,0.9922941411522455,audit_only_not_for_training_or_tuning
7,fusion_pbt_batterygpt,186,0.9991549282287009,0.9922255981408251,audit_only_not_for_training_or_tuning
7,fusion_pbt_batterygpt,187,0.9993086605332163,0.9921570551294047,audit_only_not_for_training_or_tuning
7,fusion_pbt_batterygpt,188,0.99907961068082,0.9920885121179842,audit_only_not_for_training_or_tuning
7,fusion_pbt_batterygpt,189,0.9987169870322498,0.9920199691065638,audit_only_not_for_training_or_tuning
7,fusion_pbt_batterygpt,190,0.998816777713084,0.9919514260951433,audit_only_not_for_training_or_tuning
7,fusion_pbt_batterygpt,191,0.9988333962284179,0.9918828830837229,audit_only_not_for_training_or_tuning
7,fusion_pbt_batterygpt,192,0.9984986778687919,0.9918143400723024,audit_only_not_for_training_or_tuning
7,fusion_pbt_batterygpt,193,0.9984082774657828,0.991745797060882,audit_only_not_for_training_or_tuning
7,fusion_pbt_batterygpt,194,0.9984356164890561,0.9916772540494615,audit_only_not_for_training_or_tuning
7,fusion_pbt_batterygpt,195,0.9286930020974444,0.9916087110380412,audit_only_not_for_training_or_tuning
7,fusion_pbt_batterygpt,196,0.9286235968830132,0.9915401680266207,audit_only_not_for_training_or_tuning
7,fusion_pbt_batterygpt,197,0.9288442409334551,0.9914716250152003,audit_only_not_for_training_or_tuning
7,fusion_pbt_batterygpt,198,0.9979789274257338,0.9914030820037798,audit_only_not_for_training_or_tuning
7,fusion_pbt_batterygpt,199,0.9288530227051505,0.9913345389923593,audit_only_not_for_training_or_tuning
7,fusion_pbt_batterygpt,200,0.9282879882526297,0.9912659959809389,audit_only_not_for_training_or_tuning
8,linear_recent,151,0.9286494107487656,0.9895631697019863,audit_only_not_for_training_or_tuning
8,linear_recent,152,0.9283173115901272,0.9894392531406236,audit_only_not_for_training_or_tuning
8,linear_recent,153,0.9962428354088587,0.989315336579261,audit_only_not_for_training_or_tuning
8,linear_recent,154,0.9283428230140974,0.9891914200178983,audit_only_not_for_training_or_tuning
8,linear_recent,155,0.9283276270137454,0.9890675034565355,audit_only_not_for_training_or_tuning
8,linear_recent,156,0.9962035200520383,0.9889435868951728,audit_only_not_for_training_or_tuning
8,linear_recent,157,0.9283561791274282,0.9888196703338101,audit_only_not_for_training_or_tuning
8,linear_recent,158,0.9282689138630531,0.9886957537724474,audit_only_not_for_training_or_tuning
8,linear_recent,159,0.9280689618426944,0.9885718372110848,audit_only_not_for_training_or_tuning
8,linear_recent,160,0.9279128239747289,0.9884479206497221,audit_only_not_for_training_or_tuning
8,linear_recent,161,0.9278728887877271,0.9883240040883593,audit_only_not_for_training_or_tuning
8,linear_recent,162,0.9280063323129732,0.9882000875269966,audit_only_not_for_training_or_tuning
8,linear_recent,163,0.9276810165143233,0.9880761709656339,audit_only_not_for_training_or_tuning
8,linear_recent,164,0.9277771120351521,0.9879522544042713,audit_only_not_for_training_or_tuning
8,linear_recent,165,0.927566420278166,0.9878283378429086,audit_only_not_for_training_or_tuning
8,linear_recent,166,0.9274403165836762,0.9877044212815458,audit_only_not_for_training_or_tuning
8,linear_recent,167,0.9275752214084622,0.9875805047201831,audit_only_not_for_training_or_tuning
8,linear_recent,168,0.9276155257587942,0.9874565881588204,audit_only_not_for_training_or_tuning
8,linear_recent,169,0.9276270697739123,0.9873326715974577,audit_only_not_for_training_or_tuning
8,linear_recent,170,0.9273726933438301,0.9872087550360951,audit_only_not_for_training_or_tuning
8,linear_recent,171,0.927277210659689,0.9870848384747324,audit_only_not_for_training_or_tuning
8,linear_recent,172,0.9275299998906886,0.9869609219133696,audit_only_not_for_training_or_tuning
8,linear_recent,173,0.9273052011728948,0.9868370053520069,audit_only_not_for_training_or_tuning
8,linear_recent,174,0.9272301801702559,0.9867130887906442,audit_only_not_for_training_or_tuning
8,linear_recent,175,0.9269385642888122,0.9865891722292816,audit_only_not_for_training_or_tuning
8,linear_recent,176,0.9271810988390191,0.9864652556679189,audit_only_not_for_training_or_tuning
8,linear_recent,177,0.9269081752244848,0.9863413391065562,audit_only_not_for_training_or_tuning
8,linear_recent,178,0.9270565560946866,0.9862174225451934,audit_only_not_for_training_or_tuning
8,linear_recent,179,0.9270339028837747,0.9860935059838307,audit_only_not_for_training_or_tuning
8,linear_recent,180,0.9268921419508439,0.985969589422468,audit_only_not_for_training_or_tuning
8,linear_recent,181,0.9271172293623159,0.9858456728611054,audit_only_not_for_training_or_tuning
8,linear_recent,182,0.9269342498194562,0.9857217562997427,audit_only_not_for_training_or_tuning
8,linear_recent,183,0.9270035979557982,0.9855978397383799,audit_only_not_for_training_or_tuning
8,linear_recent,184,0.9269782859820839,0.9854739231770172,audit_only_not_for_training_or_tuning
8,linear_recent,185,0.9265801792352001,0.9853500066156545,audit_only_not_for_training_or_tuning
8,linear_recent,186,0.9263225851392405,0.9852260900542918,audit_only_not_for_training_or_tuning
8,linear_recent,187,0.9263640785444929,0.9851021734929292,audit_only_not_for_training_or_tuning
8,linear_recent,188,0.9264124842341611,0.9849782569315665,audit_only_not_for_training_or_tuning
8,linear_recent,189,0.9265814602790275,0.9848543403702037,audit_only_not_for_training_or_tuning
8,linear_recent,190,0.9258079814629356,0.984730423808841,audit_only_not_for_training_or_tuning
8,linear_recent,191,0.9260845942683046,0.9846065072474783,audit_only_not_for_training_or_tuning
8,linear_recent,192,0.9258171167781016,0.9844825906861157,audit_only_not_for_training_or_tuning
8,linear_recent,193,0.9261452123019257,0.984358674124753,audit_only_not_for_training_or_tuning
8,linear_recent,194,0.9259509597447977,0.9842347575633903,audit_only_not_for_training_or_tuning
8,linear_recent,195,0.9260234557666341,0.9841108410020275,audit_only_not_for_training_or_tuning
8,linear_recent,196,0.9258784325576928,0.9839869244406648,audit_only_not_for_training_or_tuning
8,linear_recent,197,0.9257579830930804,0.9838630078793021,audit_only_not_for_training_or_tuning
8,linear_recent,198,0.9255505449239628,0.9837390913179395,audit_only_not_for_training_or_tuning
8,linear_recent,199,0.9257073292439207,0.9836151747565768,audit_only_not_for_training_or_tuning
8,linear_recent,200,0.9256648987056904,0.983491258195214,audit_only_not_for_training_or_tuning
8,policy_mean,151,0.9286494107487656,0.9896751148825311,audit_only_not_for_training_or_tuning
8,policy_mean,152,0.9283173115901272,0.9896631435017132,audit_only_not_for_training_or_tuning
8,policy_mean,153,0.9962428354088587,0.9896511721208954,audit_only_not_for_training_or_tuning
8,policy_mean,154,0.9283428230140974,0.9896392007400775,audit_only_not_for_training_or_tuning
8,policy_mean,155,0.9283276270137454,0.9896272293592597,audit_only_not_for_training_or_tuning
8,policy_mean,156,0.9962035200520383,0.9896152579784419,audit_only_not_for_training_or_tuning
8,policy_mean,157,0.9283561791274282,0.989603286597624,audit_only_not_for_training_or_tuning
8,policy_mean,158,0.9282689138630531,0.9895913152168061,audit_only_not_for_training_or_tuning
8,policy_mean,159,0.9280689618426944,0.9895793438359882,audit_only_not_for_training_or_tuning
8,policy_mean,160,0.9279128239747289,0.9895673724551703,audit_only_not_for_training_or_tuning
8,policy_mean,161,0.9278728887877271,0.9895554010743525,audit_only_not_for_training_or_tuning
8,policy_mean,162,0.9280063323129732,0.9895434296935346,audit_only_not_for_training_or_tuning
8,policy_mean,163,0.9276810165143233,0.9895314583127167,audit_only_not_for_training_or_tuning
8,policy_mean,164,0.9277771120351521,0.9895194869318988,audit_only_not_for_training_or_tuning
8,policy_mean,165,0.927566420278166,0.989507515551081,audit_only_not_for_training_or_tuning
8,policy_mean,166,0.9274403165836762,0.9894955441702631,audit_only_not_for_training_or_tuning
8,policy_mean,167,0.9275752214084622,0.9894835727894452,audit_only_not_for_training_or_tuning
8,policy_mean,168,0.9276155257587942,0.9894716014086273,audit_only_not_for_training_or_tuning
8,policy_mean,169,0.9276270697739123,0.9894596300278095,audit_only_not_for_training_or_tuning
8,policy_mean,170,0.9273726933438301,0.9894476586469916,audit_only_not_for_training_or_tuning
8,policy_mean,171,0.927277210659689,0.9894356872661737,audit_only_not_for_training_or_tuning
8,policy_mean,172,0.9275299998906886,0.9894237158853558,audit_only_not_for_training_or_tuning
8,policy_mean,173,0.9273052011728948,0.989411744504538,audit_only_not_for_training_or_tuning
8,policy_mean,174,0.9272301801702559,0.9893997731237201,audit_only_not_for_training_or_tuning
8,policy_mean,175,0.9269385642888122,0.9893878017429023,audit_only_not_for_training_or_tuning
8,policy_mean,176,0.9271810988390191,0.9893758303620844,audit_only_not_for_training_or_tuning
8,policy_mean,177,0.9269081752244848,0.9893638589812666,audit_only_not_for_training_or_tuning
8,policy_mean,178,0.9270565560946866,0.9893518876004487,audit_only_not_for_training_or_tuning
8,policy_mean,179,0.9270339028837747,0.9893399162196308,audit_only_not_for_training_or_tuning
8,policy_mean,180,0.9268921419508439,0.9893279448388129,audit_only_not_for_training_or_tuning
8,policy_mean,181,0.9271172293623159,0.989315973457995,audit_only_not_for_training_or_tuning
8,policy_mean,182,0.9269342498194562,0.9893040020771772,audit_only_not_for_training_or_tuning
8,policy_mean,183,0.9270035979557982,0.9892920306963593,audit_only_not_for_training_or_tuning
8,policy_mean,184,0.9269782859820839,0.9892800593155414,audit_only_not_for_training_or_tuning
8,policy_mean,185,0.9265801792352001,0.9892680879347235,audit_only_not_for_training_or_tuning
8,policy_mean,186,0.9263225851392405,0.9892561165539057,audit_only_not_for_training_or_tuning
8,policy_mean,187,0.9263640785444929,0.9892441451730878,audit_only_not_for_training_or_tuning
8,policy_mean,188,0.9264124842341611,0.9892321737922699,audit_only_not_for_training_or_tuning
8,policy_mean,189,0.9265814602790275,0.989220202411452,audit_only_not_for_training_or_tuning
8,policy_mean,190,0.9258079814629356,0.9892082310306342,audit_only_not_for_training_or_tuning
8,policy_mean,191,0.9260845942683046,0.9891962596498163,audit_only_not_for_training_or_tuning
8,policy_mean,192,0.9258171167781016,0.9891842882689984,audit_only_not_for_training_or_tuning
8,policy_mean,193,0.9261452123019257,0.9891723168881805,audit_only_not_for_training_or_tuning
8,policy_mean,194,0.9259509597447977,0.9891603455073626,audit_only_not_for_training_or_tuning
8,policy_mean,195,0.9260234557666341,0.9891483741265448,audit_only_not_for_training_or_tuning
8,policy_mean,196,0.9258784325576928,0.989136402745727,audit_only_not_for_training_or_tuning
8,policy_mean,197,0.9257579830930804,0.9891244313649091,audit_only_not_for_training_or_tuning
8,policy_mean,198,0.9255505449239628,0.9891124599840913,audit_only_not_for_training_or_tuning
8,policy_mean,199,0.9257073292439207,0.9891004886032734,audit_only_not_for_training_or_tuning
8,policy_mean,200,0.9256648987056904,0.9890885172224555,audit_only_not_for_training_or_tuning
8,persist,151,0.9286494107487656,0.989687086263349,audit_only_not_for_training_or_tuning
8,persist,152,0.9283173115901272,0.989687086263349,audit_only_not_for_training_or_tuning
8,persist,153,0.9962428354088587,0.989687086263349,audit_only_not_for_training_or_tuning
8,persist,154,0.9283428230140974,0.989687086263349,audit_only_not_for_training_or_tuning
8,persist,155,0.9283276270137454,0.989687086263349,audit_only_not_for_training_or_tuning
8,persist,156,0.9962035200520383,0.989687086263349,audit_only_not_for_training_or_tuning
8,persist,157,0.9283561791274282,0.989687086263349,audit_only_not_for_training_or_tuning
8,persist,158,0.9282689138630531,0.989687086263349,audit_only_not_for_training_or_tuning
8,persist,159,0.9280689618426944,0.989687086263349,audit_only_not_for_training_or_tuning
8,persist,160,0.9279128239747289,0.989687086263349,audit_only_not_for_training_or_tuning
8,persist,161,0.9278728887877271,0.989687086263349,audit_only_not_for_training_or_tuning
8,persist,162,0.9280063323129732,0.989687086263349,audit_only_not_for_training_or_tuning
8,persist,163,0.9276810165143233,0.989687086263349,audit_only_not_for_training_or_tuning
8,persist,164,0.9277771120351521,0.989687086263349,audit_only_not_for_training_or_tuning
8,persist,165,0.927566420278166,0.989687086263349,audit_only_not_for_training_or_tuning
8,persist,166,0.9274403165836762,0.989687086263349,audit_only_not_for_training_or_tuning
8,persist,167,0.9275752214084622,0.989687086263349,audit_only_not_for_training_or_tuning
8,persist,168,0.9276155257587942,0.989687086263349,audit_only_not_for_training_or_tuning
8,persist,169,0.9276270697739123,0.989687086263349,audit_only_not_for_training_or_tuning
8,persist,170,0.9273726933438301,0.989687086263349,audit_only_not_for_training_or_tuning
8,persist,171,0.927277210659689,0.989687086263349,audit_only_not_for_training_or_tuning
8,persist,172,0.9275299998906886,0.989687086263349,audit_only_not_for_training_or_tuning
8,persist,173,0.9273052011728948,0.989687086263349,audit_only_not_for_training_or_tuning
8,persist,174,0.9272301801702559,0.989687086263349,audit_only_not_for_training_or_tuning
8,persist,175,0.9269385642888122,0.989687086263349,audit_only_not_for_training_or_tuning
8,persist,176,0.9271810988390191,0.989687086263349,audit_only_not_for_training_or_tuning
8,persist,177,0.9269081752244848,0.989687086263349,audit_only_not_for_training_or_tuning
8,persist,178,0.9270565560946866,0.989687086263349,audit_only_not_for_training_or_tuning
8,persist,179,0.9270339028837747,0.989687086263349,audit_only_not_for_training_or_tuning
8,persist,180,0.9268921419508439,0.989687086263349,audit_only_not_for_training_or_tuning
8,persist,181,0.9271172293623159,0.989687086263349,audit_only_not_for_training_or_tuning
8,persist,182,0.9269342498194562,0.989687086263349,audit_only_not_for_training_or_tuning
8,persist,183,0.9270035979557982,0.989687086263349,audit_only_not_for_training_or_tuning
8,persist,184,0.9269782859820839,0.989687086263349,audit_only_not_for_training_or_tuning
8,persist,185,0.9265801792352001,0.989687086263349,audit_only_not_for_training_or_tuning
8,persist,186,0.9263225851392405,0.989687086263349,audit_only_not_for_training_or_tuning
8,persist,187,0.9263640785444929,0.989687086263349,audit_only_not_for_training_or_tuning
8,persist,188,0.9264124842341611,0.989687086263349,audit_only_not_for_training_or_tuning
8,persist,189,0.9265814602790275,0.989687086263349,audit_only_not_for_training_or_tuning
8,persist,190,0.9258079814629356,0.989687086263349,audit_only_not_for_training_or_tuning
8,persist,191,0.9260845942683046,0.989687086263349,audit_only_not_for_training_or_tuning
8,persist,192,0.9258171167781016,0.989687086263349,audit_only_not_for_training_or_tuning
8,persist,193,0.9261452123019257,0.989687086263349,audit_only_not_for_training_or_tuning
8,persist,194,0.9259509597447977,0.989687086263349,audit_only_not_for_training_or_tuning
8,persist,195,0.9260234557666341,0.989687086263349,audit_only_not_for_training_or_tuning
8,persist,196,0.9258784325576928,0.989687086263349,audit_only_not_for_training_or_tuning
8,persist,197,0.9257579830930804,0.989687086263349,audit_only_not_for_training_or_tuning
8,persist,198,0.9255505449239628,0.989687086263349,audit_only_not_for_training_or_tuning
8,persist,199,0.9257073292439207,0.989687086263349,audit_only_not_for_training_or_tuning
8,persist,200,0.9256648987056904,0.989687086263349,audit_only_not_for_training_or_tuning
8,fusion_pbt_batterygpt,151,0.9286494107487656,0.989556970457575,audit_only_not_for_training_or_tuning
8,fusion_pbt_batterygpt,152,0.9283173115901272,0.9894268546518009,audit_only_not_for_training_or_tuning
8,fusion_pbt_batterygpt,153,0.9962428354088587,0.989296738846027,audit_only_not_for_training_or_tuning
8,fusion_pbt_batterygpt,154,0.9283428230140974,0.9891666230402529,audit_only_not_for_training_or_tuning
8,fusion_pbt_batterygpt,155,0.9283276270137454,0.989036507234479,audit_only_not_for_training_or_tuning
8,fusion_pbt_batterygpt,156,0.9962035200520383,0.988906391428705,audit_only_not_for_training_or_tuning
8,fusion_pbt_batterygpt,157,0.9283561791274282,0.9887762756229309,audit_only_not_for_training_or_tuning
8,fusion_pbt_batterygpt,158,0.9282689138630531,0.988646159817157,audit_only_not_for_training_or_tuning
8,fusion_pbt_batterygpt,159,0.9280689618426944,0.9885160440113829,audit_only_not_for_training_or_tuning
8,fusion_pbt_batterygpt,160,0.9279128239747289,0.988385928205609,audit_only_not_for_training_or_tuning
8,fusion_pbt_batterygpt,161,0.9278728887877271,0.988255812399835,audit_only_not_for_training_or_tuning
8,fusion_pbt_batterygpt,162,0.9280063323129732,0.9881256965940609,audit_only_not_for_training_or_tuning
8,fusion_pbt_batterygpt,163,0.9276810165143233,0.987995580788287,audit_only_not_for_training_or_tuning
8,fusion_pbt_batterygpt,164,0.9277771120351521,0.9878654649825129,audit_only_not_for_training_or_tuning
8,fusion_pbt_batterygpt,165,0.927566420278166,0.987735349176739,audit_only_not_for_training_or_tuning
8,fusion_pbt_batterygpt,166,0.9274403165836762,0.987605233370965,audit_only_not_for_training_or_tuning
8,fusion_pbt_batterygpt,167,0.9275752214084622,0.9874751175651909,audit_only_not_for_training_or_tuning
8,fusion_pbt_batterygpt,168,0.9276155257587942,0.987345001759417,audit_only_not_for_training_or_tuning
8,fusion_pbt_batterygpt,169,0.9276270697739123,0.9872148859536429,audit_only_not_for_training_or_tuning
8,fusion_pbt_batterygpt,170,0.9273726933438301,0.987084770147869,audit_only_not_for_training_or_tuning
8,fusion_pbt_batterygpt,171,0.927277210659689,0.986954654342095,audit_only_not_for_training_or_tuning
8,fusion_pbt_batterygpt,172,0.9275299998906886,0.9868245385363209,audit_only_not_for_training_or_tuning
8,fusion_pbt_batterygpt,173,0.9273052011728948,0.986694422730547,audit_only_not_for_training_or_tuning
8,fusion_pbt_batterygpt,174,0.9272301801702559,0.9865643069247729,audit_only_not_for_training_or_tuning
8,fusion_pbt_batterygpt,175,0.9269385642888122,0.986434191118999,audit_only_not_for_training_or_tuning
8,fusion_pbt_batterygpt,176,0.9271810988390191,0.986304075313225,audit_only_not_for_training_or_tuning
8,fusion_pbt_batterygpt,177,0.9269081752244848,0.9861739595074509,audit_only_not_for_training_or_tuning
8,fusion_pbt_batterygpt,178,0.9270565560946866,0.986043843701677,audit_only_not_for_training_or_tuning
8,fusion_pbt_batterygpt,179,0.9270339028837747,0.9859137278959029,audit_only_not_for_training_or_tuning
8,fusion_pbt_batterygpt,180,0.9268921419508439,0.985783612090129,audit_only_not_for_training_or_tuning
8,fusion_pbt_batterygpt,181,0.9271172293623159,0.985653496284355,audit_only_not_for_training_or_tuning
8,fusion_pbt_batterygpt,182,0.9269342498194562,0.9855233804785809,audit_only_not_for_training_or_tuning
8,fusion_pbt_batterygpt,183,0.9270035979557982,0.985393264672807,audit_only_not_for_training_or_tuning
8,fusion_pbt_batterygpt,184,0.9269782859820839,0.9852631488670329,audit_only_not_for_training_or_tuning
8,fusion_pbt_batterygpt,185,0.9265801792352001,0.985133033061259,audit_only_not_for_training_or_tuning
8,fusion_pbt_batterygpt,186,0.9263225851392405,0.9850029172554849,audit_only_not_for_training_or_tuning
8,fusion_pbt_batterygpt,187,0.9263640785444929,0.9848728014497109,audit_only_not_for_training_or_tuning
8,fusion_pbt_batterygpt,188,0.9264124842341611,0.984742685643937,audit_only_not_for_training_or_tuning
8,fusion_pbt_batterygpt,189,0.9265814602790275,0.9846125698381629,audit_only_not_for_training_or_tuning
8,fusion_pbt_batterygpt,190,0.9258079814629356,0.984482454032389,audit_only_not_for_training_or_tuning
8,fusion_pbt_batterygpt,191,0.9260845942683046,0.9843523382266149,audit_only_not_for_training_or_tuning
8,fusion_pbt_batterygpt,192,0.9258171167781016,0.984222222420841,audit_only_not_for_training_or_tuning
8,fusion_pbt_batterygpt,193,0.9261452123019257,0.984092106615067,audit_only_not_for_training_or_tuning
8,fusion_pbt_batterygpt,194,0.9259509597447977,0.9839619908092929,audit_only_not_for_training_or_tuning
8,fusion_pbt_batterygpt,195,0.9260234557666341,0.983831875003519,audit_only_not_for_training_or_tuning
8,fusion_pbt_batterygpt,196,0.9258784325576928,0.9837017591977449,audit_only_not_for_training_or_tuning
8,fusion_pbt_batterygpt,197,0.9257579830930804,0.983571643391971,audit_only_not_for_training_or_tuning
8,fusion_pbt_batterygpt,198,0.9255505449239628,0.983441527586197,audit_only_not_for_training_or_tuning
8,fusion_pbt_batterygpt,199,0.9257073292439207,0.9833114117804229,audit_only_not_for_training_or_tuning
8,fusion_pbt_batterygpt,200,0.9256648987056904,0.983181295974649,audit_only_not_for_training_or_tuning
9,linear_recent,151,0.9959569159170278,0.988872765948428,audit_only_not_for_training_or_tuning
9,linear_recent,152,0.9962299804162736,0.9887491629402768,audit_only_not_for_training_or_tuning
9,linear_recent,153,0.9962651768511378,0.9886255599321255,audit_only_not_for_training_or_tuning
9,linear_recent,154,0.9955841350885684,0.9885019569239744,audit_only_not_for_training_or_tuning
9,linear_recent,155,0.9957709539456846,0.9883783539158232,audit_only_not_for_training_or_tuning
9,linear_recent,156,0.9958005966743294,0.988254750907672,audit_only_not_for_training_or_tuning
9,linear_recent,157,0.9950501805149292,0.9881311478995207,audit_only_not_for_training_or_tuning
9,linear_recent,158,0.9951830253927538,0.9880075448913695,audit_only_not_for_training_or_tuning
9,linear_recent,159,0.9951208952354259,0.9878839418832184,audit_only_not_for_training_or_tuning
9,linear_recent,160,0.9946596365847711,0.9877603388750672,audit_only_not_for_training_or_tuning
9,linear_recent,161,0.994970480772987,0.9876367358669159,audit_only_not_for_training_or_tuning
9,linear_recent,162,0.9948250651661271,0.9875131328587647,audit_only_not_for_training_or_tuning
9,linear_recent,163,0.9944452873229318,0.9873895298506136,audit_only_not_for_training_or_tuning
9,linear_recent,164,0.9944317638925445,0.9872659268424624,audit_only_not_for_training_or_tuning
9,linear_recent,165,0.9944846317519658,0.9871423238343111,audit_only_not_for_training_or_tuning
9,linear_recent,166,0.9940684924161727,0.9870187208261599,audit_only_not_for_training_or_tuning
9,linear_recent,167,0.9938808512992027,0.9868951178180088,audit_only_not_for_training_or_tuning
9,linear_recent,168,0.9934147265565246,0.9867715148098576,audit_only_not_for_training_or_tuning
9,linear_recent,169,0.9933583495666349,0.9866479118017064,audit_only_not_for_training_or_tuning
9,linear_recent,170,0.9932545712397012,0.9865243087935551,audit_only_not_for_training_or_tuning
9,linear_recent,171,0.9926080400948183,0.986400705785404,audit_only_not_for_training_or_tuning
9,linear_recent,172,0.992919829265998,0.9862771027772528,audit_only_not_for_training_or_tuning
9,linear_recent,173,0.9930171585076185,0.9861534997691016,audit_only_not_for_training_or_tuning
9,linear_recent,174,0.9923255930807463,0.9860298967609503,audit_only_not_for_training_or_tuning
9,linear_recent,175,0.9924039709313951,0.9859062937527991,audit_only_not_for_training_or_tuning
9,linear_recent,176,0.9925894725172384,0.985782690744648,audit_only_not_for_training_or_tuning
9,linear_recent,177,0.9225557624683655,0.9856590877364968,audit_only_not_for_training_or_tuning
9,linear_recent,178,0.9221712131989688,0.9855354847283455,audit_only_not_for_training_or_tuning
9,linear_recent,179,0.922135646557246,0.9854118817201943,audit_only_not_for_training_or_tuning
9,linear_recent,180,0.9224571033159217,0.9852882787120432,audit_only_not_for_training_or_tuning
9,linear_recent,181,0.9221056234713946,0.985164675703892,audit_only_not_for_training_or_tuning
9,linear_recent,182,0.9221484801356166,0.9850410726957408,audit_only_not_for_training_or_tuning
9,linear_recent,183,0.9219714059638047,0.9849174696875895,audit_only_not_for_training_or_tuning
9,linear_recent,184,0.921718599293189,0.9847938666794384,audit_only_not_for_training_or_tuning
9,linear_recent,185,0.9213213161417927,0.9846702636712872,audit_only_not_for_training_or_tuning
9,linear_recent,186,0.921645705355382,0.984546660663136,audit_only_not_for_training_or_tuning
9,linear_recent,187,0.9217210912902917,0.9844230576549847,audit_only_not_for_training_or_tuning
9,linear_recent,188,0.9209059899830823,0.9842994546468335,audit_only_not_for_training_or_tuning
9,linear_recent,189,0.9214057118857443,0.9841758516386824,audit_only_not_for_training_or_tuning
9,linear_recent,190,0.9211821469246447,0.9840522486305312,audit_only_not_for_training_or_tuning
9,linear_recent,191,0.9211138424783577,0.9839286456223799,audit_only_not_for_training_or_tuning
9,linear_recent,192,0.9211708080347119,0.9838050426142287,audit_only_not_for_training_or_tuning
9,linear_recent,193,0.9208317301294524,0.9836814396060776,audit_only_not_for_training_or_tuning
9,linear_recent,194,0.9212482434192701,0.9835578365979264,audit_only_not_for_training_or_tuning
9,linear_recent,195,0.9207394171102339,0.9834342335897752,audit_only_not_for_training_or_tuning
9,linear_recent,196,0.9207404631099435,0.9833106305816239,audit_only_not_for_training_or_tuning
9,linear_recent,197,0.9209818167993213,0.9831870275734728,audit_only_not_for_training_or_tuning
9,linear_recent,198,0.9205441313708173,0.9830634245653216,audit_only_not_for_training_or_tuning
9,linear_recent,199,0.9201888846605845,0.9829398215571704,audit_only_not_for_training_or_tuning
9,linear_recent,200,0.9206201544399126,0.9828162185490191,audit_only_not_for_training_or_tuning
9,policy_mean,151,0.9959569159170278,0.9889773728231378,audit_only_not_for_training_or_tuning
9,policy_mean,152,0.9962299804162736,0.9889583766896965,audit_only_not_for_training_or_tuning
9,policy_mean,153,0.9962651768511378,0.9889393805562553,audit_only_not_for_training_or_tuning
9,policy_mean,154,0.9955841350885684,0.988920384422814,audit_only_not_for_training_or_tuning
9,policy_mean,155,0.9957709539456846,0.9889013882893728,audit_only_not_for_training_or_tuning
9,policy_mean,156,0.9958005966743294,0.9888823921559315,audit_only_not_for_training_or_tuning
9,policy_mean,157,0.9950501805149292,0.9888633960224903,audit_only_not_for_training_or_tuning
9,policy_mean,158,0.9951830253927538,0.988844399889049,audit_only_not_for_training_or_tuning
9,policy_mean,159,0.9951208952354259,0.9888254037556078,audit_only_not_for_training_or_tuning
9,policy_mean,160,0.9946596365847711,0.9888064076221665,audit_only_not_for_training_or_tuning
9,policy_mean,161,0.994970480772987,0.9887874114887253,audit_only_not_for_training_or_tuning
9,policy_mean,162,0.9948250651661271,0.9887684153552839,audit_only_not_for_training_or_tuning
9,policy_mean,163,0.9944452873229318,0.9887494192218427,audit_only_not_for_training_or_tuning
9,policy_mean,164,0.9944317638925445,0.9887304230884014,audit_only_not_for_training_or_tuning
9,policy_mean,165,0.9944846317519658,0.9887114269549602,audit_only_not_for_training_or_tuning
9,policy_mean,166,0.9940684924161727,0.9886924308215189,audit_only_not_for_training_or_tuning
9,policy_mean,167,0.9938808512992027,0.9886734346880777,audit_only_not_for_training_or_tuning
9,policy_mean,168,0.9934147265565246,0.9886544385546364,audit_only_not_for_training_or_tuning
9,policy_mean,169,0.9933583495666349,0.9886354424211952,audit_only_not_for_training_or_tuning
9,policy_mean,170,0.9932545712397012,0.9886164462877539,audit_only_not_for_training_or_tuning
9,policy_mean,171,0.9926080400948183,0.9885974501543127,audit_only_not_for_training_or_tuning
9,policy_mean,172,0.992919829265998,0.9885784540208714,audit_only_not_for_training_or_tuning
9,policy_mean,173,0.9930171585076185,0.9885594578874302,audit_only_not_for_training_or_tuning
9,policy_mean,174,0.9923255930807463,0.9885404617539889,audit_only_not_for_training_or_tuning
9,policy_mean,175,0.9924039709313951,0.9885214656205477,audit_only_not_for_training_or_tuning
9,policy_mean,176,0.9925894725172384,0.9885024694871064,audit_only_not_for_training_or_tuning
9,policy_mean,177,0.9225557624683655,0.9884834733536652,audit_only_not_for_training_or_tuning
9,policy_mean,178,0.9221712131989688,0.9884644772202239,audit_only_not_for_training_or_tuning
9,policy_mean,179,0.922135646557246,0.9884454810867827,audit_only_not_for_training_or_tuning
9,policy_mean,180,0.9224571033159217,0.9884264849533414,audit_only_not_for_training_or_tuning
9,policy_mean,181,0.9221056234713946,0.9884074888199001,audit_only_not_for_training_or_tuning
9,policy_mean,182,0.9221484801356166,0.9883884926864589,audit_only_not_for_training_or_tuning
9,policy_mean,183,0.9219714059638047,0.9883694965530176,audit_only_not_for_training_or_tuning
9,policy_mean,184,0.921718599293189,0.9883505004195764,audit_only_not_for_training_or_tuning
9,policy_mean,185,0.9213213161417927,0.9883315042861351,audit_only_not_for_training_or_tuning
9,policy_mean,186,0.921645705355382,0.9883125081526939,audit_only_not_for_training_or_tuning
9,policy_mean,187,0.9217210912902917,0.9882935120192526,audit_only_not_for_training_or_tuning
9,policy_mean,188,0.9209059899830823,0.9882745158858114,audit_only_not_for_training_or_tuning
9,policy_mean,189,0.9214057118857443,0.9882555197523701,audit_only_not_for_training_or_tuning
9,policy_mean,190,0.9211821469246447,0.9882365236189289,audit_only_not_for_training_or_tuning
9,policy_mean,191,0.9211138424783577,0.9882175274854876,audit_only_not_for_training_or_tuning
9,policy_mean,192,0.9211708080347119,0.9881985313520464,audit_only_not_for_training_or_tuning
9,policy_mean,193,0.9208317301294524,0.9881795352186051,audit_only_not_for_training_or_tuning
9,policy_mean,194,0.9212482434192701,0.9881605390851639,audit_only_not_for_training_or_tuning
9,policy_mean,195,0.9207394171102339,0.9881415429517226,audit_only_not_for_training_or_tuning
9,policy_mean,196,0.9207404631099435,0.9881225468182814,audit_only_not_for_training_or_tuning
9,policy_mean,197,0.9209818167993213,0.9881035506848401,audit_only_not_for_training_or_tuning
9,policy_mean,198,0.9205441313708173,0.9880845545513988,audit_only_not_for_training_or_tuning
9,policy_mean,199,0.9201888846605845,0.9880655584179575,audit_only_not_for_training_or_tuning
9,policy_mean,200,0.9206201544399126,0.9880465622845163,audit_only_not_for_training_or_tuning
9,persist,151,0.9959569159170278,0.988996368956579,audit_only_not_for_training_or_tuning
9,persist,152,0.9962299804162736,0.988996368956579,audit_only_not_for_training_or_tuning
9,persist,153,0.9962651768511378,0.988996368956579,audit_only_not_for_training_or_tuning
9,persist,154,0.9955841350885684,0.988996368956579,audit_only_not_for_training_or_tuning
9,persist,155,0.9957709539456846,0.988996368956579,audit_only_not_for_training_or_tuning
9,persist,156,0.9958005966743294,0.988996368956579,audit_only_not_for_training_or_tuning
9,persist,157,0.9950501805149292,0.988996368956579,audit_only_not_for_training_or_tuning
9,persist,158,0.9951830253927538,0.988996368956579,audit_only_not_for_training_or_tuning
9,persist,159,0.9951208952354259,0.988996368956579,audit_only_not_for_training_or_tuning
9,persist,160,0.9946596365847711,0.988996368956579,audit_only_not_for_training_or_tuning
9,persist,161,0.994970480772987,0.988996368956579,audit_only_not_for_training_or_tuning
9,persist,162,0.9948250651661271,0.988996368956579,audit_only_not_for_training_or_tuning
9,persist,163,0.9944452873229318,0.988996368956579,audit_only_not_for_training_or_tuning
9,persist,164,0.9944317638925445,0.988996368956579,audit_only_not_for_training_or_tuning
9,persist,165,0.9944846317519658,0.988996368956579,audit_only_not_for_training_or_tuning
9,persist,166,0.9940684924161727,0.988996368956579,audit_only_not_for_training_or_tuning
9,persist,167,0.9938808512992027,0.988996368956579,audit_only_not_for_training_or_tuning
9,persist,168,0.9934147265565246,0.988996368956579,audit_only_not_for_training_or_tuning
9,persist,169,0.9933583495666349,0.988996368956579,audit_only_not_for_training_or_tuning
9,persist,170,0.9932545712397012,0.988996368956579,audit_only_not_for_training_or_tuning
9,persist,171,0.9926080400948183,0.988996368956579,audit_only_not_for_training_or_tuning
9,persist,172,0.992919829265998,0.988996368956579,audit_only_not_for_training_or_tuning
9,persist,173,0.9930171585076185,0.988996368956579,audit_only_not_for_training_or_tuning
9,persist,174,0.9923255930807463,0.988996368956579,audit_only_not_for_training_or_tuning
9,persist,175,0.9924039709313951,0.988996368956579,audit_only_not_for_training_or_tuning
9,persist,176,0.9925894725172384,0.988996368956579,audit_only_not_for_training_or_tuning
9,persist,177,0.9225557624683655,0.988996368956579,audit_only_not_for_training_or_tuning
9,persist,178,0.9221712131989688,0.988996368956579,audit_only_not_for_training_or_tuning
9,persist,179,0.922135646557246,0.988996368956579,audit_only_not_for_training_or_tuning
9,persist,180,0.9224571033159217,0.988996368956579,audit_only_not_for_training_or_tuning
9,persist,181,0.9221056234713946,0.988996368956579,audit_only_not_for_training_or_tuning
9,persist,182,0.9221484801356166,0.988996368956579,audit_only_not_for_training_or_tuning
9,persist,183,0.9219714059638047,0.988996368956579,audit_only_not_for_training_or_tuning
9,persist,184,0.921718599293189,0.988996368956579,audit_only_not_for_training_or_tuning
9,persist,185,0.9213213161417927,0.988996368956579,audit_only_not_for_training_or_tuning
9,persist,186,0.921645705355382,0.988996368956579,audit_only_not_for_training_or_tuning
9,persist,187,0.9217210912902917,0.988996368956579,audit_only_not_for_training_or_tuning
9,persist,188,0.9209059899830823,0.988996368956579,audit_only_not_for_training_or_tuning
9,persist,189,0.9214057118857443,0.988996368956579,audit_only_not_for_training_or_tuning
9,persist,190,0.9211821469246447,0.988996368956579,audit_only_not_for_training_or_tuning
9,persist,191,0.9211138424783577,0.988996368956579,audit_only_not_for_training_or_tuning
9,persist,192,0.9211708080347119,0.988996368956579,audit_only_not_for_training_or_tuning
9,persist,193,0.9208317301294524,0.988996368956579,audit_only_not_for_training_or_tuning
9,persist,194,0.9212482434192701,0.988996368956579,audit_only_not_for_training_or_tuning
9,persist,195,0.9207394171102339,0.988996368956579,audit_only_not_for_training_or_tuning
9,persist,196,0.9207404631099435,0.988996368956579,audit_only_not_for_training_or_tuning
9,persist,197,0.9209818167993213,0.988996368956579,audit_only_not_for_training_or_tuning
9,persist,198,0.9205441313708173,0.988996368956579,audit_only_not_for_training_or_tuning
9,persist,199,0.9201888846605845,0.988996368956579,audit_only_not_for_training_or_tuning
9,persist,200,0.9206201544399126,0.988996368956579,audit_only_not_for_training_or_tuning
9,fusion_pbt_batterygpt,151,0.9959569159170278,0.9888614323201198,audit_only_not_for_training_or_tuning
9,fusion_pbt_batterygpt,152,0.9962299804162736,0.9887264956836606,audit_only_not_for_training_or_tuning
9,fusion_pbt_batterygpt,153,0.9962651768511378,0.9885915590472012,audit_only_not_for_training_or_tuning
9,fusion_pbt_batterygpt,154,0.9955841350885684,0.988456622410742,audit_only_not_for_training_or_tuning
9,fusion_pbt_batterygpt,155,0.9957709539456846,0.9883216857742826,audit_only_not_for_training_or_tuning
9,fusion_pbt_batterygpt,156,0.9958005966743294,0.9881867491378233,audit_only_not_for_training_or_tuning
9,fusion_pbt_batterygpt,157,0.9950501805149292,0.988051812501364,audit_only_not_for_training_or_tuning
9,fusion_pbt_batterygpt,158,0.9951830253927538,0.9879168758649047,audit_only_not_for_training_or_tuning
9,fusion_pbt_batterygpt,159,0.9951208952354259,0.9877819392284454,audit_only_not_for_training_or_tuning
9,fusion_pbt_batterygpt,160,0.9946596365847711,0.9876470025919861,audit_only_not_for_training_or_tuning
9,fusion_pbt_batterygpt,161,0.994970480772987,0.9875120659555268,audit_only_not_for_training_or_tuning
9,fusion_pbt_batterygpt,162,0.9948250651661271,0.9873771293190675,audit_only_not_for_training_or_tuning
9,fusion_pbt_batterygpt,163,0.9944452873229318,0.9872421926826083,audit_only_not_for_training_or_tuning
9,fusion_pbt_batterygpt,164,0.9944317638925445,0.9871072560461489,audit_only_not_for_training_or_tuning
9,fusion_pbt_batterygpt,165,0.9944846317519658,0.9869723194096897,audit_only_not_for_training_or_tuning
9,fusion_pbt_batterygpt,166,0.9940684924161727,0.9868373827732303,audit_only_not_for_training_or_tuning
9,fusion_pbt_batterygpt,167,0.9938808512992027,0.986702446136771,audit_only_not_for_training_or_tuning
9,fusion_pbt_batterygpt,168,0.9934147265565246,0.9865675095003117,audit_only_not_for_training_or_tuning
9,fusion_pbt_batterygpt,169,0.9933583495666349,0.9864325728638524,audit_only_not_for_training_or_tuning
9,fusion_pbt_batterygpt,170,0.9932545712397012,0.9862976362273931,audit_only_not_for_training_or_tuning
9,fusion_pbt_batterygpt,171,0.9926080400948183,0.9861626995909338,audit_only_not_for_training_or_tuning
9,fusion_pbt_batterygpt,172,0.992919829265998,0.9860277629544745,audit_only_not_for_training_or_tuning
9,fusion_pbt_batterygpt,173,0.9930171585076185,0.9858928263180152,audit_only_not_for_training_or_tuning
9,fusion_pbt_batterygpt,174,0.9923255930807463,0.9857578896815559,audit_only_not_for_training_or_tuning
9,fusion_pbt_batterygpt,175,0.9924039709313951,0.9856229530450966,audit_only_not_for_training_or_tuning
9,fusion_pbt_batterygpt,176,0.9925894725172384,0.9854880164086373,audit_only_not_for_training_or_tuning
9,fusion_pbt_batterygpt,177,0.9225557624683655,0.985353079772178,audit_only_not_for_training_or_tuning
9,fusion_pbt_batterygpt,178,0.9221712131989688,0.9852181431357188,audit_only_not_for_training_or_tuning
9,fusion_pbt_batterygpt,179,0.922135646557246,0.9850832064992594,audit_only_not_for_training_or_tuning
9,fusion_pbt_batterygpt,180,0.9224571033159217,0.9849482698628002,audit_only_not_for_training_or_tuning
9,fusion_pbt_batterygpt,181,0.9221056234713946,0.9848133332263408,audit_only_not_for_training_or_tuning
9,fusion_pbt_batterygpt,182,0.9221484801356166,0.9846783965898815,audit_only_not_for_training_or_tuning
9,fusion_pbt_batterygpt,183,0.9219714059638047,0.9845434599534222,audit_only_not_for_training_or_tuning
9,fusion_pbt_batterygpt,184,0.921718599293189,0.9844085233169629,audit_only_not_for_training_or_tuning
9,fusion_pbt_batterygpt,185,0.9213213161417927,0.9842735866805036,audit_only_not_for_training_or_tuning
9,fusion_pbt_batterygpt,186,0.921645705355382,0.9841386500440443,audit_only_not_for_training_or_tuning
9,fusion_pbt_batterygpt,187,0.9217210912902917,0.984003713407585,audit_only_not_for_training_or_tuning
9,fusion_pbt_batterygpt,188,0.9209059899830823,0.9838687767711257,audit_only_not_for_training_or_tuning
9,fusion_pbt_batterygpt,189,0.9214057118857443,0.9837338401346664,audit_only_not_for_training_or_tuning
9,fusion_pbt_batterygpt,190,0.9211821469246447,0.9835989034982071,audit_only_not_for_training_or_tuning
9,fusion_pbt_batterygpt,191,0.9211138424783577,0.9834639668617479,audit_only_not_for_training_or_tuning
9,fusion_pbt_batterygpt,192,0.9211708080347119,0.9833290302252885,audit_only_not_for_training_or_tuning
9,fusion_pbt_batterygpt,193,0.9208317301294524,0.9831940935888293,audit_only_not_for_training_or_tuning
9,fusion_pbt_batterygpt,194,0.9212482434192701,0.9830591569523699,audit_only_not_for_training_or_tuning
9,fusion_pbt_batterygpt,195,0.9207394171102339,0.9829242203159106,audit_only_not_for_training_or_tuning
9,fusion_pbt_batterygpt,196,0.9207404631099435,0.9827892836794513,audit_only_not_for_training_or_tuning
9,fusion_pbt_batterygpt,197,0.9209818167993213,0.982654347042992,audit_only_not_for_training_or_tuning
9,fusion_pbt_batterygpt,198,0.9205441313708173,0.9825194104065327,audit_only_not_for_training_or_tuning
9,fusion_pbt_batterygpt,199,0.9201888846605845,0.9823844737700734,audit_only_not_for_training_or_tuning
9,fusion_pbt_batterygpt,200,0.9206201544399126,0.9822495371336141,audit_only_not_for_training_or_tuning
10,linear_recent,151,1.0030446111468458,0.9971395630601398,audit_only_not_for_training_or_tuning
10,linear_recent,152,1.0041290127314098,0.9971151646473556,audit_only_not_for_training_or_tuning
10,linear_recent,153,1.003950773982215,0.9970907662345714,audit_only_not_for_training_or_tuning
10,linear_recent,154,1.003649606332004,0.9970663678217871,audit_only_not_for_training_or_tuning
10,linear_recent,155,1.0032591567794251,0.9970419694090029,audit_only_not_for_training_or_tuning
10,linear_recent,156,1.002544766332894,0.9970175709962188,audit_only_not_for_training_or_tuning
10,linear_recent,157,1.003525670838174,0.9969931725834346,audit_only_not_for_training_or_tuning
10,linear_recent,158,1.0026807022008803,0.9969687741706503,audit_only_not_for_training_or_tuning
10,linear_recent,159,1.0036861836419455,0.9969443757578661,audit_only_not_for_training_or_tuning
10,linear_recent,160,1.0030333501549862,0.9969199773450819,audit_only_not_for_training_or_tuning
10,linear_recent,161,1.0027848993261503,0.9968955789322977,audit_only_not_for_training_or_tuning
10,linear_recent,162,1.0026692689011378,0.9968711805195135,audit_only_not_for_training_or_tuning
10,linear_recent,163,1.0025748855155063,0.9968467821067293,audit_only_not_for_training_or_tuning
10,linear_recent,164,1.00209618962237,0.996822383693945,audit_only_not_for_training_or_tuning
10,linear_recent,165,1.0019302412932063,0.9967979852811608,audit_only_not_for_training_or_tuning
10,linear_recent,166,1.0019051235885277,0.9967735868683767,audit_only_not_for_training_or_tuning
10,linear_recent,167,1.002260167997964,0.9967491884555925,audit_only_not_for_training_or_tuning
10,linear_recent,168,1.002382442275922,0.9967247900428082,audit_only_not_for_training_or_tuning
10,linear_recent,169,1.0018204247391296,0.996700391630024,audit_only_not_for_training_or_tuning
10,linear_recent,170,1.0020671874397047,0.9966759932172398,audit_only_not_for_training_or_tuning
10,linear_recent,171,1.0031330154794487,0.9966515948044556,audit_only_not_for_training_or_tuning
10,linear_recent,172,1.0011459720530906,0.9966271963916714,audit_only_not_for_training_or_tuning
10,linear_recent,173,1.002088469027691,0.9966027979788872,audit_only_not_for_training_or_tuning
10,linear_recent,174,1.0034096768813676,0.996578399566103,audit_only_not_for_training_or_tuning
10,linear_recent,175,1.0009434347813222,0.9965540011533187,audit_only_not_for_training_or_tuning
10,linear_recent,176,1.0014999443663921,0.9965296027405346,audit_only_not_for_training_or_tuning
10,linear_recent,177,1.0018588028919366,0.9965052043277504,audit_only_not_for_training_or_tuning
10,linear_recent,178,1.000559212124767,0.9964808059149661,audit_only_not_for_training_or_tuning
10,linear_recent,179,1.0018964632160072,0.9964564075021819,audit_only_not_for_training_or_tuning
10,linear_recent,180,1.0015567244951527,0.9964320090893977,audit_only_not_for_training_or_tuning
10,linear_recent,181,1.000693593228396,0.9964076106766135,audit_only_not_for_training_or_tuning
10,linear_recent,182,1.00072553228116,0.9963832122638293,audit_only_not_for_training_or_tuning
10,linear_recent,183,1.0004534899081778,0.9963588138510451,audit_only_not_for_training_or_tuning
10,linear_recent,184,1.0010007344135796,0.9963344154382608,audit_only_not_for_training_or_tuning
10,linear_recent,185,1.0006297472252923,0.9963100170254767,audit_only_not_for_training_or_tuning
10,linear_recent,186,1.000261849675464,0.9962856186126925,audit_only_not_for_training_or_tuning
10,linear_recent,187,0.9997888708083783,0.9962612201999083,audit_only_not_for_training_or_tuning
10,linear_recent,188,0.9999921156527973,0.996236821787124,audit_only_not_for_training_or_tuning
10,linear_recent,189,1.00064879265609,0.9962124233743398,audit_only_not_for_training_or_tuning
10,linear_recent,190,0.9996220355275268,0.9961880249615557,audit_only_not_for_training_or_tuning
10,linear_recent,191,1.0009904155301936,0.9961636265487714,audit_only_not_for_training_or_tuning
10,linear_recent,192,0.9996931433538502,0.9961392281359872,audit_only_not_for_training_or_tuning
10,linear_recent,193,0.9992820146922096,0.996114829723203,audit_only_not_for_training_or_tuning
10,linear_recent,194,0.9991093755465018,0.9960904313104187,audit_only_not_for_training_or_tuning
10,linear_recent,195,0.9996784792883135,0.9960660328976346,audit_only_not_for_training_or_tuning
10,linear_recent,196,0.9995067707030366,0.9960416344848504,audit_only_not_for_training_or_tuning
10,linear_recent,197,0.9997798234860769,0.9960172360720662,audit_only_not_for_training_or_tuning
10,linear_recent,198,0.9999668131621312,0.9959928376592819,audit_only_not_for_training_or_tuning
10,linear_recent,199,0.9993493817798262,0.9959684392464977,audit_only_not_for_training_or_tuning
10,linear_recent,200,0.9996390797027027,0.9959440408337136,audit_only_not_for_training_or_tuning
10,policy_mean,151,1.0030446111468458,0.9971503493972294,audit_only_not_for_training_or_tuning
10,policy_mean,152,1.0041290127314098,0.9971367373215346,audit_only_not_for_training_or_tuning
10,policy_mean,153,1.003950773982215,0.9971231252458399,audit_only_not_for_training_or_tuning
10,policy_mean,154,1.003649606332004,0.9971095131701452,audit_only_not_for_training_or_tuning
10,policy_mean,155,1.0032591567794251,0.9970959010944506,audit_only_not_for_training_or_tuning
10,policy_mean,156,1.002544766332894,0.9970822890187558,audit_only_not_for_training_or_tuning
10,policy_mean,157,1.003525670838174,0.9970686769430611,audit_only_not_for_training_or_tuning
10,policy_mean,158,1.0026807022008803,0.9970550648673665,audit_only_not_for_training_or_tuning
10,policy_mean,159,1.0036861836419455,0.9970414527916718,audit_only_not_for_training_or_tuning
10,policy_mean,160,1.0030333501549862,0.997027840715977,audit_only_not_for_training_or_tuning
10,policy_mean,161,1.0027848993261503,0.9970142286402823,audit_only_not_for_training_or_tuning
10,policy_mean,162,1.0026692689011378,0.9970006165645877,audit_only_not_for_training_or_tuning
10,policy_mean,163,1.0025748855155063,0.996987004488893,audit_only_not_for_training_or_tuning
10,policy_mean,164,1.00209618962237,0.9969733924131983,audit_only_not_for_training_or_tuning
10,policy_mean,165,1.0019302412932063,0.9969597803375037,audit_only_not_for_training_or_tuning
10,policy_mean,166,1.0019051235885277,0.9969461682618089,audit_only_not_for_training_or_tuning
10,policy_mean,167,1.002260167997964,0.9969325561861142,audit_only_not_for_training_or_tuning
10,policy_mean,168,1.002382442275922,0.9969189441104196,audit_only_not_for_training_or_tuning
10,policy_mean,169,1.0018204247391296,0.9969053320347249,audit_only_not_for_training_or_tuning
10,policy_mean,170,1.0020671874397047,0.9968917199590301,audit_only_not_for_training_or_tuning
10,policy_mean,171,1.0031330154794487,0.9968781078833354,audit_only_not_for_training_or_tuning
10,policy_mean,172,1.0011459720530906,0.9968644958076408,audit_only_not_for_training_or_tuning
10,policy_mean,173,1.002088469027691,0.9968508837319461,audit_only_not_for_training_or_tuning
10,policy_mean,174,1.0034096768813676,0.9968372716562514,audit_only_not_for_training_or_tuning
10,policy_mean,175,1.0009434347813222,0.9968236595805567,audit_only_not_for_training_or_tuning
10,policy_mean,176,1.0014999443663921,0.996810047504862,audit_only_not_for_training_or_tuning
10,policy_mean,177,1.0018588028919366,0.9967964354291673,audit_only_not_for_training_or_tuning
10,policy_mean,178,1.000559212124767,0.9967828233534726,audit_only_not_for_training_or_tuning
10,policy_mean,179,1.0018964632160072,0.996769211277778,audit_only_not_for_training_or_tuning
10,policy_mean,180,1.0015567244951527,0.9967555992020832,audit_only_not_for_training_or_tuning
10,policy_mean,181,1.000693593228396,0.9967419871263885,audit_only_not_for_training_or_tuning
10,policy_mean,182,1.00072553228116,0.9967283750506939,audit_only_not_for_training_or_tuning
10,policy_mean,183,1.0004534899081778,0.9967147629749992,audit_only_not_for_training_or_tuning
10,policy_mean,184,1.0010007344135796,0.9967011508993044,audit_only_not_for_training_or_tuning
10,policy_mean,185,1.0006297472252923,0.9966875388236098,audit_only_not_for_training_or_tuning
10,policy_mean,186,1.000261849675464,0.9966739267479151,audit_only_not_for_training_or_tuning
10,policy_mean,187,0.9997888708083783,0.9966603146722204,audit_only_not_for_training_or_tuning
10,policy_mean,188,0.9999921156527973,0.9966467025965257,audit_only_not_for_training_or_tuning
10,policy_mean,189,1.00064879265609,0.996633090520831,audit_only_not_for_training_or_tuning
10,policy_mean,190,0.9996220355275268,0.9966194784451363,audit_only_not_for_training_or_tuning
10,policy_mean,191,1.0009904155301936,0.9966058663694416,audit_only_not_for_training_or_tuning
10,policy_mean,192,0.9996931433538502,0.996592254293747,audit_only_not_for_training_or_tuning
10,policy_mean,193,0.9992820146922096,0.9965786422180523,audit_only_not_for_training_or_tuning
10,policy_mean,194,0.9991093755465018,0.9965650301423575,audit_only_not_for_training_or_tuning
10,policy_mean,195,0.9996784792883135,0.9965514180666629,audit_only_not_for_training_or_tuning
10,policy_mean,196,0.9995067707030366,0.9965378059909682,audit_only_not_for_training_or_tuning
10,policy_mean,197,0.9997798234860769,0.9965241939152735,audit_only_not_for_training_or_tuning
10,policy_mean,198,0.9999668131621312,0.9965105818395787,audit_only_not_for_training_or_tuning
10,policy_mean,199,0.9993493817798262,0.9964969697638841,audit_only_not_for_training_or_tuning
10,policy_mean,200,0.9996390797027027,0.9964833576881894,audit_only_not_for_training_or_tuning
10,persist,151,1.0030446111468458,0.997163961472924,audit_only_not_for_training_or_tuning
10,persist,152,1.0041290127314098,0.997163961472924,audit_only_not_for_training_or_tuning
10,persist,153,1.003950773982215,0.997163961472924,audit_only_not_for_training_or_tuning
10,persist,154,1.003649606332004,0.997163961472924,audit_only_not_for_training_or_tuning
10,persist,155,1.0032591567794251,0.997163961472924,audit_only_not_for_training_or_tuning
10,persist,156,1.002544766332894,0.997163961472924,audit_only_not_for_training_or_tuning
10,persist,157,1.003525670838174,0.997163961472924,audit_only_not_for_training_or_tuning
10,persist,158,1.0026807022008803,0.997163961472924,audit_only_not_for_training_or_tuning
10,persist,159,1.0036861836419455,0.997163961472924,audit_only_not_for_training_or_tuning
10,persist,160,1.0030333501549862,0.997163961472924,audit_only_not_for_training_or_tuning
10,persist,161,1.0027848993261503,0.997163961472924,audit_only_not_for_training_or_tuning
10,persist,162,1.0026692689011378,0.997163961472924,audit_only_not_for_training_or_tuning
10,persist,163,1.0025748855155063,0.997163961472924,audit_only_not_for_training_or_tuning
10,persist,164,1.00209618962237,0.997163961472924,audit_only_not_for_training_or_tuning
10,persist,165,1.0019302412932063,0.997163961472924,audit_only_not_for_training_or_tuning
10,persist,166,1.0019051235885277,0.997163961472924,audit_only_not_for_training_or_tuning
10,persist,167,1.002260167997964,0.997163961472924,audit_only_not_for_training_or_tuning
10,persist,168,1.002382442275922,0.997163961472924,audit_only_not_for_training_or_tuning
10,persist,169,1.0018204247391296,0.997163961472924,audit_only_not_for_training_or_tuning
10,persist,170,1.0020671874397047,0.997163961472924,audit_only_not_for_training_or_tuning
10,persist,171,1.0031330154794487,0.997163961472924,audit_only_not_for_training_or_tuning
10,persist,172,1.0011459720530906,0.997163961472924,audit_only_not_for_training_or_tuning
10,persist,173,1.002088469027691,0.997163961472924,audit_only_not_for_training_or_tuning
10,persist,174,1.0034096768813676,0.997163961472924,audit_only_not_for_training_or_tuning
10,persist,175,1.0009434347813222,0.997163961472924,audit_only_not_for_training_or_tuning
10,persist,176,1.0014999443663921,0.997163961472924,audit_only_not_for_training_or_tuning
10,persist,177,1.0018588028919366,0.997163961472924,audit_only_not_for_training_or_tuning
10,persist,178,1.000559212124767,0.997163961472924,audit_only_not_for_training_or_tuning
10,persist,179,1.0018964632160072,0.997163961472924,audit_only_not_for_training_or_tuning
10,persist,180,1.0015567244951527,0.997163961472924,audit_only_not_for_training_or_tuning
10,persist,181,1.000693593228396,0.997163961472924,audit_only_not_for_training_or_tuning
10,persist,182,1.00072553228116,0.997163961472924,audit_only_not_for_training_or_tuning
10,persist,183,1.0004534899081778,0.997163961472924,audit_only_not_for_training_or_tuning
10,persist,184,1.0010007344135796,0.997163961472924,audit_only_not_for_training_or_tuning
10,persist,185,1.0006297472252923,0.997163961472924,audit_only_not_for_training_or_tuning
10,persist,186,1.000261849675464,0.997163961472924,audit_only_not_for_training_or_tuning
10,persist,187,0.9997888708083783,0.997163961472924,audit_only_not_for_training_or_tuning
10,persist,188,0.9999921156527973,0.997163961472924,audit_only_not_for_training_or_tuning
10,persist,189,1.00064879265609,0.997163961472924,audit_only_not_for_training_or_tuning
10,persist,190,0.9996220355275268,0.997163961472924,audit_only_not_for_training_or_tuning
10,persist,191,1.0009904155301936,0.997163961472924,audit_only_not_for_training_or_tuning
10,persist,192,0.9996931433538502,0.997163961472924,audit_only_not_for_training_or_tuning
10,persist,193,0.9992820146922096,0.997163961472924,audit_only_not_for_training_or_tuning
10,persist,194,0.9991093755465018,0.997163961472924,audit_only_not_for_training_or_tuning
10,persist,195,0.9996784792883135,0.997163961472924,audit_only_not_for_training_or_tuning
10,persist,196,0.9995067707030366,0.997163961472924,audit_only_not_for_training_or_tuning
10,persist,197,0.9997798234860769,0.997163961472924,audit_only_not_for_training_or_tuning
10,persist,198,0.9999668131621312,0.997163961472924,audit_only_not_for_training_or_tuning
10,persist,199,0.9993493817798262,0.997163961472924,audit_only_not_for_training_or_tuning
10,persist,200,0.9996390797027027,0.997163961472924,audit_only_not_for_training_or_tuning
10,fusion_pbt_batterygpt,151,1.0030446111468458,0.997133752488413,audit_only_not_for_training_or_tuning
10,fusion_pbt_batterygpt,152,1.0041290127314098,0.997103543503902,audit_only_not_for_training_or_tuning
10,fusion_pbt_batterygpt,153,1.003950773982215,0.9970733345193908,audit_only_not_for_training_or_tuning
10,fusion_pbt_batterygpt,154,1.003649606332004,0.9970431255348798,audit_only_not_for_training_or_tuning
10,fusion_pbt_batterygpt,155,1.0032591567794251,0.9970129165503688,audit_only_not_for_training_or_tuning
10,fusion_pbt_batterygpt,156,1.002544766332894,0.9969827075658578,audit_only_not_for_training_or_tuning
10,fusion_pbt_batterygpt,157,1.003525670838174,0.9969524985813467,audit_only_not_for_training_or_tuning
10,fusion_pbt_batterygpt,158,1.0026807022008803,0.9969222895968357,audit_only_not_for_training_or_tuning
10,fusion_pbt_batterygpt,159,1.0036861836419455,0.9968920806123247,audit_only_not_for_training_or_tuning
10,fusion_pbt_batterygpt,160,1.0030333501549862,0.9968618716278137,audit_only_not_for_training_or_tuning
10,fusion_pbt_batterygpt,161,1.0027848993261503,0.9968316626433026,audit_only_not_for_training_or_tuning
10,fusion_pbt_batterygpt,162,1.0026692689011378,0.9968014536587916,audit_only_not_for_training_or_tuning
10,fusion_pbt_batterygpt,163,1.0025748855155063,0.9967712446742806,audit_only_not_for_training_or_tuning
10,fusion_pbt_batterygpt,164,1.00209618962237,0.9967410356897696,audit_only_not_for_training_or_tuning
10,fusion_pbt_batterygpt,165,1.0019302412932063,0.9967108267052585,audit_only_not_for_training_or_tuning
10,fusion_pbt_batterygpt,166,1.0019051235885277,0.9966806177207475,audit_only_not_for_training_or_tuning
10,fusion_pbt_batterygpt,167,1.002260167997964,0.9966504087362364,audit_only_not_for_training_or_tuning
10,fusion_pbt_batterygpt,168,1.002382442275922,0.9966201997517254,audit_only_not_for_training_or_tuning
10,fusion_pbt_batterygpt,169,1.0018204247391296,0.9965899907672143,audit_only_not_for_training_or_tuning
10,fusion_pbt_batterygpt,170,1.0020671874397047,0.9965597817827033,audit_only_not_for_training_or_tuning
10,fusion_pbt_batterygpt,171,1.0031330154794487,0.9965295727981923,audit_only_not_for_training_or_tuning
10,fusion_pbt_batterygpt,172,1.0011459720530906,0.9964993638136813,audit_only_not_for_training_or_tuning
10,fusion_pbt_batterygpt,173,1.002088469027691,0.9964691548291702,audit_only_not_for_training_or_tuning
10,fusion_pbt_batterygpt,174,1.0034096768813676,0.9964389458446592,audit_only_not_for_training_or_tuning
10,fusion_pbt_batterygpt,175,1.0009434347813222,0.9964087368601482,audit_only_not_for_training_or_tuning
10,fusion_pbt_batterygpt,176,1.0014999443663921,0.9963785278756372,audit_only_not_for_training_or_tuning
10,fusion_pbt_batterygpt,177,1.0018588028919366,0.9963483188911262,audit_only_not_for_training_or_tuning
10,fusion_pbt_batterygpt,178,1.000559212124767,0.9963181099066151,audit_only_not_for_training_or_tuning
10,fusion_pbt_batterygpt,179,1.0018964632160072,0.9962879009221041,audit_only_not_for_training_or_tuning
10,fusion_pbt_batterygpt,180,1.0015567244951527,0.9962576919375931,audit_only_not_for_training_or_tuning
10,fusion_pbt_batterygpt,181,1.000693593228396,0.996227482953082,audit_only_not_for_training_or_tuning
10,fusion_pbt_batterygpt,182,1.00072553228116,0.9961972739685709,audit_only_not_for_training_or_tuning
10,fusion_pbt_batterygpt,183,1.0004534899081778,0.9961670649840599,audit_only_not_for_training_or_tuning
10,fusion_pbt_batterygpt,184,1.0010007344135796,0.9961368559995489,audit_only_not_for_training_or_tuning
10,fusion_pbt_batterygpt,185,1.0006297472252923,0.9961066470150379,audit_only_not_for_training_or_tuning
10,fusion_pbt_batterygpt,186,1.000261849675464,0.9960764380305268,audit_only_not_for_training_or_tuning
10,fusion_pbt_batterygpt,187,0.9997888708083783,0.9960462290460158,audit_only_not_for_training_or_tuning
10,fusion_pbt_batterygpt,188,0.9999921156527973,0.9960160200615048,audit_only_not_for_training_or_tuning
10,fusion_pbt_batterygpt,189,1.00064879265609,0.9959858110769938,audit_only_not_for_training_or_tuning
10,fusion_pbt_batterygpt,190,0.9996220355275268,0.9959556020924827,audit_only_not_for_training_or_tuning
10,fusion_pbt_batterygpt,191,1.0009904155301936,0.9959253931079717,audit_only_not_for_training_or_tuning
10,fusion_pbt_batterygpt,192,0.9996931433538502,0.9958951841234607,audit_only_not_for_training_or_tuning
10,fusion_pbt_batterygpt,193,0.9992820146922096,0.9958649751389497,audit_only_not_for_training_or_tuning
10,fusion_pbt_batterygpt,194,0.9991093755465018,0.9958347661544386,audit_only_not_for_training_or_tuning
10,fusion_pbt_batterygpt,195,0.9996784792883135,0.9958045571699276,audit_only_not_for_training_or_tuning
10,fusion_pbt_batterygpt,196,0.9995067707030366,0.9957743481854165,audit_only_not_for_training_or_tuning
10,fusion_pbt_batterygpt,197,0.9997798234860769,0.9957441392009055,audit_only_not_for_training_or_tuning
10,fusion_pbt_batterygpt,198,0.9999668131621312,0.9957139302163944,audit_only_not_for_training_or_tuning
10,fusion_pbt_batterygpt,199,0.9993493817798262,0.9956837212318834,audit_only_not_for_training_or_tuning
10,fusion_pbt_batterygpt,200,0.9996390797027027,0.9956535122473724,audit_only_not_for_training_or_tuning
11,linear_recent,151,1.003500234294754,0.9967402620433962,audit_only_not_for_training_or_tuning
11,linear_recent,152,1.0026723145810104,0.9967153803881242,audit_only_not_for_training_or_tuning
11,linear_recent,153,1.0027741320450267,0.9966904987328524,audit_only_not_for_training_or_tuning
11,linear_recent,154,1.001129183412517,0.9966656170775805,audit_only_not_for_training_or_tuning
11,linear_recent,155,1.0016664545815999,0.9966407354223086,audit_only_not_for_training_or_tuning
11,linear_recent,156,1.0017924990675031,0.9966158537670368,audit_only_not_for_training_or_tuning
11,linear_recent,157,1.0017354538272008,0.9965909721117648,audit_only_not_for_training_or_tuning
11,linear_recent,158,1.0011636407719493,0.9965660904564929,audit_only_not_for_training_or_tuning
11,linear_recent,159,1.000294385033767,0.9965412088012211,audit_only_not_for_training_or_tuning
11,linear_recent,160,1.0026044839703798,0.9965163271459492,audit_only_not_for_training_or_tuning
11,linear_recent,161,1.0019175558916482,0.9964914454906773,audit_only_not_for_training_or_tuning
11,linear_recent,162,1.0009881743676436,0.9964665638354054,audit_only_not_for_training_or_tuning
11,linear_recent,163,1.001291742637109,0.9964416821801335,audit_only_not_for_training_or_tuning
11,linear_recent,164,1.001274634998201,0.9964168005248616,audit_only_not_for_training_or_tuning
11,linear_recent,165,1.0015615014625174,0.9963919188695898,audit_only_not_for_training_or_tuning
11,linear_recent,166,1.000969117055104,0.9963670372143179,audit_only_not_for_training_or_tuning
11,linear_recent,167,1.0013225458993615,0.996342155559046,audit_only_not_for_training_or_tuning
11,linear_recent,168,1.0013746321874926,0.9963172739037741,audit_only_not_for_training_or_tuning
11,linear_recent,169,1.0005533416581156,0.9962923922485022,audit_only_not_for_training_or_tuning
11,linear_recent,170,1.0003797277739404,0.9962675105932304,audit_only_not_for_training_or_tuning
11,linear_recent,171,1.0002876254849473,0.9962426289379585,audit_only_not_for_training_or_tuning
11,linear_recent,172,0.9999611115593017,0.9962177472826865,audit_only_not_for_training_or_tuning
11,linear_recent,173,0.999320867068511,0.9961928656274147,audit_only_not_for_training_or_tuning
11,linear_recent,174,0.9995800796481565,0.9961679839721428,audit_only_not_for_training_or_tuning
11,linear_recent,175,1.0000254359552212,0.9961431023168709,audit_only_not_for_training_or_tuning
11,linear_recent,176,0.9995786029602737,0.996118220661599,audit_only_not_for_training_or_tuning
11,linear_recent,177,0.998990367663382,0.9960933390063271,audit_only_not_for_training_or_tuning
11,linear_recent,178,0.9988600263731001,0.9960684573510552,audit_only_not_for_training_or_tuning
11,linear_recent,179,0.9995135401794083,0.9960435756957834,audit_only_not_for_training_or_tuning
11,linear_recent,180,0.999458529802279,0.9960186940405115,audit_only_not_for_training_or_tuning
11,linear_recent,181,0.9990701605933741,0.9959938123852395,audit_only_not_for_training_or_tuning
11,linear_recent,182,1.0004333804685495,0.9959689307299677,audit_only_not_for_training_or_tuning
11,linear_recent,183,1.000768712111018,0.9959440490746958,audit_only_not_for_training_or_tuning
11,linear_recent,184,0.9976628318055663,0.9959191674194239,audit_only_not_for_training_or_tuning
11,linear_recent,185,0.9994016286982391,0.9958942857641521,audit_only_not_for_training_or_tuning
11,linear_recent,186,0.9986646617610759,0.9958694041088801,audit_only_not_for_training_or_tuning
11,linear_recent,187,0.9993770620395256,0.9958445224536083,audit_only_not_for_training_or_tuning
11,linear_recent,188,0.9991077746554219,0.9958196407983364,audit_only_not_for_training_or_tuning
11,linear_recent,189,0.9989870415834883,0.9957947591430645,audit_only_not_for_training_or_tuning
11,linear_recent,190,0.998586970500922,0.9957698774877927,audit_only_not_for_training_or_tuning
11,linear_recent,191,0.9984416819390838,0.9957449958325207,audit_only_not_for_training_or_tuning
11,linear_recent,192,0.9990048127683697,0.9957201141772488,audit_only_not_for_training_or_tuning
11,linear_recent,193,0.9995274741408683,0.995695232521977,audit_only_not_for_training_or_tuning
11,linear_recent,194,0.998694614761771,0.9956703508667051,audit_only_not_for_training_or_tuning
11,linear_recent,195,0.9980722406922928,0.9956454692114332,audit_only_not_for_training_or_tuning
11,linear_recent,196,0.9984613731738523,0.9956205875561613,audit_only_not_for_training_or_tuning
11,linear_recent,197,0.9973772189733952,0.9955957059008894,audit_only_not_for_training_or_tuning
11,linear_recent,198,0.9978755852596117,0.9955708242456175,audit_only_not_for_training_or_tuning
11,linear_recent,199,0.9982323319837341,0.9955459425903457,audit_only_not_for_training_or_tuning
11,linear_recent,200,0.9969799461435347,0.9955210609350738,audit_only_not_for_training_or_tuning
11,policy_mean,151,1.003500234294754,0.9967514664783258,audit_only_not_for_training_or_tuning
11,policy_mean,152,1.0026723145810104,0.9967377892579835,audit_only_not_for_training_or_tuning
11,policy_mean,153,1.0027741320450267,0.9967241120376413,audit_only_not_for_training_or_tuning
11,policy_mean,154,1.001129183412517,0.996710434817299,audit_only_not_for_training_or_tuning
11,policy_mean,155,1.0016664545815999,0.9966967575969569,audit_only_not_for_training_or_tuning
11,policy_mean,156,1.0017924990675031,0.9966830803766147,audit_only_not_for_training_or_tuning
11,policy_mean,157,1.0017354538272008,0.9966694031562724,audit_only_not_for_training_or_tuning
11,policy_mean,158,1.0011636407719493,0.9966557259359302,audit_only_not_for_training_or_tuning
11,policy_mean,159,1.000294385033767,0.996642048715588,audit_only_not_for_training_or_tuning
11,policy_mean,160,1.0026044839703798,0.9966283714952457,audit_only_not_for_training_or_tuning
11,policy_mean,161,1.0019175558916482,0.9966146942749036,audit_only_not_for_training_or_tuning
11,policy_mean,162,1.0009881743676436,0.9966010170545613,audit_only_not_for_training_or_tuning
11,policy_mean,163,1.001291742637109,0.9965873398342191,audit_only_not_for_training_or_tuning
11,policy_mean,164,1.001274634998201,0.9965736626138769,audit_only_not_for_training_or_tuning
11,policy_mean,165,1.0015615014625174,0.9965599853935346,audit_only_not_for_training_or_tuning
11,policy_mean,166,1.000969117055104,0.9965463081731925,audit_only_not_for_training_or_tuning
11,policy_mean,167,1.0013225458993615,0.9965326309528503,audit_only_not_for_training_or_tuning
11,policy_mean,168,1.0013746321874926,0.996518953732508,audit_only_not_for_training_or_tuning
11,policy_mean,169,1.0005533416581156,0.9965052765121658,audit_only_not_for_training_or_tuning
11,policy_mean,170,1.0003797277739404,0.9964915992918235,audit_only_not_for_training_or_tuning
11,policy_mean,171,1.0002876254849473,0.9964779220714813,audit_only_not_for_training_or_tuning
11,policy_mean,172,0.9999611115593017,0.9964642448511392,audit_only_not_for_training_or_tuning
11,policy_mean,173,0.999320867068511,0.9964505676307969,audit_only_not_for_training_or_tuning
11,policy_mean,174,0.9995800796481565,0.9964368904104547,audit_only_not_for_training_or_tuning
11,policy_mean,175,1.0000254359552212,0.9964232131901125,audit_only_not_for_training_or_tuning
11,policy_mean,176,0.9995786029602737,0.9964095359697702,audit_only_not_for_training_or_tuning
11,policy_mean,177,0.998990367663382,0.996395858749428,audit_only_not_for_training_or_tuning
11,policy_mean,178,0.9988600263731001,0.9963821815290858,audit_only_not_for_training_or_tuning
11,policy_mean,179,0.9995135401794083,0.9963685043087436,audit_only_not_for_training_or_tuning
11,policy_mean,180,0.999458529802279,0.9963548270884014,audit_only_not_for_training_or_tuning
11,policy_mean,181,0.9990701605933741,0.9963411498680591,audit_only_not_for_training_or_tuning
11,policy_mean,182,1.0004333804685495,0.9963274726477169,audit_only_not_for_training_or_tuning
11,policy_mean,183,1.000768712111018,0.9963137954273747,audit_only_not_for_training_or_tuning
11,policy_mean,184,0.9976628318055663,0.9963001182070325,audit_only_not_for_training_or_tuning
11,policy_mean,185,0.9994016286982391,0.9962864409866903,audit_only_not_for_training_or_tuning
11,policy_mean,186,0.9986646617610759,0.996272763766348,audit_only_not_for_training_or_tuning
11,policy_mean,187,0.9993770620395256,0.9962590865460058,audit_only_not_for_training_or_tuning
11,policy_mean,188,0.9991077746554219,0.9962454093256636,audit_only_not_for_training_or_tuning
11,policy_mean,189,0.9989870415834883,0.9962317321053213,audit_only_not_for_training_or_tuning
11,policy_mean,190,0.998586970500922,0.9962180548849792,audit_only_not_for_training_or_tuning
11,policy_mean,191,0.9984416819390838,0.996204377664637,audit_only_not_for_training_or_tuning
11,policy_mean,192,0.9990048127683697,0.9961907004442947,audit_only_not_for_training_or_tuning
11,policy_mean,193,0.9995274741408683,0.9961770232239525,audit_only_not_for_training_or_tuning
11,policy_mean,194,0.998694614761771,0.9961633460036103,audit_only_not_for_training_or_tuning
11,policy_mean,195,0.9980722406922928,0.996149668783268,audit_only_not_for_training_or_tuning
11,policy_mean,196,0.9984613731738523,0.9961359915629259,audit_only_not_for_training_or_tuning
11,policy_mean,197,0.9973772189733952,0.9961223143425836,audit_only_not_for_training_or_tuning
11,policy_mean,198,0.9978755852596117,0.9961086371222414,audit_only_not_for_training_or_tuning
11,policy_mean,199,0.9982323319837341,0.9960949599018992,audit_only_not_for_training_or_tuning
11,policy_mean,200,0.9969799461435347,0.9960812826815569,audit_only_not_for_training_or_tuning
11,persist,151,1.003500234294754,0.996765143698668,audit_only_not_for_training_or_tuning
11,persist,152,1.0026723145810104,0.996765143698668,audit_only_not_for_training_or_tuning
11,persist,153,1.0027741320450267,0.996765143698668,audit_only_not_for_training_or_tuning
11,persist,154,1.001129183412517,0.996765143698668,audit_only_not_for_training_or_tuning
11,persist,155,1.0016664545815999,0.996765143698668,audit_only_not_for_training_or_tuning
11,persist,156,1.0017924990675031,0.996765143698668,audit_only_not_for_training_or_tuning
11,persist,157,1.0017354538272008,0.996765143698668,audit_only_not_for_training_or_tuning
11,persist,158,1.0011636407719493,0.996765143698668,audit_only_not_for_training_or_tuning
11,persist,159,1.000294385033767,0.996765143698668,audit_only_not_for_training_or_tuning
11,persist,160,1.0026044839703798,0.996765143698668,audit_only_not_for_training_or_tuning
11,persist,161,1.0019175558916482,0.996765143698668,audit_only_not_for_training_or_tuning
11,persist,162,1.0009881743676436,0.996765143698668,audit_only_not_for_training_or_tuning
11,persist,163,1.001291742637109,0.996765143698668,audit_only_not_for_training_or_tuning
11,persist,164,1.001274634998201,0.996765143698668,audit_only_not_for_training_or_tuning
11,persist,165,1.0015615014625174,0.996765143698668,audit_only_not_for_training_or_tuning
11,persist,166,1.000969117055104,0.996765143698668,audit_only_not_for_training_or_tuning
11,persist,167,1.0013225458993615,0.996765143698668,audit_only_not_for_training_or_tuning
11,persist,168,1.0013746321874926,0.996765143698668,audit_only_not_for_training_or_tuning
11,persist,169,1.0005533416581156,0.996765143698668,audit_only_not_for_training_or_tuning
11,persist,170,1.0003797277739404,0.996765143698668,audit_only_not_for_training_or_tuning
11,persist,171,1.0002876254849473,0.996765143698668,audit_only_not_for_training_or_tuning
11,persist,172,0.9999611115593017,0.996765143698668,audit_only_not_for_training_or_tuning
11,persist,173,0.999320867068511,0.996765143698668,audit_only_not_for_training_or_tuning
11,persist,174,0.9995800796481565,0.996765143698668,audit_only_not_for_training_or_tuning
11,persist,175,1.0000254359552212,0.996765143698668,audit_only_not_for_training_or_tuning
11,persist,176,0.9995786029602737,0.996765143698668,audit_only_not_for_training_or_tuning
11,persist,177,0.998990367663382,0.996765143698668,audit_only_not_for_training_or_tuning
11,persist,178,0.9988600263731001,0.996765143698668,audit_only_not_for_training_or_tuning
11,persist,179,0.9995135401794083,0.996765143698668,audit_only_not_for_training_or_tuning
11,persist,180,0.999458529802279,0.996765143698668,audit_only_not_for_training_or_tuning
11,persist,181,0.9990701605933741,0.996765143698668,audit_only_not_for_training_or_tuning
11,persist,182,1.0004333804685495,0.996765143698668,audit_only_not_for_training_or_tuning
11,persist,183,1.000768712111018,0.996765143698668,audit_only_not_for_training_or_tuning
11,persist,184,0.9976628318055663,0.996765143698668,audit_only_not_for_training_or_tuning
11,persist,185,0.9994016286982391,0.996765143698668,audit_only_not_for_training_or_tuning
11,persist,186,0.9986646617610759,0.996765143698668,audit_only_not_for_training_or_tuning
11,persist,187,0.9993770620395256,0.996765143698668,audit_only_not_for_training_or_tuning
11,persist,188,0.9991077746554219,0.996765143698668,audit_only_not_for_training_or_tuning
11,persist,189,0.9989870415834883,0.996765143698668,audit_only_not_for_training_or_tuning
11,persist,190,0.998586970500922,0.996765143698668,audit_only_not_for_training_or_tuning
11,persist,191,0.9984416819390838,0.996765143698668,audit_only_not_for_training_or_tuning
11,persist,192,0.9990048127683697,0.996765143698668,audit_only_not_for_training_or_tuning
11,persist,193,0.9995274741408683,0.996765143698668,audit_only_not_for_training_or_tuning
11,persist,194,0.998694614761771,0.996765143698668,audit_only_not_for_training_or_tuning
11,persist,195,0.9980722406922928,0.996765143698668,audit_only_not_for_training_or_tuning
11,persist,196,0.9984613731738523,0.996765143698668,audit_only_not_for_training_or_tuning
11,persist,197,0.9973772189733952,0.996765143698668,audit_only_not_for_training_or_tuning
11,persist,198,0.9978755852596117,0.996765143698668,audit_only_not_for_training_or_tuning
11,persist,199,0.9982323319837341,0.996765143698668,audit_only_not_for_training_or_tuning
11,persist,200,0.9969799461435347,0.996765143698668,audit_only_not_for_training_or_tuning
11,fusion_pbt_batterygpt,151,1.003500234294754,0.9967335893479057,audit_only_not_for_training_or_tuning
11,fusion_pbt_batterygpt,152,1.0026723145810104,0.9967020349971435,audit_only_not_for_training_or_tuning
11,fusion_pbt_batterygpt,153,1.0027741320450267,0.9966704806463812,audit_only_not_for_training_or_tuning
11,fusion_pbt_batterygpt,154,1.001129183412517,0.996638926295619,audit_only_not_for_training_or_tuning
11,fusion_pbt_batterygpt,155,1.0016664545815999,0.9966073719448567,audit_only_not_for_training_or_tuning
11,fusion_pbt_batterygpt,156,1.0017924990675031,0.9965758175940944,audit_only_not_for_training_or_tuning
11,fusion_pbt_batterygpt,157,1.0017354538272008,0.9965442632433322,audit_only_not_for_training_or_tuning
11,fusion_pbt_batterygpt,158,1.0011636407719493,0.9965127088925699,audit_only_not_for_training_or_tuning
11,fusion_pbt_batterygpt,159,1.000294385033767,0.9964811545418077,audit_only_not_for_training_or_tuning
11,fusion_pbt_batterygpt,160,1.0026044839703798,0.9964496001910454,audit_only_not_for_training_or_tuning
11,fusion_pbt_batterygpt,161,1.0019175558916482,0.9964180458402832,audit_only_not_for_training_or_tuning
11,fusion_pbt_batterygpt,162,1.0009881743676436,0.996386491489521,audit_only_not_for_training_or_tuning
11,fusion_pbt_batterygpt,163,1.001291742637109,0.9963549371387587,audit_only_not_for_training_or_tuning
11,fusion_pbt_batterygpt,164,1.001274634998201,0.9963233827879965,audit_only_not_for_training_or_tuning
11,fusion_pbt_batterygpt,165,1.0015615014625174,0.9962918284372342,audit_only_not_for_training_or_tuning
11,fusion_pbt_batterygpt,166,1.000969117055104,0.9962602740864719,audit_only_not_for_training_or_tuning
11,fusion_pbt_batterygpt,167,1.0013225458993615,0.9962287197357097,audit_only_not_for_training_or_tuning
11,fusion_pbt_batterygpt,168,1.0013746321874926,0.9961971653849474,audit_only_not_for_training_or_tuning
11,fusion_pbt_batterygpt,169,1.0005533416581156,0.9961656110341852,audit_only_not_for_training_or_tuning
11,fusion_pbt_batterygpt,170,1.0003797277739404,0.9961340566834229,audit_only_not_for_training_or_tuning
11,fusion_pbt_batterygpt,171,1.0002876254849473,0.9961025023326606,audit_only_not_for_training_or_tuning
11,fusion_pbt_batterygpt,172,0.9999611115593017,0.9960709479818984,audit_only_not_for_training_or_tuning
11,fusion_pbt_batterygpt,173,0.999320867068511,0.9960393936311361,audit_only_not_for_training_or_tuning
11,fusion_pbt_batterygpt,174,0.9995800796481565,0.996007839280374,audit_only_not_for_training_or_tuning
11,fusion_pbt_batterygpt,175,1.0000254359552212,0.9959762849296117,audit_only_not_for_training_or_tuning
11,fusion_pbt_batterygpt,176,0.9995786029602737,0.9959447305788494,audit_only_not_for_training_or_tuning
11,fusion_pbt_batterygpt,177,0.998990367663382,0.9959131762280872,audit_only_not_for_training_or_tuning
11,fusion_pbt_batterygpt,178,0.9988600263731001,0.9958816218773249,audit_only_not_for_training_or_tuning
11,fusion_pbt_batterygpt,179,0.9995135401794083,0.9958500675265627,audit_only_not_for_training_or_tuning
11,fusion_pbt_batterygpt,180,0.999458529802279,0.9958185131758004,audit_only_not_for_training_or_tuning
11,fusion_pbt_batterygpt,181,0.9990701605933741,0.9957869588250381,audit_only_not_for_training_or_tuning
11,fusion_pbt_batterygpt,182,1.0004333804685495,0.9957554044742759,audit_only_not_for_training_or_tuning
11,fusion_pbt_batterygpt,183,1.000768712111018,0.9957238501235136,audit_only_not_for_training_or_tuning
11,fusion_pbt_batterygpt,184,0.9976628318055663,0.9956922957727514,audit_only_not_for_training_or_tuning
11,fusion_pbt_batterygpt,185,0.9994016286982391,0.9956607414219891,audit_only_not_for_training_or_tuning
11,fusion_pbt_batterygpt,186,0.9986646617610759,0.9956291870712268,audit_only_not_for_training_or_tuning
11,fusion_pbt_batterygpt,187,0.9993770620395256,0.9955976327204646,audit_only_not_for_training_or_tuning
11,fusion_pbt_batterygpt,188,0.9991077746554219,0.9955660783697023,audit_only_not_for_training_or_tuning
11,fusion_pbt_batterygpt,189,0.9989870415834883,0.9955345240189402,audit_only_not_for_training_or_tuning
11,fusion_pbt_batterygpt,190,0.998586970500922,0.9955029696681779,audit_only_not_for_training_or_tuning
11,fusion_pbt_batterygpt,191,0.9984416819390838,0.9954714153174156,audit_only_not_for_training_or_tuning
11,fusion_pbt_batterygpt,192,0.9990048127683697,0.9954398609666534,audit_only_not_for_training_or_tuning
11,fusion_pbt_batterygpt,193,0.9995274741408683,0.9954083066158911,audit_only_not_for_training_or_tuning
11,fusion_pbt_batterygpt,194,0.998694614761771,0.9953767522651289,audit_only_not_for_training_or_tuning
11,fusion_pbt_batterygpt,195,0.9980722406922928,0.9953451979143666,audit_only_not_for_training_or_tuning
11,fusion_pbt_batterygpt,196,0.9984613731738523,0.9953136435636043,audit_only_not_for_training_or_tuning
11,fusion_pbt_batterygpt,197,0.9973772189733952,0.9952820892128421,audit_only_not_for_training_or_tuning
11,fusion_pbt_batterygpt,198,0.9978755852596117,0.9952505348620798,audit_only_not_for_training_or_tuning
11,fusion_pbt_batterygpt,199,0.9982323319837341,0.9952189805113176,audit_only_not_for_training_or_tuning
11,fusion_pbt_batterygpt,200,0.9969799461435347,0.9951874261605553,audit_only_not_for_training_or_tuning
13,linear_recent,151,1.0018404618544736,0.9969920013786865,audit_only_not_for_training_or_tuning
13,linear_recent,152,1.001180660406379,0.9969660844212,audit_only_not_for_training_or_tuning
13,linear_recent,153,1.0022058680340427,0.9969401674637135,audit_only_not_for_training_or_tuning
13,linear_recent,154,1.001567230531907,0.996914250506227,audit_only_not_for_training_or_tuning
13,linear_recent,155,1.0022513005203804,0.9968883335487405,audit_only_not_for_training_or_tuning
13,linear_recent,156,1.0015369600166435,0.996862416591254,audit_only_not_for_training_or_tuning
13,linear_recent,157,1.0019629440720512,0.9968364996337675,audit_only_not_for_training_or_tuning
13,linear_recent,158,1.0014596521058268,0.996810582676281,audit_only_not_for_training_or_tuning
13,linear_recent,159,1.0014254696057248,0.9967846657187944,audit_only_not_for_training_or_tuning
13,linear_recent,160,1.001310482005477,0.996758748761308,audit_only_not_for_training_or_tuning
13,linear_recent,161,1.001432733997925,0.9967328318038214,audit_only_not_for_training_or_tuning
13,linear_recent,162,1.0019668649571989,0.9967069148463349,audit_only_not_for_training_or_tuning
13,linear_recent,163,1.0020140970691664,0.9966809978888485,audit_only_not_for_training_or_tuning
13,linear_recent,164,1.001839032102324,0.9966550809313619,audit_only_not_for_training_or_tuning
13,linear_recent,165,1.0013790878378177,0.9966291639738754,audit_only_not_for_training_or_tuning
13,linear_recent,166,1.0000220934569004,0.9966032470163889,audit_only_not_for_training_or_tuning
13,linear_recent,167,0.9999292624874793,0.9965773300589024,audit_only_not_for_training_or_tuning
13,linear_recent,168,0.9998112616309607,0.9965514131014158,audit_only_not_for_training_or_tuning
13,linear_recent,169,0.9996769522988904,0.9965254961439294,audit_only_not_for_training_or_tuning
13,linear_recent,170,1.000191856320977,0.9964995791864428,audit_only_not_for_training_or_tuning
13,linear_recent,171,0.9993719787031321,0.9964736622289563,audit_only_not_for_training_or_tuning
13,linear_recent,172,1.0011281907529446,0.9964477452714698,audit_only_not_for_training_or_tuning
13,linear_recent,173,1.0004350852196247,0.9964218283139833,audit_only_not_for_training_or_tuning
13,linear_recent,174,1.0003901188900546,0.9963959113564967,audit_only_not_for_training_or_tuning
13,linear_recent,175,0.9993835036503993,0.9963699943990103,audit_only_not_for_training_or_tuning
13,linear_recent,176,0.9996747084154008,0.9963440774415238,audit_only_not_for_training_or_tuning
13,linear_recent,177,1.0001900338881677,0.9963181604840372,audit_only_not_for_training_or_tuning
13,linear_recent,178,1.0005040350812013,0.9962922435265508,audit_only_not_for_training_or_tuning
13,linear_recent,179,0.9994472521351028,0.9962663265690642,audit_only_not_for_training_or_tuning
13,linear_recent,180,0.9994713551854055,0.9962404096115777,audit_only_not_for_training_or_tuning
13,linear_recent,181,0.9993176485937688,0.9962144926540912,audit_only_not_for_training_or_tuning
13,linear_recent,182,0.9994762458082038,0.9961885756966047,audit_only_not_for_training_or_tuning
13,linear_recent,183,1.000344514723501,0.9961626587391181,audit_only_not_for_training_or_tuning
13,linear_recent,184,0.9989036670608613,0.9961367417816317,audit_only_not_for_training_or_tuning
13,linear_recent,185,0.9984741731381515,0.9961108248241451,audit_only_not_for_training_or_tuning
13,linear_recent,186,0.9988696822504479,0.9960849078666586,audit_only_not_for_training_or_tuning
13,linear_recent,187,0.9986530744188884,0.9960589909091722,audit_only_not_for_training_or_tuning
13,linear_recent,188,0.9983209398570798,0.9960330739516856,audit_only_not_for_training_or_tuning
13,linear_recent,189,0.9981769032460333,0.9960071569941991,audit_only_not_for_training_or_tuning
13,linear_recent,190,0.9982674880107093,0.9959812400367126,audit_only_not_for_training_or_tuning
13,linear_recent,191,0.9984977864303707,0.9959553230792261,audit_only_not_for_training_or_tuning
13,linear_recent,192,0.9985105972208728,0.9959294061217395,audit_only_not_for_training_or_tuning
13,linear_recent,193,0.9984176563954402,0.9959034891642531,audit_only_not_for_training_or_tuning
13,linear_recent,194,0.9987682616631712,0.9958775722067665,audit_only_not_for_training_or_tuning
13,linear_recent,195,0.9989414148401796,0.99585165524928,audit_only_not_for_training_or_tuning
13,linear_recent,196,0.9976450618843586,0.9958257382917935,audit_only_not_for_training_or_tuning
13,linear_recent,197,0.9969368609858323,0.995799821334307,audit_only_not_for_training_or_tuning
13,linear_recent,198,0.9973989883145914,0.9957739043768205,audit_only_not_for_training_or_tuning
13,linear_recent,199,0.997971392316467,0.995747987419334,audit_only_not_for_training_or_tuning
13,linear_recent,200,0.9973047302325285,0.9957220704618475,audit_only_not_for_training_or_tuning
13,policy_mean,151,1.0018404618544736,0.9969985718743674,audit_only_not_for_training_or_tuning
13,policy_mean,152,1.001180660406379,0.9969792254125618,audit_only_not_for_training_or_tuning
13,policy_mean,153,1.0022058680340427,0.9969598789507562,audit_only_not_for_training_or_tuning
13,policy_mean,154,1.001567230531907,0.9969405324889505,audit_only_not_for_training_or_tuning
13,policy_mean,155,1.0022513005203804,0.996921186027145,audit_only_not_for_training_or_tuning
13,policy_mean,156,1.0015369600166435,0.9969018395653394,audit_only_not_for_training_or_tuning
13,policy_mean,157,1.0019629440720512,0.9968824931035338,audit_only_not_for_training_or_tuning
13,policy_mean,158,1.0014596521058268,0.9968631466417281,audit_only_not_for_training_or_tuning
13,policy_mean,159,1.0014254696057248,0.9968438001799226,audit_only_not_for_training_or_tuning
13,policy_mean,160,1.001310482005477,0.996824453718117,audit_only_not_for_training_or_tuning
13,policy_mean,161,1.001432733997925,0.9968051072563114,audit_only_not_for_training_or_tuning
13,policy_mean,162,1.0019668649571989,0.9967857607945058,audit_only_not_for_training_or_tuning
13,policy_mean,163,1.0020140970691664,0.9967664143327002,audit_only_not_for_training_or_tuning
13,policy_mean,164,1.001839032102324,0.9967470678708946,audit_only_not_for_training_or_tuning
13,policy_mean,165,1.0013790878378177,0.9967277214090889,audit_only_not_for_training_or_tuning
13,policy_mean,166,1.0000220934569004,0.9967083749472834,audit_only_not_for_training_or_tuning
13,policy_mean,167,0.9999292624874793,0.9966890284854778,audit_only_not_for_training_or_tuning
13,policy_mean,168,0.9998112616309607,0.9966696820236722,audit_only_not_for_training_or_tuning
13,policy_mean,169,0.9996769522988904,0.9966503355618666,audit_only_not_for_training_or_tuning
13,policy_mean,170,1.000191856320977,0.996630989100061,audit_only_not_for_training_or_tuning
13,policy_mean,171,0.9993719787031321,0.9966116426382554,audit_only_not_for_training_or_tuning
13,policy_mean,172,1.0011281907529446,0.9965922961764498,audit_only_not_for_training_or_tuning
13,policy_mean,173,1.0004350852196247,0.9965729497146442,audit_only_not_for_training_or_tuning
13,policy_mean,174,1.0003901188900546,0.9965536032528386,audit_only_not_for_training_or_tuning
13,policy_mean,175,0.9993835036503993,0.996534256791033,audit_only_not_for_training_or_tuning
13,policy_mean,176,0.9996747084154008,0.9965149103292273,audit_only_not_for_training_or_tuning
13,policy_mean,177,1.0001900338881677,0.9964955638674218,audit_only_not_for_training_or_tuning
13,policy_mean,178,1.0005040350812013,0.9964762174056162,audit_only_not_for_training_or_tuning
13,policy_mean,179,0.9994472521351028,0.9964568709438106,audit_only_not_for_training_or_tuning
13,policy_mean,180,0.9994713551854055,0.996437524482005,audit_only_not_for_training_or_tuning
13,policy_mean,181,0.9993176485937688,0.9964181780201994,audit_only_not_for_training_or_tuning
13,policy_mean,182,0.9994762458082038,0.9963988315583938,audit_only_not_for_training_or_tuning
13,policy_mean,183,1.000344514723501,0.9963794850965881,audit_only_not_for_training_or_tuning
13,policy_mean,184,0.9989036670608613,0.9963601386347826,audit_only_not_for_training_or_tuning
13,policy_mean,185,0.9984741731381515,0.996340792172977,audit_only_not_for_training_or_tuning
13,policy_mean,186,0.9988696822504479,0.9963214457111714,audit_only_not_for_training_or_tuning
13,policy_mean,187,0.9986530744188884,0.9963020992493657,audit_only_not_for_training_or_tuning
13,policy_mean,188,0.9983209398570798,0.9962827527875602,audit_only_not_for_training_or_tuning
13,policy_mean,189,0.9981769032460333,0.9962634063257546,audit_only_not_for_training_or_tuning
13,policy_mean,190,0.9982674880107093,0.996244059863949,audit_only_not_for_training_or_tuning
13,policy_mean,191,0.9984977864303707,0.9962247134021434,audit_only_not_for_training_or_tuning
13,policy_mean,192,0.9985105972208728,0.9962053669403378,audit_only_not_for_training_or_tuning
13,policy_mean,193,0.9984176563954402,0.9961860204785322,audit_only_not_for_training_or_tuning
13,policy_mean,194,0.9987682616631712,0.9961666740167265,audit_only_not_for_training_or_tuning
13,policy_mean,195,0.9989414148401796,0.996147327554921,audit_only_not_for_training_or_tuning
13,policy_mean,196,0.9976450618843586,0.9961279810931154,audit_only_not_for_training_or_tuning
13,policy_mean,197,0.9969368609858323,0.9961086346313098,audit_only_not_for_training_or_tuning
13,policy_mean,198,0.9973989883145914,0.9960892881695042,audit_only_not_for_training_or_tuning
13,policy_mean,199,0.997971392316467,0.9960699417076986,audit_only_not_for_training_or_tuning
13,policy_mean,200,0.9973047302325285,0.996050595245893,audit_only_not_for_training_or_tuning
13,persist,151,1.0018404618544736,0.997017918336173,audit_only_not_for_training_or_tuning
13,persist,152,1.001180660406379,0.997017918336173,audit_only_not_for_training_or_tuning
13,persist,153,1.0022058680340427,0.997017918336173,audit_only_not_for_training_or_tuning
13,persist,154,1.001567230531907,0.997017918336173,audit_only_not_for_training_or_tuning
13,persist,155,1.0022513005203804,0.997017918336173,audit_only_not_for_training_or_tuning
13,persist,156,1.0015369600166435,0.997017918336173,audit_only_not_for_training_or_tuning
13,persist,157,1.0019629440720512,0.997017918336173,audit_only_not_for_training_or_tuning
13,persist,158,1.0014596521058268,0.997017918336173,audit_only_not_for_training_or_tuning
13,persist,159,1.0014254696057248,0.997017918336173,audit_only_not_for_training_or_tuning
13,persist,160,1.001310482005477,0.997017918336173,audit_only_not_for_training_or_tuning
13,persist,161,1.001432733997925,0.997017918336173,audit_only_not_for_training_or_tuning
13,persist,162,1.0019668649571989,0.997017918336173,audit_only_not_for_training_or_tuning
13,persist,163,1.0020140970691664,0.997017918336173,audit_only_not_for_training_or_tuning
13,persist,164,1.001839032102324,0.997017918336173,audit_only_not_for_training_or_tuning
13,persist,165,1.0013790878378177,0.997017918336173,audit_only_not_for_training_or_tuning
13,persist,166,1.0000220934569004,0.997017918336173,audit_only_not_for_training_or_tuning
13,persist,167,0.9999292624874793,0.997017918336173,audit_only_not_for_training_or_tuning
13,persist,168,0.9998112616309607,0.997017918336173,audit_only_not_for_training_or_tuning
13,persist,169,0.9996769522988904,0.997017918336173,audit_only_not_for_training_or_tuning
13,persist,170,1.000191856320977,0.997017918336173,audit_only_not_for_training_or_tuning
13,persist,171,0.9993719787031321,0.997017918336173,audit_only_not_for_training_or_tuning
13,persist,172,1.0011281907529446,0.997017918336173,audit_only_not_for_training_or_tuning
13,persist,173,1.0004350852196247,0.997017918336173,audit_only_not_for_training_or_tuning
13,persist,174,1.0003901188900546,0.997017918336173,audit_only_not_for_training_or_tuning
13,persist,175,0.9993835036503993,0.997017918336173,audit_only_not_for_training_or_tuning
13,persist,176,0.9996747084154008,0.997017918336173,audit_only_not_for_training_or_tuning
13,persist,177,1.0001900338881677,0.997017918336173,audit_only_not_for_training_or_tuning
13,persist,178,1.0005040350812013,0.997017918336173,audit_only_not_for_training_or_tuning
13,persist,179,0.9994472521351028,0.997017918336173,audit_only_not_for_training_or_tuning
13,persist,180,0.9994713551854055,0.997017918336173,audit_only_not_for_training_or_tuning
13,persist,181,0.9993176485937688,0.997017918336173,audit_only_not_for_training_or_tuning
13,persist,182,0.9994762458082038,0.997017918336173,audit_only_not_for_training_or_tuning
13,persist,183,1.000344514723501,0.997017918336173,audit_only_not_for_training_or_tuning
13,persist,184,0.9989036670608613,0.997017918336173,audit_only_not_for_training_or_tuning
13,persist,185,0.9984741731381515,0.997017918336173,audit_only_not_for_training_or_tuning
13,persist,186,0.9988696822504479,0.997017918336173,audit_only_not_for_training_or_tuning
13,persist,187,0.9986530744188884,0.997017918336173,audit_only_not_for_training_or_tuning
13,persist,188,0.9983209398570798,0.997017918336173,audit_only_not_for_training_or_tuning
13,persist,189,0.9981769032460333,0.997017918336173,audit_only_not_for_training_or_tuning
13,persist,190,0.9982674880107093,0.997017918336173,audit_only_not_for_training_or_tuning
13,persist,191,0.9984977864303707,0.997017918336173,audit_only_not_for_training_or_tuning
13,persist,192,0.9985105972208728,0.997017918336173,audit_only_not_for_training_or_tuning
13,persist,193,0.9984176563954402,0.997017918336173,audit_only_not_for_training_or_tuning
13,persist,194,0.9987682616631712,0.997017918336173,audit_only_not_for_training_or_tuning
13,persist,195,0.9989414148401796,0.997017918336173,audit_only_not_for_training_or_tuning
13,persist,196,0.9976450618843586,0.997017918336173,audit_only_not_for_training_or_tuning
13,persist,197,0.9969368609858323,0.997017918336173,audit_only_not_for_training_or_tuning
13,persist,198,0.9973989883145914,0.997017918336173,audit_only_not_for_training_or_tuning
13,persist,199,0.997971392316467,0.997017918336173,audit_only_not_for_training_or_tuning
13,persist,200,0.9973047302325285,0.997017918336173,audit_only_not_for_training_or_tuning
13,fusion_pbt_batterygpt,151,1.0018404618544736,0.9969844889359699,audit_only_not_for_training_or_tuning
13,fusion_pbt_batterygpt,152,1.001180660406379,0.9969510595357668,audit_only_not_for_training_or_tuning
13,fusion_pbt_batterygpt,153,1.0022058680340427,0.9969176301355637,audit_only_not_for_training_or_tuning
13,fusion_pbt_batterygpt,154,1.001567230531907,0.9968842007353607,audit_only_not_for_training_or_tuning
13,fusion_pbt_batterygpt,155,1.0022513005203804,0.9968507713351575,audit_only_not_for_training_or_tuning
13,fusion_pbt_batterygpt,156,1.0015369600166435,0.9968173419349544,audit_only_not_for_training_or_tuning
13,fusion_pbt_batterygpt,157,1.0019629440720512,0.9967839125347513,audit_only_not_for_training_or_tuning
13,fusion_pbt_batterygpt,158,1.0014596521058268,0.9967504831345482,audit_only_not_for_training_or_tuning
13,fusion_pbt_batterygpt,159,1.0014254696057248,0.996717053734345,audit_only_not_for_training_or_tuning
13,fusion_pbt_batterygpt,160,1.001310482005477,0.9966836243341419,audit_only_not_for_training_or_tuning
13,fusion_pbt_batterygpt,161,1.001432733997925,0.9966501949339389,audit_only_not_for_training_or_tuning
13,fusion_pbt_batterygpt,162,1.0019668649571989,0.9966167655337358,audit_only_not_for_training_or_tuning
13,fusion_pbt_batterygpt,163,1.0020140970691664,0.9965833361335327,audit_only_not_for_training_or_tuning
13,fusion_pbt_batterygpt,164,1.001839032102324,0.9965499067333295,audit_only_not_for_training_or_tuning
13,fusion_pbt_batterygpt,165,1.0013790878378177,0.9965164773331264,audit_only_not_for_training_or_tuning
13,fusion_pbt_batterygpt,166,1.0000220934569004,0.9964830479329233,audit_only_not_for_training_or_tuning
13,fusion_pbt_batterygpt,167,0.9999292624874793,0.9964496185327202,audit_only_not_for_training_or_tuning
13,fusion_pbt_batterygpt,168,0.9998112616309607,0.9964161891325172,audit_only_not_for_training_or_tuning
13,fusion_pbt_batterygpt,169,0.9996769522988904,0.996382759732314,audit_only_not_for_training_or_tuning
13,fusion_pbt_batterygpt,170,1.000191856320977,0.9963493303321109,audit_only_not_for_training_or_tuning
13,fusion_pbt_batterygpt,171,0.9993719787031321,0.9963159009319078,audit_only_not_for_training_or_tuning
13,fusion_pbt_batterygpt,172,1.0011281907529446,0.9962824715317047,audit_only_not_for_training_or_tuning
13,fusion_pbt_batterygpt,173,1.0004350852196247,0.9962490421315016,audit_only_not_for_training_or_tuning
13,fusion_pbt_batterygpt,174,1.0003901188900546,0.9962156127312984,audit_only_not_for_training_or_tuning
13,fusion_pbt_batterygpt,175,0.9993835036503993,0.9961821833310953,audit_only_not_for_training_or_tuning
13,fusion_pbt_batterygpt,176,0.9996747084154008,0.9961487539308923,audit_only_not_for_training_or_tuning
13,fusion_pbt_batterygpt,177,1.0001900338881677,0.9961153245306892,audit_only_not_for_training_or_tuning
13,fusion_pbt_batterygpt,178,1.0005040350812013,0.9960818951304861,audit_only_not_for_training_or_tuning
13,fusion_pbt_batterygpt,179,0.9994472521351028,0.9960484657302829,audit_only_not_for_training_or_tuning
13,fusion_pbt_batterygpt,180,0.9994713551854055,0.9960150363300798,audit_only_not_for_training_or_tuning
13,fusion_pbt_batterygpt,181,0.9993176485937688,0.9959816069298767,audit_only_not_for_training_or_tuning
13,fusion_pbt_batterygpt,182,0.9994762458082038,0.9959481775296736,audit_only_not_for_training_or_tuning
13,fusion_pbt_batterygpt,183,1.000344514723501,0.9959147481294706,audit_only_not_for_training_or_tuning
13,fusion_pbt_batterygpt,184,0.9989036670608613,0.9958813187292674,audit_only_not_for_training_or_tuning
13,fusion_pbt_batterygpt,185,0.9984741731381515,0.9958478893290643,audit_only_not_for_training_or_tuning
13,fusion_pbt_batterygpt,186,0.9988696822504479,0.9958144599288612,audit_only_not_for_training_or_tuning
13,fusion_pbt_batterygpt,187,0.9986530744188884,0.9957810305286581,audit_only_not_for_training_or_tuning
13,fusion_pbt_batterygpt,188,0.9983209398570798,0.995747601128455,audit_only_not_for_training_or_tuning
13,fusion_pbt_batterygpt,189,0.9981769032460333,0.9957141717282518,audit_only_not_for_training_or_tuning
13,fusion_pbt_batterygpt,190,0.9982674880107093,0.9956807423280488,audit_only_not_for_training_or_tuning
13,fusion_pbt_batterygpt,191,0.9984977864303707,0.9956473129278457,audit_only_not_for_training_or_tuning
13,fusion_pbt_batterygpt,192,0.9985105972208728,0.9956138835276426,audit_only_not_for_training_or_tuning
13,fusion_pbt_batterygpt,193,0.9984176563954402,0.9955804541274395,audit_only_not_for_training_or_tuning
13,fusion_pbt_batterygpt,194,0.9987682616631712,0.9955470247272363,audit_only_not_for_training_or_tuning
13,fusion_pbt_batterygpt,195,0.9989414148401796,0.9955135953270332,audit_only_not_for_training_or_tuning
13,fusion_pbt_batterygpt,196,0.9976450618843586,0.9954801659268301,audit_only_not_for_training_or_tuning
13,fusion_pbt_batterygpt,197,0.9969368609858323,0.9954467365266271,audit_only_not_for_training_or_tuning
13,fusion_pbt_batterygpt,198,0.9973989883145914,0.995413307126424,audit_only_not_for_training_or_tuning
13,fusion_pbt_batterygpt,199,0.997971392316467,0.9953798777262208,audit_only_not_for_training_or_tuning
13,fusion_pbt_batterygpt,200,0.9973047302325285,0.9953464483260177,audit_only_not_for_training_or_tuning
14,linear_recent,151,1.003129846787652,0.9975183314010271,audit_only_not_for_training_or_tuning
14,linear_recent,152,1.0027189302325765,0.9974926759709011,audit_only_not_for_training_or_tuning
14,linear_recent,153,1.0027247647099837,0.9974670205407751,audit_only_not_for_training_or_tuning
14,linear_recent,154,1.0026484029360574,0.9974413651106491,audit_only_not_for_training_or_tuning
14,linear_recent,155,1.002762282384025,0.9974157096805231,audit_only_not_for_training_or_tuning
14,linear_recent,156,1.0029887909241038,0.9973900542503971,audit_only_not_for_training_or_tuning
14,linear_recent,157,1.0024499771334525,0.9973643988202711,audit_only_not_for_training_or_tuning
14,linear_recent,158,1.0024070848018898,0.997338743390145,audit_only_not_for_training_or_tuning
14,linear_recent,159,1.0026792638860837,0.997313087960019,audit_only_not_for_training_or_tuning
14,linear_recent,160,1.0024921317521465,0.997287432529893,audit_only_not_for_training_or_tuning
14,linear_recent,161,1.0009563646933137,0.9972617770997672,audit_only_not_for_training_or_tuning
14,linear_recent,162,1.0014472626259343,0.9972361216696412,audit_only_not_for_training_or_tuning
14,linear_recent,163,1.0015471981369595,0.9972104662395151,audit_only_not_for_training_or_tuning
14,linear_recent,164,0.9998851743326072,0.9971848108093891,audit_only_not_for_training_or_tuning
14,linear_recent,165,1.000624323093053,0.9971591553792631,audit_only_not_for_training_or_tuning
14,linear_recent,166,1.0010340519522356,0.9971334999491371,audit_only_not_for_training_or_tuning
14,linear_recent,167,1.0018866584108315,0.9971078445190111,audit_only_not_for_training_or_tuning
14,linear_recent,168,1.002043039511348,0.9970821890888851,audit_only_not_for_training_or_tuning
14,linear_recent,169,1.0009917604895386,0.9970565336587591,audit_only_not_for_training_or_tuning
14,linear_recent,170,1.0009208163391359,0.9970308782286331,audit_only_not_for_training_or_tuning
14,linear_recent,171,1.0011299790160348,0.9970052227985071,audit_only_not_for_training_or_tuning
14,linear_recent,172,1.0004223450798788,0.9969795673683811,audit_only_not_for_training_or_tuning
14,linear_recent,173,1.0008287564072922,0.9969539119382551,audit_only_not_for_training_or_tuning
14,linear_recent,174,1.0010721032137238,0.9969282565081291,audit_only_not_for_training_or_tuning
14,linear_recent,175,1.0003640050226639,0.9969026010780031,audit_only_not_for_training_or_tuning
14,linear_recent,176,1.000472697496454,0.9968769456478772,audit_only_not_for_training_or_tuning
14,linear_recent,177,1.0002165481025205,0.9968512902177512,audit_only_not_for_training_or_tuning
14,linear_recent,178,0.9998883201738568,0.9968256347876252,audit_only_not_for_training_or_tuning
14,linear_recent,179,0.9999166704035941,0.9967999793574992,audit_only_not_for_training_or_tuning
14,linear_recent,180,1.0004511728539305,0.9967743239273732,audit_only_not_for_training_or_tuning
14,linear_recent,181,1.0000910162387304,0.9967486684972472,audit_only_not_for_training_or_tuning
14,linear_recent,182,0.9992264643897522,0.9967230130671212,audit_only_not_for_training_or_tuning
14,linear_recent,183,0.9983326701487018,0.9966973576369952,audit_only_not_for_training_or_tuning
14,linear_recent,184,0.9997934640099453,0.9966717022068692,audit_only_not_for_training_or_tuning
14,linear_recent,185,0.9994088119245167,0.9966460467767432,audit_only_not_for_training_or_tuning
14,linear_recent,186,0.9996442886962043,0.9966203913466172,audit_only_not_for_training_or_tuning
14,linear_recent,187,0.9988149227875603,0.9965947359164912,audit_only_not_for_training_or_tuning
14,linear_recent,188,0.999993321083433,0.9965690804863652,audit_only_not_for_training_or_tuning
14,linear_recent,189,0.9997041744118574,0.9965434250562392,audit_only_not_for_training_or_tuning
14,linear_recent,190,0.9984402223763995,0.9965177696261132,audit_only_not_for_training_or_tuning
14,linear_recent,191,0.9986730492038004,0.9964921141959873,audit_only_not_for_training_or_tuning
14,linear_recent,192,0.998789624334699,0.9964664587658613,audit_only_not_for_training_or_tuning
14,linear_recent,193,0.9987972698360758,0.9964408033357353,audit_only_not_for_training_or_tuning
14,linear_recent,194,0.9985323795180758,0.9964151479056093,audit_only_not_for_training_or_tuning
14,linear_recent,195,0.998749275912446,0.9963894924754833,audit_only_not_for_training_or_tuning
14,linear_recent,196,0.9989360612811611,0.9963638370453572,audit_only_not_for_training_or_tuning
14,linear_recent,197,0.9996089727244905,0.9963381816152312,audit_only_not_for_training_or_tuning
14,linear_recent,198,1.0000210823321805,0.9963125261851052,audit_only_not_for_training_or_tuning
14,linear_recent,199,0.9997060410183175,0.9962868707549792,audit_only_not_for_training_or_tuning
14,linear_recent,200,0.9989928901692169,0.9962612153248532,audit_only_not_for_training_or_tuning
14,policy_mean,151,1.003129846787652,0.9975209597144836,audit_only_not_for_training_or_tuning
14,policy_mean,152,1.0027189302325765,0.9974979325978143,audit_only_not_for_training_or_tuning
14,policy_mean,153,1.0027247647099837,0.997474905481145,audit_only_not_for_training_or_tuning
14,policy_mean,154,1.0026484029360574,0.9974518783644758,audit_only_not_for_training_or_tuning
14,policy_mean,155,1.002762282384025,0.9974288512478064,audit_only_not_for_training_or_tuning
14,policy_mean,156,1.0029887909241038,0.9974058241311372,audit_only_not_for_training_or_tuning
14,policy_mean,157,1.0024499771334525,0.9973827970144679,audit_only_not_for_training_or_tuning
14,policy_mean,158,1.0024070848018898,0.9973597698977986,audit_only_not_for_training_or_tuning
14,policy_mean,159,1.0026792638860837,0.9973367427811293,audit_only_not_for_training_or_tuning
14,policy_mean,160,1.0024921317521465,0.99731371566446,audit_only_not_for_training_or_tuning
14,policy_mean,161,1.0009563646933137,0.9972906885477908,audit_only_not_for_training_or_tuning
14,policy_mean,162,1.0014472626259343,0.9972676614311214,audit_only_not_for_training_or_tuning
14,policy_mean,163,1.0015471981369595,0.9972446343144522,audit_only_not_for_training_or_tuning
14,policy_mean,164,0.9998851743326072,0.9972216071977829,audit_only_not_for_training_or_tuning
14,policy_mean,165,1.000624323093053,0.9971985800811136,audit_only_not_for_training_or_tuning
14,policy_mean,166,1.0010340519522356,0.9971755529644444,audit_only_not_for_training_or_tuning
14,policy_mean,167,1.0018866584108315,0.997152525847775,audit_only_not_for_training_or_tuning
14,policy_mean,168,1.002043039511348,0.9971294987311058,audit_only_not_for_training_or_tuning
14,policy_mean,169,1.0009917604895386,0.9971064716144364,audit_only_not_for_training_or_tuning
14,policy_mean,170,1.0009208163391359,0.9970834444977672,audit_only_not_for_training_or_tuning
14,policy_mean,171,1.0011299790160348,0.997060417381098,audit_only_not_for_training_or_tuning
14,policy_mean,172,1.0004223450798788,0.9970373902644286,audit_only_not_for_training_or_tuning
14,policy_mean,173,1.0008287564072922,0.9970143631477594,audit_only_not_for_training_or_tuning
14,policy_mean,174,1.0010721032137238,0.99699133603109,audit_only_not_for_training_or_tuning
14,policy_mean,175,1.0003640050226639,0.9969683089144208,audit_only_not_for_training_or_tuning
14,policy_mean,176,1.000472697496454,0.9969452817977514,audit_only_not_for_training_or_tuning
14,policy_mean,177,1.0002165481025205,0.9969222546810822,audit_only_not_for_training_or_tuning
14,policy_mean,178,0.9998883201738568,0.996899227564413,audit_only_not_for_training_or_tuning
14,policy_mean,179,0.9999166704035941,0.9968762004477436,audit_only_not_for_training_or_tuning
14,policy_mean,180,1.0004511728539305,0.9968531733310744,audit_only_not_for_training_or_tuning
14,policy_mean,181,1.0000910162387304,0.996830146214405,audit_only_not_for_training_or_tuning
14,policy_mean,182,0.9992264643897522,0.9968071190977358,audit_only_not_for_training_or_tuning
14,policy_mean,183,0.9983326701487018,0.9967840919810665,audit_only_not_for_training_or_tuning
14,policy_mean,184,0.9997934640099453,0.9967610648643972,audit_only_not_for_training_or_tuning
14,policy_mean,185,0.9994088119245167,0.996738037747728,audit_only_not_for_training_or_tuning
14,policy_mean,186,0.9996442886962043,0.9967150106310586,audit_only_not_for_training_or_tuning
14,policy_mean,187,0.9988149227875603,0.9966919835143894,audit_only_not_for_training_or_tuning
14,policy_mean,188,0.999993321083433,0.9966689563977201,audit_only_not_for_training_or_tuning
14,policy_mean,189,0.9997041744118574,0.9966459292810508,audit_only_not_for_training_or_tuning
14,policy_mean,190,0.9984402223763995,0.9966229021643815,audit_only_not_for_training_or_tuning
14,policy_mean,191,0.9986730492038004,0.9965998750477122,audit_only_not_for_training_or_tuning
14,policy_mean,192,0.998789624334699,0.996576847931043,audit_only_not_for_training_or_tuning
14,policy_mean,193,0.9987972698360758,0.9965538208143736,audit_only_not_for_training_or_tuning
14,policy_mean,194,0.9985323795180758,0.9965307936977044,audit_only_not_for_training_or_tuning
14,policy_mean,195,0.998749275912446,0.9965077665810351,audit_only_not_for_training_or_tuning
14,policy_mean,196,0.9989360612811611,0.9964847394643658,audit_only_not_for_training_or_tuning
14,policy_mean,197,0.9996089727244905,0.9964617123476965,audit_only_not_for_training_or_tuning
14,policy_mean,198,1.0000210823321805,0.9964386852310272,audit_only_not_for_training_or_tuning
14,policy_mean,199,0.9997060410183175,0.996415658114358,audit_only_not_for_training_or_tuning
14,policy_mean,200,0.9989928901692169,0.9963926309976887,audit_only_not_for_training_or_tuning
14,persist,151,1.003129846787652,0.997543986831153,audit_only_not_for_training_or_tuning
14,persist,152,1.0027189302325765,0.997543986831153,audit_only_not_for_training_or_tuning
14,persist,153,1.0027247647099837,0.997543986831153,audit_only_not_for_training_or_tuning
14,persist,154,1.0026484029360574,0.997543986831153,audit_only_not_for_training_or_tuning
14,persist,155,1.002762282384025,0.997543986831153,audit_only_not_for_training_or_tuning
14,persist,156,1.0029887909241038,0.997543986831153,audit_only_not_for_training_or_tuning
14,persist,157,1.0024499771334525,0.997543986831153,audit_only_not_for_training_or_tuning
14,persist,158,1.0024070848018898,0.997543986831153,audit_only_not_for_training_or_tuning
14,persist,159,1.0026792638860837,0.997543986831153,audit_only_not_for_training_or_tuning
14,persist,160,1.0024921317521465,0.997543986831153,audit_only_not_for_training_or_tuning
14,persist,161,1.0009563646933137,0.997543986831153,audit_only_not_for_training_or_tuning
14,persist,162,1.0014472626259343,0.997543986831153,audit_only_not_for_training_or_tuning
14,persist,163,1.0015471981369595,0.997543986831153,audit_only_not_for_training_or_tuning
14,persist,164,0.9998851743326072,0.997543986831153,audit_only_not_for_training_or_tuning
14,persist,165,1.000624323093053,0.997543986831153,audit_only_not_for_training_or_tuning
14,persist,166,1.0010340519522356,0.997543986831153,audit_only_not_for_training_or_tuning
14,persist,167,1.0018866584108315,0.997543986831153,audit_only_not_for_training_or_tuning
14,persist,168,1.002043039511348,0.997543986831153,audit_only_not_for_training_or_tuning
14,persist,169,1.0009917604895386,0.997543986831153,audit_only_not_for_training_or_tuning
14,persist,170,1.0009208163391359,0.997543986831153,audit_only_not_for_training_or_tuning
14,persist,171,1.0011299790160348,0.997543986831153,audit_only_not_for_training_or_tuning
14,persist,172,1.0004223450798788,0.997543986831153,audit_only_not_for_training_or_tuning
14,persist,173,1.0008287564072922,0.997543986831153,audit_only_not_for_training_or_tuning
14,persist,174,1.0010721032137238,0.997543986831153,audit_only_not_for_training_or_tuning
14,persist,175,1.0003640050226639,0.997543986831153,audit_only_not_for_training_or_tuning
14,persist,176,1.000472697496454,0.997543986831153,audit_only_not_for_training_or_tuning
14,persist,177,1.0002165481025205,0.997543986831153,audit_only_not_for_training_or_tuning
14,persist,178,0.9998883201738568,0.997543986831153,audit_only_not_for_training_or_tuning
14,persist,179,0.9999166704035941,0.997543986831153,audit_only_not_for_training_or_tuning
14,persist,180,1.0004511728539305,0.997543986831153,audit_only_not_for_training_or_tuning
14,persist,181,1.0000910162387304,0.997543986831153,audit_only_not_for_training_or_tuning
14,persist,182,0.9992264643897522,0.997543986831153,audit_only_not_for_training_or_tuning
14,persist,183,0.9983326701487018,0.997543986831153,audit_only_not_for_training_or_tuning
14,persist,184,0.9997934640099453,0.997543986831153,audit_only_not_for_training_or_tuning
14,persist,185,0.9994088119245167,0.997543986831153,audit_only_not_for_training_or_tuning
14,persist,186,0.9996442886962043,0.997543986831153,audit_only_not_for_training_or_tuning
14,persist,187,0.9988149227875603,0.997543986831153,audit_only_not_for_training_or_tuning
14,persist,188,0.999993321083433,0.997543986831153,audit_only_not_for_training_or_tuning
14,persist,189,0.9997041744118574,0.997543986831153,audit_only_not_for_training_or_tuning
14,persist,190,0.9984402223763995,0.997543986831153,audit_only_not_for_training_or_tuning
14,persist,191,0.9986730492038004,0.997543986831153,audit_only_not_for_training_or_tuning
14,persist,192,0.998789624334699,0.997543986831153,audit_only_not_for_training_or_tuning
14,persist,193,0.9987972698360758,0.997543986831153,audit_only_not_for_training_or_tuning
14,persist,194,0.9985323795180758,0.997543986831153,audit_only_not_for_training_or_tuning
14,persist,195,0.998749275912446,0.997543986831153,audit_only_not_for_training_or_tuning
14,persist,196,0.9989360612811611,0.997543986831153,audit_only_not_for_training_or_tuning
14,persist,197,0.9996089727244905,0.997543986831153,audit_only_not_for_training_or_tuning
14,persist,198,1.0000210823321805,0.997543986831153,audit_only_not_for_training_or_tuning
14,persist,199,0.9997060410183175,0.997543986831153,audit_only_not_for_training_or_tuning
14,persist,200,0.9989928901692169,0.997543986831153,audit_only_not_for_training_or_tuning
14,fusion_pbt_batterygpt,151,1.003129846787652,0.9975114190970854,audit_only_not_for_training_or_tuning
14,fusion_pbt_batterygpt,152,1.0027189302325765,0.9974788513630178,audit_only_not_for_training_or_tuning
14,fusion_pbt_batterygpt,153,1.0027247647099837,0.9974462836289502,audit_only_not_for_training_or_tuning
14,fusion_pbt_batterygpt,154,1.0026484029360574,0.9974137158948826,audit_only_not_for_training_or_tuning
14,fusion_pbt_batterygpt,155,1.002762282384025,0.997381148160815,audit_only_not_for_training_or_tuning
14,fusion_pbt_batterygpt,156,1.0029887909241038,0.9973485804267475,audit_only_not_for_training_or_tuning
14,fusion_pbt_batterygpt,157,1.0024499771334525,0.9973160126926798,audit_only_not_for_training_or_tuning
14,fusion_pbt_batterygpt,158,1.0024070848018898,0.9972834449586122,audit_only_not_for_training_or_tuning
14,fusion_pbt_batterygpt,159,1.0026792638860837,0.9972508772245446,audit_only_not_for_training_or_tuning
14,fusion_pbt_batterygpt,160,1.0024921317521465,0.9972183094904771,audit_only_not_for_training_or_tuning
14,fusion_pbt_batterygpt,161,1.0009563646933137,0.9971857417564095,audit_only_not_for_training_or_tuning
14,fusion_pbt_batterygpt,162,1.0014472626259343,0.9971531740223418,audit_only_not_for_training_or_tuning
14,fusion_pbt_batterygpt,163,1.0015471981369595,0.9971206062882743,audit_only_not_for_training_or_tuning
14,fusion_pbt_batterygpt,164,0.9998851743326072,0.9970880385542067,audit_only_not_for_training_or_tuning
14,fusion_pbt_batterygpt,165,1.000624323093053,0.9970554708201391,audit_only_not_for_training_or_tuning
14,fusion_pbt_batterygpt,166,1.0010340519522356,0.9970229030860714,audit_only_not_for_training_or_tuning
14,fusion_pbt_batterygpt,167,1.0018866584108315,0.9969903353520039,audit_only_not_for_training_or_tuning
14,fusion_pbt_batterygpt,168,1.002043039511348,0.9969577676179363,audit_only_not_for_training_or_tuning
14,fusion_pbt_batterygpt,169,1.0009917604895386,0.9969251998838687,audit_only_not_for_training_or_tuning
14,fusion_pbt_batterygpt,170,1.0009208163391359,0.9968926321498012,audit_only_not_for_training_or_tuning
14,fusion_pbt_batterygpt,171,1.0011299790160348,0.9968600644157335,audit_only_not_for_training_or_tuning
14,fusion_pbt_batterygpt,172,1.0004223450798788,0.9968274966816659,audit_only_not_for_training_or_tuning
14,fusion_pbt_batterygpt,173,1.0008287564072922,0.9967949289475984,audit_only_not_for_training_or_tuning
14,fusion_pbt_batterygpt,174,1.0010721032137238,0.9967623612135308,audit_only_not_for_training_or_tuning
14,fusion_pbt_batterygpt,175,1.0003640050226639,0.9967297934794632,audit_only_not_for_training_or_tuning
14,fusion_pbt_batterygpt,176,1.000472697496454,0.9966972257453955,audit_only_not_for_training_or_tuning
14,fusion_pbt_batterygpt,177,1.0002165481025205,0.996664658011328,audit_only_not_for_training_or_tuning
14,fusion_pbt_batterygpt,178,0.9998883201738568,0.9966320902772604,audit_only_not_for_training_or_tuning
14,fusion_pbt_batterygpt,179,0.9999166704035941,0.9965995225431928,audit_only_not_for_training_or_tuning
14,fusion_pbt_batterygpt,180,1.0004511728539305,0.9965669548091252,audit_only_not_for_training_or_tuning
14,fusion_pbt_batterygpt,181,1.0000910162387304,0.9965343870750576,audit_only_not_for_training_or_tuning
14,fusion_pbt_batterygpt,182,0.9992264643897522,0.99650181934099,audit_only_not_for_training_or_tuning
14,fusion_pbt_batterygpt,183,0.9983326701487018,0.9964692516069225,audit_only_not_for_training_or_tuning
14,fusion_pbt_batterygpt,184,0.9997934640099453,0.9964366838728549,audit_only_not_for_training_or_tuning
14,fusion_pbt_batterygpt,185,0.9994088119245167,0.9964041161387872,audit_only_not_for_training_or_tuning
14,fusion_pbt_batterygpt,186,0.9996442886962043,0.9963715484047196,audit_only_not_for_training_or_tuning
14,fusion_pbt_batterygpt,187,0.9988149227875603,0.9963389806706521,audit_only_not_for_training_or_tuning
14,fusion_pbt_batterygpt,188,0.999993321083433,0.9963064129365845,audit_only_not_for_training_or_tuning
14,fusion_pbt_batterygpt,189,0.9997041744118574,0.9962738452025168,audit_only_not_for_training_or_tuning
14,fusion_pbt_batterygpt,190,0.9984402223763995,0.9962412774684493,audit_only_not_for_training_or_tuning
14,fusion_pbt_batterygpt,191,0.9986730492038004,0.9962087097343817,audit_only_not_for_training_or_tuning
14,fusion_pbt_batterygpt,192,0.998789624334699,0.9961761420003141,audit_only_not_for_training_or_tuning
14,fusion_pbt_batterygpt,193,0.9987972698360758,0.9961435742662466,audit_only_not_for_training_or_tuning
14,fusion_pbt_batterygpt,194,0.9985323795180758,0.9961110065321789,audit_only_not_for_training_or_tuning
14,fusion_pbt_batterygpt,195,0.998749275912446,0.9960784387981113,audit_only_not_for_training_or_tuning
14,fusion_pbt_batterygpt,196,0.9989360612811611,0.9960458710640437,audit_only_not_for_training_or_tuning
14,fusion_pbt_batterygpt,197,0.9996089727244905,0.9960133033299762,audit_only_not_for_training_or_tuning
14,fusion_pbt_batterygpt,198,1.0000210823321805,0.9959807355959085,audit_only_not_for_training_or_tuning
14,fusion_pbt_batterygpt,199,0.9997060410183175,0.9959481678618409,audit_only_not_for_training_or_tuning
14,fusion_pbt_batterygpt,200,0.9989928901692169,0.9959156001277734,audit_only_not_for_training_or_tuning
15,linear_recent,151,1.0020546116989224,0.99616305241599,audit_only_not_for_training_or_tuning
15,linear_recent,152,1.0006188977267871,0.996125571615427,audit_only_not_for_training_or_tuning
15,linear_recent,153,1.0013736308412051,0.996088090814864,audit_only_not_for_training_or_tuning
15,linear_recent,154,1.000477471631023,0.996050610014301,audit_only_not_for_training_or_tuning
15,linear_recent,155,1.0000653708280651,0.996013129213738,audit_only_not_for_training_or_tuning
15,linear_recent,156,0.9996742829670361,0.995975648413175,audit_only_not_for_training_or_tuning
15,linear_recent,157,1.000174836476418,0.995938167612612,audit_only_not_for_training_or_tuning
15,linear_recent,158,1.000742985159296,0.995900686812049,audit_only_not_for_training_or_tuning
15,linear_recent,159,1.000375299586869,0.9958632060114859,audit_only_not_for_training_or_tuning
15,linear_recent,160,1.0013706707409538,0.9958257252109229,audit_only_not_for_training_or_tuning
15,linear_recent,161,1.001097266246899,0.99578824441036,audit_only_not_for_training_or_tuning
15,linear_recent,162,0.9995455546965599,0.995750763609797,audit_only_not_for_training_or_tuning
15,linear_recent,163,1.0001076823766455,0.9957132828092339,audit_only_not_for_training_or_tuning
15,linear_recent,164,0.9999721763478887,0.9956758020086709,audit_only_not_for_training_or_tuning
15,linear_recent,165,0.9996838029015344,0.9956383212081079,audit_only_not_for_training_or_tuning
15,linear_recent,166,0.9995074682415577,0.9956008404075449,audit_only_not_for_training_or_tuning
15,linear_recent,167,0.9999663163452589,0.9955633596069818,audit_only_not_for_training_or_tuning
15,linear_recent,168,0.9999561426427549,0.9955258788064189,audit_only_not_for_training_or_tuning
15,linear_recent,169,0.9996150403625835,0.9954883980058559,audit_only_not_for_training_or_tuning
15,linear_recent,170,0.9992665505502779,0.9954509172052929,audit_only_not_for_training_or_tuning
15,linear_recent,171,0.9998493285944342,0.9954134364047299,audit_only_not_for_training_or_tuning
15,linear_recent,172,0.9990009312671617,0.9953759556041668,audit_only_not_for_training_or_tuning
15,linear_recent,173,0.9977739832906126,0.9953384748036038,audit_only_not_for_training_or_tuning
15,linear_recent,174,0.9974563084817956,0.9953009940030408,audit_only_not_for_training_or_tuning
15,linear_recent,175,0.9984278739229199,0.9952635132024779,audit_only_not_for_training_or_tuning
15,linear_recent,176,0.998618139707988,0.9952260324019148,audit_only_not_for_training_or_tuning
15,linear_recent,177,0.9976265387402714,0.9951885516013518,audit_only_not_for_training_or_tuning
15,linear_recent,178,0.99780906268089,0.9951510708007888,audit_only_not_for_training_or_tuning
15,linear_recent,179,0.9983005953572118,0.9951135900002258,audit_only_not_for_training_or_tuning
15,linear_recent,180,0.9971367110423713,0.9950761091996627,audit_only_not_for_training_or_tuning
15,linear_recent,181,0.9985676147197333,0.9950386283990997,audit_only_not_for_training_or_tuning
15,linear_recent,182,0.9988839864426118,0.9950011475985368,audit_only_not_for_training_or_tuning
15,linear_recent,183,0.9987998250983458,0.9949636667979738,audit_only_not_for_training_or_tuning
15,linear_recent,184,0.9968469888914089,0.9949261859974108,audit_only_not_for_training_or_tuning
15,linear_recent,185,0.9970884871459653,0.9948887051968477,audit_only_not_for_training_or_tuning
15,linear_recent,186,0.9973180567955446,0.9948512243962847,audit_only_not_for_training_or_tuning
15,linear_recent,187,0.9975589696737438,0.9948137435957217,audit_only_not_for_training_or_tuning
15,linear_recent,188,0.997301609054046,0.9947762627951587,audit_only_not_for_training_or_tuning
15,linear_recent,189,0.9982560684676367,0.9947387819945956,audit_only_not_for_training_or_tuning
15,linear_recent,190,0.9971963154294461,0.9947013011940327,audit_only_not_for_training_or_tuning
15,linear_recent,191,0.9973263513452751,0.9946638203934697,audit_only_not_for_training_or_tuning
15,linear_recent,192,0.99829968777326,0.9946263395929067,audit_only_not_for_training_or_tuning
15,linear_recent,193,0.9972135051864274,0.9945888587923436,audit_only_not_for_training_or_tuning
15,linear_recent,194,0.9975691486115971,0.9945513779917806,audit_only_not_for_training_or_tuning
15,linear_recent,195,0.996854576130437,0.9945138971912176,audit_only_not_for_training_or_tuning
15,linear_recent,196,0.9968882840320182,0.9944764163906546,audit_only_not_for_training_or_tuning
15,linear_recent,197,0.996080609579007,0.9944389355900916,audit_only_not_for_training_or_tuning
15,linear_recent,198,0.995991036730526,0.9944014547895286,audit_only_not_for_training_or_tuning
15,linear_recent,199,0.9963949877635846,0.9943639739889656,audit_only_not_for_training_or_tuning
15,linear_recent,200,0.9950306462627195,0.9943264931884026,audit_only_not_for_training_or_tuning
15,policy_mean,151,1.0020546116989224,0.9961820664440098,audit_only_not_for_training_or_tuning
15,policy_mean,152,1.0006188977267871,0.9961635996714665,audit_only_not_for_training_or_tuning
15,policy_mean,153,1.0013736308412051,0.9961451328989233,audit_only_not_for_training_or_tuning
15,policy_mean,154,1.000477471631023,0.9961266661263799,audit_only_not_for_training_or_tuning
15,policy_mean,155,1.0000653708280651,0.9961081993538367,audit_only_not_for_training_or_tuning
15,policy_mean,156,0.9996742829670361,0.9960897325812934,audit_only_not_for_training_or_tuning
15,policy_mean,157,1.000174836476418,0.9960712658087502,audit_only_not_for_training_or_tuning
15,policy_mean,158,1.000742985159296,0.9960527990362069,audit_only_not_for_training_or_tuning
15,policy_mean,159,1.000375299586869,0.9960343322636637,audit_only_not_for_training_or_tuning
15,policy_mean,160,1.0013706707409538,0.9960158654911204,audit_only_not_for_training_or_tuning
15,policy_mean,161,1.001097266246899,0.9959973987185772,audit_only_not_for_training_or_tuning
15,policy_mean,162,0.9995455546965599,0.9959789319460339,audit_only_not_for_training_or_tuning
15,policy_mean,163,1.0001076823766455,0.9959604651734907,audit_only_not_for_training_or_tuning
15,policy_mean,164,0.9999721763478887,0.9959419984009473,audit_only_not_for_training_or_tuning
15,policy_mean,165,0.9996838029015344,0.9959235316284041,audit_only_not_for_training_or_tuning
15,policy_mean,166,0.9995074682415577,0.9959050648558608,audit_only_not_for_training_or_tuning
15,policy_mean,167,0.9999663163452589,0.9958865980833176,audit_only_not_for_training_or_tuning
15,policy_mean,168,0.9999561426427549,0.9958681313107743,audit_only_not_for_training_or_tuning
15,policy_mean,169,0.9996150403625835,0.9958496645382311,audit_only_not_for_training_or_tuning
15,policy_mean,170,0.9992665505502779,0.9958311977656878,audit_only_not_for_training_or_tuning
15,policy_mean,171,0.9998493285944342,0.9958127309931446,audit_only_not_for_training_or_tuning
15,policy_mean,172,0.9990009312671617,0.9957942642206014,audit_only_not_for_training_or_tuning
15,policy_mean,173,0.9977739832906126,0.9957757974480581,audit_only_not_for_training_or_tuning
15,policy_mean,174,0.9974563084817956,0.9957573306755148,audit_only_not_for_training_or_tuning
15,policy_mean,175,0.9984278739229199,0.9957388639029715,audit_only_not_for_training_or_tuning
15,policy_mean,176,0.998618139707988,0.9957203971304283,audit_only_not_for_training_or_tuning
15,policy_mean,177,0.9976265387402714,0.995701930357885,audit_only_not_for_training_or_tuning
15,policy_mean,178,0.99780906268089,0.9956834635853418,audit_only_not_for_training_or_tuning
15,policy_mean,179,0.9983005953572118,0.9956649968127985,audit_only_not_for_training_or_tuning
15,policy_mean,180,0.9971367110423713,0.9956465300402553,audit_only_not_for_training_or_tuning
15,policy_mean,181,0.9985676147197333,0.995628063267712,audit_only_not_for_training_or_tuning
15,policy_mean,182,0.9988839864426118,0.9956095964951688,audit_only_not_for_training_or_tuning
15,policy_mean,183,0.9987998250983458,0.9955911297226255,audit_only_not_for_training_or_tuning
15,policy_mean,184,0.9968469888914089,0.9955726629500822,audit_only_not_for_training_or_tuning
15,policy_mean,185,0.9970884871459653,0.9955541961775389,audit_only_not_for_training_or_tuning
15,policy_mean,186,0.9973180567955446,0.9955357294049957,audit_only_not_for_training_or_tuning
15,policy_mean,187,0.9975589696737438,0.9955172626324524,audit_only_not_for_training_or_tuning
15,policy_mean,188,0.997301609054046,0.9954987958599092,audit_only_not_for_training_or_tuning
15,policy_mean,189,0.9982560684676367,0.995480329087366,audit_only_not_for_training_or_tuning
15,policy_mean,190,0.9971963154294461,0.9954618623148227,audit_only_not_for_training_or_tuning
15,policy_mean,191,0.9973263513452751,0.9954433955422795,audit_only_not_for_training_or_tuning
15,policy_mean,192,0.99829968777326,0.9954249287697362,audit_only_not_for_training_or_tuning
15,policy_mean,193,0.9972135051864274,0.995406461997193,audit_only_not_for_training_or_tuning
15,policy_mean,194,0.9975691486115971,0.9953879952246496,audit_only_not_for_training_or_tuning
15,policy_mean,195,0.996854576130437,0.9953695284521064,audit_only_not_for_training_or_tuning
15,policy_mean,196,0.9968882840320182,0.9953510616795631,audit_only_not_for_training_or_tuning
15,policy_mean,197,0.996080609579007,0.9953325949070199,audit_only_not_for_training_or_tuning
15,policy_mean,198,0.995991036730526,0.9953141281344766,audit_only_not_for_training_or_tuning
15,policy_mean,199,0.9963949877635846,0.9952956613619334,audit_only_not_for_training_or_tuning
15,policy_mean,200,0.9950306462627195,0.9952771945893901,audit_only_not_for_training_or_tuning
15,persist,151,1.0020546116989224,0.996200533216553,audit_only_not_for_training_or_tuning
15,persist,152,1.0006188977267871,0.996200533216553,audit_only_not_for_training_or_tuning
15,persist,153,1.0013736308412051,0.996200533216553,audit_only_not_for_training_or_tuning
15,persist,154,1.000477471631023,0.996200533216553,audit_only_not_for_training_or_tuning
15,persist,155,1.0000653708280651,0.996200533216553,audit_only_not_for_training_or_tuning
15,persist,156,0.9996742829670361,0.996200533216553,audit_only_not_for_training_or_tuning
15,persist,157,1.000174836476418,0.996200533216553,audit_only_not_for_training_or_tuning
15,persist,158,1.000742985159296,0.996200533216553,audit_only_not_for_training_or_tuning
15,persist,159,1.000375299586869,0.996200533216553,audit_only_not_for_training_or_tuning
15,persist,160,1.0013706707409538,0.996200533216553,audit_only_not_for_training_or_tuning
15,persist,161,1.001097266246899,0.996200533216553,audit_only_not_for_training_or_tuning
15,persist,162,0.9995455546965599,0.996200533216553,audit_only_not_for_training_or_tuning
15,persist,163,1.0001076823766455,0.996200533216553,audit_only_not_for_training_or_tuning
15,persist,164,0.9999721763478887,0.996200533216553,audit_only_not_for_training_or_tuning
15,persist,165,0.9996838029015344,0.996200533216553,audit_only_not_for_training_or_tuning
15,persist,166,0.9995074682415577,0.996200533216553,audit_only_not_for_training_or_tuning
15,persist,167,0.9999663163452589,0.996200533216553,audit_only_not_for_training_or_tuning
15,persist,168,0.9999561426427549,0.996200533216553,audit_only_not_for_training_or_tuning
15,persist,169,0.9996150403625835,0.996200533216553,audit_only_not_for_training_or_tuning
15,persist,170,0.9992665505502779,0.996200533216553,audit_only_not_for_training_or_tuning
15,persist,171,0.9998493285944342,0.996200533216553,audit_only_not_for_training_or_tuning
15,persist,172,0.9990009312671617,0.996200533216553,audit_only_not_for_training_or_tuning
15,persist,173,0.9977739832906126,0.996200533216553,audit_only_not_for_training_or_tuning
15,persist,174,0.9974563084817956,0.996200533216553,audit_only_not_for_training_or_tuning
15,persist,175,0.9984278739229199,0.996200533216553,audit_only_not_for_training_or_tuning
15,persist,176,0.998618139707988,0.996200533216553,audit_only_not_for_training_or_tuning
15,persist,177,0.9976265387402714,0.996200533216553,audit_only_not_for_training_or_tuning
15,persist,178,0.99780906268089,0.996200533216553,audit_only_not_for_training_or_tuning
15,persist,179,0.9983005953572118,0.996200533216553,audit_only_not_for_training_or_tuning
15,persist,180,0.9971367110423713,0.996200533216553,audit_only_not_for_training_or_tuning
15,persist,181,0.9985676147197333,0.996200533216553,audit_only_not_for_training_or_tuning
15,persist,182,0.9988839864426118,0.996200533216553,audit_only_not_for_training_or_tuning
15,persist,183,0.9987998250983458,0.996200533216553,audit_only_not_for_training_or_tuning
15,persist,184,0.9968469888914089,0.996200533216553,audit_only_not_for_training_or_tuning
15,persist,185,0.9970884871459653,0.996200533216553,audit_only_not_for_training_or_tuning
15,persist,186,0.9973180567955446,0.996200533216553,audit_only_not_for_training_or_tuning
15,persist,187,0.9975589696737438,0.996200533216553,audit_only_not_for_training_or_tuning
15,persist,188,0.997301609054046,0.996200533216553,audit_only_not_for_training_or_tuning
15,persist,189,0.9982560684676367,0.996200533216553,audit_only_not_for_training_or_tuning
15,persist,190,0.9971963154294461,0.996200533216553,audit_only_not_for_training_or_tuning
15,persist,191,0.9973263513452751,0.996200533216553,audit_only_not_for_training_or_tuning
15,persist,192,0.99829968777326,0.996200533216553,audit_only_not_for_training_or_tuning
15,persist,193,0.9972135051864274,0.996200533216553,audit_only_not_for_training_or_tuning
15,persist,194,0.9975691486115971,0.996200533216553,audit_only_not_for_training_or_tuning
15,persist,195,0.996854576130437,0.996200533216553,audit_only_not_for_training_or_tuning
15,persist,196,0.9968882840320182,0.996200533216553,audit_only_not_for_training_or_tuning
15,persist,197,0.996080609579007,0.996200533216553,audit_only_not_for_training_or_tuning
15,persist,198,0.995991036730526,0.996200533216553,audit_only_not_for_training_or_tuning
15,persist,199,0.9963949877635846,0.996200533216553,audit_only_not_for_training_or_tuning
15,persist,200,0.9950306462627195,0.996200533216553,audit_only_not_for_training_or_tuning
15,fusion_pbt_batterygpt,151,1.0020546116989224,0.9961557203326141,audit_only_not_for_training_or_tuning
15,fusion_pbt_batterygpt,152,1.0006188977267871,0.9961109074486751,audit_only_not_for_training_or_tuning
15,fusion_pbt_batterygpt,153,1.0013736308412051,0.9960660945647362,audit_only_not_for_training_or_tuning
15,fusion_pbt_batterygpt,154,1.000477471631023,0.9960212816807973,audit_only_not_for_training_or_tuning
15,fusion_pbt_batterygpt,155,1.0000653708280651,0.9959764687968584,audit_only_not_for_training_or_tuning
15,fusion_pbt_batterygpt,156,0.9996742829670361,0.9959316559129194,audit_only_not_for_training_or_tuning
15,fusion_pbt_batterygpt,157,1.000174836476418,0.9958868430289805,audit_only_not_for_training_or_tuning
15,fusion_pbt_batterygpt,158,1.000742985159296,0.9958420301450416,audit_only_not_for_training_or_tuning
15,fusion_pbt_batterygpt,159,1.000375299586869,0.9957972172611027,audit_only_not_for_training_or_tuning
15,fusion_pbt_batterygpt,160,1.0013706707409538,0.9957524043771637,audit_only_not_for_training_or_tuning
15,fusion_pbt_batterygpt,161,1.001097266246899,0.9957075914932247,audit_only_not_for_training_or_tuning
15,fusion_pbt_batterygpt,162,0.9995455546965599,0.9956627786092859,audit_only_not_for_training_or_tuning
15,fusion_pbt_batterygpt,163,1.0001076823766455,0.995617965725347,audit_only_not_for_training_or_tuning
15,fusion_pbt_batterygpt,164,0.9999721763478887,0.995573152841408,audit_only_not_for_training_or_tuning
15,fusion_pbt_batterygpt,165,0.9996838029015344,0.995528339957469,audit_only_not_for_training_or_tuning
15,fusion_pbt_batterygpt,166,0.9995074682415577,0.9954835270735302,audit_only_not_for_training_or_tuning
15,fusion_pbt_batterygpt,167,0.9999663163452589,0.9954387141895913,audit_only_not_for_training_or_tuning
15,fusion_pbt_batterygpt,168,0.9999561426427549,0.9953939013056523,audit_only_not_for_training_or_tuning
15,fusion_pbt_batterygpt,169,0.9996150403625835,0.9953490884217133,audit_only_not_for_training_or_tuning
15,fusion_pbt_batterygpt,170,0.9992665505502779,0.9953042755377745,audit_only_not_for_training_or_tuning
15,fusion_pbt_batterygpt,171,0.9998493285944342,0.9952594626538356,audit_only_not_for_training_or_tuning
15,fusion_pbt_batterygpt,172,0.9990009312671617,0.9952146497698966,audit_only_not_for_training_or_tuning
15,fusion_pbt_batterygpt,173,0.9977739832906126,0.9951698368859576,audit_only_not_for_training_or_tuning
15,fusion_pbt_batterygpt,174,0.9974563084817956,0.9951250240020187,audit_only_not_for_training_or_tuning
15,fusion_pbt_batterygpt,175,0.9984278739229199,0.9950802111180799,audit_only_not_for_training_or_tuning
15,fusion_pbt_batterygpt,176,0.998618139707988,0.9950353982341409,audit_only_not_for_training_or_tuning
15,fusion_pbt_batterygpt,177,0.9976265387402714,0.9949905853502019,audit_only_not_for_training_or_tuning
15,fusion_pbt_batterygpt,178,0.99780906268089,0.994945772466263,audit_only_not_for_training_or_tuning
15,fusion_pbt_batterygpt,179,0.9983005953572118,0.9949009595823242,audit_only_not_for_training_or_tuning
15,fusion_pbt_batterygpt,180,0.9971367110423713,0.9948561466983852,audit_only_not_for_training_or_tuning
15,fusion_pbt_batterygpt,181,0.9985676147197333,0.9948113338144462,audit_only_not_for_training_or_tuning
15,fusion_pbt_batterygpt,182,0.9988839864426118,0.9947665209305073,audit_only_not_for_training_or_tuning
15,fusion_pbt_batterygpt,183,0.9987998250983458,0.9947217080465685,audit_only_not_for_training_or_tuning
15,fusion_pbt_batterygpt,184,0.9968469888914089,0.9946768951626295,audit_only_not_for_training_or_tuning
15,fusion_pbt_batterygpt,185,0.9970884871459653,0.9946320822786905,audit_only_not_for_training_or_tuning
15,fusion_pbt_batterygpt,186,0.9973180567955446,0.9945872693947516,audit_only_not_for_training_or_tuning
15,fusion_pbt_batterygpt,187,0.9975589696737438,0.9945424565108127,audit_only_not_for_training_or_tuning
15,fusion_pbt_batterygpt,188,0.997301609054046,0.9944976436268738,audit_only_not_for_training_or_tuning
15,fusion_pbt_batterygpt,189,0.9982560684676367,0.9944528307429348,audit_only_not_for_training_or_tuning
15,fusion_pbt_batterygpt,190,0.9971963154294461,0.9944080178589959,audit_only_not_for_training_or_tuning
15,fusion_pbt_batterygpt,191,0.9973263513452751,0.994363204975057,audit_only_not_for_training_or_tuning
15,fusion_pbt_batterygpt,192,0.99829968777326,0.994318392091118,audit_only_not_for_training_or_tuning
15,fusion_pbt_batterygpt,193,0.9972135051864274,0.9942735792071791,audit_only_not_for_training_or_tuning
15,fusion_pbt_batterygpt,194,0.9975691486115971,0.9942287663232402,audit_only_not_for_training_or_tuning
15,fusion_pbt_batterygpt,195,0.996854576130437,0.9941839534393013,audit_only_not_for_training_or_tuning
15,fusion_pbt_batterygpt,196,0.9968882840320182,0.9941391405553623,audit_only_not_for_training_or_tuning
15,fusion_pbt_batterygpt,197,0.996080609579007,0.9940943276714234,audit_only_not_for_training_or_tuning
15,fusion_pbt_batterygpt,198,0.995991036730526,0.9940495147874845,audit_only_not_for_training_or_tuning
15,fusion_pbt_batterygpt,199,0.9963949877635846,0.9940047019035456,audit_only_not_for_training_or_tuning
15,fusion_pbt_batterygpt,200,0.9950306462627195,0.9939598890196066,audit_only_not_for_training_or_tuning
16,linear_recent,151,0.9798257126734632,0.9719883831709847,audit_only_not_for_training_or_tuning
16,linear_recent,152,0.9791201718483622,0.9717926302969465,audit_only_not_for_training_or_tuning
16,linear_recent,153,0.9784847984955551,0.9715968774229083,audit_only_not_for_training_or_tuning
16,linear_recent,154,0.9785617775092114,0.9714011245488702,audit_only_not_for_training_or_tuning
16,linear_recent,155,0.9778273687029861,0.9712053716748319,audit_only_not_for_training_or_tuning
16,linear_recent,156,0.9779834123228471,0.9710096188007937,audit_only_not_for_training_or_tuning
16,linear_recent,157,0.9778033321475,0.9708138659267556,audit_only_not_for_training_or_tuning
16,linear_recent,158,0.9779968177663841,0.9706181130527173,audit_only_not_for_training_or_tuning
16,linear_recent,159,0.9778885258220031,0.9704223601786791,audit_only_not_for_training_or_tuning
16,linear_recent,160,0.9775473859622772,0.9702266073046409,audit_only_not_for_training_or_tuning
16,linear_recent,161,0.9772751343246254,0.9700308544306028,audit_only_not_for_training_or_tuning
16,linear_recent,162,0.9775994059402194,0.9698351015565645,audit_only_not_for_training_or_tuning
16,linear_recent,163,0.976835614499604,0.9696393486825263,audit_only_not_for_training_or_tuning
16,linear_recent,164,0.975572117677127,0.9694435958084882,audit_only_not_for_training_or_tuning
16,linear_recent,165,0.9748286072089386,0.9692478429344499,audit_only_not_for_training_or_tuning
16,linear_recent,166,0.9754755581907388,0.9690520900604117,audit_only_not_for_training_or_tuning
16,linear_recent,167,0.9754381267747881,0.9688563371863735,audit_only_not_for_training_or_tuning
16,linear_recent,168,0.9750879378064651,0.9686605843123354,audit_only_not_for_training_or_tuning
16,linear_recent,169,0.9767025643365842,0.9684648314382971,audit_only_not_for_training_or_tuning
16,linear_recent,170,0.9765569253282296,0.9682690785642589,audit_only_not_for_training_or_tuning
16,linear_recent,171,0.9756608074963152,0.9680733256902208,audit_only_not_for_training_or_tuning
16,linear_recent,172,0.9735168110170552,0.9678775728161825,audit_only_not_for_training_or_tuning
16,linear_recent,173,0.9739719405702649,0.9676818199421443,audit_only_not_for_training_or_tuning
16,linear_recent,174,0.9753578780389318,0.9674860670681061,audit_only_not_for_training_or_tuning
16,linear_recent,175,0.9738224933290238,0.967290314194068,audit_only_not_for_training_or_tuning
16,linear_recent,176,0.9740965314027568,0.9670945613200297,audit_only_not_for_training_or_tuning
16,linear_recent,177,0.9742300914487448,0.9668988084459915,audit_only_not_for_training_or_tuning
16,linear_recent,178,0.9724435767674037,0.9667030555719534,audit_only_not_for_training_or_tuning
16,linear_recent,179,0.9733680776052983,0.9665073026979152,audit_only_not_for_training_or_tuning
16,linear_recent,180,0.9734532787766862,0.9663115498238769,audit_only_not_for_training_or_tuning
16,linear_recent,181,0.9726865582810954,0.9661157969498387,audit_only_not_for_training_or_tuning
16,linear_recent,182,0.9711788898015034,0.9659200440758006,audit_only_not_for_training_or_tuning
16,linear_recent,183,0.9705422781939709,0.9657242912017623,audit_only_not_for_training_or_tuning
16,linear_recent,184,0.9701225982785668,0.9655285383277241,audit_only_not_for_training_or_tuning
16,linear_recent,185,0.9705442946200631,0.965332785453686,audit_only_not_for_training_or_tuning
16,linear_recent,186,0.9708522697880694,0.9651370325796478,audit_only_not_for_training_or_tuning
16,linear_recent,187,0.969815152425033,0.9649412797056095,audit_only_not_for_training_or_tuning
16,linear_recent,188,0.9688924643957544,0.9647455268315713,audit_only_not_for_training_or_tuning
16,linear_recent,189,0.9699689920829991,0.9645497739575332,audit_only_not_for_training_or_tuning
16,linear_recent,190,0.9698643861474121,0.9643540210834949,audit_only_not_for_training_or_tuning
16,linear_recent,191,0.9712404238340605,0.9641582682094567,audit_only_not_for_training_or_tuning
16,linear_recent,192,0.9696932586683137,0.9639625153354185,audit_only_not_for_training_or_tuning
16,linear_recent,193,0.9700824910463641,0.9637667624613804,audit_only_not_for_training_or_tuning
16,linear_recent,194,0.9677453030131986,0.9635710095873421,audit_only_not_for_training_or_tuning
16,linear_recent,195,0.9676643068192715,0.9633752567133039,audit_only_not_for_training_or_tuning
16,linear_recent,196,0.9689532038217006,0.9631795038392658,audit_only_not_for_training_or_tuning
16,linear_recent,197,0.9678717068046641,0.9629837509652275,audit_only_not_for_training_or_tuning
16,linear_recent,198,0.9686130102990462,0.9627879980911893,audit_only_not_for_training_or_tuning
16,linear_recent,199,0.9687285747040943,0.9625922452171511,audit_only_not_for_training_or_tuning
16,linear_recent,200,0.9695192660569442,0.962396492343113,audit_only_not_for_training_or_tuning
16,policy_mean,151,0.9798257126734632,0.9720077339405893,audit_only_not_for_training_or_tuning
16,policy_mean,152,0.9791201718483622,0.9718313318361556,audit_only_not_for_training_or_tuning
16,policy_mean,153,0.9784847984955551,0.9716549297317219,audit_only_not_for_training_or_tuning
16,policy_mean,154,0.9785617775092114,0.9714785276272881,audit_only_not_for_training_or_tuning
16,policy_mean,155,0.9778273687029861,0.9713021255228544,audit_only_not_for_training_or_tuning
16,policy_mean,156,0.9779834123228471,0.9711257234184207,audit_only_not_for_training_or_tuning
16,policy_mean,157,0.9778033321475,0.970949321313987,audit_only_not_for_training_or_tuning
16,policy_mean,158,0.9779968177663841,0.9707729192095533,audit_only_not_for_training_or_tuning
16,policy_mean,159,0.9778885258220031,0.9705965171051196,audit_only_not_for_training_or_tuning
16,policy_mean,160,0.9775473859622772,0.970420115000686,audit_only_not_for_training_or_tuning
16,policy_mean,161,0.9772751343246254,0.9702437128962523,audit_only_not_for_training_or_tuning
16,policy_mean,162,0.9775994059402194,0.9700673107918186,audit_only_not_for_training_or_tuning
16,policy_mean,163,0.976835614499604,0.9698909086873849,audit_only_not_for_training_or_tuning
16,policy_mean,164,0.975572117677127,0.9697145065829512,audit_only_not_for_training_or_tuning
16,policy_mean,165,0.9748286072089386,0.9695381044785175,audit_only_not_for_training_or_tuning
16,policy_mean,166,0.9754755581907388,0.9693617023740838,audit_only_not_for_training_or_tuning
16,policy_mean,167,0.9754381267747881,0.9691853002696501,audit_only_not_for_training_or_tuning
16,policy_mean,168,0.9750879378064651,0.9690088981652164,audit_only_not_for_training_or_tuning
16,policy_mean,169,0.9767025643365842,0.9688324960607827,audit_only_not_for_training_or_tuning
16,policy_mean,170,0.9765569253282296,0.968656093956349,audit_only_not_for_training_or_tuning
16,policy_mean,171,0.9756608074963152,0.9684796918519153,audit_only_not_for_training_or_tuning
16,policy_mean,172,0.9735168110170552,0.9683032897474816,audit_only_not_for_training_or_tuning
16,policy_mean,173,0.9739719405702649,0.9681268876430479,audit_only_not_for_training_or_tuning
16,policy_mean,174,0.9753578780389318,0.9679504855386142,audit_only_not_for_training_or_tuning
16,policy_mean,175,0.9738224933290238,0.9677740834341805,audit_only_not_for_training_or_tuning
16,policy_mean,176,0.9740965314027568,0.9675976813297468,audit_only_not_for_training_or_tuning
16,policy_mean,177,0.9742300914487448,0.9674212792253131,audit_only_not_for_training_or_tuning
16,policy_mean,178,0.9724435767674037,0.9672448771208794,audit_only_not_for_training_or_tuning
16,policy_mean,179,0.9733680776052983,0.9670684750164457,audit_only_not_for_training_or_tuning
16,policy_mean,180,0.9734532787766862,0.966892072912012,audit_only_not_for_training_or_tuning
16,policy_mean,181,0.9726865582810954,0.9667156708075783,audit_only_not_for_training_or_tuning
16,policy_mean,182,0.9711788898015034,0.9665392687031445,audit_only_not_for_training_or_tuning
16,policy_mean,183,0.9705422781939709,0.9663628665987108,audit_only_not_for_training_or_tuning
16,policy_mean,184,0.9701225982785668,0.9661864644942771,audit_only_not_for_training_or_tuning
16,policy_mean,185,0.9705442946200631,0.9660100623898434,audit_only_not_for_training_or_tuning
16,policy_mean,186,0.9708522697880694,0.9658336602854097,audit_only_not_for_training_or_tuning
16,policy_mean,187,0.969815152425033,0.9656572581809761,audit_only_not_for_training_or_tuning
16,policy_mean,188,0.9688924643957544,0.9654808560765424,audit_only_not_for_training_or_tuning
16,policy_mean,189,0.9699689920829991,0.9653044539721087,audit_only_not_for_training_or_tuning
16,policy_mean,190,0.9698643861474121,0.965128051867675,audit_only_not_for_training_or_tuning
16,policy_mean,191,0.9712404238340605,0.9649516497632413,audit_only_not_for_training_or_tuning
16,policy_mean,192,0.9696932586683137,0.9647752476588076,audit_only_not_for_training_or_tuning
16,policy_mean,193,0.9700824910463641,0.9645988455543739,audit_only_not_for_training_or_tuning
16,policy_mean,194,0.9677453030131986,0.9644224434499402,audit_only_not_for_training_or_tuning
16,policy_mean,195,0.9676643068192715,0.9642460413455065,audit_only_not_for_training_or_tuning
16,policy_mean,196,0.9689532038217006,0.9640696392410728,audit_only_not_for_training_or_tuning
16,policy_mean,197,0.9678717068046641,0.9638932371366391,audit_only_not_for_training_or_tuning
16,policy_mean,198,0.9686130102990462,0.9637168350322054,audit_only_not_for_training_or_tuning
16,policy_mean,199,0.9687285747040943,0.9635404329277717,audit_only_not_for_training_or_tuning
16,policy_mean,200,0.9695192660569442,0.963364030823338,audit_only_not_for_training_or_tuning
16,persist,151,0.9798257126734632,0.972184136045023,audit_only_not_for_training_or_tuning
16,persist,152,0.9791201718483622,0.972184136045023,audit_only_not_for_training_or_tuning
16,persist,153,0.9784847984955551,0.972184136045023,audit_only_not_for_training_or_tuning
16,persist,154,0.9785617775092114,0.972184136045023,audit_only_not_for_training_or_tuning
16,persist,155,0.9778273687029861,0.972184136045023,audit_only_not_for_training_or_tuning
16,persist,156,0.9779834123228471,0.972184136045023,audit_only_not_for_training_or_tuning
16,persist,157,0.9778033321475,0.972184136045023,audit_only_not_for_training_or_tuning
16,persist,158,0.9779968177663841,0.972184136045023,audit_only_not_for_training_or_tuning
16,persist,159,0.9778885258220031,0.972184136045023,audit_only_not_for_training_or_tuning
16,persist,160,0.9775473859622772,0.972184136045023,audit_only_not_for_training_or_tuning
16,persist,161,0.9772751343246254,0.972184136045023,audit_only_not_for_training_or_tuning
16,persist,162,0.9775994059402194,0.972184136045023,audit_only_not_for_training_or_tuning
16,persist,163,0.976835614499604,0.972184136045023,audit_only_not_for_training_or_tuning
16,persist,164,0.975572117677127,0.972184136045023,audit_only_not_for_training_or_tuning
16,persist,165,0.9748286072089386,0.972184136045023,audit_only_not_for_training_or_tuning
16,persist,166,0.9754755581907388,0.972184136045023,audit_only_not_for_training_or_tuning
16,persist,167,0.9754381267747881,0.972184136045023,audit_only_not_for_training_or_tuning
16,persist,168,0.9750879378064651,0.972184136045023,audit_only_not_for_training_or_tuning
16,persist,169,0.9767025643365842,0.972184136045023,audit_only_not_for_training_or_tuning
16,persist,170,0.9765569253282296,0.972184136045023,audit_only_not_for_training_or_tuning
16,persist,171,0.9756608074963152,0.972184136045023,audit_only_not_for_training_or_tuning
16,persist,172,0.9735168110170552,0.972184136045023,audit_only_not_for_training_or_tuning
16,persist,173,0.9739719405702649,0.972184136045023,audit_only_not_for_training_or_tuning
16,persist,174,0.9753578780389318,0.972184136045023,audit_only_not_for_training_or_tuning
16,persist,175,0.9738224933290238,0.972184136045023,audit_only_not_for_training_or_tuning
16,persist,176,0.9740965314027568,0.972184136045023,audit_only_not_for_training_or_tuning
16,persist,177,0.9742300914487448,0.972184136045023,audit_only_not_for_training_or_tuning
16,persist,178,0.9724435767674037,0.972184136045023,audit_only_not_for_training_or_tuning
16,persist,179,0.9733680776052983,0.972184136045023,audit_only_not_for_training_or_tuning
16,persist,180,0.9734532787766862,0.972184136045023,audit_only_not_for_training_or_tuning
16,persist,181,0.9726865582810954,0.972184136045023,audit_only_not_for_training_or_tuning
16,persist,182,0.9711788898015034,0.972184136045023,audit_only_not_for_training_or_tuning
16,persist,183,0.9705422781939709,0.972184136045023,audit_only_not_for_training_or_tuning
16,persist,184,0.9701225982785668,0.972184136045023,audit_only_not_for_training_or_tuning
16,persist,185,0.9705442946200631,0.972184136045023,audit_only_not_for_training_or_tuning
16,persist,186,0.9708522697880694,0.972184136045023,audit_only_not_for_training_or_tuning
16,persist,187,0.969815152425033,0.972184136045023,audit_only_not_for_training_or_tuning
16,persist,188,0.9688924643957544,0.972184136045023,audit_only_not_for_training_or_tuning
16,persist,189,0.9699689920829991,0.972184136045023,audit_only_not_for_training_or_tuning
16,persist,190,0.9698643861474121,0.972184136045023,audit_only_not_for_training_or_tuning
16,persist,191,0.9712404238340605,0.972184136045023,audit_only_not_for_training_or_tuning
16,persist,192,0.9696932586683137,0.972184136045023,audit_only_not_for_training_or_tuning
16,persist,193,0.9700824910463641,0.972184136045023,audit_only_not_for_training_or_tuning
16,persist,194,0.9677453030131986,0.972184136045023,audit_only_not_for_training_or_tuning
16,persist,195,0.9676643068192715,0.972184136045023,audit_only_not_for_training_or_tuning
16,persist,196,0.9689532038217006,0.972184136045023,audit_only_not_for_training_or_tuning
16,persist,197,0.9678717068046641,0.972184136045023,audit_only_not_for_training_or_tuning
16,persist,198,0.9686130102990462,0.972184136045023,audit_only_not_for_training_or_tuning
16,persist,199,0.9687285747040943,0.972184136045023,audit_only_not_for_training_or_tuning
16,persist,200,0.9695192660569442,0.972184136045023,audit_only_not_for_training_or_tuning
16,fusion_pbt_batterygpt,151,0.9798257126734632,0.9719874858181449,audit_only_not_for_training_or_tuning
16,fusion_pbt_batterygpt,152,0.9791201718483622,0.9717908355912667,audit_only_not_for_training_or_tuning
16,fusion_pbt_batterygpt,153,0.9784847984955551,0.9715941853643886,audit_only_not_for_training_or_tuning
16,fusion_pbt_batterygpt,154,0.9785617775092114,0.9713975351375105,audit_only_not_for_training_or_tuning
16,fusion_pbt_batterygpt,155,0.9778273687029861,0.9712008849106324,audit_only_not_for_training_or_tuning
16,fusion_pbt_batterygpt,156,0.9779834123228471,0.9710042346837543,audit_only_not_for_training_or_tuning
16,fusion_pbt_batterygpt,157,0.9778033321475,0.9708075844568762,audit_only_not_for_training_or_tuning
16,fusion_pbt_batterygpt,158,0.9779968177663841,0.9706109342299981,audit_only_not_for_training_or_tuning
16,fusion_pbt_batterygpt,159,0.9778885258220031,0.97041428400312,audit_only_not_for_training_or_tuning
16,fusion_pbt_batterygpt,160,0.9775473859622772,0.9702176337762419,audit_only_not_for_training_or_tuning
16,fusion_pbt_batterygpt,161,0.9772751343246254,0.9700209835493638,audit_only_not_for_training_or_tuning
16,fusion_pbt_batterygpt,162,0.9775994059402194,0.9698243333224857,audit_only_not_for_training_or_tuning
16,fusion_pbt_batterygpt,163,0.976835614499604,0.9696276830956077,audit_only_not_for_training_or_tuning
16,fusion_pbt_batterygpt,164,0.975572117677127,0.9694310328687296,audit_only_not_for_training_or_tuning
16,fusion_pbt_batterygpt,165,0.9748286072089386,0.9692343826418515,audit_only_not_for_training_or_tuning
16,fusion_pbt_batterygpt,166,0.9754755581907388,0.9690377324149733,audit_only_not_for_training_or_tuning
16,fusion_pbt_batterygpt,167,0.9754381267747881,0.9688410821880952,audit_only_not_for_training_or_tuning
16,fusion_pbt_batterygpt,168,0.9750879378064651,0.9686444319612171,audit_only_not_for_training_or_tuning
16,fusion_pbt_batterygpt,169,0.9767025643365842,0.968447781734339,audit_only_not_for_training_or_tuning
16,fusion_pbt_batterygpt,170,0.9765569253282296,0.9682511315074609,audit_only_not_for_training_or_tuning
16,fusion_pbt_batterygpt,171,0.9756608074963152,0.9680544812805828,audit_only_not_for_training_or_tuning
16,fusion_pbt_batterygpt,172,0.9735168110170552,0.9678578310537047,audit_only_not_for_training_or_tuning
16,fusion_pbt_batterygpt,173,0.9739719405702649,0.9676611808268266,audit_only_not_for_training_or_tuning
16,fusion_pbt_batterygpt,174,0.9753578780389318,0.9674645305999485,audit_only_not_for_training_or_tuning
16,fusion_pbt_batterygpt,175,0.9738224933290238,0.9672678803730704,audit_only_not_for_training_or_tuning
16,fusion_pbt_batterygpt,176,0.9740965314027568,0.9670712301461923,audit_only_not_for_training_or_tuning
16,fusion_pbt_batterygpt,177,0.9742300914487448,0.9668745799193142,audit_only_not_for_training_or_tuning
16,fusion_pbt_batterygpt,178,0.9724435767674037,0.9666779296924362,audit_only_not_for_training_or_tuning
16,fusion_pbt_batterygpt,179,0.9733680776052983,0.9664812794655581,audit_only_not_for_training_or_tuning
16,fusion_pbt_batterygpt,180,0.9734532787766862,0.96628462923868,audit_only_not_for_training_or_tuning
16,fusion_pbt_batterygpt,181,0.9726865582810954,0.9660879790118018,audit_only_not_for_training_or_tuning
16,fusion_pbt_batterygpt,182,0.9711788898015034,0.9658913287849237,audit_only_not_for_training_or_tuning
16,fusion_pbt_batterygpt,183,0.9705422781939709,0.9656946785580456,audit_only_not_for_training_or_tuning
16,fusion_pbt_batterygpt,184,0.9701225982785668,0.9654980283311675,audit_only_not_for_training_or_tuning
16,fusion_pbt_batterygpt,185,0.9705442946200631,0.9653013781042894,audit_only_not_for_training_or_tuning
16,fusion_pbt_batterygpt,186,0.9708522697880694,0.9651047278774113,audit_only_not_for_training_or_tuning
16,fusion_pbt_batterygpt,187,0.969815152425033,0.9649080776505332,audit_only_not_for_training_or_tuning
16,fusion_pbt_batterygpt,188,0.9688924643957544,0.9647114274236551,audit_only_not_for_training_or_tuning
16,fusion_pbt_batterygpt,189,0.9699689920829991,0.964514777196777,audit_only_not_for_training_or_tuning
16,fusion_pbt_batterygpt,190,0.9698643861474121,0.9643181269698989,audit_only_not_for_training_or_tuning
16,fusion_pbt_batterygpt,191,0.9712404238340605,0.9641214767430208,audit_only_not_for_training_or_tuning
16,fusion_pbt_batterygpt,192,0.9696932586683137,0.9639248265161428,audit_only_not_for_training_or_tuning
16,fusion_pbt_batterygpt,193,0.9700824910463641,0.9637281762892647,audit_only_not_for_training_or_tuning
16,fusion_pbt_batterygpt,194,0.9677453030131986,0.9635315260623866,audit_only_not_for_training_or_tuning
16,fusion_pbt_batterygpt,195,0.9676643068192715,0.9633348758355085,audit_only_not_for_training_or_tuning
16,fusion_pbt_batterygpt,196,0.9689532038217006,0.9631382256086303,audit_only_not_for_training_or_tuning
16,fusion_pbt_batterygpt,197,0.9678717068046641,0.9629415753817522,audit_only_not_for_training_or_tuning
16,fusion_pbt_batterygpt,198,0.9686130102990462,0.9627449251548741,audit_only_not_for_training_or_tuning
16,fusion_pbt_batterygpt,199,0.9687285747040943,0.962548274927996,audit_only_not_for_training_or_tuning
16,fusion_pbt_batterygpt,200,0.9695192660569442,0.9623516247011179,audit_only_not_for_training_or_tuning
17,linear_recent,151,1.0022962530033972,0.9982225882744123,audit_only_not_for_training_or_tuning
17,linear_recent,152,1.0022235099111338,0.9982075040451148,audit_only_not_for_training_or_tuning
17,linear_recent,153,1.0023892627707152,0.9981924198158173,audit_only_not_for_training_or_tuning
17,linear_recent,154,1.0020732223708986,0.9981773355865198,audit_only_not_for_training_or_tuning
17,linear_recent,155,1.0021395980957757,0.9981622513572221,audit_only_not_for_training_or_tuning
17,linear_recent,156,1.0021464533746116,0.9981471671279246,audit_only_not_for_training_or_tuning
17,linear_recent,157,1.0022009961784692,0.9981320828986271,audit_only_not_for_training_or_tuning
17,linear_recent,158,1.0022238539053492,0.9981169986693296,audit_only_not_for_training_or_tuning
17,linear_recent,159,1.0023327545416811,0.9981019144400319,audit_only_not_for_training_or_tuning
17,linear_recent,160,1.0021189322887716,0.9980868302107344,audit_only_not_for_training_or_tuning
17,linear_recent,161,1.0021965009417813,0.9980717459814369,audit_only_not_for_training_or_tuning
17,linear_recent,162,1.0021048953585714,0.9980566617521394,audit_only_not_for_training_or_tuning
17,linear_recent,163,1.0019154720021088,0.9980415775228417,audit_only_not_for_training_or_tuning
17,linear_recent,164,1.0018070568620776,0.9980264932935442,audit_only_not_for_training_or_tuning
17,linear_recent,165,1.0017959250589292,0.9980114090642467,audit_only_not_for_training_or_tuning
17,linear_recent,166,1.002290181745403,0.9979963248349492,audit_only_not_for_training_or_tuning
17,linear_recent,167,1.0020995375456607,0.9979812406056515,audit_only_not_for_training_or_tuning
17,linear_recent,168,1.0022054036889507,0.997966156376354,audit_only_not_for_training_or_tuning
17,linear_recent,169,1.0021181343188377,0.9979510721470565,audit_only_not_for_training_or_tuning
17,linear_recent,170,1.0020464023727025,0.997935987917759,audit_only_not_for_training_or_tuning
17,linear_recent,171,1.0024249056818215,0.9979209036884613,audit_only_not_for_training_or_tuning
17,linear_recent,172,1.0020573773075354,0.9979058194591638,audit_only_not_for_training_or_tuning
17,linear_recent,173,1.0021041753798934,0.9978907352298663,audit_only_not_for_training_or_tuning
17,linear_recent,174,1.0019439656862459,0.9978756510005687,audit_only_not_for_training_or_tuning
17,linear_recent,175,1.0020954421788728,0.9978605667712711,audit_only_not_for_training_or_tuning
17,linear_recent,176,1.0009242478211675,0.9978454825419736,audit_only_not_for_training_or_tuning
17,linear_recent,177,1.0023026644695556,0.9978303983126761,audit_only_not_for_training_or_tuning
17,linear_recent,178,1.0020245100233054,0.9978153140833785,audit_only_not_for_training_or_tuning
17,linear_recent,179,1.0020137012254622,0.9978002298540809,audit_only_not_for_training_or_tuning
17,linear_recent,180,1.002049100787601,0.9977851456247834,audit_only_not_for_training_or_tuning
17,linear_recent,181,1.0019602103235887,0.9977700613954859,audit_only_not_for_training_or_tuning
17,linear_recent,182,1.0017826564328982,0.9977549771661883,audit_only_not_for_training_or_tuning
17,linear_recent,183,1.0020392288215954,0.9977398929368907,audit_only_not_for_training_or_tuning
17,linear_recent,184,1.0020052466860745,0.9977248087075932,audit_only_not_for_training_or_tuning
17,linear_recent,185,1.0023974073759923,0.9977097244782956,audit_only_not_for_training_or_tuning
17,linear_recent,186,1.0021743962314436,0.9976946402489981,audit_only_not_for_training_or_tuning
17,linear_recent,187,1.0018742967161987,0.9976795560197005,audit_only_not_for_training_or_tuning
17,linear_recent,188,1.0023513269390798,0.997664471790403,audit_only_not_for_training_or_tuning
17,linear_recent,189,1.001744060536048,0.9976493875611054,audit_only_not_for_training_or_tuning
17,linear_recent,190,1.0016855174317172,0.9976343033318079,audit_only_not_for_training_or_tuning
17,linear_recent,191,1.0020514210237785,0.9976192191025103,audit_only_not_for_training_or_tuning
17,linear_recent,192,1.0017355317761867,0.9976041348732128,audit_only_not_for_training_or_tuning
17,linear_recent,193,1.0018136138052198,0.9975890506439152,audit_only_not_for_training_or_tuning
17,linear_recent,194,1.0018798660840456,0.9975739664146177,audit_only_not_for_training_or_tuning
17,linear_recent,195,1.0016316202721034,0.9975588821853201,audit_only_not_for_training_or_tuning
17,linear_recent,196,1.0014600693152882,0.9975437979560225,audit_only_not_for_training_or_tuning
17,linear_recent,197,1.0012592507052849,0.997528713726725,audit_only_not_for_training_or_tuning
17,linear_recent,198,1.0013536562264398,0.9975136294974275,audit_only_not_for_training_or_tuning
17,linear_recent,199,1.0019903144614228,0.9974985452681299,audit_only_not_for_training_or_tuning
17,linear_recent,200,1.001920271431043,0.9974834610388323,audit_only_not_for_training_or_tuning
17,policy_mean,151,1.0022962530033972,0.9982166781533046,audit_only_not_for_training_or_tuning
17,policy_mean,152,1.0022235099111338,0.9981956838028992,audit_only_not_for_training_or_tuning
17,policy_mean,153,1.0023892627707152,0.9981746894524938,audit_only_not_for_training_or_tuning
17,policy_mean,154,1.0020732223708986,0.9981536951020884,audit_only_not_for_training_or_tuning
17,policy_mean,155,1.0021395980957757,0.9981327007516829,audit_only_not_for_training_or_tuning
17,policy_mean,156,1.0021464533746116,0.9981117064012774,audit_only_not_for_training_or_tuning
17,policy_mean,157,1.0022009961784692,0.9980907120508721,audit_only_not_for_training_or_tuning
17,policy_mean,158,1.0022238539053492,0.9980697177004666,audit_only_not_for_training_or_tuning
17,policy_mean,159,1.0023327545416811,0.9980487233500611,audit_only_not_for_training_or_tuning
17,policy_mean,160,1.0021189322887716,0.9980277289996557,audit_only_not_for_training_or_tuning
17,policy_mean,161,1.0021965009417813,0.9980067346492503,audit_only_not_for_training_or_tuning
17,policy_mean,162,1.0021048953585714,0.9979857402988449,audit_only_not_for_training_or_tuning
17,policy_mean,163,1.0019154720021088,0.9979647459484394,audit_only_not_for_training_or_tuning
17,policy_mean,164,1.0018070568620776,0.997943751598034,audit_only_not_for_training_or_tuning
17,policy_mean,165,1.0017959250589292,0.9979227572476286,audit_only_not_for_training_or_tuning
17,policy_mean,166,1.002290181745403,0.9979017628972231,audit_only_not_for_training_or_tuning
17,policy_mean,167,1.0020995375456607,0.9978807685468177,audit_only_not_for_training_or_tuning
17,policy_mean,168,1.0022054036889507,0.9978597741964123,audit_only_not_for_training_or_tuning
17,policy_mean,169,1.0021181343188377,0.9978387798460068,audit_only_not_for_training_or_tuning
17,policy_mean,170,1.0020464023727025,0.9978177854956014,audit_only_not_for_training_or_tuning
17,policy_mean,171,1.0024249056818215,0.9977967911451959,audit_only_not_for_training_or_tuning
17,policy_mean,172,1.0020573773075354,0.9977757967947904,audit_only_not_for_training_or_tuning
17,policy_mean,173,1.0021041753798934,0.9977548024443851,audit_only_not_for_training_or_tuning
17,policy_mean,174,1.0019439656862459,0.9977338080939796,audit_only_not_for_training_or_tuning
17,policy_mean,175,1.0020954421788728,0.9977128137435742,audit_only_not_for_training_or_tuning
17,policy_mean,176,1.0009242478211675,0.9976918193931688,audit_only_not_for_training_or_tuning
17,policy_mean,177,1.0023026644695556,0.9976708250427633,audit_only_not_for_training_or_tuning
17,policy_mean,178,1.0020245100233054,0.9976498306923579,audit_only_not_for_training_or_tuning
17,policy_mean,179,1.0020137012254622,0.9976288363419524,audit_only_not_for_training_or_tuning
17,policy_mean,180,1.002049100787601,0.9976078419915471,audit_only_not_for_training_or_tuning
17,policy_mean,181,1.0019602103235887,0.9975868476411416,audit_only_not_for_training_or_tuning
17,policy_mean,182,1.0017826564328982,0.9975658532907361,audit_only_not_for_training_or_tuning
17,policy_mean,183,1.0020392288215954,0.9975448589403307,audit_only_not_for_training_or_tuning
17,policy_mean,184,1.0020052466860745,0.9975238645899253,audit_only_not_for_training_or_tuning
17,policy_mean,185,1.0023974073759923,0.9975028702395198,audit_only_not_for_training_or_tuning
17,policy_mean,186,1.0021743962314436,0.9974818758891144,audit_only_not_for_training_or_tuning
17,policy_mean,187,1.0018742967161987,0.9974608815387089,audit_only_not_for_training_or_tuning
17,policy_mean,188,1.0023513269390798,0.9974398871883036,audit_only_not_for_training_or_tuning
17,policy_mean,189,1.001744060536048,0.9974188928378981,audit_only_not_for_training_or_tuning
17,policy_mean,190,1.0016855174317172,0.9973978984874926,audit_only_not_for_training_or_tuning
17,policy_mean,191,1.0020514210237785,0.9973769041370872,audit_only_not_for_training_or_tuning
17,policy_mean,192,1.0017355317761867,0.9973559097866818,audit_only_not_for_training_or_tuning
17,policy_mean,193,1.0018136138052198,0.9973349154362764,audit_only_not_for_training_or_tuning
17,policy_mean,194,1.0018798660840456,0.9973139210858709,audit_only_not_for_training_or_tuning
17,policy_mean,195,1.0016316202721034,0.9972929267354654,audit_only_not_for_training_or_tuning
17,policy_mean,196,1.0014600693152882,0.9972719323850601,audit_only_not_for_training_or_tuning
17,policy_mean,197,1.0012592507052849,0.9972509380346546,audit_only_not_for_training_or_tuning
17,policy_mean,198,1.0013536562264398,0.9972299436842491,audit_only_not_for_training_or_tuning
17,policy_mean,199,1.0019903144614228,0.9972089493338437,audit_only_not_for_training_or_tuning
17,policy_mean,200,1.001920271431043,0.9971879549834383,audit_only_not_for_training_or_tuning
17,persist,151,1.0022962530033972,0.99823767250371,audit_only_not_for_training_or_tuning
17,persist,152,1.0022235099111338,0.99823767250371,audit_only_not_for_training_or_tuning
17,persist,153,1.0023892627707152,0.99823767250371,audit_only_not_for_training_or_tuning
17,persist,154,1.0020732223708986,0.99823767250371,audit_only_not_for_training_or_tuning
17,persist,155,1.0021395980957757,0.99823767250371,audit_only_not_for_training_or_tuning
17,persist,156,1.0021464533746116,0.99823767250371,audit_only_not_for_training_or_tuning
17,persist,157,1.0022009961784692,0.99823767250371,audit_only_not_for_training_or_tuning
17,persist,158,1.0022238539053492,0.99823767250371,audit_only_not_for_training_or_tuning
17,persist,159,1.0023327545416811,0.99823767250371,audit_only_not_for_training_or_tuning
17,persist,160,1.0021189322887716,0.99823767250371,audit_only_not_for_training_or_tuning
17,persist,161,1.0021965009417813,0.99823767250371,audit_only_not_for_training_or_tuning
17,persist,162,1.0021048953585714,0.99823767250371,audit_only_not_for_training_or_tuning
17,persist,163,1.0019154720021088,0.99823767250371,audit_only_not_for_training_or_tuning
17,persist,164,1.0018070568620776,0.99823767250371,audit_only_not_for_training_or_tuning
17,persist,165,1.0017959250589292,0.99823767250371,audit_only_not_for_training_or_tuning
17,persist,166,1.002290181745403,0.99823767250371,audit_only_not_for_training_or_tuning
17,persist,167,1.0020995375456607,0.99823767250371,audit_only_not_for_training_or_tuning
17,persist,168,1.0022054036889507,0.99823767250371,audit_only_not_for_training_or_tuning
17,persist,169,1.0021181343188377,0.99823767250371,audit_only_not_for_training_or_tuning
17,persist,170,1.0020464023727025,0.99823767250371,audit_only_not_for_training_or_tuning
17,persist,171,1.0024249056818215,0.99823767250371,audit_only_not_for_training_or_tuning
17,persist,172,1.0020573773075354,0.99823767250371,audit_only_not_for_training_or_tuning
17,persist,173,1.0021041753798934,0.99823767250371,audit_only_not_for_training_or_tuning
17,persist,174,1.0019439656862459,0.99823767250371,audit_only_not_for_training_or_tuning
17,persist,175,1.0020954421788728,0.99823767250371,audit_only_not_for_training_or_tuning
17,persist,176,1.0009242478211675,0.99823767250371,audit_only_not_for_training_or_tuning
17,persist,177,1.0023026644695556,0.99823767250371,audit_only_not_for_training_or_tuning
17,persist,178,1.0020245100233054,0.99823767250371,audit_only_not_for_training_or_tuning
17,persist,179,1.0020137012254622,0.99823767250371,audit_only_not_for_training_or_tuning
17,persist,180,1.002049100787601,0.99823767250371,audit_only_not_for_training_or_tuning
17,persist,181,1.0019602103235887,0.99823767250371,audit_only_not_for_training_or_tuning
17,persist,182,1.0017826564328982,0.99823767250371,audit_only_not_for_training_or_tuning
17,persist,183,1.0020392288215954,0.99823767250371,audit_only_not_for_training_or_tuning
17,persist,184,1.0020052466860745,0.99823767250371,audit_only_not_for_training_or_tuning
17,persist,185,1.0023974073759923,0.99823767250371,audit_only_not_for_training_or_tuning
17,persist,186,1.0021743962314436,0.99823767250371,audit_only_not_for_training_or_tuning
17,persist,187,1.0018742967161987,0.99823767250371,audit_only_not_for_training_or_tuning
17,persist,188,1.0023513269390798,0.99823767250371,audit_only_not_for_training_or_tuning
17,persist,189,1.001744060536048,0.99823767250371,audit_only_not_for_training_or_tuning
17,persist,190,1.0016855174317172,0.99823767250371,audit_only_not_for_training_or_tuning
17,persist,191,1.0020514210237785,0.99823767250371,audit_only_not_for_training_or_tuning
17,persist,192,1.0017355317761867,0.99823767250371,audit_only_not_for_training_or_tuning
17,persist,193,1.0018136138052198,0.99823767250371,audit_only_not_for_training_or_tuning
17,persist,194,1.0018798660840456,0.99823767250371,audit_only_not_for_training_or_tuning
17,persist,195,1.0016316202721034,0.99823767250371,audit_only_not_for_training_or_tuning
17,persist,196,1.0014600693152882,0.99823767250371,audit_only_not_for_training_or_tuning
17,persist,197,1.0012592507052849,0.99823767250371,audit_only_not_for_training_or_tuning
17,persist,198,1.0013536562264398,0.99823767250371,audit_only_not_for_training_or_tuning
17,persist,199,1.0019903144614228,0.99823767250371,audit_only_not_for_training_or_tuning
17,persist,200,1.001920271431043,0.99823767250371,audit_only_not_for_training_or_tuning
17,fusion_pbt_batterygpt,151,1.0022962530033972,0.9982153919956929,audit_only_not_for_training_or_tuning
17,fusion_pbt_batterygpt,152,1.0022235099111338,0.9981931114876758,audit_only_not_for_training_or_tuning
17,fusion_pbt_batterygpt,153,1.0023892627707152,0.9981708309796585,audit_only_not_for_training_or_tuning
17,fusion_pbt_batterygpt,154,1.0020732223708986,0.9981485504716414,audit_only_not_for_training_or_tuning
17,fusion_pbt_batterygpt,155,1.0021395980957757,0.9981262699636243,audit_only_not_for_training_or_tuning
17,fusion_pbt_batterygpt,156,1.0021464533746116,0.9981039894556072,audit_only_not_for_training_or_tuning
17,fusion_pbt_batterygpt,157,1.0022009961784692,0.9980817089475901,audit_only_not_for_training_or_tuning
17,fusion_pbt_batterygpt,158,1.0022238539053492,0.998059428439573,audit_only_not_for_training_or_tuning
17,fusion_pbt_batterygpt,159,1.0023327545416811,0.9980371479315557,audit_only_not_for_training_or_tuning
17,fusion_pbt_batterygpt,160,1.0021189322887716,0.9980148674235386,audit_only_not_for_training_or_tuning
17,fusion_pbt_batterygpt,161,1.0021965009417813,0.9979925869155215,audit_only_not_for_training_or_tuning
17,fusion_pbt_batterygpt,162,1.0021048953585714,0.9979703064075044,audit_only_not_for_training_or_tuning
17,fusion_pbt_batterygpt,163,1.0019154720021088,0.9979480258994873,audit_only_not_for_training_or_tuning
17,fusion_pbt_batterygpt,164,1.0018070568620776,0.99792574539147,audit_only_not_for_training_or_tuning
17,fusion_pbt_batterygpt,165,1.0017959250589292,0.9979034648834529,audit_only_not_for_training_or_tuning
17,fusion_pbt_batterygpt,166,1.002290181745403,0.9978811843754358,audit_only_not_for_training_or_tuning
17,fusion_pbt_batterygpt,167,1.0020995375456607,0.9978589038674187,audit_only_not_for_training_or_tuning
17,fusion_pbt_batterygpt,168,1.0022054036889507,0.9978366233594016,audit_only_not_for_training_or_tuning
17,fusion_pbt_batterygpt,169,1.0021181343188377,0.9978143428513845,audit_only_not_for_training_or_tuning
17,fusion_pbt_batterygpt,170,1.0020464023727025,0.9977920623433673,audit_only_not_for_training_or_tuning
17,fusion_pbt_batterygpt,171,1.0024249056818215,0.9977697818353501,audit_only_not_for_training_or_tuning
17,fusion_pbt_batterygpt,172,1.0020573773075354,0.997747501327333,audit_only_not_for_training_or_tuning
17,fusion_pbt_batterygpt,173,1.0021041753798934,0.9977252208193159,audit_only_not_for_training_or_tuning
17,fusion_pbt_batterygpt,174,1.0019439656862459,0.9977029403112988,audit_only_not_for_training_or_tuning
17,fusion_pbt_batterygpt,175,1.0020954421788728,0.9976806598032817,audit_only_not_for_training_or_tuning
17,fusion_pbt_batterygpt,176,1.0009242478211675,0.9976583792952645,audit_only_not_for_training_or_tuning
17,fusion_pbt_batterygpt,177,1.0023026644695556,0.9976360987872473,audit_only_not_for_training_or_tuning
17,fusion_pbt_batterygpt,178,1.0020245100233054,0.9976138182792302,audit_only_not_for_training_or_tuning
17,fusion_pbt_batterygpt,179,1.0020137012254622,0.9975915377712131,audit_only_not_for_training_or_tuning
17,fusion_pbt_batterygpt,180,1.002049100787601,0.997569257263196,audit_only_not_for_training_or_tuning
17,fusion_pbt_batterygpt,181,1.0019602103235887,0.9975469767551788,audit_only_not_for_training_or_tuning
17,fusion_pbt_batterygpt,182,1.0017826564328982,0.9975246962471617,audit_only_not_for_training_or_tuning
17,fusion_pbt_batterygpt,183,1.0020392288215954,0.9975024157391446,audit_only_not_for_training_or_tuning
17,fusion_pbt_batterygpt,184,1.0020052466860745,0.9974801352311274,audit_only_not_for_training_or_tuning
17,fusion_pbt_batterygpt,185,1.0023974073759923,0.9974578547231103,audit_only_not_for_training_or_tuning
17,fusion_pbt_batterygpt,186,1.0021743962314436,0.9974355742150932,audit_only_not_for_training_or_tuning
17,fusion_pbt_batterygpt,187,1.0018742967161987,0.997413293707076,audit_only_not_for_training_or_tuning
17,fusion_pbt_batterygpt,188,1.0023513269390798,0.9973910131990589,audit_only_not_for_training_or_tuning
17,fusion_pbt_batterygpt,189,1.001744060536048,0.9973687326910418,audit_only_not_for_training_or_tuning
17,fusion_pbt_batterygpt,190,1.0016855174317172,0.9973464521830246,audit_only_not_for_training_or_tuning
17,fusion_pbt_batterygpt,191,1.0020514210237785,0.9973241716750075,audit_only_not_for_training_or_tuning
17,fusion_pbt_batterygpt,192,1.0017355317761867,0.9973018911669903,audit_only_not_for_training_or_tuning
17,fusion_pbt_batterygpt,193,1.0018136138052198,0.9972796106589732,audit_only_not_for_training_or_tuning
17,fusion_pbt_batterygpt,194,1.0018798660840456,0.9972573301509561,audit_only_not_for_training_or_tuning
17,fusion_pbt_batterygpt,195,1.0016316202721034,0.997235049642939,audit_only_not_for_training_or_tuning
17,fusion_pbt_batterygpt,196,1.0014600693152882,0.9972127691349219,audit_only_not_for_training_or_tuning
17,fusion_pbt_batterygpt,197,1.0012592507052849,0.9971904886269047,audit_only_not_for_training_or_tuning
17,fusion_pbt_batterygpt,198,1.0013536562264398,0.9971682081188875,audit_only_not_for_training_or_tuning
17,fusion_pbt_batterygpt,199,1.0019903144614228,0.9971459276108704,audit_only_not_for_training_or_tuning
17,fusion_pbt_batterygpt,200,1.001920271431043,0.9971236471028533,audit_only_not_for_training_or_tuning
18,linear_recent,151,1.0016958619104739,0.9968661706469165,audit_only_not_for_training_or_tuning
18,linear_recent,152,1.0014948215960169,0.996833113586225,audit_only_not_for_training_or_tuning
18,linear_recent,153,1.0013939383941104,0.9968000565255334,audit_only_not_for_training_or_tuning
18,linear_recent,154,1.0013565137882574,0.9967669994648419,audit_only_not_for_training_or_tuning
18,linear_recent,155,1.0012730780203343,0.9967339424041504,audit_only_not_for_training_or_tuning
18,linear_recent,156,1.0013778707350276,0.9967008853434588,audit_only_not_for_training_or_tuning
18,linear_recent,157,1.0013168088931077,0.9966678282827673,audit_only_not_for_training_or_tuning
18,linear_recent,158,1.0013194516072252,0.9966347712220758,audit_only_not_for_training_or_tuning
18,linear_recent,159,1.0009438907378112,0.9966017141613842,audit_only_not_for_training_or_tuning
18,linear_recent,160,1.0014365986996168,0.9965686571006928,audit_only_not_for_training_or_tuning
18,linear_recent,161,1.0010326239679224,0.9965356000400012,audit_only_not_for_training_or_tuning
18,linear_recent,162,1.0006639534416135,0.9965025429793097,audit_only_not_for_training_or_tuning
18,linear_recent,163,1.0011757517630504,0.9964694859186182,audit_only_not_for_training_or_tuning
18,linear_recent,164,1.0012341367699402,0.9964364288579266,audit_only_not_for_training_or_tuning
18,linear_recent,165,1.001024281965876,0.9964033717972351,audit_only_not_for_training_or_tuning
18,linear_recent,166,1.0011564766095762,0.9963703147365436,audit_only_not_for_training_or_tuning
18,linear_recent,167,1.0008892710501032,0.996337257675852,audit_only_not_for_training_or_tuning
18,linear_recent,168,1.0005995855472696,0.9963042006151606,audit_only_not_for_training_or_tuning
18,linear_recent,169,1.000839946416538,0.996271143554469,audit_only_not_for_training_or_tuning
18,linear_recent,170,1.000553808934723,0.9962380864937774,audit_only_not_for_training_or_tuning
18,linear_recent,171,1.0010178908443332,0.996205029433086,audit_only_not_for_training_or_tuning
18,linear_recent,172,1.0005062766856114,0.9961719723723944,audit_only_not_for_training_or_tuning
18,linear_recent,173,1.0005643441365732,0.9961389153117028,audit_only_not_for_training_or_tuning
18,linear_recent,174,1.000866570224402,0.9961058582510114,audit_only_not_for_training_or_tuning
18,linear_recent,175,1.001015865434418,0.9960728011903198,audit_only_not_for_training_or_tuning
18,linear_recent,176,1.000982845492535,0.9960397441296283,audit_only_not_for_training_or_tuning
18,linear_recent,177,1.0009846046995365,0.9960066870689368,audit_only_not_for_training_or_tuning
18,linear_recent,178,1.0006282582053838,0.9959736300082452,audit_only_not_for_training_or_tuning
18,linear_recent,179,1.0005989136503346,0.9959405729475538,audit_only_not_for_training_or_tuning
18,linear_recent,180,0.9992966077700894,0.9959075158868622,audit_only_not_for_training_or_tuning
18,linear_recent,181,1.0004879478584114,0.9958744588261706,audit_only_not_for_training_or_tuning
18,linear_recent,182,1.0003577471183644,0.9958414017654792,audit_only_not_for_training_or_tuning
18,linear_recent,183,1.000126096562607,0.9958083447047876,audit_only_not_for_training_or_tuning
18,linear_recent,184,1.0005695744440133,0.9957752876440961,audit_only_not_for_training_or_tuning
18,linear_recent,185,1.0001595530164666,0.9957422305834046,audit_only_not_for_training_or_tuning
18,linear_recent,186,1.000204006130727,0.995709173522713,audit_only_not_for_training_or_tuning
18,linear_recent,187,0.9998524566905204,0.9956761164620215,audit_only_not_for_training_or_tuning
18,linear_recent,188,1.0002713760783197,0.99564305940133,audit_only_not_for_training_or_tuning
18,linear_recent,189,0.9999501076625368,0.9956100023406385,audit_only_not_for_training_or_tuning
18,linear_recent,190,1.0001592665068015,0.9955769452799469,audit_only_not_for_training_or_tuning
18,linear_recent,191,0.999965115245171,0.9955438882192554,audit_only_not_for_training_or_tuning
18,linear_recent,192,0.999603273376462,0.9955108311585639,audit_only_not_for_training_or_tuning
18,linear_recent,193,1.0000948902321394,0.9954777740978724,audit_only_not_for_training_or_tuning
18,linear_recent,194,0.9997500152638262,0.9954447170371808,audit_only_not_for_training_or_tuning
18,linear_recent,195,0.9999051534236371,0.9954116599764893,audit_only_not_for_training_or_tuning
18,linear_recent,196,1.0000254164865057,0.9953786029157978,audit_only_not_for_training_or_tuning
18,linear_recent,197,0.9998934644058953,0.9953455458551063,audit_only_not_for_training_or_tuning
18,linear_recent,198,0.9994547942529267,0.9953124887944147,audit_only_not_for_training_or_tuning
18,linear_recent,199,1.0003994505759062,0.9952794317337232,audit_only_not_for_training_or_tuning
18,linear_recent,200,1.000257130142229,0.9952463746730317,audit_only_not_for_training_or_tuning
18,policy_mean,151,1.0016958619104739,0.9968860377953062,audit_only_not_for_training_or_tuning
18,policy_mean,152,1.0014948215960169,0.9968728478830045,audit_only_not_for_training_or_tuning
18,policy_mean,153,1.0013939383941104,0.9968596579707026,audit_only_not_for_training_or_tuning
18,policy_mean,154,1.0013565137882574,0.9968464680584008,audit_only_not_for_training_or_tuning
18,policy_mean,155,1.0012730780203343,0.996833278146099,audit_only_not_for_training_or_tuning
18,policy_mean,156,1.0013778707350276,0.9968200882337972,audit_only_not_for_training_or_tuning
18,policy_mean,157,1.0013168088931077,0.9968068983214954,audit_only_not_for_training_or_tuning
18,policy_mean,158,1.0013194516072252,0.9967937084091937,audit_only_not_for_training_or_tuning
18,policy_mean,159,1.0009438907378112,0.9967805184968919,audit_only_not_for_training_or_tuning
18,policy_mean,160,1.0014365986996168,0.99676732858459,audit_only_not_for_training_or_tuning
18,policy_mean,161,1.0010326239679224,0.9967541386722882,audit_only_not_for_training_or_tuning
18,policy_mean,162,1.0006639534416135,0.9967409487599864,audit_only_not_for_training_or_tuning
18,policy_mean,163,1.0011757517630504,0.9967277588476847,audit_only_not_for_training_or_tuning
18,policy_mean,164,1.0012341367699402,0.9967145689353829,audit_only_not_for_training_or_tuning
18,policy_mean,165,1.001024281965876,0.9967013790230811,audit_only_not_for_training_or_tuning
18,policy_mean,166,1.0011564766095762,0.9966881891107793,audit_only_not_for_training_or_tuning
18,policy_mean,167,1.0008892710501032,0.9966749991984775,audit_only_not_for_training_or_tuning
18,policy_mean,168,1.0005995855472696,0.9966618092861756,audit_only_not_for_training_or_tuning
18,policy_mean,169,1.000839946416538,0.996648619373874,audit_only_not_for_training_or_tuning
18,policy_mean,170,1.000553808934723,0.9966354294615721,audit_only_not_for_training_or_tuning
18,policy_mean,171,1.0010178908443332,0.9966222395492703,audit_only_not_for_training_or_tuning
18,policy_mean,172,1.0005062766856114,0.9966090496369685,audit_only_not_for_training_or_tuning
18,policy_mean,173,1.0005643441365732,0.9965958597246667,audit_only_not_for_training_or_tuning
18,policy_mean,174,1.000866570224402,0.9965826698123649,audit_only_not_for_training_or_tuning
18,policy_mean,175,1.001015865434418,0.9965694799000632,audit_only_not_for_training_or_tuning
18,policy_mean,176,1.000982845492535,0.9965562899877614,audit_only_not_for_training_or_tuning
18,policy_mean,177,1.0009846046995365,0.9965431000754595,audit_only_not_for_training_or_tuning
18,policy_mean,178,1.0006282582053838,0.9965299101631577,audit_only_not_for_training_or_tuning
18,policy_mean,179,1.0005989136503346,0.9965167202508559,audit_only_not_for_training_or_tuning
18,policy_mean,180,0.9992966077700894,0.9965035303385541,audit_only_not_for_training_or_tuning
18,policy_mean,181,1.0004879478584114,0.9964903404262524,audit_only_not_for_training_or_tuning
18,policy_mean,182,1.0003577471183644,0.9964771505139506,audit_only_not_for_training_or_tuning
18,policy_mean,183,1.000126096562607,0.9964639606016488,audit_only_not_for_training_or_tuning
18,policy_mean,184,1.0005695744440133,0.996450770689347,audit_only_not_for_training_or_tuning
18,policy_mean,185,1.0001595530164666,0.9964375807770451,audit_only_not_for_training_or_tuning
18,policy_mean,186,1.000204006130727,0.9964243908647434,audit_only_not_for_training_or_tuning
18,policy_mean,187,0.9998524566905204,0.9964112009524416,audit_only_not_for_training_or_tuning
18,policy_mean,188,1.0002713760783197,0.9963980110401398,audit_only_not_for_training_or_tuning
18,policy_mean,189,0.9999501076625368,0.996384821127838,audit_only_not_for_training_or_tuning
18,policy_mean,190,1.0001592665068015,0.9963716312155362,audit_only_not_for_training_or_tuning
18,policy_mean,191,0.999965115245171,0.9963584413032344,audit_only_not_for_training_or_tuning
18,policy_mean,192,0.999603273376462,0.9963452513909327,audit_only_not_for_training_or_tuning
18,policy_mean,193,1.0000948902321394,0.9963320614786308,audit_only_not_for_training_or_tuning
18,policy_mean,194,0.9997500152638262,0.996318871566329,audit_only_not_for_training_or_tuning
18,policy_mean,195,0.9999051534236371,0.9963056816540272,audit_only_not_for_training_or_tuning
18,policy_mean,196,1.0000254164865057,0.9962924917417254,audit_only_not_for_training_or_tuning
18,policy_mean,197,0.9998934644058953,0.9962793018294236,audit_only_not_for_training_or_tuning
18,policy_mean,198,0.9994547942529267,0.9962661119171219,audit_only_not_for_training_or_tuning
18,policy_mean,199,1.0003994505759062,0.9962529220048201,audit_only_not_for_training_or_tuning
18,policy_mean,200,1.000257130142229,0.9962397320925183,audit_only_not_for_training_or_tuning
18,persist,151,1.0016958619104739,0.996899227707608,audit_only_not_for_training_or_tuning
18,persist,152,1.0014948215960169,0.996899227707608,audit_only_not_for_training_or_tuning
18,persist,153,1.0013939383941104,0.996899227707608,audit_only_not_for_training_or_tuning
18,persist,154,1.0013565137882574,0.996899227707608,audit_only_not_for_training_or_tuning
18,persist,155,1.0012730780203343,0.996899227707608,audit_only_not_for_training_or_tuning
18,persist,156,1.0013778707350276,0.996899227707608,audit_only_not_for_training_or_tuning
18,persist,157,1.0013168088931077,0.996899227707608,audit_only_not_for_training_or_tuning
18,persist,158,1.0013194516072252,0.996899227707608,audit_only_not_for_training_or_tuning
18,persist,159,1.0009438907378112,0.996899227707608,audit_only_not_for_training_or_tuning
18,persist,160,1.0014365986996168,0.996899227707608,audit_only_not_for_training_or_tuning
18,persist,161,1.0010326239679224,0.996899227707608,audit_only_not_for_training_or_tuning
18,persist,162,1.0006639534416135,0.996899227707608,audit_only_not_for_training_or_tuning
18,persist,163,1.0011757517630504,0.996899227707608,audit_only_not_for_training_or_tuning
18,persist,164,1.0012341367699402,0.996899227707608,audit_only_not_for_training_or_tuning
18,persist,165,1.001024281965876,0.996899227707608,audit_only_not_for_training_or_tuning
18,persist,166,1.0011564766095762,0.996899227707608,audit_only_not_for_training_or_tuning
18,persist,167,1.0008892710501032,0.996899227707608,audit_only_not_for_training_or_tuning
18,persist,168,1.0005995855472696,0.996899227707608,audit_only_not_for_training_or_tuning
18,persist,169,1.000839946416538,0.996899227707608,audit_only_not_for_training_or_tuning
18,persist,170,1.000553808934723,0.996899227707608,audit_only_not_for_training_or_tuning
18,persist,171,1.0010178908443332,0.996899227707608,audit_only_not_for_training_or_tuning
18,persist,172,1.0005062766856114,0.996899227707608,audit_only_not_for_training_or_tuning
18,persist,173,1.0005643441365732,0.996899227707608,audit_only_not_for_training_or_tuning
18,persist,174,1.000866570224402,0.996899227707608,audit_only_not_for_training_or_tuning
18,persist,175,1.001015865434418,0.996899227707608,audit_only_not_for_training_or_tuning
18,persist,176,1.000982845492535,0.996899227707608,audit_only_not_for_training_or_tuning
18,persist,177,1.0009846046995365,0.996899227707608,audit_only_not_for_training_or_tuning
18,persist,178,1.0006282582053838,0.996899227707608,audit_only_not_for_training_or_tuning
18,persist,179,1.0005989136503346,0.996899227707608,audit_only_not_for_training_or_tuning
18,persist,180,0.9992966077700894,0.996899227707608,audit_only_not_for_training_or_tuning
18,persist,181,1.0004879478584114,0.996899227707608,audit_only_not_for_training_or_tuning
18,persist,182,1.0003577471183644,0.996899227707608,audit_only_not_for_training_or_tuning
18,persist,183,1.000126096562607,0.996899227707608,audit_only_not_for_training_or_tuning
18,persist,184,1.0005695744440133,0.996899227707608,audit_only_not_for_training_or_tuning
18,persist,185,1.0001595530164666,0.996899227707608,audit_only_not_for_training_or_tuning
18,persist,186,1.000204006130727,0.996899227707608,audit_only_not_for_training_or_tuning
18,persist,187,0.9998524566905204,0.996899227707608,audit_only_not_for_training_or_tuning
18,persist,188,1.0002713760783197,0.996899227707608,audit_only_not_for_training_or_tuning
18,persist,189,0.9999501076625368,0.996899227707608,audit_only_not_for_training_or_tuning
18,persist,190,1.0001592665068015,0.996899227707608,audit_only_not_for_training_or_tuning
18,persist,191,0.999965115245171,0.996899227707608,audit_only_not_for_training_or_tuning
18,persist,192,0.999603273376462,0.996899227707608,audit_only_not_for_training_or_tuning
18,persist,193,1.0000948902321394,0.996899227707608,audit_only_not_for_training_or_tuning
18,persist,194,0.9997500152638262,0.996899227707608,audit_only_not_for_training_or_tuning
18,persist,195,0.9999051534236371,0.996899227707608,audit_only_not_for_training_or_tuning
18,persist,196,1.0000254164865057,0.996899227707608,audit_only_not_for_training_or_tuning
18,persist,197,0.9998934644058953,0.996899227707608,audit_only_not_for_training_or_tuning
18,persist,198,0.9994547942529267,0.996899227707608,audit_only_not_for_training_or_tuning
18,persist,199,1.0003994505759062,0.996899227707608,audit_only_not_for_training_or_tuning
18,persist,200,1.000257130142229,0.996899227707608,audit_only_not_for_training_or_tuning
18,fusion_pbt_batterygpt,151,1.0016958619104739,0.9968591498178655,audit_only_not_for_training_or_tuning
18,fusion_pbt_batterygpt,152,1.0014948215960169,0.996819071928123,audit_only_not_for_training_or_tuning
18,fusion_pbt_batterygpt,153,1.0013939383941104,0.9967789940383806,audit_only_not_for_training_or_tuning
18,fusion_pbt_batterygpt,154,1.0013565137882574,0.9967389161486381,audit_only_not_for_training_or_tuning
18,fusion_pbt_batterygpt,155,1.0012730780203343,0.9966988382588955,audit_only_not_for_training_or_tuning
18,fusion_pbt_batterygpt,156,1.0013778707350276,0.996658760369153,audit_only_not_for_training_or_tuning
18,fusion_pbt_batterygpt,157,1.0013168088931077,0.9966186824794105,audit_only_not_for_training_or_tuning
18,fusion_pbt_batterygpt,158,1.0013194516072252,0.9965786045896681,audit_only_not_for_training_or_tuning
18,fusion_pbt_batterygpt,159,1.0009438907378112,0.9965385266999256,audit_only_not_for_training_or_tuning
18,fusion_pbt_batterygpt,160,1.0014365986996168,0.9964984488101831,audit_only_not_for_training_or_tuning
18,fusion_pbt_batterygpt,161,1.0010326239679224,0.9964583709204407,audit_only_not_for_training_or_tuning
18,fusion_pbt_batterygpt,162,1.0006639534416135,0.9964182930306982,audit_only_not_for_training_or_tuning
18,fusion_pbt_batterygpt,163,1.0011757517630504,0.9963782151409557,audit_only_not_for_training_or_tuning
18,fusion_pbt_batterygpt,164,1.0012341367699402,0.9963381372512132,audit_only_not_for_training_or_tuning
18,fusion_pbt_batterygpt,165,1.001024281965876,0.9962980593614706,audit_only_not_for_training_or_tuning
18,fusion_pbt_batterygpt,166,1.0011564766095762,0.9962579814717282,audit_only_not_for_training_or_tuning
18,fusion_pbt_batterygpt,167,1.0008892710501032,0.9962179035819857,audit_only_not_for_training_or_tuning
18,fusion_pbt_batterygpt,168,1.0005995855472696,0.9961778256922432,audit_only_not_for_training_or_tuning
18,fusion_pbt_batterygpt,169,1.000839946416538,0.9961377478025008,audit_only_not_for_training_or_tuning
18,fusion_pbt_batterygpt,170,1.000553808934723,0.9960976699127583,audit_only_not_for_training_or_tuning
18,fusion_pbt_batterygpt,171,1.0010178908443332,0.9960575920230158,audit_only_not_for_training_or_tuning
18,fusion_pbt_batterygpt,172,1.0005062766856114,0.9960175141332733,audit_only_not_for_training_or_tuning
18,fusion_pbt_batterygpt,173,1.0005643441365732,0.9959774362435309,audit_only_not_for_training_or_tuning
18,fusion_pbt_batterygpt,174,1.000866570224402,0.9959373583537884,audit_only_not_for_training_or_tuning
18,fusion_pbt_batterygpt,175,1.001015865434418,0.9958972804640458,audit_only_not_for_training_or_tuning
18,fusion_pbt_batterygpt,176,1.000982845492535,0.9958572025743033,audit_only_not_for_training_or_tuning
18,fusion_pbt_batterygpt,177,1.0009846046995365,0.9958171246845609,audit_only_not_for_training_or_tuning
18,fusion_pbt_batterygpt,178,1.0006282582053838,0.9957770467948184,audit_only_not_for_training_or_tuning
18,fusion_pbt_batterygpt,179,1.0005989136503346,0.9957369689050759,audit_only_not_for_training_or_tuning
18,fusion_pbt_batterygpt,180,0.9992966077700894,0.9956968910153334,audit_only_not_for_training_or_tuning
18,fusion_pbt_batterygpt,181,1.0004879478584114,0.995656813125591,audit_only_not_for_training_or_tuning
18,fusion_pbt_batterygpt,182,1.0003577471183644,0.9956167352358485,audit_only_not_for_training_or_tuning
18,fusion_pbt_batterygpt,183,1.000126096562607,0.995576657346106,audit_only_not_for_training_or_tuning
18,fusion_pbt_batterygpt,184,1.0005695744440133,0.9955365794563635,audit_only_not_for_training_or_tuning
18,fusion_pbt_batterygpt,185,1.0001595530164666,0.995496501566621,audit_only_not_for_training_or_tuning
18,fusion_pbt_batterygpt,186,1.000204006130727,0.9954564236768785,audit_only_not_for_training_or_tuning
18,fusion_pbt_batterygpt,187,0.9998524566905204,0.995416345787136,audit_only_not_for_training_or_tuning
18,fusion_pbt_batterygpt,188,1.0002713760783197,0.9953762678973935,audit_only_not_for_training_or_tuning
18,fusion_pbt_batterygpt,189,0.9999501076625368,0.9953361900076511,audit_only_not_for_training_or_tuning
18,fusion_pbt_batterygpt,190,1.0001592665068015,0.9952961121179086,audit_only_not_for_training_or_tuning
18,fusion_pbt_batterygpt,191,0.999965115245171,0.9952560342281661,audit_only_not_for_training_or_tuning
18,fusion_pbt_batterygpt,192,0.999603273376462,0.9952159563384236,audit_only_not_for_training_or_tuning
18,fusion_pbt_batterygpt,193,1.0000948902321394,0.9951758784486812,audit_only_not_for_training_or_tuning
18,fusion_pbt_batterygpt,194,0.9997500152638262,0.9951358005589387,audit_only_not_for_training_or_tuning
18,fusion_pbt_batterygpt,195,0.9999051534236371,0.9950957226691961,audit_only_not_for_training_or_tuning
18,fusion_pbt_batterygpt,196,1.0000254164865057,0.9950556447794536,audit_only_not_for_training_or_tuning
18,fusion_pbt_batterygpt,197,0.9998934644058953,0.9950155668897112,audit_only_not_for_training_or_tuning
18,fusion_pbt_batterygpt,198,0.9994547942529267,0.9949754889999687,audit_only_not_for_training_or_tuning
18,fusion_pbt_batterygpt,199,1.0003994505759062,0.9949354111102262,audit_only_not_for_training_or_tuning
18,fusion_pbt_batterygpt,200,1.000257130142229,0.9948953332204837,audit_only_not_for_training_or_tuning
19,linear_recent,151,1.0029807419676633,0.998333495299726,audit_only_not_for_training_or_tuning
19,linear_recent,152,1.0031744113867778,0.998315652147601,audit_only_not_for_training_or_tuning
19,linear_recent,153,1.0028724571690988,0.9982978089954758,audit_only_not_for_training_or_tuning
19,linear_recent,154,1.0030657053985974,0.9982799658433508,audit_only_not_for_training_or_tuning
19,linear_recent,155,1.0026346207959091,0.9982621226912257,audit_only_not_for_training_or_tuning
19,linear_recent,156,1.0027339525471624,0.9982442795391007,audit_only_not_for_training_or_tuning
19,linear_recent,157,1.0033683697635873,0.9982264363869756,audit_only_not_for_training_or_tuning
19,linear_recent,158,1.002619043013438,0.9982085932348506,audit_only_not_for_training_or_tuning
19,linear_recent,159,1.0029682136514941,0.9981907500827255,audit_only_not_for_training_or_tuning
19,linear_recent,160,1.0027967434448883,0.9981729069306005,audit_only_not_for_training_or_tuning
19,linear_recent,161,1.0028933219208958,0.9981550637784754,audit_only_not_for_training_or_tuning
19,linear_recent,162,1.00241067009924,0.9981372206263504,audit_only_not_for_training_or_tuning
19,linear_recent,163,1.0024144674881053,0.9981193774742253,audit_only_not_for_training_or_tuning
19,linear_recent,164,1.0022412197713917,0.9981015343221002,audit_only_not_for_training_or_tuning
19,linear_recent,165,1.002461143326148,0.9980836911699752,audit_only_not_for_training_or_tuning
19,linear_recent,166,1.0027119332869898,0.9980658480178501,audit_only_not_for_training_or_tuning
19,linear_recent,167,1.0028315494578566,0.9980480048657251,audit_only_not_for_training_or_tuning
19,linear_recent,168,1.0027278446368775,0.9980301617136,audit_only_not_for_training_or_tuning
19,linear_recent,169,1.0026010332128032,0.998012318561475,audit_only_not_for_training_or_tuning
19,linear_recent,170,1.0028005546737393,0.9979944754093499,audit_only_not_for_training_or_tuning
19,linear_recent,171,1.0028211450956162,0.9979766322572249,audit_only_not_for_training_or_tuning
19,linear_recent,172,1.0031623052340037,0.9979587891050998,audit_only_not_for_training_or_tuning
19,linear_recent,173,1.002776085977123,0.9979409459529747,audit_only_not_for_training_or_tuning
19,linear_recent,174,1.002356292498845,0.9979231028008496,audit_only_not_for_training_or_tuning
19,linear_recent,175,1.0021636712596087,0.9979052596487246,audit_only_not_for_training_or_tuning
19,linear_recent,176,1.0024525957901769,0.9978874164965995,audit_only_not_for_training_or_tuning
19,linear_recent,177,1.0024942849420215,0.9978695733444745,audit_only_not_for_training_or_tuning
19,linear_recent,178,1.0025922079260283,0.9978517301923494,audit_only_not_for_training_or_tuning
19,linear_recent,179,1.0023931291614794,0.9978338870402244,audit_only_not_for_training_or_tuning
19,linear_recent,180,1.0028549807516538,0.9978160438880993,audit_only_not_for_training_or_tuning
19,linear_recent,181,1.002550056941974,0.9977982007359743,audit_only_not_for_training_or_tuning
19,linear_recent,182,1.0024506245723153,0.9977803575838492,audit_only_not_for_training_or_tuning
19,linear_recent,183,1.0026059417997277,0.9977625144317241,audit_only_not_for_training_or_tuning
19,linear_recent,184,1.0026565720345817,0.9977446712795991,audit_only_not_for_training_or_tuning
19,linear_recent,185,1.002337076190779,0.997726828127474,audit_only_not_for_training_or_tuning
19,linear_recent,186,1.0025406852152132,0.997708984975349,audit_only_not_for_training_or_tuning
19,linear_recent,187,1.0023128044791616,0.9976911418232239,audit_only_not_for_training_or_tuning
19,linear_recent,188,1.002344584115158,0.9976732986710989,audit_only_not_for_training_or_tuning
19,linear_recent,189,1.002194243627413,0.9976554555189738,audit_only_not_for_training_or_tuning
19,linear_recent,190,1.0024333126030662,0.9976376123668488,audit_only_not_for_training_or_tuning
19,linear_recent,191,1.0021291065314026,0.9976197692147237,audit_only_not_for_training_or_tuning
19,linear_recent,192,1.0021577200729324,0.9976019260625987,audit_only_not_for_training_or_tuning
19,linear_recent,193,1.0020324635711764,0.9975840829104736,audit_only_not_for_training_or_tuning
19,linear_recent,194,1.0018844245192404,0.9975662397583485,audit_only_not_for_training_or_tuning
19,linear_recent,195,1.0022251088677592,0.9975483966062234,audit_only_not_for_training_or_tuning
19,linear_recent,196,1.0021035305774577,0.9975305534540984,audit_only_not_for_training_or_tuning
19,linear_recent,197,1.002134116303851,0.9975127103019733,audit_only_not_for_training_or_tuning
19,linear_recent,198,1.0014962013861182,0.9974948671498483,audit_only_not_for_training_or_tuning
19,linear_recent,199,1.00193089966842,0.9974770239977232,audit_only_not_for_training_or_tuning
19,linear_recent,200,1.0019624665343037,0.9974591808455981,audit_only_not_for_training_or_tuning
19,policy_mean,151,1.0029807419676633,0.9983364866033996,audit_only_not_for_training_or_tuning
19,policy_mean,152,1.0031744113867778,0.9983216347549482,audit_only_not_for_training_or_tuning
19,policy_mean,153,1.0028724571690988,0.9983067829064968,audit_only_not_for_training_or_tuning
19,policy_mean,154,1.0030657053985974,0.9982919310580454,audit_only_not_for_training_or_tuning
19,policy_mean,155,1.0026346207959091,0.9982770792095941,audit_only_not_for_training_or_tuning
19,policy_mean,156,1.0027339525471624,0.9982622273611427,audit_only_not_for_training_or_tuning
19,policy_mean,157,1.0033683697635873,0.9982473755126913,audit_only_not_for_training_or_tuning
19,policy_mean,158,1.002619043013438,0.9982325236642399,audit_only_not_for_training_or_tuning
19,policy_mean,159,1.0029682136514941,0.9982176718157886,audit_only_not_for_training_or_tuning
19,policy_mean,160,1.0027967434448883,0.9982028199673372,audit_only_not_for_training_or_tuning
19,policy_mean,161,1.0028933219208958,0.9981879681188858,audit_only_not_for_training_or_tuning
19,policy_mean,162,1.00241067009924,0.9981731162704344,audit_only_not_for_training_or_tuning
19,policy_mean,163,1.0024144674881053,0.998158264421983,audit_only_not_for_training_or_tuning
19,policy_mean,164,1.0022412197713917,0.9981434125735317,audit_only_not_for_training_or_tuning
19,policy_mean,165,1.002461143326148,0.9981285607250803,audit_only_not_for_training_or_tuning
19,policy_mean,166,1.0027119332869898,0.9981137088766289,audit_only_not_for_training_or_tuning
19,policy_mean,167,1.0028315494578566,0.9980988570281775,audit_only_not_for_training_or_tuning
19,policy_mean,168,1.0027278446368775,0.9980840051797261,audit_only_not_for_training_or_tuning
19,policy_mean,169,1.0026010332128032,0.9980691533312748,audit_only_not_for_training_or_tuning
19,policy_mean,170,1.0028005546737393,0.9980543014828234,audit_only_not_for_training_or_tuning
19,policy_mean,171,1.0028211450956162,0.998039449634372,audit_only_not_for_training_or_tuning
19,policy_mean,172,1.0031623052340037,0.9980245977859206,audit_only_not_for_training_or_tuning
19,policy_mean,173,1.002776085977123,0.9980097459374692,audit_only_not_for_training_or_tuning
19,policy_mean,174,1.002356292498845,0.9979948940890179,audit_only_not_for_training_or_tuning
19,policy_mean,175,1.0021636712596087,0.9979800422405665,audit_only_not_for_training_or_tuning
19,policy_mean,176,1.0024525957901769,0.9979651903921151,audit_only_not_for_training_or_tuning
19,policy_mean,177,1.0024942849420215,0.9979503385436637,audit_only_not_for_training_or_tuning
19,policy_mean,178,1.0025922079260283,0.9979354866952124,audit_only_not_for_training_or_tuning
19,policy_mean,179,1.0023931291614794,0.997920634846761,audit_only_not_for_training_or_tuning
19,policy_mean,180,1.0028549807516538,0.9979057829983096,audit_only_not_for_training_or_tuning
19,policy_mean,181,1.002550056941974,0.9978909311498582,audit_only_not_for_training_or_tuning
19,policy_mean,182,1.0024506245723153,0.9978760793014068,audit_only_not_for_training_or_tuning
19,policy_mean,183,1.0026059417997277,0.9978612274529555,audit_only_not_for_training_or_tuning
19,policy_mean,184,1.0026565720345817,0.9978463756045041,audit_only_not_for_training_or_tuning
19,policy_mean,185,1.002337076190779,0.9978315237560527,audit_only_not_for_training_or_tuning
19,policy_mean,186,1.0025406852152132,0.9978166719076013,audit_only_not_for_training_or_tuning
19,policy_mean,187,1.0023128044791616,0.9978018200591499,audit_only_not_for_training_or_tuning
19,policy_mean,188,1.002344584115158,0.9977869682106986,audit_only_not_for_training_or_tuning
19,policy_mean,189,1.002194243627413,0.9977721163622472,audit_only_not_for_training_or_tuning
19,policy_mean,190,1.0024333126030662,0.9977572645137958,audit_only_not_for_training_or_tuning
19,policy_mean,191,1.0021291065314026,0.9977424126653444,audit_only_not_for_training_or_tuning
19,policy_mean,192,1.0021577200729324,0.9977275608168931,audit_only_not_for_training_or_tuning
19,policy_mean,193,1.0020324635711764,0.9977127089684417,audit_only_not_for_training_or_tuning
19,policy_mean,194,1.0018844245192404,0.9976978571199903,audit_only_not_for_training_or_tuning
19,policy_mean,195,1.0022251088677592,0.9976830052715389,audit_only_not_for_training_or_tuning
19,policy_mean,196,1.0021035305774577,0.9976681534230875,audit_only_not_for_training_or_tuning
19,policy_mean,197,1.002134116303851,0.9976533015746362,audit_only_not_for_training_or_tuning
19,policy_mean,198,1.0014962013861182,0.9976384497261848,audit_only_not_for_training_or_tuning
19,policy_mean,199,1.00193089966842,0.9976235978777334,audit_only_not_for_training_or_tuning
19,policy_mean,200,1.0019624665343037,0.997608746029282,audit_only_not_for_training_or_tuning
19,persist,151,1.0029807419676633,0.998351338451851,audit_only_not_for_training_or_tuning
19,persist,152,1.0031744113867778,0.998351338451851,audit_only_not_for_training_or_tuning
19,persist,153,1.0028724571690988,0.998351338451851,audit_only_not_for_training_or_tuning
19,persist,154,1.0030657053985974,0.998351338451851,audit_only_not_for_training_or_tuning
19,persist,155,1.0026346207959091,0.998351338451851,audit_only_not_for_training_or_tuning
19,persist,156,1.0027339525471624,0.998351338451851,audit_only_not_for_training_or_tuning
19,persist,157,1.0033683697635873,0.998351338451851,audit_only_not_for_training_or_tuning
19,persist,158,1.002619043013438,0.998351338451851,audit_only_not_for_training_or_tuning
19,persist,159,1.0029682136514941,0.998351338451851,audit_only_not_for_training_or_tuning
19,persist,160,1.0027967434448883,0.998351338451851,audit_only_not_for_training_or_tuning
19,persist,161,1.0028933219208958,0.998351338451851,audit_only_not_for_training_or_tuning
19,persist,162,1.00241067009924,0.998351338451851,audit_only_not_for_training_or_tuning
19,persist,163,1.0024144674881053,0.998351338451851,audit_only_not_for_training_or_tuning
19,persist,164,1.0022412197713917,0.998351338451851,audit_only_not_for_training_or_tuning
19,persist,165,1.002461143326148,0.998351338451851,audit_only_not_for_training_or_tuning
19,persist,166,1.0027119332869898,0.998351338451851,audit_only_not_for_training_or_tuning
19,persist,167,1.0028315494578566,0.998351338451851,audit_only_not_for_training_or_tuning
19,persist,168,1.0027278446368775,0.998351338451851,audit_only_not_for_training_or_tuning
19,persist,169,1.0026010332128032,0.998351338451851,audit_only_not_for_training_or_tuning
19,persist,170,1.0028005546737393,0.998351338451851,audit_only_not_for_training_or_tuning
19,persist,171,1.0028211450956162,0.998351338451851,audit_only_not_for_training_or_tuning
19,persist,172,1.0031623052340037,0.998351338451851,audit_only_not_for_training_or_tuning
19,persist,173,1.002776085977123,0.998351338451851,audit_only_not_for_training_or_tuning
19,persist,174,1.002356292498845,0.998351338451851,audit_only_not_for_training_or_tuning
19,persist,175,1.0021636712596087,0.998351338451851,audit_only_not_for_training_or_tuning
19,persist,176,1.0024525957901769,0.998351338451851,audit_only_not_for_training_or_tuning
19,persist,177,1.0024942849420215,0.998351338451851,audit_only_not_for_training_or_tuning
19,persist,178,1.0025922079260283,0.998351338451851,audit_only_not_for_training_or_tuning
19,persist,179,1.0023931291614794,0.998351338451851,audit_only_not_for_training_or_tuning
19,persist,180,1.0028549807516538,0.998351338451851,audit_only_not_for_training_or_tuning
19,persist,181,1.002550056941974,0.998351338451851,audit_only_not_for_training_or_tuning
19,persist,182,1.0024506245723153,0.998351338451851,audit_only_not_for_training_or_tuning
19,persist,183,1.0026059417997277,0.998351338451851,audit_only_not_for_training_or_tuning
19,persist,184,1.0026565720345817,0.998351338451851,audit_only_not_for_training_or_tuning
19,persist,185,1.002337076190779,0.998351338451851,audit_only_not_for_training_or_tuning
19,persist,186,1.0025406852152132,0.998351338451851,audit_only_not_for_training_or_tuning
19,persist,187,1.0023128044791616,0.998351338451851,audit_only_not_for_training_or_tuning
19,persist,188,1.002344584115158,0.998351338451851,audit_only_not_for_training_or_tuning
19,persist,189,1.002194243627413,0.998351338451851,audit_only_not_for_training_or_tuning
19,persist,190,1.0024333126030662,0.998351338451851,audit_only_not_for_training_or_tuning
19,persist,191,1.0021291065314026,0.998351338451851,audit_only_not_for_training_or_tuning
19,persist,192,1.0021577200729324,0.998351338451851,audit_only_not_for_training_or_tuning
19,persist,193,1.0020324635711764,0.998351338451851,audit_only_not_for_training_or_tuning
19,persist,194,1.0018844245192404,0.998351338451851,audit_only_not_for_training_or_tuning
19,persist,195,1.0022251088677592,0.998351338451851,audit_only_not_for_training_or_tuning
19,persist,196,1.0021035305774577,0.998351338451851,audit_only_not_for_training_or_tuning
19,persist,197,1.002134116303851,0.998351338451851,audit_only_not_for_training_or_tuning
19,persist,198,1.0014962013861182,0.998351338451851,audit_only_not_for_training_or_tuning
19,persist,199,1.00193089966842,0.998351338451851,audit_only_not_for_training_or_tuning
19,persist,200,1.0019624665343037,0.998351338451851,audit_only_not_for_training_or_tuning
19,fusion_pbt_batterygpt,151,1.0029807419676633,0.9983272584154402,audit_only_not_for_training_or_tuning
19,fusion_pbt_batterygpt,152,1.0031744113867778,0.9983031783790295,audit_only_not_for_training_or_tuning
19,fusion_pbt_batterygpt,153,1.0028724571690988,0.9982790983426189,audit_only_not_for_training_or_tuning
19,fusion_pbt_batterygpt,154,1.0030657053985974,0.9982550183062081,audit_only_not_for_training_or_tuning
19,fusion_pbt_batterygpt,155,1.0026346207959091,0.9982309382697974,audit_only_not_for_training_or_tuning
19,fusion_pbt_batterygpt,156,1.0027339525471624,0.9982068582333866,audit_only_not_for_training_or_tuning
19,fusion_pbt_batterygpt,157,1.0033683697635873,0.9981827781969759,audit_only_not_for_training_or_tuning
19,fusion_pbt_batterygpt,158,1.002619043013438,0.9981586981605652,audit_only_not_for_training_or_tuning
19,fusion_pbt_batterygpt,159,1.0029682136514941,0.9981346181241545,audit_only_not_for_training_or_tuning
19,fusion_pbt_batterygpt,160,1.0027967434448883,0.9981105380877437,audit_only_not_for_training_or_tuning
19,fusion_pbt_batterygpt,161,1.0028933219208958,0.998086458051333,audit_only_not_for_training_or_tuning
19,fusion_pbt_batterygpt,162,1.00241067009924,0.9980623780149223,audit_only_not_for_training_or_tuning
19,fusion_pbt_batterygpt,163,1.0024144674881053,0.9980382979785116,audit_only_not_for_training_or_tuning
19,fusion_pbt_batterygpt,164,1.0022412197713917,0.9980142179421009,audit_only_not_for_training_or_tuning
19,fusion_pbt_batterygpt,165,1.002461143326148,0.9979901379056901,audit_only_not_for_training_or_tuning
19,fusion_pbt_batterygpt,166,1.0027119332869898,0.9979660578692794,audit_only_not_for_training_or_tuning
19,fusion_pbt_batterygpt,167,1.0028315494578566,0.9979419778328686,audit_only_not_for_training_or_tuning
19,fusion_pbt_batterygpt,168,1.0027278446368775,0.997917897796458,audit_only_not_for_training_or_tuning
19,fusion_pbt_batterygpt,169,1.0026010332128032,0.9978938177600473,audit_only_not_for_training_or_tuning
19,fusion_pbt_batterygpt,170,1.0028005546737393,0.9978697377236365,audit_only_not_for_training_or_tuning
19,fusion_pbt_batterygpt,171,1.0028211450956162,0.9978456576872258,audit_only_not_for_training_or_tuning
19,fusion_pbt_batterygpt,172,1.0031623052340037,0.997821577650815,audit_only_not_for_training_or_tuning
19,fusion_pbt_batterygpt,173,1.002776085977123,0.9977974976144044,audit_only_not_for_training_or_tuning
19,fusion_pbt_batterygpt,174,1.002356292498845,0.9977734175779936,audit_only_not_for_training_or_tuning
19,fusion_pbt_batterygpt,175,1.0021636712596087,0.9977493375415829,audit_only_not_for_training_or_tuning
19,fusion_pbt_batterygpt,176,1.0024525957901769,0.9977252575051722,audit_only_not_for_training_or_tuning
19,fusion_pbt_batterygpt,177,1.0024942849420215,0.9977011774687614,audit_only_not_for_training_or_tuning
19,fusion_pbt_batterygpt,178,1.0025922079260283,0.9976770974323508,audit_only_not_for_training_or_tuning
19,fusion_pbt_batterygpt,179,1.0023931291614794,0.99765301739594,audit_only_not_for_training_or_tuning
19,fusion_pbt_batterygpt,180,1.0028549807516538,0.9976289373595293,audit_only_not_for_training_or_tuning
19,fusion_pbt_batterygpt,181,1.002550056941974,0.9976048573231185,audit_only_not_for_training_or_tuning
19,fusion_pbt_batterygpt,182,1.0024506245723153,0.9975807772867078,audit_only_not_for_training_or_tuning
19,fusion_pbt_batterygpt,183,1.0026059417997277,0.9975566972502972,audit_only_not_for_training_or_tuning
19,fusion_pbt_batterygpt,184,1.0026565720345817,0.9975326172138864,audit_only_not_for_training_or_tuning
19,fusion_pbt_batterygpt,185,1.002337076190779,0.9975085371774757,audit_only_not_for_training_or_tuning
19,fusion_pbt_batterygpt,186,1.0025406852152132,0.9974844571410649,audit_only_not_for_training_or_tuning
19,fusion_pbt_batterygpt,187,1.0023128044791616,0.9974603771046542,audit_only_not_for_training_or_tuning
19,fusion_pbt_batterygpt,188,1.002344584115158,0.9974362970682435,audit_only_not_for_training_or_tuning
19,fusion_pbt_batterygpt,189,1.002194243627413,0.9974122170318328,audit_only_not_for_training_or_tuning
19,fusion_pbt_batterygpt,190,1.0024333126030662,0.9973881369954221,audit_only_not_for_training_or_tuning
19,fusion_pbt_batterygpt,191,1.0021291065314026,0.9973640569590113,audit_only_not_for_training_or_tuning
19,fusion_pbt_batterygpt,192,1.0021577200729324,0.9973399769226006,audit_only_not_for_training_or_tuning
19,fusion_pbt_batterygpt,193,1.0020324635711764,0.9973158968861899,audit_only_not_for_training_or_tuning
19,fusion_pbt_batterygpt,194,1.0018844245192404,0.9972918168497792,audit_only_not_for_training_or_tuning
19,fusion_pbt_batterygpt,195,1.0022251088677592,0.9972677368133684,audit_only_not_for_training_or_tuning
19,fusion_pbt_batterygpt,196,1.0021035305774577,0.9972436567769577,audit_only_not_for_training_or_tuning
19,fusion_pbt_batterygpt,197,1.002134116303851,0.997219576740547,audit_only_not_for_training_or_tuning
19,fusion_pbt_batterygpt,198,1.0014962013861182,0.9971954967041363,audit_only_not_for_training_or_tuning
19,fusion_pbt_batterygpt,199,1.00193089966842,0.9971714166677256,audit_only_not_for_training_or_tuning
19,fusion_pbt_batterygpt,200,1.0019624665343037,0.9971473366313148,audit_only_not_for_training_or_tuning
20,linear_recent,151,1.0011638414637103,0.9974799828690584,audit_only_not_for_training_or_tuning
20,linear_recent,152,1.0008592708165918,0.9974567572898227,audit_only_not_for_training_or_tuning
20,linear_recent,153,1.0006005585818827,0.9974335317105871,audit_only_not_for_training_or_tuning
20,linear_recent,154,1.0011410138373122,0.9974103061313515,audit_only_not_for_training_or_tuning
20,linear_recent,155,1.0004784180307555,0.9973870805521159,audit_only_not_for_training_or_tuning
20,linear_recent,156,1.0012140100704294,0.9973638549728803,audit_only_not_for_training_or_tuning
20,linear_recent,157,1.0005346465906506,0.9973406293936447,audit_only_not_for_training_or_tuning
20,linear_recent,158,1.000984801374173,0.997317403814409,audit_only_not_for_training_or_tuning
20,linear_recent,159,1.0011230466158172,0.9972941782351735,audit_only_not_for_training_or_tuning
20,linear_recent,160,1.0010869752208469,0.9972709526559379,audit_only_not_for_training_or_tuning
20,linear_recent,161,1.0013166327288405,0.9972477270767023,audit_only_not_for_training_or_tuning
20,linear_recent,162,1.0011631062095174,0.9972245014974667,audit_only_not_for_training_or_tuning
20,linear_recent,163,1.0007877623405732,0.997201275918231,audit_only_not_for_training_or_tuning
20,linear_recent,164,1.000838335097613,0.9971780503389954,audit_only_not_for_training_or_tuning
20,linear_recent,165,1.0003312037695544,0.9971548247597598,audit_only_not_for_training_or_tuning
20,linear_recent,166,1.0009301190339346,0.9971315991805242,audit_only_not_for_training_or_tuning
20,linear_recent,167,1.0010855457394527,0.9971083736012886,audit_only_not_for_training_or_tuning
20,linear_recent,168,1.0009595311896142,0.997085148022053,audit_only_not_for_training_or_tuning
20,linear_recent,169,1.0004690601303323,0.9970619224428173,audit_only_not_for_training_or_tuning
20,linear_recent,170,1.0011596934229476,0.9970386968635817,audit_only_not_for_training_or_tuning
20,linear_recent,171,1.001102142289386,0.9970154712843461,audit_only_not_for_training_or_tuning
20,linear_recent,172,1.0011679927411294,0.9969922457051105,audit_only_not_for_training_or_tuning
20,linear_recent,173,1.0003917019432063,0.9969690201258748,audit_only_not_for_training_or_tuning
20,linear_recent,174,1.0009403575202098,0.9969457945466392,audit_only_not_for_training_or_tuning
20,linear_recent,175,1.0004345169509428,0.9969225689674036,audit_only_not_for_training_or_tuning
20,linear_recent,176,1.0002015516617024,0.996899343388168,audit_only_not_for_training_or_tuning
20,linear_recent,177,0.9999633969427122,0.9968761178089324,audit_only_not_for_training_or_tuning
20,linear_recent,178,1.0000780760159929,0.9968528922296968,audit_only_not_for_training_or_tuning
20,linear_recent,179,1.000236997536148,0.9968296666504611,audit_only_not_for_training_or_tuning
20,linear_recent,180,0.9999195796041092,0.9968064410712255,audit_only_not_for_training_or_tuning
20,linear_recent,181,0.9998048305749816,0.9967832154919899,audit_only_not_for_training_or_tuning
20,linear_recent,182,0.9995473115228268,0.9967599899127543,audit_only_not_for_training_or_tuning
20,linear_recent,183,0.9995504355003714,0.9967367643335187,audit_only_not_for_training_or_tuning
20,linear_recent,184,0.9993851319397024,0.996713538754283,audit_only_not_for_training_or_tuning
20,linear_recent,185,0.9999046777537461,0.9966903131750474,audit_only_not_for_training_or_tuning
20,linear_recent,186,0.9999477384583141,0.9966670875958118,audit_only_not_for_training_or_tuning
20,linear_recent,187,0.9998966720461276,0.9966438620165762,audit_only_not_for_training_or_tuning
20,linear_recent,188,0.9999929763293482,0.9966206364373406,audit_only_not_for_training_or_tuning
20,linear_recent,189,0.9997321532468147,0.9965974108581049,audit_only_not_for_training_or_tuning
20,linear_recent,190,0.9999570873412765,0.9965741852788693,audit_only_not_for_training_or_tuning
20,linear_recent,191,0.9994865257290221,0.9965509596996337,audit_only_not_for_training_or_tuning
20,linear_recent,192,0.9995273731258532,0.9965277341203981,audit_only_not_for_training_or_tuning
20,linear_recent,193,0.9991499853579043,0.9965045085411625,audit_only_not_for_training_or_tuning
20,linear_recent,194,0.9992182637990008,0.9964812829619268,audit_only_not_for_training_or_tuning
20,linear_recent,195,0.9992853066046721,0.9964580573826912,audit_only_not_for_training_or_tuning
20,linear_recent,196,0.9998396729022916,0.9964348318034556,audit_only_not_for_training_or_tuning
20,linear_recent,197,1.0000414814628418,0.99641160622422,audit_only_not_for_training_or_tuning
20,linear_recent,198,0.9997380309453431,0.9963883806449844,audit_only_not_for_training_or_tuning
20,linear_recent,199,0.9996320162870141,0.9963651550657487,audit_only_not_for_training_or_tuning
20,linear_recent,200,0.9992706578671648,0.9963419294865131,audit_only_not_for_training_or_tuning
20,policy_mean,151,1.0011638414637103,0.9974831520339954,audit_only_not_for_training_or_tuning
20,policy_mean,152,1.0008592708165918,0.9974630956196968,audit_only_not_for_training_or_tuning
20,policy_mean,153,1.0006005585818827,0.9974430392053982,audit_only_not_for_training_or_tuning
20,policy_mean,154,1.0011410138373122,0.9974229827910995,audit_only_not_for_training_or_tuning
20,policy_mean,155,1.0004784180307555,0.997402926376801,audit_only_not_for_training_or_tuning
20,policy_mean,156,1.0012140100704294,0.9973828699625024,audit_only_not_for_training_or_tuning
20,policy_mean,157,1.0005346465906506,0.9973628135482038,audit_only_not_for_training_or_tuning
20,policy_mean,158,1.000984801374173,0.9973427571339051,audit_only_not_for_training_or_tuning
20,policy_mean,159,1.0011230466158172,0.9973227007196065,audit_only_not_for_training_or_tuning
20,policy_mean,160,1.0010869752208469,0.9973026443053079,audit_only_not_for_training_or_tuning
20,policy_mean,161,1.0013166327288405,0.9972825878910093,audit_only_not_for_training_or_tuning
20,policy_mean,162,1.0011631062095174,0.9972625314767106,audit_only_not_for_training_or_tuning
20,policy_mean,163,1.0007877623405732,0.997242475062412,audit_only_not_for_training_or_tuning
20,policy_mean,164,1.000838335097613,0.9972224186481135,audit_only_not_for_training_or_tuning
20,policy_mean,165,1.0003312037695544,0.9972023622338149,audit_only_not_for_training_or_tuning
20,policy_mean,166,1.0009301190339346,0.9971823058195162,audit_only_not_for_training_or_tuning
20,policy_mean,167,1.0010855457394527,0.9971622494052176,audit_only_not_for_training_or_tuning
20,policy_mean,168,1.0009595311896142,0.997142192990919,audit_only_not_for_training_or_tuning
20,policy_mean,169,1.0004690601303323,0.9971221365766204,audit_only_not_for_training_or_tuning
20,policy_mean,170,1.0011596934229476,0.9971020801623217,audit_only_not_for_training_or_tuning
20,policy_mean,171,1.001102142289386,0.9970820237480231,audit_only_not_for_training_or_tuning
20,policy_mean,172,1.0011679927411294,0.9970619673337245,audit_only_not_for_training_or_tuning
20,policy_mean,173,1.0003917019432063,0.997041910919426,audit_only_not_for_training_or_tuning
20,policy_mean,174,1.0009403575202098,0.9970218545051273,audit_only_not_for_training_or_tuning
20,policy_mean,175,1.0004345169509428,0.9970017980908287,audit_only_not_for_training_or_tuning
20,policy_mean,176,1.0002015516617024,0.9969817416765301,audit_only_not_for_training_or_tuning
20,policy_mean,177,0.9999633969427122,0.9969616852622315,audit_only_not_for_training_or_tuning
20,policy_mean,178,1.0000780760159929,0.9969416288479328,audit_only_not_for_training_or_tuning
20,policy_mean,179,1.000236997536148,0.9969215724336342,audit_only_not_for_training_or_tuning
20,policy_mean,180,0.9999195796041092,0.9969015160193356,audit_only_not_for_training_or_tuning
20,policy_mean,181,0.9998048305749816,0.996881459605037,audit_only_not_for_training_or_tuning
20,policy_mean,182,0.9995473115228268,0.9968614031907383,audit_only_not_for_training_or_tuning
20,policy_mean,183,0.9995504355003714,0.9968413467764398,audit_only_not_for_training_or_tuning
20,policy_mean,184,0.9993851319397024,0.9968212903621412,audit_only_not_for_training_or_tuning
20,policy_mean,185,0.9999046777537461,0.9968012339478426,audit_only_not_for_training_or_tuning
20,policy_mean,186,0.9999477384583141,0.9967811775335439,audit_only_not_for_training_or_tuning
20,policy_mean,187,0.9998966720461276,0.9967611211192453,audit_only_not_for_training_or_tuning
20,policy_mean,188,0.9999929763293482,0.9967410647049467,audit_only_not_for_training_or_tuning
20,policy_mean,189,0.9997321532468147,0.9967210082906481,audit_only_not_for_training_or_tuning
20,policy_mean,190,0.9999570873412765,0.9967009518763494,audit_only_not_for_training_or_tuning
20,policy_mean,191,0.9994865257290221,0.9966808954620509,audit_only_not_for_training_or_tuning
20,policy_mean,192,0.9995273731258532,0.9966608390477523,audit_only_not_for_training_or_tuning
20,policy_mean,193,0.9991499853579043,0.9966407826334537,audit_only_not_for_training_or_tuning
20,policy_mean,194,0.9992182637990008,0.996620726219155,audit_only_not_for_training_or_tuning
20,policy_mean,195,0.9992853066046721,0.9966006698048564,audit_only_not_for_training_or_tuning
20,policy_mean,196,0.9998396729022916,0.9965806133905578,audit_only_not_for_training_or_tuning
20,policy_mean,197,1.0000414814628418,0.9965605569762592,audit_only_not_for_training_or_tuning
20,policy_mean,198,0.9997380309453431,0.9965405005619605,audit_only_not_for_training_or_tuning
20,policy_mean,199,0.9996320162870141,0.9965204441476619,audit_only_not_for_training_or_tuning
20,policy_mean,200,0.9992706578671648,0.9965003877333634,audit_only_not_for_training_or_tuning
20,persist,151,1.0011638414637103,0.997503208448294,audit_only_not_for_training_or_tuning
20,persist,152,1.0008592708165918,0.997503208448294,audit_only_not_for_training_or_tuning
20,persist,153,1.0006005585818827,0.997503208448294,audit_only_not_for_training_or_tuning
20,persist,154,1.0011410138373122,0.997503208448294,audit_only_not_for_training_or_tuning
20,persist,155,1.0004784180307555,0.997503208448294,audit_only_not_for_training_or_tuning
20,persist,156,1.0012140100704294,0.997503208448294,audit_only_not_for_training_or_tuning
20,persist,157,1.0005346465906506,0.997503208448294,audit_only_not_for_training_or_tuning
20,persist,158,1.000984801374173,0.997503208448294,audit_only_not_for_training_or_tuning
20,persist,159,1.0011230466158172,0.997503208448294,audit_only_not_for_training_or_tuning
20,persist,160,1.0010869752208469,0.997503208448294,audit_only_not_for_training_or_tuning
20,persist,161,1.0013166327288405,0.997503208448294,audit_only_not_for_training_or_tuning
20,persist,162,1.0011631062095174,0.997503208448294,audit_only_not_for_training_or_tuning
20,persist,163,1.0007877623405732,0.997503208448294,audit_only_not_for_training_or_tuning
20,persist,164,1.000838335097613,0.997503208448294,audit_only_not_for_training_or_tuning
20,persist,165,1.0003312037695544,0.997503208448294,audit_only_not_for_training_or_tuning
20,persist,166,1.0009301190339346,0.997503208448294,audit_only_not_for_training_or_tuning
20,persist,167,1.0010855457394527,0.997503208448294,audit_only_not_for_training_or_tuning
20,persist,168,1.0009595311896142,0.997503208448294,audit_only_not_for_training_or_tuning
20,persist,169,1.0004690601303323,0.997503208448294,audit_only_not_for_training_or_tuning
20,persist,170,1.0011596934229476,0.997503208448294,audit_only_not_for_training_or_tuning
20,persist,171,1.001102142289386,0.997503208448294,audit_only_not_for_training_or_tuning
20,persist,172,1.0011679927411294,0.997503208448294,audit_only_not_for_training_or_tuning
20,persist,173,1.0003917019432063,0.997503208448294,audit_only_not_for_training_or_tuning
20,persist,174,1.0009403575202098,0.997503208448294,audit_only_not_for_training_or_tuning
20,persist,175,1.0004345169509428,0.997503208448294,audit_only_not_for_training_or_tuning
20,persist,176,1.0002015516617024,0.997503208448294,audit_only_not_for_training_or_tuning
20,persist,177,0.9999633969427122,0.997503208448294,audit_only_not_for_training_or_tuning
20,persist,178,1.0000780760159929,0.997503208448294,audit_only_not_for_training_or_tuning
20,persist,179,1.000236997536148,0.997503208448294,audit_only_not_for_training_or_tuning
20,persist,180,0.9999195796041092,0.997503208448294,audit_only_not_for_training_or_tuning
20,persist,181,0.9998048305749816,0.997503208448294,audit_only_not_for_training_or_tuning
20,persist,182,0.9995473115228268,0.997503208448294,audit_only_not_for_training_or_tuning
20,persist,183,0.9995504355003714,0.997503208448294,audit_only_not_for_training_or_tuning
20,persist,184,0.9993851319397024,0.997503208448294,audit_only_not_for_training_or_tuning
20,persist,185,0.9999046777537461,0.997503208448294,audit_only_not_for_training_or_tuning
20,persist,186,0.9999477384583141,0.997503208448294,audit_only_not_for_training_or_tuning
20,persist,187,0.9998966720461276,0.997503208448294,audit_only_not_for_training_or_tuning
20,persist,188,0.9999929763293482,0.997503208448294,audit_only_not_for_training_or_tuning
20,persist,189,0.9997321532468147,0.997503208448294,audit_only_not_for_training_or_tuning
20,persist,190,0.9999570873412765,0.997503208448294,audit_only_not_for_training_or_tuning
20,persist,191,0.9994865257290221,0.997503208448294,audit_only_not_for_training_or_tuning
20,persist,192,0.9995273731258532,0.997503208448294,audit_only_not_for_training_or_tuning
20,persist,193,0.9991499853579043,0.997503208448294,audit_only_not_for_training_or_tuning
20,persist,194,0.9992182637990008,0.997503208448294,audit_only_not_for_training_or_tuning
20,persist,195,0.9992853066046721,0.997503208448294,audit_only_not_for_training_or_tuning
20,persist,196,0.9998396729022916,0.997503208448294,audit_only_not_for_training_or_tuning
20,persist,197,1.0000414814628418,0.997503208448294,audit_only_not_for_training_or_tuning
20,persist,198,0.9997380309453431,0.997503208448294,audit_only_not_for_training_or_tuning
20,persist,199,0.9996320162870141,0.997503208448294,audit_only_not_for_training_or_tuning
20,persist,200,0.9992706578671648,0.997503208448294,audit_only_not_for_training_or_tuning
20,fusion_pbt_batterygpt,151,1.0011638414637103,0.99748245703474,audit_only_not_for_training_or_tuning
20,fusion_pbt_batterygpt,152,1.0008592708165918,0.9974617056211862,audit_only_not_for_training_or_tuning
20,fusion_pbt_batterygpt,153,1.0006005585818827,0.9974409542076322,audit_only_not_for_training_or_tuning
20,fusion_pbt_batterygpt,154,1.0011410138373122,0.9974202027940783,audit_only_not_for_training_or_tuning
20,fusion_pbt_batterygpt,155,1.0004784180307555,0.9973994513805243,audit_only_not_for_training_or_tuning
20,fusion_pbt_batterygpt,156,1.0012140100704294,0.9973786999669705,audit_only_not_for_training_or_tuning
20,fusion_pbt_batterygpt,157,1.0005346465906506,0.9973579485534165,audit_only_not_for_training_or_tuning
20,fusion_pbt_batterygpt,158,1.000984801374173,0.9973371971398626,audit_only_not_for_training_or_tuning
20,fusion_pbt_batterygpt,159,1.0011230466158172,0.9973164457263087,audit_only_not_for_training_or_tuning
20,fusion_pbt_batterygpt,160,1.0010869752208469,0.9972956943127548,audit_only_not_for_training_or_tuning
20,fusion_pbt_batterygpt,161,1.0013166327288405,0.9972749428992008,audit_only_not_for_training_or_tuning
20,fusion_pbt_batterygpt,162,1.0011631062095174,0.9972541914856469,audit_only_not_for_training_or_tuning
20,fusion_pbt_batterygpt,163,1.0007877623405732,0.997233440072093,audit_only_not_for_training_or_tuning
20,fusion_pbt_batterygpt,164,1.000838335097613,0.9972126886585391,audit_only_not_for_training_or_tuning
20,fusion_pbt_batterygpt,165,1.0003312037695544,0.9971919372449851,audit_only_not_for_training_or_tuning
20,fusion_pbt_batterygpt,166,1.0009301190339346,0.9971711858314312,audit_only_not_for_training_or_tuning
20,fusion_pbt_batterygpt,167,1.0010855457394527,0.9971504344178773,audit_only_not_for_training_or_tuning
20,fusion_pbt_batterygpt,168,1.0009595311896142,0.9971296830043234,audit_only_not_for_training_or_tuning
20,fusion_pbt_batterygpt,169,1.0004690601303323,0.9971089315907694,audit_only_not_for_training_or_tuning
20,fusion_pbt_batterygpt,170,1.0011596934229476,0.9970881801772156,audit_only_not_for_training_or_tuning
20,fusion_pbt_batterygpt,171,1.001102142289386,0.9970674287636616,audit_only_not_for_training_or_tuning
20,fusion_pbt_batterygpt,172,1.0011679927411294,0.9970466773501077,audit_only_not_for_training_or_tuning
20,fusion_pbt_batterygpt,173,1.0003917019432063,0.9970259259365537,audit_only_not_for_training_or_tuning
20,fusion_pbt_batterygpt,174,1.0009403575202098,0.9970051745229999,audit_only_not_for_training_or_tuning
20,fusion_pbt_batterygpt,175,1.0004345169509428,0.9969844231094459,audit_only_not_for_training_or_tuning
20,fusion_pbt_batterygpt,176,1.0002015516617024,0.996963671695892,audit_only_not_for_training_or_tuning
20,fusion_pbt_batterygpt,177,0.9999633969427122,0.9969429202823381,audit_only_not_for_training_or_tuning
20,fusion_pbt_batterygpt,178,1.0000780760159929,0.9969221688687842,audit_only_not_for_training_or_tuning
20,fusion_pbt_batterygpt,179,1.000236997536148,0.9969014174552302,audit_only_not_for_training_or_tuning
20,fusion_pbt_batterygpt,180,0.9999195796041092,0.9968806660416762,audit_only_not_for_training_or_tuning
20,fusion_pbt_batterygpt,181,0.9998048305749816,0.9968599146281224,audit_only_not_for_training_or_tuning
20,fusion_pbt_batterygpt,182,0.9995473115228268,0.9968391632145684,audit_only_not_for_training_or_tuning
20,fusion_pbt_batterygpt,183,0.9995504355003714,0.9968184118010145,audit_only_not_for_training_or_tuning
20,fusion_pbt_batterygpt,184,0.9993851319397024,0.9967976603874606,audit_only_not_for_training_or_tuning
20,fusion_pbt_batterygpt,185,0.9999046777537461,0.9967769089739067,audit_only_not_for_training_or_tuning
20,fusion_pbt_batterygpt,186,0.9999477384583141,0.9967561575603527,audit_only_not_for_training_or_tuning
20,fusion_pbt_batterygpt,187,0.9998966720461276,0.9967354061467988,audit_only_not_for_training_or_tuning
20,fusion_pbt_batterygpt,188,0.9999929763293482,0.9967146547332449,audit_only_not_for_training_or_tuning
20,fusion_pbt_batterygpt,189,0.9997321532468147,0.996693903319691,audit_only_not_for_training_or_tuning
20,fusion_pbt_batterygpt,190,0.9999570873412765,0.996673151906137,audit_only_not_for_training_or_tuning
20,fusion_pbt_batterygpt,191,0.9994865257290221,0.9966524004925831,audit_only_not_for_training_or_tuning
20,fusion_pbt_batterygpt,192,0.9995273731258532,0.9966316490790292,audit_only_not_for_training_or_tuning
20,fusion_pbt_batterygpt,193,0.9991499853579043,0.9966108976654753,audit_only_not_for_training_or_tuning
20,fusion_pbt_batterygpt,194,0.9992182637990008,0.9965901462519213,audit_only_not_for_training_or_tuning
20,fusion_pbt_batterygpt,195,0.9992853066046721,0.9965693948383675,audit_only_not_for_training_or_tuning
20,fusion_pbt_batterygpt,196,0.9998396729022916,0.9965486434248135,audit_only_not_for_training_or_tuning
20,fusion_pbt_batterygpt,197,1.0000414814628418,0.9965278920112596,audit_only_not_for_training_or_tuning
20,fusion_pbt_batterygpt,198,0.9997380309453431,0.9965071405977056,audit_only_not_for_training_or_tuning
20,fusion_pbt_batterygpt,199,0.9996320162870141,0.9964863891841518,audit_only_not_for_training_or_tuning
20,fusion_pbt_batterygpt,200,0.9992706578671648,0.9964656377705978,audit_only_not_for_training_or_tuning
21,linear_recent,151,0.9984602503890051,0.9956338153211781,audit_only_not_for_training_or_tuning
21,linear_recent,152,0.9984117676313317,0.9955909028730231,audit_only_not_for_training_or_tuning
21,linear_recent,153,0.9988003244383342,0.995547990424868,audit_only_not_for_training_or_tuning
21,linear_recent,154,0.9984633451544702,0.995505077976713,audit_only_not_for_training_or_tuning
21,linear_recent,155,0.9986488298283984,0.9954621655285579,audit_only_not_for_training_or_tuning
21,linear_recent,156,0.9984182123802956,0.9954192530804029,audit_only_not_for_training_or_tuning
21,linear_recent,157,0.9983110601870496,0.9953763406322478,audit_only_not_for_training_or_tuning
21,linear_recent,158,0.9982776418013756,0.9953334281840928,audit_only_not_for_training_or_tuning
21,linear_recent,159,0.9988005363668283,0.9952905157359377,audit_only_not_for_training_or_tuning
21,linear_recent,160,0.9987755438673185,0.9952476032877827,audit_only_not_for_training_or_tuning
21,linear_recent,161,0.9985885525615896,0.9952046908396276,audit_only_not_for_training_or_tuning
21,linear_recent,162,0.9984791678558007,0.9951617783914726,audit_only_not_for_training_or_tuning
21,linear_recent,163,0.9978587131735501,0.9951188659433176,audit_only_not_for_training_or_tuning
21,linear_recent,164,0.9974384087531941,0.9950759534951625,audit_only_not_for_training_or_tuning
21,linear_recent,165,0.9977736121498995,0.9950330410470074,audit_only_not_for_training_or_tuning
21,linear_recent,166,0.99792313476445,0.9949901285988524,audit_only_not_for_training_or_tuning
21,linear_recent,167,0.9976940475771467,0.9949472161506974,audit_only_not_for_training_or_tuning
21,linear_recent,168,0.997920876098281,0.9949043037025423,audit_only_not_for_training_or_tuning
21,linear_recent,169,0.9978226068297802,0.9948613912543873,audit_only_not_for_training_or_tuning
21,linear_recent,170,0.9977372200067233,0.9948184788062322,audit_only_not_for_training_or_tuning
21,linear_recent,171,0.9979657376290979,0.9947755663580772,audit_only_not_for_training_or_tuning
21,linear_recent,172,0.997733875061618,0.9947326539099222,audit_only_not_for_training_or_tuning
21,linear_recent,173,0.9980564035121713,0.9946897414617671,audit_only_not_for_training_or_tuning
21,linear_recent,174,0.9977988351044361,0.994646829013612,audit_only_not_for_training_or_tuning
21,linear_recent,175,0.997650938259301,0.994603916565457,audit_only_not_for_training_or_tuning
21,linear_recent,176,0.9979609664921839,0.994561004117302,audit_only_not_for_training_or_tuning
21,linear_recent,177,0.9972455156414803,0.994518091669147,audit_only_not_for_training_or_tuning
21,linear_recent,178,0.9972432302015288,0.9944751792209918,audit_only_not_for_training_or_tuning
21,linear_recent,179,0.99725001166817,0.9944322667728368,audit_only_not_for_training_or_tuning
21,linear_recent,180,0.9966317799718263,0.9943893543246818,audit_only_not_for_training_or_tuning
21,linear_recent,181,0.9976266188796352,0.9943464418765268,audit_only_not_for_training_or_tuning
21,linear_recent,182,0.9974148491403547,0.9943035294283717,audit_only_not_for_training_or_tuning
21,linear_recent,183,0.9965114180935066,0.9942606169802166,audit_only_not_for_training_or_tuning
21,linear_recent,184,0.9969414172291099,0.9942177045320616,audit_only_not_for_training_or_tuning
21,linear_recent,185,0.99662798451957,0.9941747920839066,audit_only_not_for_training_or_tuning
21,linear_recent,186,0.9967943223751361,0.9941318796357516,audit_only_not_for_training_or_tuning
21,linear_recent,187,0.9968592784241026,0.9940889671875964,audit_only_not_for_training_or_tuning
21,linear_recent,188,0.996791432184319,0.9940460547394414,audit_only_not_for_training_or_tuning
21,linear_recent,189,0.9969278478517893,0.9940031422912864,audit_only_not_for_training_or_tuning
21,linear_recent,190,0.9967515065332075,0.9939602298431314,audit_only_not_for_training_or_tuning
21,linear_recent,191,0.9969785632100843,0.9939173173949762,audit_only_not_for_training_or_tuning
21,linear_recent,192,0.9967376717382155,0.9938744049468212,audit_only_not_for_training_or_tuning
21,linear_recent,193,0.9967765993375017,0.9938314924986662,audit_only_not_for_training_or_tuning
21,linear_recent,194,0.9968534883029817,0.9937885800505112,audit_only_not_for_training_or_tuning
21,linear_recent,195,0.9966121680172793,0.993745667602356,audit_only_not_for_training_or_tuning
21,linear_recent,196,0.9967276589618718,0.993702755154201,audit_only_not_for_training_or_tuning
21,linear_recent,197,0.9967173333991989,0.993659842706046,audit_only_not_for_training_or_tuning
21,linear_recent,198,0.9969198571180667,0.993616930257891,audit_only_not_for_training_or_tuning
21,linear_recent,199,0.9964102111167059,0.993574017809736,audit_only_not_for_training_or_tuning
21,linear_recent,200,0.9964418524104658,0.9935311053615808,audit_only_not_for_training_or_tuning
21,policy_mean,151,0.9984602503890051,0.9956544213602256,audit_only_not_for_training_or_tuning
21,policy_mean,152,0.9984117676313317,0.9956321149511184,audit_only_not_for_training_or_tuning
21,policy_mean,153,0.9988003244383342,0.995609808542011,audit_only_not_for_training_or_tuning
21,policy_mean,154,0.9984633451544702,0.9955875021329037,audit_only_not_for_training_or_tuning
21,policy_mean,155,0.9986488298283984,0.9955651957237963,audit_only_not_for_training_or_tuning
21,policy_mean,156,0.9984182123802956,0.9955428893146889,audit_only_not_for_training_or_tuning
21,policy_mean,157,0.9983110601870496,0.9955205829055817,audit_only_not_for_training_or_tuning
21,policy_mean,158,0.9982776418013756,0.9954982764964743,audit_only_not_for_training_or_tuning
21,policy_mean,159,0.9988005363668283,0.995475970087367,audit_only_not_for_training_or_tuning
21,policy_mean,160,0.9987755438673185,0.9954536636782596,audit_only_not_for_training_or_tuning
21,policy_mean,161,0.9985885525615896,0.9954313572691523,audit_only_not_for_training_or_tuning
21,policy_mean,162,0.9984791678558007,0.9954090508600449,audit_only_not_for_training_or_tuning
21,policy_mean,163,0.9978587131735501,0.9953867444509377,audit_only_not_for_training_or_tuning
21,policy_mean,164,0.9974384087531941,0.9953644380418303,audit_only_not_for_training_or_tuning
21,policy_mean,165,0.9977736121498995,0.995342131632723,audit_only_not_for_training_or_tuning
21,policy_mean,166,0.99792313476445,0.9953198252236156,audit_only_not_for_training_or_tuning
21,policy_mean,167,0.9976940475771467,0.9952975188145083,audit_only_not_for_training_or_tuning
21,policy_mean,168,0.997920876098281,0.995275212405401,audit_only_not_for_training_or_tuning
21,policy_mean,169,0.9978226068297802,0.9952529059962936,audit_only_not_for_training_or_tuning
21,policy_mean,170,0.9977372200067233,0.9952305995871863,audit_only_not_for_training_or_tuning
21,policy_mean,171,0.9979657376290979,0.9952082931780789,audit_only_not_for_training_or_tuning
21,policy_mean,172,0.997733875061618,0.9951859867689716,audit_only_not_for_training_or_tuning
21,policy_mean,173,0.9980564035121713,0.9951636803598642,audit_only_not_for_training_or_tuning
21,policy_mean,174,0.9977988351044361,0.995141373950757,audit_only_not_for_training_or_tuning
21,policy_mean,175,0.997650938259301,0.9951190675416496,audit_only_not_for_training_or_tuning
21,policy_mean,176,0.9979609664921839,0.9950967611325423,audit_only_not_for_training_or_tuning
21,policy_mean,177,0.9972455156414803,0.9950744547234349,audit_only_not_for_training_or_tuning
21,policy_mean,178,0.9972432302015288,0.9950521483143276,audit_only_not_for_training_or_tuning
21,policy_mean,179,0.99725001166817,0.9950298419052203,audit_only_not_for_training_or_tuning
21,policy_mean,180,0.9966317799718263,0.9950075354961129,audit_only_not_for_training_or_tuning
21,policy_mean,181,0.9976266188796352,0.9949852290870056,audit_only_not_for_training_or_tuning
21,policy_mean,182,0.9974148491403547,0.9949629226778982,audit_only_not_for_training_or_tuning
21,policy_mean,183,0.9965114180935066,0.9949406162687909,audit_only_not_for_training_or_tuning
21,policy_mean,184,0.9969414172291099,0.9949183098596835,audit_only_not_for_training_or_tuning
21,policy_mean,185,0.99662798451957,0.9948960034505763,audit_only_not_for_training_or_tuning
21,policy_mean,186,0.9967943223751361,0.9948736970414689,audit_only_not_for_training_or_tuning
21,policy_mean,187,0.9968592784241026,0.9948513906323616,audit_only_not_for_training_or_tuning
21,policy_mean,188,0.996791432184319,0.9948290842232542,audit_only_not_for_training_or_tuning
21,policy_mean,189,0.9969278478517893,0.994806777814147,audit_only_not_for_training_or_tuning
21,policy_mean,190,0.9967515065332075,0.9947844714050396,audit_only_not_for_training_or_tuning
21,policy_mean,191,0.9969785632100843,0.9947621649959323,audit_only_not_for_training_or_tuning
21,policy_mean,192,0.9967376717382155,0.9947398585868249,audit_only_not_for_training_or_tuning
21,policy_mean,193,0.9967765993375017,0.9947175521777175,audit_only_not_for_training_or_tuning
21,policy_mean,194,0.9968534883029817,0.9946952457686102,audit_only_not_for_training_or_tuning
21,policy_mean,195,0.9966121680172793,0.9946729393595029,audit_only_not_for_training_or_tuning
21,policy_mean,196,0.9967276589618718,0.9946506329503956,audit_only_not_for_training_or_tuning
21,policy_mean,197,0.9967173333991989,0.9946283265412882,audit_only_not_for_training_or_tuning
21,policy_mean,198,0.9969198571180667,0.9946060201321809,audit_only_not_for_training_or_tuning
21,policy_mean,199,0.9964102111167059,0.9945837137230735,audit_only_not_for_training_or_tuning
21,policy_mean,200,0.9964418524104658,0.9945614073139663,audit_only_not_for_training_or_tuning
21,persist,151,0.9984602503890051,0.995676727769333,audit_only_not_for_training_or_tuning
21,persist,152,0.9984117676313317,0.995676727769333,audit_only_not_for_training_or_tuning
21,persist,153,0.9988003244383342,0.995676727769333,audit_only_not_for_training_or_tuning
21,persist,154,0.9984633451544702,0.995676727769333,audit_only_not_for_training_or_tuning
21,persist,155,0.9986488298283984,0.995676727769333,audit_only_not_for_training_or_tuning
21,persist,156,0.9984182123802956,0.995676727769333,audit_only_not_for_training_or_tuning
21,persist,157,0.9983110601870496,0.995676727769333,audit_only_not_for_training_or_tuning
21,persist,158,0.9982776418013756,0.995676727769333,audit_only_not_for_training_or_tuning
21,persist,159,0.9988005363668283,0.995676727769333,audit_only_not_for_training_or_tuning
21,persist,160,0.9987755438673185,0.995676727769333,audit_only_not_for_training_or_tuning
21,persist,161,0.9985885525615896,0.995676727769333,audit_only_not_for_training_or_tuning
21,persist,162,0.9984791678558007,0.995676727769333,audit_only_not_for_training_or_tuning
21,persist,163,0.9978587131735501,0.995676727769333,audit_only_not_for_training_or_tuning
21,persist,164,0.9974384087531941,0.995676727769333,audit_only_not_for_training_or_tuning
21,persist,165,0.9977736121498995,0.995676727769333,audit_only_not_for_training_or_tuning
21,persist,166,0.99792313476445,0.995676727769333,audit_only_not_for_training_or_tuning
21,persist,167,0.9976940475771467,0.995676727769333,audit_only_not_for_training_or_tuning
21,persist,168,0.997920876098281,0.995676727769333,audit_only_not_for_training_or_tuning
21,persist,169,0.9978226068297802,0.995676727769333,audit_only_not_for_training_or_tuning
21,persist,170,0.9977372200067233,0.995676727769333,audit_only_not_for_training_or_tuning
21,persist,171,0.9979657376290979,0.995676727769333,audit_only_not_for_training_or_tuning
21,persist,172,0.997733875061618,0.995676727769333,audit_only_not_for_training_or_tuning
21,persist,173,0.9980564035121713,0.995676727769333,audit_only_not_for_training_or_tuning
21,persist,174,0.9977988351044361,0.995676727769333,audit_only_not_for_training_or_tuning
21,persist,175,0.997650938259301,0.995676727769333,audit_only_not_for_training_or_tuning
21,persist,176,0.9979609664921839,0.995676727769333,audit_only_not_for_training_or_tuning
21,persist,177,0.9972455156414803,0.995676727769333,audit_only_not_for_training_or_tuning
21,persist,178,0.9972432302015288,0.995676727769333,audit_only_not_for_training_or_tuning
21,persist,179,0.99725001166817,0.995676727769333,audit_only_not_for_training_or_tuning
21,persist,180,0.9966317799718263,0.995676727769333,audit_only_not_for_training_or_tuning
21,persist,181,0.9976266188796352,0.995676727769333,audit_only_not_for_training_or_tuning
21,persist,182,0.9974148491403547,0.995676727769333,audit_only_not_for_training_or_tuning
21,persist,183,0.9965114180935066,0.995676727769333,audit_only_not_for_training_or_tuning
21,persist,184,0.9969414172291099,0.995676727769333,audit_only_not_for_training_or_tuning
21,persist,185,0.99662798451957,0.995676727769333,audit_only_not_for_training_or_tuning
21,persist,186,0.9967943223751361,0.995676727769333,audit_only_not_for_training_or_tuning
21,persist,187,0.9968592784241026,0.995676727769333,audit_only_not_for_training_or_tuning
21,persist,188,0.996791432184319,0.995676727769333,audit_only_not_for_training_or_tuning
21,persist,189,0.9969278478517893,0.995676727769333,audit_only_not_for_training_or_tuning
21,persist,190,0.9967515065332075,0.995676727769333,audit_only_not_for_training_or_tuning
21,persist,191,0.9969785632100843,0.995676727769333,audit_only_not_for_training_or_tuning
21,persist,192,0.9967376717382155,0.995676727769333,audit_only_not_for_training_or_tuning
21,persist,193,0.9967765993375017,0.995676727769333,audit_only_not_for_training_or_tuning
21,persist,194,0.9968534883029817,0.995676727769333,audit_only_not_for_training_or_tuning
21,persist,195,0.9966121680172793,0.995676727769333,audit_only_not_for_training_or_tuning
21,persist,196,0.9967276589618718,0.995676727769333,audit_only_not_for_training_or_tuning
21,persist,197,0.9967173333991989,0.995676727769333,audit_only_not_for_training_or_tuning
21,persist,198,0.9969198571180667,0.995676727769333,audit_only_not_for_training_or_tuning
21,persist,199,0.9964102111167059,0.995676727769333,audit_only_not_for_training_or_tuning
21,persist,200,0.9964418524104658,0.995676727769333,audit_only_not_for_training_or_tuning
21,fusion_pbt_batterygpt,151,0.9984602503890051,0.9956264622222932,audit_only_not_for_training_or_tuning
21,fusion_pbt_batterygpt,152,0.9984117676313317,0.9955761966752533,audit_only_not_for_training_or_tuning
21,fusion_pbt_batterygpt,153,0.9988003244383342,0.9955259311282135,audit_only_not_for_training_or_tuning
21,fusion_pbt_batterygpt,154,0.9984633451544702,0.9954756655811737,audit_only_not_for_training_or_tuning
21,fusion_pbt_batterygpt,155,0.9986488298283984,0.9954254000341339,audit_only_not_for_training_or_tuning
21,fusion_pbt_batterygpt,156,0.9984182123802956,0.995375134487094,audit_only_not_for_training_or_tuning
21,fusion_pbt_batterygpt,157,0.9983110601870496,0.9953248689400542,audit_only_not_for_training_or_tuning
21,fusion_pbt_batterygpt,158,0.9982776418013756,0.9952746033930144,audit_only_not_for_training_or_tuning
21,fusion_pbt_batterygpt,159,0.9988005363668283,0.9952243378459745,audit_only_not_for_training_or_tuning
21,fusion_pbt_batterygpt,160,0.9987755438673185,0.9951740722989347,audit_only_not_for_training_or_tuning
21,fusion_pbt_batterygpt,161,0.9985885525615896,0.9951238067518949,audit_only_not_for_training_or_tuning
21,fusion_pbt_batterygpt,162,0.9984791678558007,0.9950735412048551,audit_only_not_for_training_or_tuning
21,fusion_pbt_batterygpt,163,0.9978587131735501,0.9950232756578152,audit_only_not_for_training_or_tuning
21,fusion_pbt_batterygpt,164,0.9974384087531941,0.9949730101107754,audit_only_not_for_training_or_tuning
21,fusion_pbt_batterygpt,165,0.9977736121498995,0.9949227445637356,audit_only_not_for_training_or_tuning
21,fusion_pbt_batterygpt,166,0.99792313476445,0.9948724790166958,audit_only_not_for_training_or_tuning
21,fusion_pbt_batterygpt,167,0.9976940475771467,0.9948222134696559,audit_only_not_for_training_or_tuning
21,fusion_pbt_batterygpt,168,0.997920876098281,0.9947719479226161,audit_only_not_for_training_or_tuning
21,fusion_pbt_batterygpt,169,0.9978226068297802,0.9947216823755763,audit_only_not_for_training_or_tuning
21,fusion_pbt_batterygpt,170,0.9977372200067233,0.9946714168285364,audit_only_not_for_training_or_tuning
21,fusion_pbt_batterygpt,171,0.9979657376290979,0.9946211512814966,audit_only_not_for_training_or_tuning
21,fusion_pbt_batterygpt,172,0.997733875061618,0.9945708857344568,audit_only_not_for_training_or_tuning
21,fusion_pbt_batterygpt,173,0.9980564035121713,0.994520620187417,audit_only_not_for_training_or_tuning
21,fusion_pbt_batterygpt,174,0.9977988351044361,0.9944703546403771,audit_only_not_for_training_or_tuning
21,fusion_pbt_batterygpt,175,0.997650938259301,0.9944200890933373,audit_only_not_for_training_or_tuning
21,fusion_pbt_batterygpt,176,0.9979609664921839,0.9943698235462975,audit_only_not_for_training_or_tuning
21,fusion_pbt_batterygpt,177,0.9972455156414803,0.9943195579992576,audit_only_not_for_training_or_tuning
21,fusion_pbt_batterygpt,178,0.9972432302015288,0.9942692924522178,audit_only_not_for_training_or_tuning
21,fusion_pbt_batterygpt,179,0.99725001166817,0.994219026905178,audit_only_not_for_training_or_tuning
21,fusion_pbt_batterygpt,180,0.9966317799718263,0.9941687613581383,audit_only_not_for_training_or_tuning
21,fusion_pbt_batterygpt,181,0.9976266188796352,0.9941184958110983,audit_only_not_for_training_or_tuning
21,fusion_pbt_batterygpt,182,0.9974148491403547,0.9940682302640585,audit_only_not_for_training_or_tuning
21,fusion_pbt_batterygpt,183,0.9965114180935066,0.9940179647170188,audit_only_not_for_training_or_tuning
21,fusion_pbt_batterygpt,184,0.9969414172291099,0.9939676991699788,audit_only_not_for_training_or_tuning
21,fusion_pbt_batterygpt,185,0.99662798451957,0.993917433622939,audit_only_not_for_training_or_tuning
21,fusion_pbt_batterygpt,186,0.9967943223751361,0.9938671680758993,audit_only_not_for_training_or_tuning
21,fusion_pbt_batterygpt,187,0.9968592784241026,0.9938169025288595,audit_only_not_for_training_or_tuning
21,fusion_pbt_batterygpt,188,0.996791432184319,0.9937666369818196,audit_only_not_for_training_or_tuning
21,fusion_pbt_batterygpt,189,0.9969278478517893,0.9937163714347798,audit_only_not_for_training_or_tuning
21,fusion_pbt_batterygpt,190,0.9967515065332075,0.99366610588774,audit_only_not_for_training_or_tuning
21,fusion_pbt_batterygpt,191,0.9969785632100843,0.9936158403407002,audit_only_not_for_training_or_tuning
21,fusion_pbt_batterygpt,192,0.9967376717382155,0.9935655747936603,audit_only_not_for_training_or_tuning
21,fusion_pbt_batterygpt,193,0.9967765993375017,0.9935153092466205,audit_only_not_for_training_or_tuning
21,fusion_pbt_batterygpt,194,0.9968534883029817,0.9934650436995807,audit_only_not_for_training_or_tuning
21,fusion_pbt_batterygpt,195,0.9966121680172793,0.9934147781525408,audit_only_not_for_training_or_tuning
21,fusion_pbt_batterygpt,196,0.9967276589618718,0.993364512605501,audit_only_not_for_training_or_tuning
21,fusion_pbt_batterygpt,197,0.9967173333991989,0.9933142470584612,audit_only_not_for_training_or_tuning
21,fusion_pbt_batterygpt,198,0.9969198571180667,0.9932639815114214,audit_only_not_for_training_or_tuning
21,fusion_pbt_batterygpt,199,0.9964102111167059,0.9932137159643815,audit_only_not_for_training_or_tuning
21,fusion_pbt_batterygpt,200,0.9964418524104658,0.9931634504173417,audit_only_not_for_training_or_tuning
22,linear_recent,151,1.0012538017464852,0.9978835589099828,audit_only_not_for_training_or_tuning
22,linear_recent,152,1.0015358123594955,0.9978643597352757,audit_only_not_for_training_or_tuning
22,linear_recent,153,1.001433304262512,0.9978451605605684,audit_only_not_for_training_or_tuning
22,linear_recent,154,1.0013498607828677,0.9978259613858611,audit_only_not_for_training_or_tuning
22,linear_recent,155,1.0012771033259658,0.9978067622111539,audit_only_not_for_training_or_tuning
22,linear_recent,156,1.0012094330683705,0.9977875630364467,audit_only_not_for_training_or_tuning
22,linear_recent,157,1.0014359112505247,0.9977683638617395,audit_only_not_for_training_or_tuning
22,linear_recent,158,1.0012129505360485,0.9977491646870322,audit_only_not_for_training_or_tuning
22,linear_recent,159,1.0015510299267816,0.9977299655123251,audit_only_not_for_training_or_tuning
22,linear_recent,160,1.0017320259010327,0.9977107663376178,audit_only_not_for_training_or_tuning
22,linear_recent,161,1.0010465846314216,0.9976915671629106,audit_only_not_for_training_or_tuning
22,linear_recent,162,1.0011393940090996,0.9976723679882034,audit_only_not_for_training_or_tuning
22,linear_recent,163,1.001555913436573,0.9976531688134961,audit_only_not_for_training_or_tuning
22,linear_recent,164,1.0006309806677813,0.9976339696387889,audit_only_not_for_training_or_tuning
22,linear_recent,165,1.0012585302950372,0.9976147704640816,audit_only_not_for_training_or_tuning
22,linear_recent,166,1.001174524518455,0.9975955712893745,audit_only_not_for_training_or_tuning
22,linear_recent,167,1.0013810697084988,0.9975763721146672,audit_only_not_for_training_or_tuning
22,linear_recent,168,1.001239649366484,0.99755717293996,audit_only_not_for_training_or_tuning
22,linear_recent,169,1.0009585984675857,0.9975379737652528,audit_only_not_for_training_or_tuning
22,linear_recent,170,1.0010847229978765,0.9975187745905456,audit_only_not_for_training_or_tuning
22,linear_recent,171,1.0010473275172078,0.9974995754158383,audit_only_not_for_training_or_tuning
22,linear_recent,172,1.0008349646158374,0.9974803762411311,audit_only_not_for_training_or_tuning
22,linear_recent,173,1.0009780032606403,0.9974611770664239,audit_only_not_for_training_or_tuning
22,linear_recent,174,1.000808017192095,0.9974419778917166,audit_only_not_for_training_or_tuning
22,linear_recent,175,1.001299823227513,0.9974227787170095,audit_only_not_for_training_or_tuning
22,linear_recent,176,1.0006250772227392,0.9974035795423022,audit_only_not_for_training_or_tuning
22,linear_recent,177,1.000868159658404,0.997384380367595,audit_only_not_for_training_or_tuning
22,linear_recent,178,1.0002387731444475,0.9973651811928878,audit_only_not_for_training_or_tuning
22,linear_recent,179,1.000526725848803,0.9973459820181805,audit_only_not_for_training_or_tuning
22,linear_recent,180,1.0008062513846774,0.9973267828434733,audit_only_not_for_training_or_tuning
22,linear_recent,181,1.0008352740008846,0.997307583668766,audit_only_not_for_training_or_tuning
22,linear_recent,182,1.0006628925118697,0.9972883844940589,audit_only_not_for_training_or_tuning
22,linear_recent,183,0.9999736340305995,0.9972691853193516,audit_only_not_for_training_or_tuning
22,linear_recent,184,1.0007544228073206,0.9972499861446444,audit_only_not_for_training_or_tuning
22,linear_recent,185,1.0005184753786016,0.9972307869699372,audit_only_not_for_training_or_tuning
22,linear_recent,186,1.000497226377996,0.99721158779523,audit_only_not_for_training_or_tuning
22,linear_recent,187,1.000566515708219,0.9971923886205227,audit_only_not_for_training_or_tuning
22,linear_recent,188,1.0008635808923483,0.9971731894458155,audit_only_not_for_training_or_tuning
22,linear_recent,189,1.000580110400491,0.9971539902711083,audit_only_not_for_training_or_tuning
22,linear_recent,190,1.00028370974632,0.997134791096401,audit_only_not_for_training_or_tuning
22,linear_recent,191,1.000432202594955,0.9971155919216939,audit_only_not_for_training_or_tuning
22,linear_recent,192,1.0006506853038533,0.9970963927469866,audit_only_not_for_training_or_tuning
22,linear_recent,193,1.0003475546839524,0.9970771935722794,audit_only_not_for_training_or_tuning
22,linear_recent,194,1.0006026343258527,0.9970579943975721,audit_only_not_for_training_or_tuning
22,linear_recent,195,1.0003819220582313,0.997038795222865,audit_only_not_for_training_or_tuning
22,linear_recent,196,1.000516344662595,0.9970195960481577,audit_only_not_for_training_or_tuning
22,linear_recent,197,1.0002486053969786,0.9970003968734504,audit_only_not_for_training_or_tuning
22,linear_recent,198,0.9998805541323679,0.9969811976987433,audit_only_not_for_training_or_tuning
22,linear_recent,199,0.9999014961900227,0.996961998524036,audit_only_not_for_training_or_tuning
22,linear_recent,200,0.9999106522174962,0.9969427993493288,audit_only_not_for_training_or_tuning
22,policy_mean,151,1.0012538017464852,0.9978823578683012,audit_only_not_for_training_or_tuning
22,policy_mean,152,1.0015358123594955,0.9978619576519122,audit_only_not_for_training_or_tuning
22,policy_mean,153,1.001433304262512,0.9978415574355234,audit_only_not_for_training_or_tuning
22,policy_mean,154,1.0013498607828677,0.9978211572191344,audit_only_not_for_training_or_tuning
22,policy_mean,155,1.0012771033259658,0.9978007570027456,audit_only_not_for_training_or_tuning
22,policy_mean,156,1.0012094330683705,0.9977803567863567,audit_only_not_for_training_or_tuning
22,policy_mean,157,1.0014359112505247,0.9977599565699677,audit_only_not_for_training_or_tuning
22,policy_mean,158,1.0012129505360485,0.9977395563535789,audit_only_not_for_training_or_tuning
22,policy_mean,159,1.0015510299267816,0.99771915613719,audit_only_not_for_training_or_tuning
22,policy_mean,160,1.0017320259010327,0.997698755920801,audit_only_not_for_training_or_tuning
22,policy_mean,161,1.0010465846314216,0.9976783557044122,audit_only_not_for_training_or_tuning
22,policy_mean,162,1.0011393940090996,0.9976579554880233,audit_only_not_for_training_or_tuning
22,policy_mean,163,1.001555913436573,0.9976375552716344,audit_only_not_for_training_or_tuning
22,policy_mean,164,1.0006309806677813,0.9976171550552455,audit_only_not_for_training_or_tuning
22,policy_mean,165,1.0012585302950372,0.9975967548388566,audit_only_not_for_training_or_tuning
22,policy_mean,166,1.001174524518455,0.9975763546224677,audit_only_not_for_training_or_tuning
22,policy_mean,167,1.0013810697084988,0.9975559544060788,audit_only_not_for_training_or_tuning
22,policy_mean,168,1.001239649366484,0.9975355541896899,audit_only_not_for_training_or_tuning
22,policy_mean,169,1.0009585984675857,0.997515153973301,audit_only_not_for_training_or_tuning
22,policy_mean,170,1.0010847229978765,0.9974947537569121,audit_only_not_for_training_or_tuning
22,policy_mean,171,1.0010473275172078,0.9974743535405233,audit_only_not_for_training_or_tuning
22,policy_mean,172,1.0008349646158374,0.9974539533241343,audit_only_not_for_training_or_tuning
22,policy_mean,173,1.0009780032606403,0.9974335531077454,audit_only_not_for_training_or_tuning
22,policy_mean,174,1.000808017192095,0.9974131528913566,audit_only_not_for_training_or_tuning
22,policy_mean,175,1.001299823227513,0.9973927526749676,audit_only_not_for_training_or_tuning
22,policy_mean,176,1.0006250772227392,0.9973723524585787,audit_only_not_for_training_or_tuning
22,policy_mean,177,1.000868159658404,0.9973519522421899,audit_only_not_for_training_or_tuning
22,policy_mean,178,1.0002387731444475,0.9973315520258009,audit_only_not_for_training_or_tuning
22,policy_mean,179,1.000526725848803,0.9973111518094121,audit_only_not_for_training_or_tuning
22,policy_mean,180,1.0008062513846774,0.9972907515930232,audit_only_not_for_training_or_tuning
22,policy_mean,181,1.0008352740008846,0.9972703513766342,audit_only_not_for_training_or_tuning
22,policy_mean,182,1.0006628925118697,0.9972499511602454,audit_only_not_for_training_or_tuning
22,policy_mean,183,0.9999736340305995,0.9972295509438565,audit_only_not_for_training_or_tuning
22,policy_mean,184,1.0007544228073206,0.9972091507274676,audit_only_not_for_training_or_tuning
22,policy_mean,185,1.0005184753786016,0.9971887505110787,audit_only_not_for_training_or_tuning
22,policy_mean,186,1.000497226377996,0.9971683502946898,audit_only_not_for_training_or_tuning
22,policy_mean,187,1.000566515708219,0.9971479500783009,audit_only_not_for_training_or_tuning
22,policy_mean,188,1.0008635808923483,0.997127549861912,audit_only_not_for_training_or_tuning
22,policy_mean,189,1.000580110400491,0.997107149645523,audit_only_not_for_training_or_tuning
22,policy_mean,190,1.00028370974632,0.9970867494291342,audit_only_not_for_training_or_tuning
22,policy_mean,191,1.000432202594955,0.9970663492127453,audit_only_not_for_training_or_tuning
22,policy_mean,192,1.0006506853038533,0.9970459489963565,audit_only_not_for_training_or_tuning
22,policy_mean,193,1.0003475546839524,0.9970255487799675,audit_only_not_for_training_or_tuning
22,policy_mean,194,1.0006026343258527,0.9970051485635786,audit_only_not_for_training_or_tuning
22,policy_mean,195,1.0003819220582313,0.9969847483471898,audit_only_not_for_training_or_tuning
22,policy_mean,196,1.000516344662595,0.9969643481308008,audit_only_not_for_training_or_tuning
22,policy_mean,197,1.0002486053969786,0.9969439479144119,audit_only_not_for_training_or_tuning
22,policy_mean,198,0.9998805541323679,0.996923547698023,audit_only_not_for_training_or_tuning
22,policy_mean,199,0.9999014961900227,0.9969031474816341,audit_only_not_for_training_or_tuning
22,policy_mean,200,0.9999106522174962,0.9968827472652453,audit_only_not_for_training_or_tuning
22,persist,151,1.0012538017464852,0.99790275808469,audit_only_not_for_training_or_tuning
22,persist,152,1.0015358123594955,0.99790275808469,audit_only_not_for_training_or_tuning
22,persist,153,1.001433304262512,0.99790275808469,audit_only_not_for_training_or_tuning
22,persist,154,1.0013498607828677,0.99790275808469,audit_only_not_for_training_or_tuning
22,persist,155,1.0012771033259658,0.99790275808469,audit_only_not_for_training_or_tuning
22,persist,156,1.0012094330683705,0.99790275808469,audit_only_not_for_training_or_tuning
22,persist,157,1.0014359112505247,0.99790275808469,audit_only_not_for_training_or_tuning
22,persist,158,1.0012129505360485,0.99790275808469,audit_only_not_for_training_or_tuning
22,persist,159,1.0015510299267816,0.99790275808469,audit_only_not_for_training_or_tuning
22,persist,160,1.0017320259010327,0.99790275808469,audit_only_not_for_training_or_tuning
22,persist,161,1.0010465846314216,0.99790275808469,audit_only_not_for_training_or_tuning
22,persist,162,1.0011393940090996,0.99790275808469,audit_only_not_for_training_or_tuning
22,persist,163,1.001555913436573,0.99790275808469,audit_only_not_for_training_or_tuning
22,persist,164,1.0006309806677813,0.99790275808469,audit_only_not_for_training_or_tuning
22,persist,165,1.0012585302950372,0.99790275808469,audit_only_not_for_training_or_tuning
22,persist,166,1.001174524518455,0.99790275808469,audit_only_not_for_training_or_tuning
22,persist,167,1.0013810697084988,0.99790275808469,audit_only_not_for_training_or_tuning
22,persist,168,1.001239649366484,0.99790275808469,audit_only_not_for_training_or_tuning
22,persist,169,1.0009585984675857,0.99790275808469,audit_only_not_for_training_or_tuning
22,persist,170,1.0010847229978765,0.99790275808469,audit_only_not_for_training_or_tuning
22,persist,171,1.0010473275172078,0.99790275808469,audit_only_not_for_training_or_tuning
22,persist,172,1.0008349646158374,0.99790275808469,audit_only_not_for_training_or_tuning
22,persist,173,1.0009780032606403,0.99790275808469,audit_only_not_for_training_or_tuning
22,persist,174,1.000808017192095,0.99790275808469,audit_only_not_for_training_or_tuning
22,persist,175,1.001299823227513,0.99790275808469,audit_only_not_for_training_or_tuning
22,persist,176,1.0006250772227392,0.99790275808469,audit_only_not_for_training_or_tuning
22,persist,177,1.000868159658404,0.99790275808469,audit_only_not_for_training_or_tuning
22,persist,178,1.0002387731444475,0.99790275808469,audit_only_not_for_training_or_tuning
22,persist,179,1.000526725848803,0.99790275808469,audit_only_not_for_training_or_tuning
22,persist,180,1.0008062513846774,0.99790275808469,audit_only_not_for_training_or_tuning
22,persist,181,1.0008352740008846,0.99790275808469,audit_only_not_for_training_or_tuning
22,persist,182,1.0006628925118697,0.99790275808469,audit_only_not_for_training_or_tuning
22,persist,183,0.9999736340305995,0.99790275808469,audit_only_not_for_training_or_tuning
22,persist,184,1.0007544228073206,0.99790275808469,audit_only_not_for_training_or_tuning
22,persist,185,1.0005184753786016,0.99790275808469,audit_only_not_for_training_or_tuning
22,persist,186,1.000497226377996,0.99790275808469,audit_only_not_for_training_or_tuning
22,persist,187,1.000566515708219,0.99790275808469,audit_only_not_for_training_or_tuning
22,persist,188,1.0008635808923483,0.99790275808469,audit_only_not_for_training_or_tuning
22,persist,189,1.000580110400491,0.99790275808469,audit_only_not_for_training_or_tuning
22,persist,190,1.00028370974632,0.99790275808469,audit_only_not_for_training_or_tuning
22,persist,191,1.000432202594955,0.99790275808469,audit_only_not_for_training_or_tuning
22,persist,192,1.0006506853038533,0.99790275808469,audit_only_not_for_training_or_tuning
22,persist,193,1.0003475546839524,0.99790275808469,audit_only_not_for_training_or_tuning
22,persist,194,1.0006026343258527,0.99790275808469,audit_only_not_for_training_or_tuning
22,persist,195,1.0003819220582313,0.99790275808469,audit_only_not_for_training_or_tuning
22,persist,196,1.000516344662595,0.99790275808469,audit_only_not_for_training_or_tuning
22,persist,197,1.0002486053969786,0.99790275808469,audit_only_not_for_training_or_tuning
22,persist,198,0.9998805541323679,0.99790275808469,audit_only_not_for_training_or_tuning
22,persist,199,0.9999014961900227,0.99790275808469,audit_only_not_for_training_or_tuning
22,persist,200,0.9999106522174962,0.99790275808469,audit_only_not_for_training_or_tuning
22,fusion_pbt_batterygpt,151,1.0012538017464852,0.997876184824436,audit_only_not_for_training_or_tuning
22,fusion_pbt_batterygpt,152,1.0015358123594955,0.9978496115641821,audit_only_not_for_training_or_tuning
22,fusion_pbt_batterygpt,153,1.001433304262512,0.997823038303928,audit_only_not_for_training_or_tuning
22,fusion_pbt_batterygpt,154,1.0013498607828677,0.9977964650436741,audit_only_not_for_training_or_tuning
22,fusion_pbt_batterygpt,155,1.0012771033259658,0.9977698917834201,audit_only_not_for_training_or_tuning
22,fusion_pbt_batterygpt,156,1.0012094330683705,0.9977433185231662,audit_only_not_for_training_or_tuning
22,fusion_pbt_batterygpt,157,1.0014359112505247,0.9977167452629122,audit_only_not_for_training_or_tuning
22,fusion_pbt_batterygpt,158,1.0012129505360485,0.9976901720026583,audit_only_not_for_training_or_tuning
22,fusion_pbt_batterygpt,159,1.0015510299267816,0.9976635987424043,audit_only_not_for_training_or_tuning
22,fusion_pbt_batterygpt,160,1.0017320259010327,0.9976370254821504,audit_only_not_for_training_or_tuning
22,fusion_pbt_batterygpt,161,1.0010465846314216,0.9976104522218964,audit_only_not_for_training_or_tuning
22,fusion_pbt_batterygpt,162,1.0011393940090996,0.9975838789616425,audit_only_not_for_training_or_tuning
22,fusion_pbt_batterygpt,163,1.001555913436573,0.9975573057013885,audit_only_not_for_training_or_tuning
22,fusion_pbt_batterygpt,164,1.0006309806677813,0.9975307324411345,audit_only_not_for_training_or_tuning
22,fusion_pbt_batterygpt,165,1.0012585302950372,0.9975041591808805,audit_only_not_for_training_or_tuning
22,fusion_pbt_batterygpt,166,1.001174524518455,0.9974775859206266,audit_only_not_for_training_or_tuning
22,fusion_pbt_batterygpt,167,1.0013810697084988,0.9974510126603726,audit_only_not_for_training_or_tuning
22,fusion_pbt_batterygpt,168,1.001239649366484,0.9974244394001187,audit_only_not_for_training_or_tuning
22,fusion_pbt_batterygpt,169,1.0009585984675857,0.9973978661398647,audit_only_not_for_training_or_tuning
22,fusion_pbt_batterygpt,170,1.0010847229978765,0.9973712928796108,audit_only_not_for_training_or_tuning
22,fusion_pbt_batterygpt,171,1.0010473275172078,0.9973447196193568,audit_only_not_for_training_or_tuning
22,fusion_pbt_batterygpt,172,1.0008349646158374,0.9973181463591029,audit_only_not_for_training_or_tuning
22,fusion_pbt_batterygpt,173,1.0009780032606403,0.9972915730988489,audit_only_not_for_training_or_tuning
22,fusion_pbt_batterygpt,174,1.000808017192095,0.997264999838595,audit_only_not_for_training_or_tuning
22,fusion_pbt_batterygpt,175,1.001299823227513,0.9972384265783409,audit_only_not_for_training_or_tuning
22,fusion_pbt_batterygpt,176,1.0006250772227392,0.9972118533180869,audit_only_not_for_training_or_tuning
22,fusion_pbt_batterygpt,177,1.000868159658404,0.997185280057833,audit_only_not_for_training_or_tuning
22,fusion_pbt_batterygpt,178,1.0002387731444475,0.997158706797579,audit_only_not_for_training_or_tuning
22,fusion_pbt_batterygpt,179,1.000526725848803,0.9971321335373251,audit_only_not_for_training_or_tuning
22,fusion_pbt_batterygpt,180,1.0008062513846774,0.9971055602770711,audit_only_not_for_training_or_tuning
22,fusion_pbt_batterygpt,181,1.0008352740008846,0.9970789870168172,audit_only_not_for_training_or_tuning
22,fusion_pbt_batterygpt,182,1.0006628925118697,0.9970524137565632,audit_only_not_for_training_or_tuning
22,fusion_pbt_batterygpt,183,0.9999736340305995,0.9970258404963093,audit_only_not_for_training_or_tuning
22,fusion_pbt_batterygpt,184,1.0007544228073206,0.9969992672360553,audit_only_not_for_training_or_tuning
22,fusion_pbt_batterygpt,185,1.0005184753786016,0.9969726939758013,audit_only_not_for_training_or_tuning
22,fusion_pbt_batterygpt,186,1.000497226377996,0.9969461207155473,audit_only_not_for_training_or_tuning
22,fusion_pbt_batterygpt,187,1.000566515708219,0.9969195474552934,audit_only_not_for_training_or_tuning
22,fusion_pbt_batterygpt,188,1.0008635808923483,0.9968929741950394,audit_only_not_for_training_or_tuning
22,fusion_pbt_batterygpt,189,1.000580110400491,0.9968664009347855,audit_only_not_for_training_or_tuning
22,fusion_pbt_batterygpt,190,1.00028370974632,0.9968398276745315,audit_only_not_for_training_or_tuning
22,fusion_pbt_batterygpt,191,1.000432202594955,0.9968132544142776,audit_only_not_for_training_or_tuning
22,fusion_pbt_batterygpt,192,1.0006506853038533,0.9967866811540236,audit_only_not_for_training_or_tuning
22,fusion_pbt_batterygpt,193,1.0003475546839524,0.9967601078937697,audit_only_not_for_training_or_tuning
22,fusion_pbt_batterygpt,194,1.0006026343258527,0.9967335346335157,audit_only_not_for_training_or_tuning
22,fusion_pbt_batterygpt,195,1.0003819220582313,0.9967069613732618,audit_only_not_for_training_or_tuning
22,fusion_pbt_batterygpt,196,1.000516344662595,0.9966803881130077,audit_only_not_for_training_or_tuning
22,fusion_pbt_batterygpt,197,1.0002486053969786,0.9966538148527538,audit_only_not_for_training_or_tuning
22,fusion_pbt_batterygpt,198,0.9998805541323679,0.9966272415924998,audit_only_not_for_training_or_tuning
22,fusion_pbt_batterygpt,199,0.9999014961900227,0.9966006683322459,audit_only_not_for_training_or_tuning
22,fusion_pbt_batterygpt,200,0.9999106522174962,0.9965740950719919,audit_only_not_for_training_or_tuning
23,linear_recent,151,1.0007137606685677,0.9957301204565506,audit_only_not_for_training_or_tuning
23,linear_recent,152,1.0004571656336068,0.9956879858829961,audit_only_not_for_training_or_tuning
23,linear_recent,153,1.0002303405905117,0.9956458513094416,audit_only_not_for_training_or_tuning
23,linear_recent,154,0.9998877035744441,0.9956037167358871,audit_only_not_for_training_or_tuning
23,linear_recent,155,0.9999491396438861,0.9955615821623326,audit_only_not_for_training_or_tuning
23,linear_recent,156,1.0003903529105662,0.9955194475887781,audit_only_not_for_training_or_tuning
23,linear_recent,157,1.0004911329753416,0.9954773130152237,audit_only_not_for_training_or_tuning
23,linear_recent,158,1.000247866019194,0.9954351784416692,audit_only_not_for_training_or_tuning
23,linear_recent,159,0.9995345212001214,0.9953930438681147,audit_only_not_for_training_or_tuning
23,linear_recent,160,1.000172124729964,0.9953509092945602,audit_only_not_for_training_or_tuning
23,linear_recent,161,1.0002276031374504,0.9953087747210057,audit_only_not_for_training_or_tuning
23,linear_recent,162,1.000347810198435,0.9952666401474513,audit_only_not_for_training_or_tuning
23,linear_recent,163,1.000343728714616,0.9952245055738967,audit_only_not_for_training_or_tuning
23,linear_recent,164,1.0000310276653759,0.9951823710003422,audit_only_not_for_training_or_tuning
23,linear_recent,165,1.0000295750328647,0.9951402364267877,audit_only_not_for_training_or_tuning
23,linear_recent,166,0.9997035974940782,0.9950981018532332,audit_only_not_for_training_or_tuning
23,linear_recent,167,0.9996333574041502,0.9950559672796787,audit_only_not_for_training_or_tuning
23,linear_recent,168,1.0003384326030909,0.9950138327061243,audit_only_not_for_training_or_tuning
23,linear_recent,169,1.0000359589075714,0.9949716981325698,audit_only_not_for_training_or_tuning
23,linear_recent,170,0.9995562356698963,0.9949295635590153,audit_only_not_for_training_or_tuning
23,linear_recent,171,0.999222427018858,0.9948874289854608,audit_only_not_for_training_or_tuning
23,linear_recent,172,0.9994798046719393,0.9948452944119063,audit_only_not_for_training_or_tuning
23,linear_recent,173,1.0000547184175699,0.9948031598383519,audit_only_not_for_training_or_tuning
23,linear_recent,174,1.0001335917974143,0.9947610252647974,audit_only_not_for_training_or_tuning
23,linear_recent,175,0.9999015869133496,0.9947188906912429,audit_only_not_for_training_or_tuning
23,linear_recent,176,0.9995725525386607,0.9946767561176884,audit_only_not_for_training_or_tuning
23,linear_recent,177,0.9993622543030523,0.9946346215441338,audit_only_not_for_training_or_tuning
23,linear_recent,178,0.9994182617657458,0.9945924869705793,audit_only_not_for_training_or_tuning
23,linear_recent,179,0.9979009524579086,0.9945503523970249,audit_only_not_for_training_or_tuning
23,linear_recent,180,0.9992756258477679,0.9945082178234704,audit_only_not_for_training_or_tuning
23,linear_recent,181,0.9991076566289833,0.9944660832499159,audit_only_not_for_training_or_tuning
23,linear_recent,182,0.9990326655255322,0.9944239486763614,audit_only_not_for_training_or_tuning
23,linear_recent,183,0.9988056781343722,0.9943818141028069,audit_only_not_for_training_or_tuning
23,linear_recent,184,0.9988569354108352,0.9943396795292525,audit_only_not_for_training_or_tuning
23,linear_recent,185,0.9982773584364821,0.994297544955698,audit_only_not_for_training_or_tuning
23,linear_recent,186,0.9987721800773965,0.9942554103821435,audit_only_not_for_training_or_tuning
23,linear_recent,187,0.9990640238283063,0.994213275808589,audit_only_not_for_training_or_tuning
23,linear_recent,188,0.9990745892407391,0.9941711412350345,audit_only_not_for_training_or_tuning
23,linear_recent,189,0.9984094416794412,0.99412900666148,audit_only_not_for_training_or_tuning
23,linear_recent,190,0.9989792810698087,0.9940868720879256,audit_only_not_for_training_or_tuning
23,linear_recent,191,0.9988415443808667,0.9940447375143711,audit_only_not_for_training_or_tuning
23,linear_recent,192,0.9990322398286532,0.9940026029408165,audit_only_not_for_training_or_tuning
23,linear_recent,193,0.9991232414421428,0.993960468367262,audit_only_not_for_training_or_tuning
23,linear_recent,194,0.998511020926369,0.9939183337937075,audit_only_not_for_training_or_tuning
23,linear_recent,195,0.9990970621281495,0.9938761992201531,audit_only_not_for_training_or_tuning
23,linear_recent,196,0.9987413827158031,0.9938340646465986,audit_only_not_for_training_or_tuning
23,linear_recent,197,0.9986349358554746,0.9937919300730441,audit_only_not_for_training_or_tuning
23,linear_recent,198,0.998515243286151,0.9937497954994896,audit_only_not_for_training_or_tuning
23,linear_recent,199,0.9987508545759792,0.9937076609259351,audit_only_not_for_training_or_tuning
23,linear_recent,200,0.9983585483953709,0.9936655263523806,audit_only_not_for_training_or_tuning
23,policy_mean,151,1.0007137606685677,0.9957494969405737,audit_only_not_for_training_or_tuning
23,policy_mean,152,1.0004571656336068,0.9957267388510423,audit_only_not_for_training_or_tuning
23,policy_mean,153,1.0002303405905117,0.9957039807615109,audit_only_not_for_training_or_tuning
23,policy_mean,154,0.9998877035744441,0.9956812226719796,audit_only_not_for_training_or_tuning
23,policy_mean,155,0.9999491396438861,0.9956584645824481,audit_only_not_for_training_or_tuning
23,policy_mean,156,1.0003903529105662,0.9956357064929168,audit_only_not_for_training_or_tuning
23,policy_mean,157,1.0004911329753416,0.9956129484033853,audit_only_not_for_training_or_tuning
23,policy_mean,158,1.000247866019194,0.995590190313854,audit_only_not_for_training_or_tuning
23,policy_mean,159,0.9995345212001214,0.9955674322243226,audit_only_not_for_training_or_tuning
23,policy_mean,160,1.000172124729964,0.9955446741347912,audit_only_not_for_training_or_tuning
23,policy_mean,161,1.0002276031374504,0.9955219160452599,audit_only_not_for_training_or_tuning
23,policy_mean,162,1.000347810198435,0.9954991579557284,audit_only_not_for_training_or_tuning
23,policy_mean,163,1.000343728714616,0.9954763998661971,audit_only_not_for_training_or_tuning
23,policy_mean,164,1.0000310276653759,0.9954536417766657,audit_only_not_for_training_or_tuning
23,policy_mean,165,1.0000295750328647,0.9954308836871343,audit_only_not_for_training_or_tuning
23,policy_mean,166,0.9997035974940782,0.9954081255976029,audit_only_not_for_training_or_tuning
23,policy_mean,167,0.9996333574041502,0.9953853675080715,audit_only_not_for_training_or_tuning
23,policy_mean,168,1.0003384326030909,0.9953626094185402,audit_only_not_for_training_or_tuning
23,policy_mean,169,1.0000359589075714,0.9953398513290087,audit_only_not_for_training_or_tuning
23,policy_mean,170,0.9995562356698963,0.9953170932394774,audit_only_not_for_training_or_tuning
23,policy_mean,171,0.999222427018858,0.995294335149946,audit_only_not_for_training_or_tuning
23,policy_mean,172,0.9994798046719393,0.9952715770604146,audit_only_not_for_training_or_tuning
23,policy_mean,173,1.0000547184175699,0.9952488189708832,audit_only_not_for_training_or_tuning
23,policy_mean,174,1.0001335917974143,0.9952260608813518,audit_only_not_for_training_or_tuning
23,policy_mean,175,0.9999015869133496,0.9952033027918205,audit_only_not_for_training_or_tuning
23,policy_mean,176,0.9995725525386607,0.9951805447022891,audit_only_not_for_training_or_tuning
23,policy_mean,177,0.9993622543030523,0.9951577866127577,audit_only_not_for_training_or_tuning
23,policy_mean,178,0.9994182617657458,0.9951350285232263,audit_only_not_for_training_or_tuning
23,policy_mean,179,0.9979009524579086,0.9951122704336949,audit_only_not_for_training_or_tuning
23,policy_mean,180,0.9992756258477679,0.9950895123441635,audit_only_not_for_training_or_tuning
23,policy_mean,181,0.9991076566289833,0.9950667542546321,audit_only_not_for_training_or_tuning
23,policy_mean,182,0.9990326655255322,0.9950439961651008,audit_only_not_for_training_or_tuning
23,policy_mean,183,0.9988056781343722,0.9950212380755694,audit_only_not_for_training_or_tuning
23,policy_mean,184,0.9988569354108352,0.994998479986038,audit_only_not_for_training_or_tuning
23,policy_mean,185,0.9982773584364821,0.9949757218965066,audit_only_not_for_training_or_tuning
23,policy_mean,186,0.9987721800773965,0.9949529638069752,audit_only_not_for_training_or_tuning
23,policy_mean,187,0.9990640238283063,0.9949302057174438,audit_only_not_for_training_or_tuning
23,policy_mean,188,0.9990745892407391,0.9949074476279125,audit_only_not_for_training_or_tuning
23,policy_mean,189,0.9984094416794412,0.994884689538381,audit_only_not_for_training_or_tuning
23,policy_mean,190,0.9989792810698087,0.9948619314488497,audit_only_not_for_training_or_tuning
23,policy_mean,191,0.9988415443808667,0.9948391733593183,audit_only_not_for_training_or_tuning
23,policy_mean,192,0.9990322398286532,0.9948164152697869,audit_only_not_for_training_or_tuning
23,policy_mean,193,0.9991232414421428,0.9947936571802555,audit_only_not_for_training_or_tuning
23,policy_mean,194,0.998511020926369,0.9947708990907241,audit_only_not_for_training_or_tuning
23,policy_mean,195,0.9990970621281495,0.9947481410011928,audit_only_not_for_training_or_tuning
23,policy_mean,196,0.9987413827158031,0.9947253829116613,audit_only_not_for_training_or_tuning
23,policy_mean,197,0.9986349358554746,0.99470262482213,audit_only_not_for_training_or_tuning
23,policy_mean,198,0.998515243286151,0.9946798667325986,audit_only_not_for_training_or_tuning
23,policy_mean,199,0.9987508545759792,0.9946571086430672,audit_only_not_for_training_or_tuning
23,policy_mean,200,0.9983585483953709,0.9946343505535359,audit_only_not_for_training_or_tuning
23,persist,151,1.0007137606685677,0.995772255030105,audit_only_not_for_training_or_tuning
23,persist,152,1.0004571656336068,0.995772255030105,audit_only_not_for_training_or_tuning
23,persist,153,1.0002303405905117,0.995772255030105,audit_only_not_for_training_or_tuning
23,persist,154,0.9998877035744441,0.995772255030105,audit_only_not_for_training_or_tuning
23,persist,155,0.9999491396438861,0.995772255030105,audit_only_not_for_training_or_tuning
23,persist,156,1.0003903529105662,0.995772255030105,audit_only_not_for_training_or_tuning
23,persist,157,1.0004911329753416,0.995772255030105,audit_only_not_for_training_or_tuning
23,persist,158,1.000247866019194,0.995772255030105,audit_only_not_for_training_or_tuning
23,persist,159,0.9995345212001214,0.995772255030105,audit_only_not_for_training_or_tuning
23,persist,160,1.000172124729964,0.995772255030105,audit_only_not_for_training_or_tuning
23,persist,161,1.0002276031374504,0.995772255030105,audit_only_not_for_training_or_tuning
23,persist,162,1.000347810198435,0.995772255030105,audit_only_not_for_training_or_tuning
23,persist,163,1.000343728714616,0.995772255030105,audit_only_not_for_training_or_tuning
23,persist,164,1.0000310276653759,0.995772255030105,audit_only_not_for_training_or_tuning
23,persist,165,1.0000295750328647,0.995772255030105,audit_only_not_for_training_or_tuning
23,persist,166,0.9997035974940782,0.995772255030105,audit_only_not_for_training_or_tuning
23,persist,167,0.9996333574041502,0.995772255030105,audit_only_not_for_training_or_tuning
23,persist,168,1.0003384326030909,0.995772255030105,audit_only_not_for_training_or_tuning
23,persist,169,1.0000359589075714,0.995772255030105,audit_only_not_for_training_or_tuning
23,persist,170,0.9995562356698963,0.995772255030105,audit_only_not_for_training_or_tuning
23,persist,171,0.999222427018858,0.995772255030105,audit_only_not_for_training_or_tuning
23,persist,172,0.9994798046719393,0.995772255030105,audit_only_not_for_training_or_tuning
23,persist,173,1.0000547184175699,0.995772255030105,audit_only_not_for_training_or_tuning
23,persist,174,1.0001335917974143,0.995772255030105,audit_only_not_for_training_or_tuning
23,persist,175,0.9999015869133496,0.995772255030105,audit_only_not_for_training_or_tuning
23,persist,176,0.9995725525386607,0.995772255030105,audit_only_not_for_training_or_tuning
23,persist,177,0.9993622543030523,0.995772255030105,audit_only_not_for_training_or_tuning
23,persist,178,0.9994182617657458,0.995772255030105,audit_only_not_for_training_or_tuning
23,persist,179,0.9979009524579086,0.995772255030105,audit_only_not_for_training_or_tuning
23,persist,180,0.9992756258477679,0.995772255030105,audit_only_not_for_training_or_tuning
23,persist,181,0.9991076566289833,0.995772255030105,audit_only_not_for_training_or_tuning
23,persist,182,0.9990326655255322,0.995772255030105,audit_only_not_for_training_or_tuning
23,persist,183,0.9988056781343722,0.995772255030105,audit_only_not_for_training_or_tuning
23,persist,184,0.9988569354108352,0.995772255030105,audit_only_not_for_training_or_tuning
23,persist,185,0.9982773584364821,0.995772255030105,audit_only_not_for_training_or_tuning
23,persist,186,0.9987721800773965,0.995772255030105,audit_only_not_for_training_or_tuning
23,persist,187,0.9990640238283063,0.995772255030105,audit_only_not_for_training_or_tuning
23,persist,188,0.9990745892407391,0.995772255030105,audit_only_not_for_training_or_tuning
23,persist,189,0.9984094416794412,0.995772255030105,audit_only_not_for_training_or_tuning
23,persist,190,0.9989792810698087,0.995772255030105,audit_only_not_for_training_or_tuning
23,persist,191,0.9988415443808667,0.995772255030105,audit_only_not_for_training_or_tuning
23,persist,192,0.9990322398286532,0.995772255030105,audit_only_not_for_training_or_tuning
23,persist,193,0.9991232414421428,0.995772255030105,audit_only_not_for_training_or_tuning
23,persist,194,0.998511020926369,0.995772255030105,audit_only_not_for_training_or_tuning
23,persist,195,0.9990970621281495,0.995772255030105,audit_only_not_for_training_or_tuning
23,persist,196,0.9987413827158031,0.995772255030105,audit_only_not_for_training_or_tuning
23,persist,197,0.9986349358554746,0.995772255030105,audit_only_not_for_training_or_tuning
23,persist,198,0.998515243286151,0.995772255030105,audit_only_not_for_training_or_tuning
23,persist,199,0.9987508545759792,0.995772255030105,audit_only_not_for_training_or_tuning
23,persist,200,0.9983585483953709,0.995772255030105,audit_only_not_for_training_or_tuning
23,fusion_pbt_batterygpt,151,1.0007137606685677,0.9957218108218171,audit_only_not_for_training_or_tuning
23,fusion_pbt_batterygpt,152,1.0004571656336068,0.9956713666135291,audit_only_not_for_training_or_tuning
23,fusion_pbt_batterygpt,153,1.0002303405905117,0.9956209224052411,audit_only_not_for_training_or_tuning
23,fusion_pbt_batterygpt,154,0.9998877035744441,0.9955704781969531,audit_only_not_for_training_or_tuning
23,fusion_pbt_batterygpt,155,0.9999491396438861,0.9955200339886652,audit_only_not_for_training_or_tuning
23,fusion_pbt_batterygpt,156,1.0003903529105662,0.9954695897803771,audit_only_not_for_training_or_tuning
23,fusion_pbt_batterygpt,157,1.0004911329753416,0.9954191455720892,audit_only_not_for_training_or_tuning
23,fusion_pbt_batterygpt,158,1.000247866019194,0.9953687013638013,audit_only_not_for_training_or_tuning
23,fusion_pbt_batterygpt,159,0.9995345212001214,0.9953182571555133,audit_only_not_for_training_or_tuning
23,fusion_pbt_batterygpt,160,1.000172124729964,0.9952678129472253,audit_only_not_for_training_or_tuning
23,fusion_pbt_batterygpt,161,1.0002276031374504,0.9952173687389373,audit_only_not_for_training_or_tuning
23,fusion_pbt_batterygpt,162,1.000347810198435,0.9951669245306494,audit_only_not_for_training_or_tuning
23,fusion_pbt_batterygpt,163,1.000343728714616,0.9951164803223614,audit_only_not_for_training_or_tuning
23,fusion_pbt_batterygpt,164,1.0000310276653759,0.9950660361140734,audit_only_not_for_training_or_tuning
23,fusion_pbt_batterygpt,165,1.0000295750328647,0.9950155919057855,audit_only_not_for_training_or_tuning
23,fusion_pbt_batterygpt,166,0.9997035974940782,0.9949651476974974,audit_only_not_for_training_or_tuning
23,fusion_pbt_batterygpt,167,0.9996333574041502,0.9949147034892095,audit_only_not_for_training_or_tuning
23,fusion_pbt_batterygpt,168,1.0003384326030909,0.9948642592809215,audit_only_not_for_training_or_tuning
23,fusion_pbt_batterygpt,169,1.0000359589075714,0.9948138150726336,audit_only_not_for_training_or_tuning
23,fusion_pbt_batterygpt,170,0.9995562356698963,0.9947633708643456,audit_only_not_for_training_or_tuning
23,fusion_pbt_batterygpt,171,0.999222427018858,0.9947129266560576,audit_only_not_for_training_or_tuning
23,fusion_pbt_batterygpt,172,0.9994798046719393,0.9946624824477697,audit_only_not_for_training_or_tuning
23,fusion_pbt_batterygpt,173,1.0000547184175699,0.9946120382394816,audit_only_not_for_training_or_tuning
23,fusion_pbt_batterygpt,174,1.0001335917974143,0.9945615940311937,audit_only_not_for_training_or_tuning
23,fusion_pbt_batterygpt,175,0.9999015869133496,0.9945111498229058,audit_only_not_for_training_or_tuning
23,fusion_pbt_batterygpt,176,0.9995725525386607,0.9944607056146177,audit_only_not_for_training_or_tuning
23,fusion_pbt_batterygpt,177,0.9993622543030523,0.9944102614063298,audit_only_not_for_training_or_tuning
23,fusion_pbt_batterygpt,178,0.9994182617657458,0.9943598171980418,audit_only_not_for_training_or_tuning
23,fusion_pbt_batterygpt,179,0.9979009524579086,0.9943093729897539,audit_only_not_for_training_or_tuning
23,fusion_pbt_batterygpt,180,0.9992756258477679,0.9942589287814658,audit_only_not_for_training_or_tuning
23,fusion_pbt_batterygpt,181,0.9991076566289833,0.9942084845731779,audit_only_not_for_training_or_tuning
23,fusion_pbt_batterygpt,182,0.9990326655255322,0.99415804036489,audit_only_not_for_training_or_tuning
23,fusion_pbt_batterygpt,183,0.9988056781343722,0.9941075961566019,audit_only_not_for_training_or_tuning
23,fusion_pbt_batterygpt,184,0.9988569354108352,0.994057151948314,audit_only_not_for_training_or_tuning
23,fusion_pbt_batterygpt,185,0.9982773584364821,0.994006707740026,audit_only_not_for_training_or_tuning
23,fusion_pbt_batterygpt,186,0.9987721800773965,0.993956263531738,audit_only_not_for_training_or_tuning
23,fusion_pbt_batterygpt,187,0.9990640238283063,0.99390581932345,audit_only_not_for_training_or_tuning
23,fusion_pbt_batterygpt,188,0.9990745892407391,0.9938553751151621,audit_only_not_for_training_or_tuning
23,fusion_pbt_batterygpt,189,0.9984094416794412,0.9938049309068742,audit_only_not_for_training_or_tuning
23,fusion_pbt_batterygpt,190,0.9989792810698087,0.9937544866985861,audit_only_not_for_training_or_tuning
23,fusion_pbt_batterygpt,191,0.9988415443808667,0.9937040424902982,audit_only_not_for_training_or_tuning
23,fusion_pbt_batterygpt,192,0.9990322398286532,0.9936535982820102,audit_only_not_for_training_or_tuning
23,fusion_pbt_batterygpt,193,0.9991232414421428,0.9936031540737222,audit_only_not_for_training_or_tuning
23,fusion_pbt_batterygpt,194,0.998511020926369,0.9935527098654343,audit_only_not_for_training_or_tuning
23,fusion_pbt_batterygpt,195,0.9990970621281495,0.9935022656571463,audit_only_not_for_training_or_tuning
23,fusion_pbt_batterygpt,196,0.9987413827158031,0.9934518214488584,audit_only_not_for_training_or_tuning
23,fusion_pbt_batterygpt,197,0.9986349358554746,0.9934013772405703,audit_only_not_for_training_or_tuning
23,fusion_pbt_batterygpt,198,0.998515243286151,0.9933509330322824,audit_only_not_for_training_or_tuning
23,fusion_pbt_batterygpt,199,0.9987508545759792,0.9933004888239944,audit_only_not_for_training_or_tuning
23,fusion_pbt_batterygpt,200,0.9983585483953709,0.9932500446157064,audit_only_not_for_training_or_tuning
24,linear_recent,151,1.0034327751991479,0.997486998863887,audit_only_not_for_training_or_tuning
24,linear_recent,152,1.0037302099822047,0.9974573374664613,audit_only_not_for_training_or_tuning
24,linear_recent,153,1.0030848775129544,0.9974276760690354,audit_only_not_for_training_or_tuning
24,linear_recent,154,1.0031160172203444,0.9973980146716095,audit_only_not_for_training_or_tuning
24,linear_recent,155,1.0029507571560905,0.9973683532741836,audit_only_not_for_training_or_tuning
24,linear_recent,156,1.003065883707829,0.9973386918767578,audit_only_not_for_training_or_tuning
24,linear_recent,157,1.0031330208692169,0.997309030479332,audit_only_not_for_training_or_tuning
24,linear_recent,158,1.0031158917989593,0.9972793690819061,audit_only_not_for_training_or_tuning
24,linear_recent,159,1.0029015959753587,0.9972497076844802,audit_only_not_for_training_or_tuning
24,linear_recent,160,1.0032686294507387,0.9972200462870544,audit_only_not_for_training_or_tuning
24,linear_recent,161,1.0030684910428214,0.9971903848896285,audit_only_not_for_training_or_tuning
24,linear_recent,162,1.002755942416347,0.9971607234922026,audit_only_not_for_training_or_tuning
24,linear_recent,163,1.0026416135857723,0.9971310620947768,audit_only_not_for_training_or_tuning
24,linear_recent,164,1.0027767414312343,0.997101400697351,audit_only_not_for_training_or_tuning
24,linear_recent,165,1.0031230796542039,0.9970717392999251,audit_only_not_for_training_or_tuning
24,linear_recent,166,1.0030767062838377,0.9970420779024992,audit_only_not_for_training_or_tuning
24,linear_recent,167,1.002897079386775,0.9970124165050733,audit_only_not_for_training_or_tuning
24,linear_recent,168,1.002534593564581,0.9969827551076476,audit_only_not_for_training_or_tuning
24,linear_recent,169,1.0023548147075054,0.9969530937102217,audit_only_not_for_training_or_tuning
24,linear_recent,170,1.002759689758113,0.9969234323127958,audit_only_not_for_training_or_tuning
24,linear_recent,171,1.002547397110588,0.9968937709153699,audit_only_not_for_training_or_tuning
24,linear_recent,172,1.0028965227682547,0.9968641095179441,audit_only_not_for_training_or_tuning
24,linear_recent,173,1.0027873877336488,0.9968344481205182,audit_only_not_for_training_or_tuning
24,linear_recent,174,1.002584111374254,0.9968047867230924,audit_only_not_for_training_or_tuning
24,linear_recent,175,1.0026734192876707,0.9967751253256665,audit_only_not_for_training_or_tuning
24,linear_recent,176,1.0028726978155105,0.9967454639282407,audit_only_not_for_training_or_tuning
24,linear_recent,177,1.002339705414595,0.9967158025308148,audit_only_not_for_training_or_tuning
24,linear_recent,178,1.0022983983534977,0.9966861411333889,audit_only_not_for_training_or_tuning
24,linear_recent,179,1.0020387684359122,0.996656479735963,audit_only_not_for_training_or_tuning
24,linear_recent,180,1.0020572923855158,0.9966268183385373,audit_only_not_for_training_or_tuning
24,linear_recent,181,1.0026104160415146,0.9965971569411114,audit_only_not_for_training_or_tuning
24,linear_recent,182,1.0025106361655127,0.9965674955436855,audit_only_not_for_training_or_tuning
24,linear_recent,183,1.0020565629669973,0.9965378341462596,audit_only_not_for_training_or_tuning
24,linear_recent,184,1.001954062481573,0.9965081727488339,audit_only_not_for_training_or_tuning
24,linear_recent,185,1.0019657844800085,0.996478511351408,audit_only_not_for_training_or_tuning
24,linear_recent,186,1.0017430092710908,0.9964488499539821,audit_only_not_for_training_or_tuning
24,linear_recent,187,1.0018713816410172,0.9964191885565562,audit_only_not_for_training_or_tuning
24,linear_recent,188,1.0017800540985013,0.9963895271591304,audit_only_not_for_training_or_tuning
24,linear_recent,189,1.0019114885822114,0.9963598657617045,audit_only_not_for_training_or_tuning
24,linear_recent,190,1.0012487846272036,0.9963302043642787,audit_only_not_for_training_or_tuning
24,linear_recent,191,1.0015226738403022,0.9963005429668528,audit_only_not_for_training_or_tuning
24,linear_recent,192,1.0015497056366507,0.996270881569427,audit_only_not_for_training_or_tuning
24,linear_recent,193,1.001438266575197,0.9962412201720011,audit_only_not_for_training_or_tuning
24,linear_recent,194,1.0022016155638664,0.9962115587745752,audit_only_not_for_training_or_tuning
24,linear_recent,195,1.001079635110111,0.9961818973771494,audit_only_not_for_training_or_tuning
24,linear_recent,196,1.002311557968757,0.9961522359797236,audit_only_not_for_training_or_tuning
24,linear_recent,197,1.0020829455653142,0.9961225745822977,audit_only_not_for_training_or_tuning
24,linear_recent,198,1.0017379948535807,0.9960929131848718,audit_only_not_for_training_or_tuning
24,linear_recent,199,1.0020917499858153,0.9960632517874459,audit_only_not_for_training_or_tuning
24,linear_recent,200,1.001740546072756,0.9960335903900202,audit_only_not_for_training_or_tuning
24,policy_mean,151,1.0034327751991479,0.997497552135064,audit_only_not_for_training_or_tuning
24,policy_mean,152,1.0037302099822047,0.997478444008815,audit_only_not_for_training_or_tuning
24,policy_mean,153,1.0030848775129544,0.997459335882566,audit_only_not_for_training_or_tuning
24,policy_mean,154,1.0031160172203444,0.997440227756317,audit_only_not_for_training_or_tuning
24,policy_mean,155,1.0029507571560905,0.9974211196300681,audit_only_not_for_training_or_tuning
24,policy_mean,156,1.003065883707829,0.9974020115038191,audit_only_not_for_training_or_tuning
24,policy_mean,157,1.0031330208692169,0.9973829033775701,audit_only_not_for_training_or_tuning
24,policy_mean,158,1.0031158917989593,0.9973637952513211,audit_only_not_for_training_or_tuning
24,policy_mean,159,1.0029015959753587,0.9973446871250722,audit_only_not_for_training_or_tuning
24,policy_mean,160,1.0032686294507387,0.9973255789988232,audit_only_not_for_training_or_tuning
24,policy_mean,161,1.0030684910428214,0.9973064708725742,audit_only_not_for_training_or_tuning
24,policy_mean,162,1.002755942416347,0.9972873627463252,audit_only_not_for_training_or_tuning
24,policy_mean,163,1.0026416135857723,0.9972682546200763,audit_only_not_for_training_or_tuning
24,policy_mean,164,1.0027767414312343,0.9972491464938273,audit_only_not_for_training_or_tuning
24,policy_mean,165,1.0031230796542039,0.9972300383675783,audit_only_not_for_training_or_tuning
24,policy_mean,166,1.0030767062838377,0.9972109302413293,audit_only_not_for_training_or_tuning
24,policy_mean,167,1.002897079386775,0.9971918221150804,audit_only_not_for_training_or_tuning
24,policy_mean,168,1.002534593564581,0.9971727139888314,audit_only_not_for_training_or_tuning
24,policy_mean,169,1.0023548147075054,0.9971536058625824,audit_only_not_for_training_or_tuning
24,policy_mean,170,1.002759689758113,0.9971344977363334,audit_only_not_for_training_or_tuning
24,policy_mean,171,1.002547397110588,0.9971153896100845,audit_only_not_for_training_or_tuning
24,policy_mean,172,1.0028965227682547,0.9970962814838356,audit_only_not_for_training_or_tuning
24,policy_mean,173,1.0027873877336488,0.9970771733575865,audit_only_not_for_training_or_tuning
24,policy_mean,174,1.002584111374254,0.9970580652313376,audit_only_not_for_training_or_tuning
24,policy_mean,175,1.0026734192876707,0.9970389571050886,audit_only_not_for_training_or_tuning
24,policy_mean,176,1.0028726978155105,0.9970198489788397,audit_only_not_for_training_or_tuning
24,policy_mean,177,1.002339705414595,0.9970007408525906,audit_only_not_for_training_or_tuning
24,policy_mean,178,1.0022983983534977,0.9969816327263417,audit_only_not_for_training_or_tuning
24,policy_mean,179,1.0020387684359122,0.9969625246000927,audit_only_not_for_training_or_tuning
24,policy_mean,180,1.0020572923855158,0.9969434164738438,audit_only_not_for_training_or_tuning
24,policy_mean,181,1.0026104160415146,0.9969243083475947,audit_only_not_for_training_or_tuning
24,policy_mean,182,1.0025106361655127,0.9969052002213458,audit_only_not_for_training_or_tuning
24,policy_mean,183,1.0020565629669973,0.9968860920950968,audit_only_not_for_training_or_tuning
24,policy_mean,184,1.001954062481573,0.9968669839688479,audit_only_not_for_training_or_tuning
24,policy_mean,185,1.0019657844800085,0.9968478758425988,audit_only_not_for_training_or_tuning
24,policy_mean,186,1.0017430092710908,0.9968287677163499,audit_only_not_for_training_or_tuning
24,policy_mean,187,1.0018713816410172,0.9968096595901009,audit_only_not_for_training_or_tuning
24,policy_mean,188,1.0017800540985013,0.996790551463852,audit_only_not_for_training_or_tuning
24,policy_mean,189,1.0019114885822114,0.9967714433376029,audit_only_not_for_training_or_tuning
24,policy_mean,190,1.0012487846272036,0.996752335211354,audit_only_not_for_training_or_tuning
24,policy_mean,191,1.0015226738403022,0.996733227085105,audit_only_not_for_training_or_tuning
24,policy_mean,192,1.0015497056366507,0.9967141189588561,audit_only_not_for_training_or_tuning
24,policy_mean,193,1.001438266575197,0.996695010832607,audit_only_not_for_training_or_tuning
24,policy_mean,194,1.0022016155638664,0.9966759027063581,audit_only_not_for_training_or_tuning
24,policy_mean,195,1.001079635110111,0.9966567945801091,audit_only_not_for_training_or_tuning
24,policy_mean,196,1.002311557968757,0.9966376864538602,audit_only_not_for_training_or_tuning
24,policy_mean,197,1.0020829455653142,0.9966185783276111,audit_only_not_for_training_or_tuning
24,policy_mean,198,1.0017379948535807,0.9965994702013622,audit_only_not_for_training_or_tuning
24,policy_mean,199,1.0020917499858153,0.9965803620751132,audit_only_not_for_training_or_tuning
24,policy_mean,200,1.001740546072756,0.9965612539488643,audit_only_not_for_training_or_tuning
24,persist,151,1.0034327751991479,0.997516660261313,audit_only_not_for_training_or_tuning
24,persist,152,1.0037302099822047,0.997516660261313,audit_only_not_for_training_or_tuning
24,persist,153,1.0030848775129544,0.997516660261313,audit_only_not_for_training_or_tuning
24,persist,154,1.0031160172203444,0.997516660261313,audit_only_not_for_training_or_tuning
24,persist,155,1.0029507571560905,0.997516660261313,audit_only_not_for_training_or_tuning
24,persist,156,1.003065883707829,0.997516660261313,audit_only_not_for_training_or_tuning
24,persist,157,1.0031330208692169,0.997516660261313,audit_only_not_for_training_or_tuning
24,persist,158,1.0031158917989593,0.997516660261313,audit_only_not_for_training_or_tuning
24,persist,159,1.0029015959753587,0.997516660261313,audit_only_not_for_training_or_tuning
24,persist,160,1.0032686294507387,0.997516660261313,audit_only_not_for_training_or_tuning
24,persist,161,1.0030684910428214,0.997516660261313,audit_only_not_for_training_or_tuning
24,persist,162,1.002755942416347,0.997516660261313,audit_only_not_for_training_or_tuning
24,persist,163,1.0026416135857723,0.997516660261313,audit_only_not_for_training_or_tuning
24,persist,164,1.0027767414312343,0.997516660261313,audit_only_not_for_training_or_tuning
24,persist,165,1.0031230796542039,0.997516660261313,audit_only_not_for_training_or_tuning
24,persist,166,1.0030767062838377,0.997516660261313,audit_only_not_for_training_or_tuning
24,persist,167,1.002897079386775,0.997516660261313,audit_only_not_for_training_or_tuning
24,persist,168,1.002534593564581,0.997516660261313,audit_only_not_for_training_or_tuning
24,persist,169,1.0023548147075054,0.997516660261313,audit_only_not_for_training_or_tuning
24,persist,170,1.002759689758113,0.997516660261313,audit_only_not_for_training_or_tuning
24,persist,171,1.002547397110588,0.997516660261313,audit_only_not_for_training_or_tuning
24,persist,172,1.0028965227682547,0.997516660261313,audit_only_not_for_training_or_tuning
24,persist,173,1.0027873877336488,0.997516660261313,audit_only_not_for_training_or_tuning
24,persist,174,1.002584111374254,0.997516660261313,audit_only_not_for_training_or_tuning
24,persist,175,1.0026734192876707,0.997516660261313,audit_only_not_for_training_or_tuning
24,persist,176,1.0028726978155105,0.997516660261313,audit_only_not_for_training_or_tuning
24,persist,177,1.002339705414595,0.997516660261313,audit_only_not_for_training_or_tuning
24,persist,178,1.0022983983534977,0.997516660261313,audit_only_not_for_training_or_tuning
24,persist,179,1.0020387684359122,0.997516660261313,audit_only_not_for_training_or_tuning
24,persist,180,1.0020572923855158,0.997516660261313,audit_only_not_for_training_or_tuning
24,persist,181,1.0026104160415146,0.997516660261313,audit_only_not_for_training_or_tuning
24,persist,182,1.0025106361655127,0.997516660261313,audit_only_not_for_training_or_tuning
24,persist,183,1.0020565629669973,0.997516660261313,audit_only_not_for_training_or_tuning
24,persist,184,1.001954062481573,0.997516660261313,audit_only_not_for_training_or_tuning
24,persist,185,1.0019657844800085,0.997516660261313,audit_only_not_for_training_or_tuning
24,persist,186,1.0017430092710908,0.997516660261313,audit_only_not_for_training_or_tuning
24,persist,187,1.0018713816410172,0.997516660261313,audit_only_not_for_training_or_tuning
24,persist,188,1.0017800540985013,0.997516660261313,audit_only_not_for_training_or_tuning
24,persist,189,1.0019114885822114,0.997516660261313,audit_only_not_for_training_or_tuning
24,persist,190,1.0012487846272036,0.997516660261313,audit_only_not_for_training_or_tuning
24,persist,191,1.0015226738403022,0.997516660261313,audit_only_not_for_training_or_tuning
24,persist,192,1.0015497056366507,0.997516660261313,audit_only_not_for_training_or_tuning
24,persist,193,1.001438266575197,0.997516660261313,audit_only_not_for_training_or_tuning
24,persist,194,1.0022016155638664,0.997516660261313,audit_only_not_for_training_or_tuning
24,persist,195,1.001079635110111,0.997516660261313,audit_only_not_for_training_or_tuning
24,persist,196,1.002311557968757,0.997516660261313,audit_only_not_for_training_or_tuning
24,persist,197,1.0020829455653142,0.997516660261313,audit_only_not_for_training_or_tuning
24,persist,198,1.0017379948535807,0.997516660261313,audit_only_not_for_training_or_tuning
24,persist,199,1.0020917499858153,0.997516660261313,audit_only_not_for_training_or_tuning
24,persist,200,1.001740546072756,0.997516660261313,audit_only_not_for_training_or_tuning
24,fusion_pbt_batterygpt,151,1.0034327751991479,0.997480514442253,audit_only_not_for_training_or_tuning
24,fusion_pbt_batterygpt,152,1.0037302099822047,0.9974443686231931,audit_only_not_for_training_or_tuning
24,fusion_pbt_batterygpt,153,1.0030848775129544,0.9974082228041331,audit_only_not_for_training_or_tuning
24,fusion_pbt_batterygpt,154,1.0031160172203444,0.9973720769850732,audit_only_not_for_training_or_tuning
24,fusion_pbt_batterygpt,155,1.0029507571560905,0.9973359311660133,audit_only_not_for_training_or_tuning
24,fusion_pbt_batterygpt,156,1.003065883707829,0.9972997853469533,audit_only_not_for_training_or_tuning
24,fusion_pbt_batterygpt,157,1.0031330208692169,0.9972636395278933,audit_only_not_for_training_or_tuning
24,fusion_pbt_batterygpt,158,1.0031158917989593,0.9972274937088333,audit_only_not_for_training_or_tuning
24,fusion_pbt_batterygpt,159,1.0029015959753587,0.9971913478897734,audit_only_not_for_training_or_tuning
24,fusion_pbt_batterygpt,160,1.0032686294507387,0.9971552020707135,audit_only_not_for_training_or_tuning
24,fusion_pbt_batterygpt,161,1.0030684910428214,0.9971190562516535,audit_only_not_for_training_or_tuning
24,fusion_pbt_batterygpt,162,1.002755942416347,0.9970829104325936,audit_only_not_for_training_or_tuning
24,fusion_pbt_batterygpt,163,1.0026416135857723,0.9970467646135336,audit_only_not_for_training_or_tuning
24,fusion_pbt_batterygpt,164,1.0027767414312343,0.9970106187944736,audit_only_not_for_training_or_tuning
24,fusion_pbt_batterygpt,165,1.0031230796542039,0.9969744729754136,audit_only_not_for_training_or_tuning
24,fusion_pbt_batterygpt,166,1.0030767062838377,0.9969383271563538,audit_only_not_for_training_or_tuning
24,fusion_pbt_batterygpt,167,1.002897079386775,0.9969021813372938,audit_only_not_for_training_or_tuning
24,fusion_pbt_batterygpt,168,1.002534593564581,0.9968660355182338,audit_only_not_for_training_or_tuning
24,fusion_pbt_batterygpt,169,1.0023548147075054,0.9968298896991739,audit_only_not_for_training_or_tuning
24,fusion_pbt_batterygpt,170,1.002759689758113,0.9967937438801139,audit_only_not_for_training_or_tuning
24,fusion_pbt_batterygpt,171,1.002547397110588,0.9967575980610539,audit_only_not_for_training_or_tuning
24,fusion_pbt_batterygpt,172,1.0028965227682547,0.996721452241994,audit_only_not_for_training_or_tuning
24,fusion_pbt_batterygpt,173,1.0027873877336488,0.9966853064229341,audit_only_not_for_training_or_tuning
24,fusion_pbt_batterygpt,174,1.002584111374254,0.9966491606038741,audit_only_not_for_training_or_tuning
24,fusion_pbt_batterygpt,175,1.0026734192876707,0.9966130147848141,audit_only_not_for_training_or_tuning
24,fusion_pbt_batterygpt,176,1.0028726978155105,0.9965768689657541,audit_only_not_for_training_or_tuning
24,fusion_pbt_batterygpt,177,1.002339705414595,0.9965407231466942,audit_only_not_for_training_or_tuning
24,fusion_pbt_batterygpt,178,1.0022983983534977,0.9965045773276342,audit_only_not_for_training_or_tuning
24,fusion_pbt_batterygpt,179,1.0020387684359122,0.9964684315085743,audit_only_not_for_training_or_tuning
24,fusion_pbt_batterygpt,180,1.0020572923855158,0.9964322856895144,audit_only_not_for_training_or_tuning
24,fusion_pbt_batterygpt,181,1.0026104160415146,0.9963961398704544,audit_only_not_for_training_or_tuning
24,fusion_pbt_batterygpt,182,1.0025106361655127,0.9963599940513944,audit_only_not_for_training_or_tuning
24,fusion_pbt_batterygpt,183,1.0020565629669973,0.9963238482323344,audit_only_not_for_training_or_tuning
24,fusion_pbt_batterygpt,184,1.001954062481573,0.9962877024132745,audit_only_not_for_training_or_tuning
24,fusion_pbt_batterygpt,185,1.0019657844800085,0.9962515565942146,audit_only_not_for_training_or_tuning
24,fusion_pbt_batterygpt,186,1.0017430092710908,0.9962154107751546,audit_only_not_for_training_or_tuning
24,fusion_pbt_batterygpt,187,1.0018713816410172,0.9961792649560947,audit_only_not_for_training_or_tuning
24,fusion_pbt_batterygpt,188,1.0017800540985013,0.9961431191370347,audit_only_not_for_training_or_tuning
24,fusion_pbt_batterygpt,189,1.0019114885822114,0.9961069733179747,audit_only_not_for_training_or_tuning
24,fusion_pbt_batterygpt,190,1.0012487846272036,0.9960708274989147,audit_only_not_for_training_or_tuning
24,fusion_pbt_batterygpt,191,1.0015226738403022,0.9960346816798549,audit_only_not_for_training_or_tuning
24,fusion_pbt_batterygpt,192,1.0015497056366507,0.9959985358607949,audit_only_not_for_training_or_tuning
24,fusion_pbt_batterygpt,193,1.001438266575197,0.9959623900417349,audit_only_not_for_training_or_tuning
24,fusion_pbt_batterygpt,194,1.0022016155638664,0.995926244222675,audit_only_not_for_training_or_tuning
24,fusion_pbt_batterygpt,195,1.001079635110111,0.995890098403615,audit_only_not_for_training_or_tuning
24,fusion_pbt_batterygpt,196,1.002311557968757,0.995853952584555,audit_only_not_for_training_or_tuning
24,fusion_pbt_batterygpt,197,1.0020829455653142,0.9958178067654951,audit_only_not_for_training_or_tuning
24,fusion_pbt_batterygpt,198,1.0017379948535807,0.9957816609464352,audit_only_not_for_training_or_tuning
24,fusion_pbt_batterygpt,199,1.0020917499858153,0.9957455151273752,audit_only_not_for_training_or_tuning
24,fusion_pbt_batterygpt,200,1.001740546072756,0.9957093693083152,audit_only_not_for_training_or_tuning
25,linear_recent,151,1.0026203280166284,0.9972828544573719,audit_only_not_for_training_or_tuning
25,linear_recent,152,1.0027660680421338,0.9972616146117868,audit_only_not_for_training_or_tuning
25,linear_recent,153,1.0019588029786222,0.9972403747662016,audit_only_not_for_training_or_tuning
25,linear_recent,154,1.0027393586348017,0.9972191349206166,audit_only_not_for_training_or_tuning
25,linear_recent,155,1.0020871752747926,0.9971978950750315,audit_only_not_for_training_or_tuning
25,linear_recent,156,1.0021052765626746,0.9971766552294464,audit_only_not_for_training_or_tuning
25,linear_recent,157,1.0025758755804743,0.9971554153838613,audit_only_not_for_training_or_tuning
25,linear_recent,158,1.0024504772717746,0.9971341755382762,audit_only_not_for_training_or_tuning
25,linear_recent,159,1.0028202075312243,0.9971129356926911,audit_only_not_for_training_or_tuning
25,linear_recent,160,1.0022145523437611,0.997091695847106,audit_only_not_for_training_or_tuning
25,linear_recent,161,1.0024798930029697,0.997070456001521,audit_only_not_for_training_or_tuning
25,linear_recent,162,1.0023927602577354,0.9970492161559359,audit_only_not_for_training_or_tuning
25,linear_recent,163,1.001983778928294,0.9970279763103508,audit_only_not_for_training_or_tuning
25,linear_recent,164,1.0019156327192704,0.9970067364647657,audit_only_not_for_training_or_tuning
25,linear_recent,165,1.0015239979178083,0.9969854966191806,audit_only_not_for_training_or_tuning
25,linear_recent,166,1.0017930205051202,0.9969642567735955,audit_only_not_for_training_or_tuning
25,linear_recent,167,1.0013150682334109,0.9969430169280105,audit_only_not_for_training_or_tuning
25,linear_recent,168,1.0013095123800386,0.9969217770824254,audit_only_not_for_training_or_tuning
25,linear_recent,169,1.0014052451041948,0.9969005372368402,audit_only_not_for_training_or_tuning
25,linear_recent,170,1.0007733005285473,0.9968792973912551,audit_only_not_for_training_or_tuning
25,linear_recent,171,1.0016660357860738,0.99685805754567,audit_only_not_for_training_or_tuning
25,linear_recent,172,1.0015148882894152,0.9968368177000849,audit_only_not_for_training_or_tuning
25,linear_recent,173,1.000521203233357,0.9968155778544998,audit_only_not_for_training_or_tuning
25,linear_recent,174,1.0005434014114096,0.9967943380089148,audit_only_not_for_training_or_tuning
25,linear_recent,175,1.000397724865787,0.9967730981633297,audit_only_not_for_training_or_tuning
25,linear_recent,176,1.0005820441372235,0.9967518583177446,audit_only_not_for_training_or_tuning
25,linear_recent,177,1.001091950831716,0.9967306184721595,audit_only_not_for_training_or_tuning
25,linear_recent,178,1.0003890208493698,0.9967093786265744,audit_only_not_for_training_or_tuning
25,linear_recent,179,1.0016656108409026,0.9966881387809893,audit_only_not_for_training_or_tuning
25,linear_recent,180,1.0013803841315643,0.9966668989354042,audit_only_not_for_training_or_tuning
25,linear_recent,181,1.0018223085082152,0.9966456590898192,audit_only_not_for_training_or_tuning
25,linear_recent,182,1.000680444527415,0.9966244192442341,audit_only_not_for_training_or_tuning
25,linear_recent,183,1.0007544594820221,0.996603179398649,audit_only_not_for_training_or_tuning
25,linear_recent,184,1.001046641921877,0.9965819395530638,audit_only_not_for_training_or_tuning
25,linear_recent,185,1.0007827809801024,0.9965606997074787,audit_only_not_for_training_or_tuning
25,linear_recent,186,1.0011544329021635,0.9965394598618936,audit_only_not_for_training_or_tuning
25,linear_recent,187,1.0015414007447443,0.9965182200163085,audit_only_not_for_training_or_tuning
25,linear_recent,188,1.0008072584303893,0.9964969801707235,audit_only_not_for_training_or_tuning
25,linear_recent,189,1.0007397032429965,0.9964757403251384,audit_only_not_for_training_or_tuning
25,linear_recent,190,1.0005266652066,0.9964545004795533,audit_only_not_for_training_or_tuning
25,linear_recent,191,1.0003225175077972,0.9964332606339682,audit_only_not_for_training_or_tuning
25,linear_recent,192,1.0006033608540517,0.9964120207883831,audit_only_not_for_training_or_tuning
25,linear_recent,193,1.0004384219078954,0.996390780942798,audit_only_not_for_training_or_tuning
25,linear_recent,194,1.0002296299733229,0.9963695410972129,audit_only_not_for_training_or_tuning
25,linear_recent,195,1.0000819054608456,0.9963483012516279,audit_only_not_for_training_or_tuning
25,linear_recent,196,1.0004259683406975,0.9963270614060428,audit_only_not_for_training_or_tuning
25,linear_recent,197,1.0000819963095344,0.9963058215604577,audit_only_not_for_training_or_tuning
25,linear_recent,198,1.0000946359951153,0.9962845817148726,audit_only_not_for_training_or_tuning
25,linear_recent,199,1.0003776680101018,0.9962633418692874,audit_only_not_for_training_or_tuning
25,linear_recent,200,1.0001302600669684,0.9962421020237023,audit_only_not_for_training_or_tuning
25,policy_mean,151,1.0026203280166284,0.9972850981695157,audit_only_not_for_training_or_tuning
25,policy_mean,152,1.0027660680421338,0.9972661020360745,audit_only_not_for_training_or_tuning
25,policy_mean,153,1.0019588029786222,0.9972471059026332,audit_only_not_for_training_or_tuning
25,policy_mean,154,1.0027393586348017,0.997228109769192,audit_only_not_for_training_or_tuning
25,policy_mean,155,1.0020871752747926,0.9972091136357507,audit_only_not_for_training_or_tuning
25,policy_mean,156,1.0021052765626746,0.9971901175023095,audit_only_not_for_training_or_tuning
25,policy_mean,157,1.0025758755804743,0.9971711213688682,audit_only_not_for_training_or_tuning
25,policy_mean,158,1.0024504772717746,0.997152125235427,audit_only_not_for_training_or_tuning
25,policy_mean,159,1.0028202075312243,0.9971331291019857,audit_only_not_for_training_or_tuning
25,policy_mean,160,1.0022145523437611,0.9971141329685445,audit_only_not_for_training_or_tuning
25,policy_mean,161,1.0024798930029697,0.9970951368351032,audit_only_not_for_training_or_tuning
25,policy_mean,162,1.0023927602577354,0.9970761407016618,audit_only_not_for_training_or_tuning
25,policy_mean,163,1.001983778928294,0.9970571445682206,audit_only_not_for_training_or_tuning
25,policy_mean,164,1.0019156327192704,0.9970381484347793,audit_only_not_for_training_or_tuning
25,policy_mean,165,1.0015239979178083,0.9970191523013381,audit_only_not_for_training_or_tuning
25,policy_mean,166,1.0017930205051202,0.9970001561678968,audit_only_not_for_training_or_tuning
25,policy_mean,167,1.0013150682334109,0.9969811600344556,audit_only_not_for_training_or_tuning
25,policy_mean,168,1.0013095123800386,0.9969621639010143,audit_only_not_for_training_or_tuning
25,policy_mean,169,1.0014052451041948,0.9969431677675731,audit_only_not_for_training_or_tuning
25,policy_mean,170,1.0007733005285473,0.9969241716341318,audit_only_not_for_training_or_tuning
25,policy_mean,171,1.0016660357860738,0.9969051755006906,audit_only_not_for_training_or_tuning
25,policy_mean,172,1.0015148882894152,0.9968861793672493,audit_only_not_for_training_or_tuning
25,policy_mean,173,1.000521203233357,0.9968671832338081,audit_only_not_for_training_or_tuning
25,policy_mean,174,1.0005434014114096,0.9968481871003668,audit_only_not_for_training_or_tuning
25,policy_mean,175,1.000397724865787,0.9968291909669256,audit_only_not_for_training_or_tuning
25,policy_mean,176,1.0005820441372235,0.9968101948334843,audit_only_not_for_training_or_tuning
25,policy_mean,177,1.001091950831716,0.9967911987000431,audit_only_not_for_training_or_tuning
25,policy_mean,178,1.0003890208493698,0.9967722025666018,audit_only_not_for_training_or_tuning
25,policy_mean,179,1.0016656108409026,0.9967532064331606,audit_only_not_for_training_or_tuning
25,policy_mean,180,1.0013803841315643,0.9967342102997193,audit_only_not_for_training_or_tuning
25,policy_mean,181,1.0018223085082152,0.9967152141662781,audit_only_not_for_training_or_tuning
25,policy_mean,182,1.000680444527415,0.9966962180328368,audit_only_not_for_training_or_tuning
25,policy_mean,183,1.0007544594820221,0.9966772218993956,audit_only_not_for_training_or_tuning
25,policy_mean,184,1.001046641921877,0.9966582257659543,audit_only_not_for_training_or_tuning
25,policy_mean,185,1.0007827809801024,0.9966392296325131,audit_only_not_for_training_or_tuning
25,policy_mean,186,1.0011544329021635,0.9966202334990718,audit_only_not_for_training_or_tuning
25,policy_mean,187,1.0015414007447443,0.9966012373656306,audit_only_not_for_training_or_tuning
25,policy_mean,188,1.0008072584303893,0.9965822412321893,audit_only_not_for_training_or_tuning
25,policy_mean,189,1.0007397032429965,0.996563245098748,audit_only_not_for_training_or_tuning
25,policy_mean,190,1.0005266652066,0.9965442489653068,audit_only_not_for_training_or_tuning
25,policy_mean,191,1.0003225175077972,0.9965252528318655,audit_only_not_for_training_or_tuning
25,policy_mean,192,1.0006033608540517,0.9965062566984243,audit_only_not_for_training_or_tuning
25,policy_mean,193,1.0004384219078954,0.996487260564983,audit_only_not_for_training_or_tuning
25,policy_mean,194,1.0002296299733229,0.9964682644315418,audit_only_not_for_training_or_tuning
25,policy_mean,195,1.0000819054608456,0.9964492682981005,audit_only_not_for_training_or_tuning
25,policy_mean,196,1.0004259683406975,0.9964302721646593,audit_only_not_for_training_or_tuning
25,policy_mean,197,1.0000819963095344,0.996411276031218,audit_only_not_for_training_or_tuning
25,policy_mean,198,1.0000946359951153,0.9963922798977767,audit_only_not_for_training_or_tuning
25,policy_mean,199,1.0003776680101018,0.9963732837643354,audit_only_not_for_training_or_tuning
25,policy_mean,200,1.0001302600669684,0.9963542876308942,audit_only_not_for_training_or_tuning
25,persist,151,1.0026203280166284,0.997304094302957,audit_only_not_for_training_or_tuning
25,persist,152,1.0027660680421338,0.997304094302957,audit_only_not_for_training_or_tuning
25,persist,153,1.0019588029786222,0.997304094302957,audit_only_not_for_training_or_tuning
25,persist,154,1.0027393586348017,0.997304094302957,audit_only_not_for_training_or_tuning
25,persist,155,1.0020871752747926,0.997304094302957,audit_only_not_for_training_or_tuning
25,persist,156,1.0021052765626746,0.997304094302957,audit_only_not_for_training_or_tuning
25,persist,157,1.0025758755804743,0.997304094302957,audit_only_not_for_training_or_tuning
25,persist,158,1.0024504772717746,0.997304094302957,audit_only_not_for_training_or_tuning
25,persist,159,1.0028202075312243,0.997304094302957,audit_only_not_for_training_or_tuning
25,persist,160,1.0022145523437611,0.997304094302957,audit_only_not_for_training_or_tuning
25,persist,161,1.0024798930029697,0.997304094302957,audit_only_not_for_training_or_tuning
25,persist,162,1.0023927602577354,0.997304094302957,audit_only_not_for_training_or_tuning
25,persist,163,1.001983778928294,0.997304094302957,audit_only_not_for_training_or_tuning
25,persist,164,1.0019156327192704,0.997304094302957,audit_only_not_for_training_or_tuning
25,persist,165,1.0015239979178083,0.997304094302957,audit_only_not_for_training_or_tuning
25,persist,166,1.0017930205051202,0.997304094302957,audit_only_not_for_training_or_tuning
25,persist,167,1.0013150682334109,0.997304094302957,audit_only_not_for_training_or_tuning
25,persist,168,1.0013095123800386,0.997304094302957,audit_only_not_for_training_or_tuning
25,persist,169,1.0014052451041948,0.997304094302957,audit_only_not_for_training_or_tuning
25,persist,170,1.0007733005285473,0.997304094302957,audit_only_not_for_training_or_tuning
25,persist,171,1.0016660357860738,0.997304094302957,audit_only_not_for_training_or_tuning
25,persist,172,1.0015148882894152,0.997304094302957,audit_only_not_for_training_or_tuning
25,persist,173,1.000521203233357,0.997304094302957,audit_only_not_for_training_or_tuning
25,persist,174,1.0005434014114096,0.997304094302957,audit_only_not_for_training_or_tuning
25,persist,175,1.000397724865787,0.997304094302957,audit_only_not_for_training_or_tuning
25,persist,176,1.0005820441372235,0.997304094302957,audit_only_not_for_training_or_tuning
25,persist,177,1.001091950831716,0.997304094302957,audit_only_not_for_training_or_tuning
25,persist,178,1.0003890208493698,0.997304094302957,audit_only_not_for_training_or_tuning
25,persist,179,1.0016656108409026,0.997304094302957,audit_only_not_for_training_or_tuning
25,persist,180,1.0013803841315643,0.997304094302957,audit_only_not_for_training_or_tuning
25,persist,181,1.0018223085082152,0.997304094302957,audit_only_not_for_training_or_tuning
25,persist,182,1.000680444527415,0.997304094302957,audit_only_not_for_training_or_tuning
25,persist,183,1.0007544594820221,0.997304094302957,audit_only_not_for_training_or_tuning
25,persist,184,1.001046641921877,0.997304094302957,audit_only_not_for_training_or_tuning
25,persist,185,1.0007827809801024,0.997304094302957,audit_only_not_for_training_or_tuning
25,persist,186,1.0011544329021635,0.997304094302957,audit_only_not_for_training_or_tuning
25,persist,187,1.0015414007447443,0.997304094302957,audit_only_not_for_training_or_tuning
25,persist,188,1.0008072584303893,0.997304094302957,audit_only_not_for_training_or_tuning
25,persist,189,1.0007397032429965,0.997304094302957,audit_only_not_for_training_or_tuning
25,persist,190,1.0005266652066,0.997304094302957,audit_only_not_for_training_or_tuning
25,persist,191,1.0003225175077972,0.997304094302957,audit_only_not_for_training_or_tuning
25,persist,192,1.0006033608540517,0.997304094302957,audit_only_not_for_training_or_tuning
25,persist,193,1.0004384219078954,0.997304094302957,audit_only_not_for_training_or_tuning
25,persist,194,1.0002296299733229,0.997304094302957,audit_only_not_for_training_or_tuning
25,persist,195,1.0000819054608456,0.997304094302957,audit_only_not_for_training_or_tuning
25,persist,196,1.0004259683406975,0.997304094302957,audit_only_not_for_training_or_tuning
25,persist,197,1.0000819963095344,0.997304094302957,audit_only_not_for_training_or_tuning
25,persist,198,1.0000946359951153,0.997304094302957,audit_only_not_for_training_or_tuning
25,persist,199,1.0003776680101018,0.997304094302957,audit_only_not_for_training_or_tuning
25,persist,200,1.0001302600669684,0.997304094302957,audit_only_not_for_training_or_tuning
25,fusion_pbt_batterygpt,151,1.0026203280166284,0.9972730615721406,audit_only_not_for_training_or_tuning
25,fusion_pbt_batterygpt,152,1.0027660680421338,0.9972420288413242,audit_only_not_for_training_or_tuning
25,fusion_pbt_batterygpt,153,1.0019588029786222,0.9972109961105078,audit_only_not_for_training_or_tuning
25,fusion_pbt_batterygpt,154,1.0027393586348017,0.9971799633796914,audit_only_not_for_training_or_tuning
25,fusion_pbt_batterygpt,155,1.0020871752747926,0.997148930648875,audit_only_not_for_training_or_tuning
25,fusion_pbt_batterygpt,156,1.0021052765626746,0.9971178979180586,audit_only_not_for_training_or_tuning
25,fusion_pbt_batterygpt,157,1.0025758755804743,0.9970868651872422,audit_only_not_for_training_or_tuning
25,fusion_pbt_batterygpt,158,1.0024504772717746,0.9970558324564258,audit_only_not_for_training_or_tuning
25,fusion_pbt_batterygpt,159,1.0028202075312243,0.9970247997256094,audit_only_not_for_training_or_tuning
25,fusion_pbt_batterygpt,160,1.0022145523437611,0.996993766994793,audit_only_not_for_training_or_tuning
25,fusion_pbt_batterygpt,161,1.0024798930029697,0.9969627342639766,audit_only_not_for_training_or_tuning
25,fusion_pbt_batterygpt,162,1.0023927602577354,0.9969317015331602,audit_only_not_for_training_or_tuning
25,fusion_pbt_batterygpt,163,1.001983778928294,0.9969006688023437,audit_only_not_for_training_or_tuning
25,fusion_pbt_batterygpt,164,1.0019156327192704,0.9968696360715273,audit_only_not_for_training_or_tuning
25,fusion_pbt_batterygpt,165,1.0015239979178083,0.996838603340711,audit_only_not_for_training_or_tuning
25,fusion_pbt_batterygpt,166,1.0017930205051202,0.9968075706098946,audit_only_not_for_training_or_tuning
25,fusion_pbt_batterygpt,167,1.0013150682334109,0.9967765378790782,audit_only_not_for_training_or_tuning
25,fusion_pbt_batterygpt,168,1.0013095123800386,0.9967455051482618,audit_only_not_for_training_or_tuning
25,fusion_pbt_batterygpt,169,1.0014052451041948,0.9967144724174454,audit_only_not_for_training_or_tuning
25,fusion_pbt_batterygpt,170,1.0007733005285473,0.996683439686629,audit_only_not_for_training_or_tuning
25,fusion_pbt_batterygpt,171,1.0016660357860738,0.9966524069558126,audit_only_not_for_training_or_tuning
25,fusion_pbt_batterygpt,172,1.0015148882894152,0.9966213742249962,audit_only_not_for_training_or_tuning
25,fusion_pbt_batterygpt,173,1.000521203233357,0.9965903414941798,audit_only_not_for_training_or_tuning
25,fusion_pbt_batterygpt,174,1.0005434014114096,0.9965593087633634,audit_only_not_for_training_or_tuning
25,fusion_pbt_batterygpt,175,1.000397724865787,0.996528276032547,audit_only_not_for_training_or_tuning
25,fusion_pbt_batterygpt,176,1.0005820441372235,0.9964972433017306,audit_only_not_for_training_or_tuning
25,fusion_pbt_batterygpt,177,1.001091950831716,0.9964662105709142,audit_only_not_for_training_or_tuning
25,fusion_pbt_batterygpt,178,1.0003890208493698,0.9964351778400978,audit_only_not_for_training_or_tuning
25,fusion_pbt_batterygpt,179,1.0016656108409026,0.9964041451092814,audit_only_not_for_training_or_tuning
25,fusion_pbt_batterygpt,180,1.0013803841315643,0.996373112378465,audit_only_not_for_training_or_tuning
25,fusion_pbt_batterygpt,181,1.0018223085082152,0.9963420796476486,audit_only_not_for_training_or_tuning
25,fusion_pbt_batterygpt,182,1.000680444527415,0.9963110469168323,audit_only_not_for_training_or_tuning
25,fusion_pbt_batterygpt,183,1.0007544594820221,0.9962800141860159,audit_only_not_for_training_or_tuning
25,fusion_pbt_batterygpt,184,1.001046641921877,0.9962489814551995,audit_only_not_for_training_or_tuning
25,fusion_pbt_batterygpt,185,1.0007827809801024,0.9962179487243831,audit_only_not_for_training_or_tuning
25,fusion_pbt_batterygpt,186,1.0011544329021635,0.9961869159935667,audit_only_not_for_training_or_tuning
25,fusion_pbt_batterygpt,187,1.0015414007447443,0.9961558832627503,audit_only_not_for_training_or_tuning
25,fusion_pbt_batterygpt,188,1.0008072584303893,0.9961248505319338,audit_only_not_for_training_or_tuning
25,fusion_pbt_batterygpt,189,1.0007397032429965,0.9960938178011174,audit_only_not_for_training_or_tuning
25,fusion_pbt_batterygpt,190,1.0005266652066,0.996062785070301,audit_only_not_for_training_or_tuning
25,fusion_pbt_batterygpt,191,1.0003225175077972,0.9960317523394846,audit_only_not_for_training_or_tuning
25,fusion_pbt_batterygpt,192,1.0006033608540517,0.9960007196086682,audit_only_not_for_training_or_tuning
25,fusion_pbt_batterygpt,193,1.0004384219078954,0.9959696868778518,audit_only_not_for_training_or_tuning
25,fusion_pbt_batterygpt,194,1.0002296299733229,0.9959386541470354,audit_only_not_for_training_or_tuning
25,fusion_pbt_batterygpt,195,1.0000819054608456,0.995907621416219,audit_only_not_for_training_or_tuning
25,fusion_pbt_batterygpt,196,1.0004259683406975,0.9958765886854026,audit_only_not_for_training_or_tuning
25,fusion_pbt_batterygpt,197,1.0000819963095344,0.9958455559545862,audit_only_not_for_training_or_tuning
25,fusion_pbt_batterygpt,198,1.0000946359951153,0.9958145232237698,audit_only_not_for_training_or_tuning
25,fusion_pbt_batterygpt,199,1.0003776680101018,0.9957834904929534,audit_only_not_for_training_or_tuning
25,fusion_pbt_batterygpt,200,1.0001302600669684,0.995752457762137,audit_only_not_for_training_or_tuning
26,linear_recent,151,0.9997353574117973,0.9959265634674497,audit_only_not_for_training_or_tuning
26,linear_recent,152,0.9999497335361066,0.9958951978931605,audit_only_not_for_training_or_tuning
26,linear_recent,153,0.9994732823177365,0.9958638323188713,audit_only_not_for_training_or_tuning
26,linear_recent,154,0.9990049580951524,0.9958324667445821,audit_only_not_for_training_or_tuning
26,linear_recent,155,0.9990648627599159,0.995801101170293,audit_only_not_for_training_or_tuning
26,linear_recent,156,0.9992397366416144,0.9957697355960038,audit_only_not_for_training_or_tuning
26,linear_recent,157,0.998862268104345,0.9957383700217146,audit_only_not_for_training_or_tuning
26,linear_recent,158,0.9990222862099672,0.9957070044474254,audit_only_not_for_training_or_tuning
26,linear_recent,159,0.9987477496214714,0.9956756388731363,audit_only_not_for_training_or_tuning
26,linear_recent,160,0.9989081489850152,0.9956442732988471,audit_only_not_for_training_or_tuning
26,linear_recent,161,0.9988019209175936,0.9956129077245579,audit_only_not_for_training_or_tuning
26,linear_recent,162,0.998573755684127,0.9955815421502687,audit_only_not_for_training_or_tuning
26,linear_recent,163,0.9986930796686149,0.9955501765759794,audit_only_not_for_training_or_tuning
26,linear_recent,164,0.9986387786607869,0.9955188110016903,audit_only_not_for_training_or_tuning
26,linear_recent,165,0.9981686865524174,0.9954874454274011,audit_only_not_for_training_or_tuning
26,linear_recent,166,0.9982869647147805,0.9954560798531119,audit_only_not_for_training_or_tuning
26,linear_recent,167,0.9983433203358104,0.9954247142788227,audit_only_not_for_training_or_tuning
26,linear_recent,168,0.9984253395381719,0.9953933487045336,audit_only_not_for_training_or_tuning
26,linear_recent,169,0.9984584541151037,0.9953619831302444,audit_only_not_for_training_or_tuning
26,linear_recent,170,0.9982824504948917,0.9953306175559552,audit_only_not_for_training_or_tuning
26,linear_recent,171,0.9984525591829652,0.995299251981666,audit_only_not_for_training_or_tuning
26,linear_recent,172,0.9984146621397477,0.9952678864073768,audit_only_not_for_training_or_tuning
26,linear_recent,173,0.9984048610407994,0.9952365208330877,audit_only_not_for_training_or_tuning
26,linear_recent,174,0.9983104526404001,0.9952051552587985,audit_only_not_for_training_or_tuning
26,linear_recent,175,0.998675708413591,0.9951737896845093,audit_only_not_for_training_or_tuning
26,linear_recent,176,0.9981850752728321,0.9951424241102201,audit_only_not_for_training_or_tuning
26,linear_recent,177,0.998491649260658,0.995111058535931,audit_only_not_for_training_or_tuning
26,linear_recent,178,0.9985015455457649,0.9950796929616418,audit_only_not_for_training_or_tuning
26,linear_recent,179,0.9984510527158665,0.9950483273873526,audit_only_not_for_training_or_tuning
26,linear_recent,180,0.998341690903401,0.9950169618130634,audit_only_not_for_training_or_tuning
26,linear_recent,181,0.9985954072377781,0.9949855962387743,audit_only_not_for_training_or_tuning
26,linear_recent,182,0.9983242459074864,0.9949542306644851,audit_only_not_for_training_or_tuning
26,linear_recent,183,0.9979775109331643,0.9949228650901959,audit_only_not_for_training_or_tuning
26,linear_recent,184,0.9986446408470453,0.9948914995159067,audit_only_not_for_training_or_tuning
26,linear_recent,185,0.9985800320064102,0.9948601339416175,audit_only_not_for_training_or_tuning
26,linear_recent,186,0.9984022447755297,0.9948287683673284,audit_only_not_for_training_or_tuning
26,linear_recent,187,0.9980575059088187,0.9947974027930392,audit_only_not_for_training_or_tuning
26,linear_recent,188,0.998280572102118,0.9947660372187499,audit_only_not_for_training_or_tuning
26,linear_recent,189,0.9982347591604445,0.9947346716444607,audit_only_not_for_training_or_tuning
26,linear_recent,190,0.9981155000469104,0.9947033060701715,audit_only_not_for_training_or_tuning
26,linear_recent,191,0.997541247969761,0.9946719404958824,audit_only_not_for_training_or_tuning
26,linear_recent,192,0.997730127933866,0.9946405749215932,audit_only_not_for_training_or_tuning
26,linear_recent,193,0.9976090168393729,0.994609209347304,audit_only_not_for_training_or_tuning
26,linear_recent,194,0.997406802160153,0.9945778437730148,audit_only_not_for_training_or_tuning
26,linear_recent,195,0.9974631968533687,0.9945464781987257,audit_only_not_for_training_or_tuning
26,linear_recent,196,0.9973935414860216,0.9945151126244365,audit_only_not_for_training_or_tuning
26,linear_recent,197,0.997841592423607,0.9944837470501473,audit_only_not_for_training_or_tuning
26,linear_recent,198,0.9980182477632518,0.9944523814758581,audit_only_not_for_training_or_tuning
26,linear_recent,199,0.9975243377610269,0.994421015901569,audit_only_not_for_training_or_tuning
26,linear_recent,200,0.9974947032342701,0.9943896503272798,audit_only_not_for_training_or_tuning
26,policy_mean,151,0.9997353574117973,0.9959444273929231,audit_only_not_for_training_or_tuning
26,policy_mean,152,0.9999497335361066,0.9959309257441074,audit_only_not_for_training_or_tuning
26,policy_mean,153,0.9994732823177365,0.9959174240952915,audit_only_not_for_training_or_tuning
26,policy_mean,154,0.9990049580951524,0.9959039224464756,audit_only_not_for_training_or_tuning
26,policy_mean,155,0.9990648627599159,0.9958904207976599,audit_only_not_for_training_or_tuning
26,policy_mean,156,0.9992397366416144,0.995876919148844,audit_only_not_for_training_or_tuning
26,policy_mean,157,0.998862268104345,0.9958634175000282,audit_only_not_for_training_or_tuning
26,policy_mean,158,0.9990222862099672,0.9958499158512123,audit_only_not_for_training_or_tuning
26,policy_mean,159,0.9987477496214714,0.9958364142023965,audit_only_not_for_training_or_tuning
26,policy_mean,160,0.9989081489850152,0.9958229125535807,audit_only_not_for_training_or_tuning
26,policy_mean,161,0.9988019209175936,0.9958094109047648,audit_only_not_for_training_or_tuning
26,policy_mean,162,0.998573755684127,0.9957959092559491,audit_only_not_for_training_or_tuning
26,policy_mean,163,0.9986930796686149,0.9957824076071332,audit_only_not_for_training_or_tuning
26,policy_mean,164,0.9986387786607869,0.9957689059583174,audit_only_not_for_training_or_tuning
26,policy_mean,165,0.9981686865524174,0.9957554043095015,audit_only_not_for_training_or_tuning
26,policy_mean,166,0.9982869647147805,0.9957419026606857,audit_only_not_for_training_or_tuning
26,policy_mean,167,0.9983433203358104,0.9957284010118699,audit_only_not_for_training_or_tuning
26,policy_mean,168,0.9984253395381719,0.995714899363054,audit_only_not_for_training_or_tuning
26,policy_mean,169,0.9984584541151037,0.9957013977142383,audit_only_not_for_training_or_tuning
26,policy_mean,170,0.9982824504948917,0.9956878960654224,audit_only_not_for_training_or_tuning
26,policy_mean,171,0.9984525591829652,0.9956743944166065,audit_only_not_for_training_or_tuning
26,policy_mean,172,0.9984146621397477,0.9956608927677908,audit_only_not_for_training_or_tuning
26,policy_mean,173,0.9984048610407994,0.9956473911189749,audit_only_not_for_training_or_tuning
26,policy_mean,174,0.9983104526404001,0.9956338894701591,audit_only_not_for_training_or_tuning
26,policy_mean,175,0.998675708413591,0.9956203878213432,audit_only_not_for_training_or_tuning
26,policy_mean,176,0.9981850752728321,0.9956068861725275,audit_only_not_for_training_or_tuning
26,policy_mean,177,0.998491649260658,0.9955933845237116,audit_only_not_for_training_or_tuning
26,policy_mean,178,0.9985015455457649,0.9955798828748957,audit_only_not_for_training_or_tuning
26,policy_mean,179,0.9984510527158665,0.99556638122608,audit_only_not_for_training_or_tuning
26,policy_mean,180,0.998341690903401,0.9955528795772641,audit_only_not_for_training_or_tuning
26,policy_mean,181,0.9985954072377781,0.9955393779284483,audit_only_not_for_training_or_tuning
26,policy_mean,182,0.9983242459074864,0.9955258762796324,audit_only_not_for_training_or_tuning
26,policy_mean,183,0.9979775109331643,0.9955123746308167,audit_only_not_for_training_or_tuning
26,policy_mean,184,0.9986446408470453,0.9954988729820008,audit_only_not_for_training_or_tuning
26,policy_mean,185,0.9985800320064102,0.9954853713331849,audit_only_not_for_training_or_tuning
26,policy_mean,186,0.9984022447755297,0.9954718696843692,audit_only_not_for_training_or_tuning
26,policy_mean,187,0.9980575059088187,0.9954583680355533,audit_only_not_for_training_or_tuning
26,policy_mean,188,0.998280572102118,0.9954448663867375,audit_only_not_for_training_or_tuning
26,policy_mean,189,0.9982347591604445,0.9954313647379217,audit_only_not_for_training_or_tuning
26,policy_mean,190,0.9981155000469104,0.9954178630891058,audit_only_not_for_training_or_tuning
26,policy_mean,191,0.997541247969761,0.99540436144029,audit_only_not_for_training_or_tuning
26,policy_mean,192,0.997730127933866,0.9953908597914741,audit_only_not_for_training_or_tuning
26,policy_mean,193,0.9976090168393729,0.9953773581426584,audit_only_not_for_training_or_tuning
26,policy_mean,194,0.997406802160153,0.9953638564938425,audit_only_not_for_training_or_tuning
26,policy_mean,195,0.9974631968533687,0.9953503548450267,audit_only_not_for_training_or_tuning
26,policy_mean,196,0.9973935414860216,0.9953368531962109,audit_only_not_for_training_or_tuning
26,policy_mean,197,0.997841592423607,0.995323351547395,audit_only_not_for_training_or_tuning
26,policy_mean,198,0.9980182477632518,0.9953098498985792,audit_only_not_for_training_or_tuning
26,policy_mean,199,0.9975243377610269,0.9952963482497633,audit_only_not_for_training_or_tuning
26,policy_mean,200,0.9974947032342701,0.9952828466009476,audit_only_not_for_training_or_tuning
26,persist,151,0.9997353574117973,0.995957929041739,audit_only_not_for_training_or_tuning
26,persist,152,0.9999497335361066,0.995957929041739,audit_only_not_for_training_or_tuning
26,persist,153,0.9994732823177365,0.995957929041739,audit_only_not_for_training_or_tuning
26,persist,154,0.9990049580951524,0.995957929041739,audit_only_not_for_training_or_tuning
26,persist,155,0.9990648627599159,0.995957929041739,audit_only_not_for_training_or_tuning
26,persist,156,0.9992397366416144,0.995957929041739,audit_only_not_for_training_or_tuning
26,persist,157,0.998862268104345,0.995957929041739,audit_only_not_for_training_or_tuning
26,persist,158,0.9990222862099672,0.995957929041739,audit_only_not_for_training_or_tuning
26,persist,159,0.9987477496214714,0.995957929041739,audit_only_not_for_training_or_tuning
26,persist,160,0.9989081489850152,0.995957929041739,audit_only_not_for_training_or_tuning
26,persist,161,0.9988019209175936,0.995957929041739,audit_only_not_for_training_or_tuning
26,persist,162,0.998573755684127,0.995957929041739,audit_only_not_for_training_or_tuning
26,persist,163,0.9986930796686149,0.995957929041739,audit_only_not_for_training_or_tuning
26,persist,164,0.9986387786607869,0.995957929041739,audit_only_not_for_training_or_tuning
26,persist,165,0.9981686865524174,0.995957929041739,audit_only_not_for_training_or_tuning
26,persist,166,0.9982869647147805,0.995957929041739,audit_only_not_for_training_or_tuning
26,persist,167,0.9983433203358104,0.995957929041739,audit_only_not_for_training_or_tuning
26,persist,168,0.9984253395381719,0.995957929041739,audit_only_not_for_training_or_tuning
26,persist,169,0.9984584541151037,0.995957929041739,audit_only_not_for_training_or_tuning
26,persist,170,0.9982824504948917,0.995957929041739,audit_only_not_for_training_or_tuning
26,persist,171,0.9984525591829652,0.995957929041739,audit_only_not_for_training_or_tuning
26,persist,172,0.9984146621397477,0.995957929041739,audit_only_not_for_training_or_tuning
26,persist,173,0.9984048610407994,0.995957929041739,audit_only_not_for_training_or_tuning
26,persist,174,0.9983104526404001,0.995957929041739,audit_only_not_for_training_or_tuning
26,persist,175,0.998675708413591,0.995957929041739,audit_only_not_for_training_or_tuning
26,persist,176,0.9981850752728321,0.995957929041739,audit_only_not_for_training_or_tuning
26,persist,177,0.998491649260658,0.995957929041739,audit_only_not_for_training_or_tuning
26,persist,178,0.9985015455457649,0.995957929041739,audit_only_not_for_training_or_tuning
26,persist,179,0.9984510527158665,0.995957929041739,audit_only_not_for_training_or_tuning
26,persist,180,0.998341690903401,0.995957929041739,audit_only_not_for_training_or_tuning
26,persist,181,0.9985954072377781,0.995957929041739,audit_only_not_for_training_or_tuning
26,persist,182,0.9983242459074864,0.995957929041739,audit_only_not_for_training_or_tuning
26,persist,183,0.9979775109331643,0.995957929041739,audit_only_not_for_training_or_tuning
26,persist,184,0.9986446408470453,0.995957929041739,audit_only_not_for_training_or_tuning
26,persist,185,0.9985800320064102,0.995957929041739,audit_only_not_for_training_or_tuning
26,persist,186,0.9984022447755297,0.995957929041739,audit_only_not_for_training_or_tuning
26,persist,187,0.9980575059088187,0.995957929041739,audit_only_not_for_training_or_tuning
26,persist,188,0.998280572102118,0.995957929041739,audit_only_not_for_training_or_tuning
26,persist,189,0.9982347591604445,0.995957929041739,audit_only_not_for_training_or_tuning
26,persist,190,0.9981155000469104,0.995957929041739,audit_only_not_for_training_or_tuning
26,persist,191,0.997541247969761,0.995957929041739,audit_only_not_for_training_or_tuning
26,persist,192,0.997730127933866,0.995957929041739,audit_only_not_for_training_or_tuning
26,persist,193,0.9976090168393729,0.995957929041739,audit_only_not_for_training_or_tuning
26,persist,194,0.997406802160153,0.995957929041739,audit_only_not_for_training_or_tuning
26,persist,195,0.9974631968533687,0.995957929041739,audit_only_not_for_training_or_tuning
26,persist,196,0.9973935414860216,0.995957929041739,audit_only_not_for_training_or_tuning
26,persist,197,0.997841592423607,0.995957929041739,audit_only_not_for_training_or_tuning
26,persist,198,0.9980182477632518,0.995957929041739,audit_only_not_for_training_or_tuning
26,persist,199,0.9975243377610269,0.995957929041739,audit_only_not_for_training_or_tuning
26,persist,200,0.9974947032342701,0.995957929041739,audit_only_not_for_training_or_tuning
26,fusion_pbt_batterygpt,151,0.9997353574117973,0.9959194027842335,audit_only_not_for_training_or_tuning
26,fusion_pbt_batterygpt,152,0.9999497335361066,0.9958808765267281,audit_only_not_for_training_or_tuning
26,fusion_pbt_batterygpt,153,0.9994732823177365,0.9958423502692226,audit_only_not_for_training_or_tuning
26,fusion_pbt_batterygpt,154,0.9990049580951524,0.9958038240117172,audit_only_not_for_training_or_tuning
26,fusion_pbt_batterygpt,155,0.9990648627599159,0.9957652977542117,audit_only_not_for_training_or_tuning
26,fusion_pbt_batterygpt,156,0.9992397366416144,0.9957267714967063,audit_only_not_for_training_or_tuning
26,fusion_pbt_batterygpt,157,0.998862268104345,0.9956882452392009,audit_only_not_for_training_or_tuning
26,fusion_pbt_batterygpt,158,0.9990222862099672,0.9956497189816954,audit_only_not_for_training_or_tuning
26,fusion_pbt_batterygpt,159,0.9987477496214714,0.99561119272419,audit_only_not_for_training_or_tuning
26,fusion_pbt_batterygpt,160,0.9989081489850152,0.9955726664666845,audit_only_not_for_training_or_tuning
26,fusion_pbt_batterygpt,161,0.9988019209175936,0.9955341402091791,audit_only_not_for_training_or_tuning
26,fusion_pbt_batterygpt,162,0.998573755684127,0.9954956139516736,audit_only_not_for_training_or_tuning
26,fusion_pbt_batterygpt,163,0.9986930796686149,0.9954570876941682,audit_only_not_for_training_or_tuning
26,fusion_pbt_batterygpt,164,0.9986387786607869,0.9954185614366627,audit_only_not_for_training_or_tuning
26,fusion_pbt_batterygpt,165,0.9981686865524174,0.9953800351791573,audit_only_not_for_training_or_tuning
26,fusion_pbt_batterygpt,166,0.9982869647147805,0.9953415089216519,audit_only_not_for_training_or_tuning
26,fusion_pbt_batterygpt,167,0.9983433203358104,0.9953029826641464,audit_only_not_for_training_or_tuning
26,fusion_pbt_batterygpt,168,0.9984253395381719,0.995264456406641,audit_only_not_for_training_or_tuning
26,fusion_pbt_batterygpt,169,0.9984584541151037,0.9952259301491355,audit_only_not_for_training_or_tuning
26,fusion_pbt_batterygpt,170,0.9982824504948917,0.9951874038916301,audit_only_not_for_training_or_tuning
26,fusion_pbt_batterygpt,171,0.9984525591829652,0.9951488776341246,audit_only_not_for_training_or_tuning
26,fusion_pbt_batterygpt,172,0.9984146621397477,0.9951103513766192,audit_only_not_for_training_or_tuning
26,fusion_pbt_batterygpt,173,0.9984048610407994,0.9950718251191137,audit_only_not_for_training_or_tuning
26,fusion_pbt_batterygpt,174,0.9983104526404001,0.9950332988616083,audit_only_not_for_training_or_tuning
26,fusion_pbt_batterygpt,175,0.998675708413591,0.9949947726041029,audit_only_not_for_training_or_tuning
26,fusion_pbt_batterygpt,176,0.9981850752728321,0.9949562463465975,audit_only_not_for_training_or_tuning
26,fusion_pbt_batterygpt,177,0.998491649260658,0.9949177200890921,audit_only_not_for_training_or_tuning
26,fusion_pbt_batterygpt,178,0.9985015455457649,0.9948791938315866,audit_only_not_for_training_or_tuning
26,fusion_pbt_batterygpt,179,0.9984510527158665,0.9948406675740812,audit_only_not_for_training_or_tuning
26,fusion_pbt_batterygpt,180,0.998341690903401,0.9948021413165757,audit_only_not_for_training_or_tuning
26,fusion_pbt_batterygpt,181,0.9985954072377781,0.9947636150590703,audit_only_not_for_training_or_tuning
26,fusion_pbt_batterygpt,182,0.9983242459074864,0.9947250888015648,audit_only_not_for_training_or_tuning
26,fusion_pbt_batterygpt,183,0.9979775109331643,0.9946865625440594,audit_only_not_for_training_or_tuning
26,fusion_pbt_batterygpt,184,0.9986446408470453,0.994648036286554,audit_only_not_for_training_or_tuning
26,fusion_pbt_batterygpt,185,0.9985800320064102,0.9946095100290485,audit_only_not_for_training_or_tuning
26,fusion_pbt_batterygpt,186,0.9984022447755297,0.9945709837715431,audit_only_not_for_training_or_tuning
26,fusion_pbt_batterygpt,187,0.9980575059088187,0.9945324575140376,audit_only_not_for_training_or_tuning
26,fusion_pbt_batterygpt,188,0.998280572102118,0.9944939312565322,audit_only_not_for_training_or_tuning
26,fusion_pbt_batterygpt,189,0.9982347591604445,0.9944554049990267,audit_only_not_for_training_or_tuning
26,fusion_pbt_batterygpt,190,0.9981155000469104,0.9944168787415213,audit_only_not_for_training_or_tuning
26,fusion_pbt_batterygpt,191,0.997541247969761,0.9943783524840158,audit_only_not_for_training_or_tuning
26,fusion_pbt_batterygpt,192,0.997730127933866,0.9943398262265104,audit_only_not_for_training_or_tuning
26,fusion_pbt_batterygpt,193,0.9976090168393729,0.994301299969005,audit_only_not_for_training_or_tuning
26,fusion_pbt_batterygpt,194,0.997406802160153,0.9942627737114995,audit_only_not_for_training_or_tuning
26,fusion_pbt_batterygpt,195,0.9974631968533687,0.9942242474539941,audit_only_not_for_training_or_tuning
26,fusion_pbt_batterygpt,196,0.9973935414860216,0.9941857211964886,audit_only_not_for_training_or_tuning
26,fusion_pbt_batterygpt,197,0.997841592423607,0.9941471949389832,audit_only_not_for_training_or_tuning
26,fusion_pbt_batterygpt,198,0.9980182477632518,0.9941086686814777,audit_only_not_for_training_or_tuning
26,fusion_pbt_batterygpt,199,0.9975243377610269,0.9940701424239723,audit_only_not_for_training_or_tuning
26,fusion_pbt_batterygpt,200,0.9974947032342701,0.9940316161664668,audit_only_not_for_training_or_tuning
27,linear_recent,151,0.9992239401501735,0.9956267177747375,audit_only_not_for_training_or_tuning
27,linear_recent,152,0.9983584804186145,0.995597156984656,audit_only_not_for_training_or_tuning
27,linear_recent,153,0.9987658842347087,0.9955675961945745,audit_only_not_for_training_or_tuning
27,linear_recent,154,0.9986356344391296,0.995538035404493,audit_only_not_for_training_or_tuning
27,linear_recent,155,0.998195895488407,0.9955084746144115,audit_only_not_for_training_or_tuning
27,linear_recent,156,0.9980659487522694,0.99547891382433,audit_only_not_for_training_or_tuning
27,linear_recent,157,0.9986107967602559,0.9954493530342484,audit_only_not_for_training_or_tuning
27,linear_recent,158,0.9981463167868446,0.9954197922441669,audit_only_not_for_training_or_tuning
27,linear_recent,159,0.9986980448924434,0.9953902314540853,audit_only_not_for_training_or_tuning
27,linear_recent,160,0.9982714263399103,0.9953606706640039,audit_only_not_for_training_or_tuning
27,linear_recent,161,0.9975446515962517,0.9953311098739224,audit_only_not_for_training_or_tuning
27,linear_recent,162,0.9972939185055756,0.9953015490838408,audit_only_not_for_training_or_tuning
27,linear_recent,163,0.9971496411728317,0.9952719882937593,audit_only_not_for_training_or_tuning
27,linear_recent,164,0.9975095232941179,0.9952424275036778,audit_only_not_for_training_or_tuning
27,linear_recent,165,0.9979333177834813,0.9952128667135963,audit_only_not_for_training_or_tuning
27,linear_recent,166,0.9973446356933743,0.9951833059235148,audit_only_not_for_training_or_tuning
27,linear_recent,167,0.9981646282641378,0.9951537451334332,audit_only_not_for_training_or_tuning
27,linear_recent,168,0.9985609196618634,0.9951241843433517,audit_only_not_for_training_or_tuning
27,linear_recent,169,0.9981415743134846,0.9950946235532702,audit_only_not_for_training_or_tuning
27,linear_recent,170,0.9980771385001544,0.9950650627631887,audit_only_not_for_training_or_tuning
27,linear_recent,171,0.9978822356119363,0.9950355019731072,audit_only_not_for_training_or_tuning
27,linear_recent,172,0.9980009085292609,0.9950059411830257,audit_only_not_for_training_or_tuning
27,linear_recent,173,0.9980518389285662,0.9949763803929441,audit_only_not_for_training_or_tuning
27,linear_recent,174,0.9978781266198146,0.9949468196028626,audit_only_not_for_training_or_tuning
27,linear_recent,175,0.9966151875026888,0.994917258812781,audit_only_not_for_training_or_tuning
27,linear_recent,176,0.9981099701418636,0.9948876980226996,audit_only_not_for_training_or_tuning
27,linear_recent,177,0.997190056534908,0.9948581372326181,audit_only_not_for_training_or_tuning
27,linear_recent,178,0.9973495389586193,0.9948285764425365,audit_only_not_for_training_or_tuning
27,linear_recent,179,0.996717097496296,0.994799015652455,audit_only_not_for_training_or_tuning
27,linear_recent,180,0.9972603771220341,0.9947694548623734,audit_only_not_for_training_or_tuning
27,linear_recent,181,0.9976232636100735,0.994739894072292,audit_only_not_for_training_or_tuning
27,linear_recent,182,0.996723723828218,0.9947103332822105,audit_only_not_for_training_or_tuning
27,linear_recent,183,0.9972824178371342,0.9946807724921289,audit_only_not_for_training_or_tuning
27,linear_recent,184,0.9973931605124892,0.9946512117020474,audit_only_not_for_training_or_tuning
27,linear_recent,185,0.9964974587110237,0.9946216509119659,audit_only_not_for_training_or_tuning
27,linear_recent,186,0.9968775760726427,0.9945920901218843,audit_only_not_for_training_or_tuning
27,linear_recent,187,0.9967779157724816,0.9945625293318029,audit_only_not_for_training_or_tuning
27,linear_recent,188,0.9961957781396538,0.9945329685417214,audit_only_not_for_training_or_tuning
27,linear_recent,189,0.99625892870562,0.9945034077516398,audit_only_not_for_training_or_tuning
27,linear_recent,190,0.996259618982754,0.9944738469615583,audit_only_not_for_training_or_tuning
27,linear_recent,191,0.9958190720068631,0.9944442861714767,audit_only_not_for_training_or_tuning
27,linear_recent,192,0.9961629143135087,0.9944147253813953,audit_only_not_for_training_or_tuning
27,linear_recent,193,0.9958660536754453,0.9943851645913138,audit_only_not_for_training_or_tuning
27,linear_recent,194,0.9961391960578151,0.9943556038012322,audit_only_not_for_training_or_tuning
27,linear_recent,195,0.9959442037746067,0.9943260430111507,audit_only_not_for_training_or_tuning
27,linear_recent,196,0.9960202284431244,0.9942964822210691,audit_only_not_for_training_or_tuning
27,linear_recent,197,0.9964658540863393,0.9942669214309876,audit_only_not_for_training_or_tuning
27,linear_recent,198,0.9965361539179015,0.9942373606409062,audit_only_not_for_training_or_tuning
27,linear_recent,199,0.9965674110123707,0.9942077998508246,audit_only_not_for_training_or_tuning
27,linear_recent,200,0.9959599168730124,0.9941782390607431,audit_only_not_for_training_or_tuning
27,policy_mean,151,0.9992239401501735,0.9956344287173449,audit_only_not_for_training_or_tuning
27,policy_mean,152,0.9983584804186145,0.9956125788698709,audit_only_not_for_training_or_tuning
27,policy_mean,153,0.9987658842347087,0.9955907290223969,audit_only_not_for_training_or_tuning
27,policy_mean,154,0.9986356344391296,0.9955688791749228,audit_only_not_for_training_or_tuning
27,policy_mean,155,0.998195895488407,0.9955470293274488,audit_only_not_for_training_or_tuning
27,policy_mean,156,0.9980659487522694,0.9955251794799747,audit_only_not_for_training_or_tuning
27,policy_mean,157,0.9986107967602559,0.9955033296325007,audit_only_not_for_training_or_tuning
27,policy_mean,158,0.9981463167868446,0.9954814797850267,audit_only_not_for_training_or_tuning
27,policy_mean,159,0.9986980448924434,0.9954596299375525,audit_only_not_for_training_or_tuning
27,policy_mean,160,0.9982714263399103,0.9954377800900786,audit_only_not_for_training_or_tuning
27,policy_mean,161,0.9975446515962517,0.9954159302426044,audit_only_not_for_training_or_tuning
27,policy_mean,162,0.9972939185055756,0.9953940803951304,audit_only_not_for_training_or_tuning
27,policy_mean,163,0.9971496411728317,0.9953722305476564,audit_only_not_for_training_or_tuning
27,policy_mean,164,0.9975095232941179,0.9953503807001823,audit_only_not_for_training_or_tuning
27,policy_mean,165,0.9979333177834813,0.9953285308527083,audit_only_not_for_training_or_tuning
27,policy_mean,166,0.9973446356933743,0.9953066810052342,audit_only_not_for_training_or_tuning
27,policy_mean,167,0.9981646282641378,0.9952848311577602,audit_only_not_for_training_or_tuning
27,policy_mean,168,0.9985609196618634,0.9952629813102862,audit_only_not_for_training_or_tuning
27,policy_mean,169,0.9981415743134846,0.9952411314628121,audit_only_not_for_training_or_tuning
27,policy_mean,170,0.9980771385001544,0.9952192816153381,audit_only_not_for_training_or_tuning
27,policy_mean,171,0.9978822356119363,0.9951974317678641,audit_only_not_for_training_or_tuning
27,policy_mean,172,0.9980009085292609,0.99517558192039,audit_only_not_for_training_or_tuning
27,policy_mean,173,0.9980518389285662,0.995153732072916,audit_only_not_for_training_or_tuning
27,policy_mean,174,0.9978781266198146,0.9951318822254419,audit_only_not_for_training_or_tuning
27,policy_mean,175,0.9966151875026888,0.9951100323779679,audit_only_not_for_training_or_tuning
27,policy_mean,176,0.9981099701418636,0.9950881825304939,audit_only_not_for_training_or_tuning
27,policy_mean,177,0.997190056534908,0.9950663326830198,audit_only_not_for_training_or_tuning
27,policy_mean,178,0.9973495389586193,0.9950444828355458,audit_only_not_for_training_or_tuning
27,policy_mean,179,0.996717097496296,0.9950226329880717,audit_only_not_for_training_or_tuning
27,policy_mean,180,0.9972603771220341,0.9950007831405977,audit_only_not_for_training_or_tuning
27,policy_mean,181,0.9976232636100735,0.9949789332931237,audit_only_not_for_training_or_tuning
27,policy_mean,182,0.996723723828218,0.9949570834456496,audit_only_not_for_training_or_tuning
27,policy_mean,183,0.9972824178371342,0.9949352335981756,audit_only_not_for_training_or_tuning
27,policy_mean,184,0.9973931605124892,0.9949133837507015,audit_only_not_for_training_or_tuning
27,policy_mean,185,0.9964974587110237,0.9948915339032275,audit_only_not_for_training_or_tuning
27,policy_mean,186,0.9968775760726427,0.9948696840557535,audit_only_not_for_training_or_tuning
27,policy_mean,187,0.9967779157724816,0.9948478342082794,audit_only_not_for_training_or_tuning
27,policy_mean,188,0.9961957781396538,0.9948259843608054,audit_only_not_for_training_or_tuning
27,policy_mean,189,0.99625892870562,0.9948041345133314,audit_only_not_for_training_or_tuning
27,policy_mean,190,0.996259618982754,0.9947822846658573,audit_only_not_for_training_or_tuning
27,policy_mean,191,0.9958190720068631,0.9947604348183833,audit_only_not_for_training_or_tuning
27,policy_mean,192,0.9961629143135087,0.9947385849709092,audit_only_not_for_training_or_tuning
27,policy_mean,193,0.9958660536754453,0.9947167351234352,audit_only_not_for_training_or_tuning
27,policy_mean,194,0.9961391960578151,0.9946948852759612,audit_only_not_for_training_or_tuning
27,policy_mean,195,0.9959442037746067,0.9946730354284871,audit_only_not_for_training_or_tuning
27,policy_mean,196,0.9960202284431244,0.9946511855810131,audit_only_not_for_training_or_tuning
27,policy_mean,197,0.9964658540863393,0.994629335733539,audit_only_not_for_training_or_tuning
27,policy_mean,198,0.9965361539179015,0.994607485886065,audit_only_not_for_training_or_tuning
27,policy_mean,199,0.9965674110123707,0.994585636038591,audit_only_not_for_training_or_tuning
27,policy_mean,200,0.9959599168730124,0.9945637861911168,audit_only_not_for_training_or_tuning
27,persist,151,0.9992239401501735,0.995656278564819,audit_only_not_for_training_or_tuning
27,persist,152,0.9983584804186145,0.995656278564819,audit_only_not_for_training_or_tuning
27,persist,153,0.9987658842347087,0.995656278564819,audit_only_not_for_training_or_tuning
27,persist,154,0.9986356344391296,0.995656278564819,audit_only_not_for_training_or_tuning
27,persist,155,0.998195895488407,0.995656278564819,audit_only_not_for_training_or_tuning
27,persist,156,0.9980659487522694,0.995656278564819,audit_only_not_for_training_or_tuning
27,persist,157,0.9986107967602559,0.995656278564819,audit_only_not_for_training_or_tuning
27,persist,158,0.9981463167868446,0.995656278564819,audit_only_not_for_training_or_tuning
27,persist,159,0.9986980448924434,0.995656278564819,audit_only_not_for_training_or_tuning
27,persist,160,0.9982714263399103,0.995656278564819,audit_only_not_for_training_or_tuning
27,persist,161,0.9975446515962517,0.995656278564819,audit_only_not_for_training_or_tuning
27,persist,162,0.9972939185055756,0.995656278564819,audit_only_not_for_training_or_tuning
27,persist,163,0.9971496411728317,0.995656278564819,audit_only_not_for_training_or_tuning
27,persist,164,0.9975095232941179,0.995656278564819,audit_only_not_for_training_or_tuning
27,persist,165,0.9979333177834813,0.995656278564819,audit_only_not_for_training_or_tuning
27,persist,166,0.9973446356933743,0.995656278564819,audit_only_not_for_training_or_tuning
27,persist,167,0.9981646282641378,0.995656278564819,audit_only_not_for_training_or_tuning
27,persist,168,0.9985609196618634,0.995656278564819,audit_only_not_for_training_or_tuning
27,persist,169,0.9981415743134846,0.995656278564819,audit_only_not_for_training_or_tuning
27,persist,170,0.9980771385001544,0.995656278564819,audit_only_not_for_training_or_tuning
27,persist,171,0.9978822356119363,0.995656278564819,audit_only_not_for_training_or_tuning
27,persist,172,0.9980009085292609,0.995656278564819,audit_only_not_for_training_or_tuning
27,persist,173,0.9980518389285662,0.995656278564819,audit_only_not_for_training_or_tuning
27,persist,174,0.9978781266198146,0.995656278564819,audit_only_not_for_training_or_tuning
27,persist,175,0.9966151875026888,0.995656278564819,audit_only_not_for_training_or_tuning
27,persist,176,0.9981099701418636,0.995656278564819,audit_only_not_for_training_or_tuning
27,persist,177,0.997190056534908,0.995656278564819,audit_only_not_for_training_or_tuning
27,persist,178,0.9973495389586193,0.995656278564819,audit_only_not_for_training_or_tuning
27,persist,179,0.996717097496296,0.995656278564819,audit_only_not_for_training_or_tuning
27,persist,180,0.9972603771220341,0.995656278564819,audit_only_not_for_training_or_tuning
27,persist,181,0.9976232636100735,0.995656278564819,audit_only_not_for_training_or_tuning
27,persist,182,0.996723723828218,0.995656278564819,audit_only_not_for_training_or_tuning
27,persist,183,0.9972824178371342,0.995656278564819,audit_only_not_for_training_or_tuning
27,persist,184,0.9973931605124892,0.995656278564819,audit_only_not_for_training_or_tuning
27,persist,185,0.9964974587110237,0.995656278564819,audit_only_not_for_training_or_tuning
27,persist,186,0.9968775760726427,0.995656278564819,audit_only_not_for_training_or_tuning
27,persist,187,0.9967779157724816,0.995656278564819,audit_only_not_for_training_or_tuning
27,persist,188,0.9961957781396538,0.995656278564819,audit_only_not_for_training_or_tuning
27,persist,189,0.99625892870562,0.995656278564819,audit_only_not_for_training_or_tuning
27,persist,190,0.996259618982754,0.995656278564819,audit_only_not_for_training_or_tuning
27,persist,191,0.9958190720068631,0.995656278564819,audit_only_not_for_training_or_tuning
27,persist,192,0.9961629143135087,0.995656278564819,audit_only_not_for_training_or_tuning
27,persist,193,0.9958660536754453,0.995656278564819,audit_only_not_for_training_or_tuning
27,persist,194,0.9961391960578151,0.995656278564819,audit_only_not_for_training_or_tuning
27,persist,195,0.9959442037746067,0.995656278564819,audit_only_not_for_training_or_tuning
27,persist,196,0.9960202284431244,0.995656278564819,audit_only_not_for_training_or_tuning
27,persist,197,0.9964658540863393,0.995656278564819,audit_only_not_for_training_or_tuning
27,persist,198,0.9965361539179015,0.995656278564819,audit_only_not_for_training_or_tuning
27,persist,199,0.9965674110123707,0.995656278564819,audit_only_not_for_training_or_tuning
27,persist,200,0.9959599168730124,0.995656278564819,audit_only_not_for_training_or_tuning
27,fusion_pbt_batterygpt,151,0.9992239401501735,0.9956192973519452,audit_only_not_for_training_or_tuning
27,fusion_pbt_batterygpt,152,0.9983584804186145,0.9955823161390714,audit_only_not_for_training_or_tuning
27,fusion_pbt_batterygpt,153,0.9987658842347087,0.9955453349261977,audit_only_not_for_training_or_tuning
27,fusion_pbt_batterygpt,154,0.9986356344391296,0.9955083537133239,audit_only_not_for_training_or_tuning
27,fusion_pbt_batterygpt,155,0.998195895488407,0.9954713725004501,audit_only_not_for_training_or_tuning
27,fusion_pbt_batterygpt,156,0.9980659487522694,0.9954343912875764,audit_only_not_for_training_or_tuning
27,fusion_pbt_batterygpt,157,0.9986107967602559,0.9953974100747026,audit_only_not_for_training_or_tuning
27,fusion_pbt_batterygpt,158,0.9981463167868446,0.9953604288618288,audit_only_not_for_training_or_tuning
27,fusion_pbt_batterygpt,159,0.9986980448924434,0.995323447648955,audit_only_not_for_training_or_tuning
27,fusion_pbt_batterygpt,160,0.9982714263399103,0.9952864664360812,audit_only_not_for_training_or_tuning
27,fusion_pbt_batterygpt,161,0.9975446515962517,0.9952494852232074,audit_only_not_for_training_or_tuning
27,fusion_pbt_batterygpt,162,0.9972939185055756,0.9952125040103337,audit_only_not_for_training_or_tuning
27,fusion_pbt_batterygpt,163,0.9971496411728317,0.9951755227974599,audit_only_not_for_training_or_tuning
27,fusion_pbt_batterygpt,164,0.9975095232941179,0.9951385415845861,audit_only_not_for_training_or_tuning
27,fusion_pbt_batterygpt,165,0.9979333177834813,0.9951015603717124,audit_only_not_for_training_or_tuning
27,fusion_pbt_batterygpt,166,0.9973446356933743,0.9950645791588386,audit_only_not_for_training_or_tuning
27,fusion_pbt_batterygpt,167,0.9981646282641378,0.9950275979459648,audit_only_not_for_training_or_tuning
27,fusion_pbt_batterygpt,168,0.9985609196618634,0.9949906167330911,audit_only_not_for_training_or_tuning
27,fusion_pbt_batterygpt,169,0.9981415743134846,0.9949536355202173,audit_only_not_for_training_or_tuning
27,fusion_pbt_batterygpt,170,0.9980771385001544,0.9949166543073436,audit_only_not_for_training_or_tuning
27,fusion_pbt_batterygpt,171,0.9978822356119363,0.9948796730944698,audit_only_not_for_training_or_tuning
27,fusion_pbt_batterygpt,172,0.9980009085292609,0.994842691881596,audit_only_not_for_training_or_tuning
27,fusion_pbt_batterygpt,173,0.9980518389285662,0.9948057106687223,audit_only_not_for_training_or_tuning
27,fusion_pbt_batterygpt,174,0.9978781266198146,0.9947687294558485,audit_only_not_for_training_or_tuning
27,fusion_pbt_batterygpt,175,0.9966151875026888,0.9947317482429747,audit_only_not_for_training_or_tuning
27,fusion_pbt_batterygpt,176,0.9981099701418636,0.9946947670301008,audit_only_not_for_training_or_tuning
27,fusion_pbt_batterygpt,177,0.997190056534908,0.9946577858172271,audit_only_not_for_training_or_tuning
27,fusion_pbt_batterygpt,178,0.9973495389586193,0.9946208046043533,audit_only_not_for_training_or_tuning
27,fusion_pbt_batterygpt,179,0.996717097496296,0.9945838233914795,audit_only_not_for_training_or_tuning
27,fusion_pbt_batterygpt,180,0.9972603771220341,0.9945468421786058,audit_only_not_for_training_or_tuning
27,fusion_pbt_batterygpt,181,0.9976232636100735,0.994509860965732,audit_only_not_for_training_or_tuning
27,fusion_pbt_batterygpt,182,0.996723723828218,0.9944728797528583,audit_only_not_for_training_or_tuning
27,fusion_pbt_batterygpt,183,0.9972824178371342,0.9944358985399845,audit_only_not_for_training_or_tuning
27,fusion_pbt_batterygpt,184,0.9973931605124892,0.9943989173271107,audit_only_not_for_training_or_tuning
27,fusion_pbt_batterygpt,185,0.9964974587110237,0.994361936114237,audit_only_not_for_training_or_tuning
27,fusion_pbt_batterygpt,186,0.9968775760726427,0.9943249549013632,audit_only_not_for_training_or_tuning
27,fusion_pbt_batterygpt,187,0.9967779157724816,0.9942879736884894,audit_only_not_for_training_or_tuning
27,fusion_pbt_batterygpt,188,0.9961957781396538,0.9942509924756157,audit_only_not_for_training_or_tuning
27,fusion_pbt_batterygpt,189,0.99625892870562,0.9942140112627419,audit_only_not_for_training_or_tuning
27,fusion_pbt_batterygpt,190,0.996259618982754,0.9941770300498681,audit_only_not_for_training_or_tuning
27,fusion_pbt_batterygpt,191,0.9958190720068631,0.9941400488369944,audit_only_not_for_training_or_tuning
27,fusion_pbt_batterygpt,192,0.9961629143135087,0.9941030676241205,audit_only_not_for_training_or_tuning
27,fusion_pbt_batterygpt,193,0.9958660536754453,0.9940660864112467,audit_only_not_for_training_or_tuning
27,fusion_pbt_batterygpt,194,0.9961391960578151,0.994029105198373,audit_only_not_for_training_or_tuning
27,fusion_pbt_batterygpt,195,0.9959442037746067,0.9939921239854992,audit_only_not_for_training_or_tuning
27,fusion_pbt_batterygpt,196,0.9960202284431244,0.9939551427726254,audit_only_not_for_training_or_tuning
27,fusion_pbt_batterygpt,197,0.9964658540863393,0.9939181615597517,audit_only_not_for_training_or_tuning
27,fusion_pbt_batterygpt,198,0.9965361539179015,0.9938811803468779,audit_only_not_for_training_or_tuning
27,fusion_pbt_batterygpt,199,0.9965674110123707,0.9938441991340041,audit_only_not_for_training_or_tuning
27,fusion_pbt_batterygpt,200,0.9959599168730124,0.9938072179211304,audit_only_not_for_training_or_tuning
28,linear_recent,151,1.000521574768386,0.9956298621193916,audit_only_not_for_training_or_tuning
28,linear_recent,152,1.000210315515753,0.9955965678006172,audit_only_not_for_training_or_tuning
28,linear_recent,153,1.0002181455902712,0.9955632734818427,audit_only_not_for_training_or_tuning
28,linear_recent,154,0.99990305079291,0.9955299791630683,audit_only_not_for_training_or_tuning
28,linear_recent,155,0.9998945917730803,0.9954966848442939,audit_only_not_for_training_or_tuning
28,linear_recent,156,0.9999926616103056,0.9954633905255195,audit_only_not_for_training_or_tuning
28,linear_recent,157,0.9995216266992576,0.995430096206745,audit_only_not_for_training_or_tuning
28,linear_recent,158,0.9987469696989555,0.9953968018879705,audit_only_not_for_training_or_tuning
28,linear_recent,159,0.9987908425328851,0.9953635075691961,audit_only_not_for_training_or_tuning
28,linear_recent,160,0.9990965068065539,0.9953302132504217,audit_only_not_for_training_or_tuning
28,linear_recent,161,0.9991705723613594,0.9952969189316473,audit_only_not_for_training_or_tuning
28,linear_recent,162,0.9988569859283286,0.9952636246128728,audit_only_not_for_training_or_tuning
28,linear_recent,163,0.9987284003874644,0.9952303302940984,audit_only_not_for_training_or_tuning
28,linear_recent,164,0.9995801376489365,0.9951970359753239,audit_only_not_for_training_or_tuning
28,linear_recent,165,0.9990771800622209,0.9951637416565495,audit_only_not_for_training_or_tuning
28,linear_recent,166,0.998454922027141,0.995130447337775,audit_only_not_for_training_or_tuning
28,linear_recent,167,0.9984785185894544,0.9950971530190006,audit_only_not_for_training_or_tuning
28,linear_recent,168,0.9981535057384281,0.9950638587002262,audit_only_not_for_training_or_tuning
28,linear_recent,169,0.9978623588570437,0.9950305643814518,audit_only_not_for_training_or_tuning
28,linear_recent,170,0.9983736834245909,0.9949972700626774,audit_only_not_for_training_or_tuning
28,linear_recent,171,0.9981857985711766,0.9949639757439028,audit_only_not_for_training_or_tuning
28,linear_recent,172,0.9984149982608993,0.9949306814251284,audit_only_not_for_training_or_tuning
28,linear_recent,173,0.9985092415249683,0.994897387106354,audit_only_not_for_training_or_tuning
28,linear_recent,174,0.9983444945623849,0.9948640927875796,audit_only_not_for_training_or_tuning
28,linear_recent,175,0.9991577366369335,0.9948307984688051,audit_only_not_for_training_or_tuning
28,linear_recent,176,0.9981213288516364,0.9947975041500307,audit_only_not_for_training_or_tuning
28,linear_recent,177,0.9985654546761972,0.9947642098312562,audit_only_not_for_training_or_tuning
28,linear_recent,178,0.9982808869836168,0.9947309155124818,audit_only_not_for_training_or_tuning
28,linear_recent,179,0.9989730851337152,0.9946976211937073,audit_only_not_for_training_or_tuning
28,linear_recent,180,0.9977918647638249,0.9946643268749329,audit_only_not_for_training_or_tuning
28,linear_recent,181,0.9983551544737927,0.9946310325561585,audit_only_not_for_training_or_tuning
28,linear_recent,182,0.9978936939833856,0.9945977382373841,audit_only_not_for_training_or_tuning
28,linear_recent,183,0.9981566295326946,0.9945644439186097,audit_only_not_for_training_or_tuning
28,linear_recent,184,0.9975649184151398,0.9945311495998351,audit_only_not_for_training_or_tuning
28,linear_recent,185,0.9974193116059843,0.9944978552810607,audit_only_not_for_training_or_tuning
28,linear_recent,186,0.9978239085948672,0.9944645609622863,audit_only_not_for_training_or_tuning
28,linear_recent,187,0.9981514076053289,0.9944312666435119,audit_only_not_for_training_or_tuning
28,linear_recent,188,0.9976337544804906,0.9943979723247374,audit_only_not_for_training_or_tuning
28,linear_recent,189,0.9974704485679564,0.994364678005963,audit_only_not_for_training_or_tuning
28,linear_recent,190,0.9973569277607301,0.9943313836871885,audit_only_not_for_training_or_tuning
28,linear_recent,191,0.9973475638166034,0.9942980893684141,audit_only_not_for_training_or_tuning
28,linear_recent,192,0.9977633471537221,0.9942647950496396,audit_only_not_for_training_or_tuning
28,linear_recent,193,0.9965785066802678,0.9942315007308652,audit_only_not_for_training_or_tuning
28,linear_recent,194,0.9968974878819824,0.9941982064120908,audit_only_not_for_training_or_tuning
28,linear_recent,195,0.9968644949574718,0.9941649120933164,audit_only_not_for_training_or_tuning
28,linear_recent,196,0.9967463048977142,0.9941316177745418,audit_only_not_for_training_or_tuning
28,linear_recent,197,0.996511891501015,0.9940983234557674,audit_only_not_for_training_or_tuning
28,linear_recent,198,0.9967627972623351,0.994065029136993,audit_only_not_for_training_or_tuning
28,linear_recent,199,0.9965293581911682,0.9940317348182186,audit_only_not_for_training_or_tuning
28,linear_recent,200,0.9967596747355904,0.9939984404994442,audit_only_not_for_training_or_tuning
28,policy_mean,151,1.000521574768386,0.9956460070636844,audit_only_not_for_training_or_tuning
28,policy_mean,152,1.000210315515753,0.9956288576892028,audit_only_not_for_training_or_tuning
28,policy_mean,153,1.0002181455902712,0.9956117083147213,audit_only_not_for_training_or_tuning
28,policy_mean,154,0.99990305079291,0.9955945589402397,audit_only_not_for_training_or_tuning
28,policy_mean,155,0.9998945917730803,0.9955774095657581,audit_only_not_for_training_or_tuning
28,policy_mean,156,0.9999926616103056,0.9955602601912765,audit_only_not_for_training_or_tuning
28,policy_mean,157,0.9995216266992576,0.9955431108167949,audit_only_not_for_training_or_tuning
28,policy_mean,158,0.9987469696989555,0.9955259614423134,audit_only_not_for_training_or_tuning
28,policy_mean,159,0.9987908425328851,0.9955088120678318,audit_only_not_for_training_or_tuning
28,policy_mean,160,0.9990965068065539,0.9954916626933502,audit_only_not_for_training_or_tuning
28,policy_mean,161,0.9991705723613594,0.9954745133188686,audit_only_not_for_training_or_tuning
28,policy_mean,162,0.9988569859283286,0.9954573639443871,audit_only_not_for_training_or_tuning
28,policy_mean,163,0.9987284003874644,0.9954402145699055,audit_only_not_for_training_or_tuning
28,policy_mean,164,0.9995801376489365,0.9954230651954239,audit_only_not_for_training_or_tuning
28,policy_mean,165,0.9990771800622209,0.9954059158209423,audit_only_not_for_training_or_tuning
28,policy_mean,166,0.998454922027141,0.9953887664464608,audit_only_not_for_training_or_tuning
28,policy_mean,167,0.9984785185894544,0.9953716170719792,audit_only_not_for_training_or_tuning
28,policy_mean,168,0.9981535057384281,0.9953544676974976,audit_only_not_for_training_or_tuning
28,policy_mean,169,0.9978623588570437,0.995337318323016,audit_only_not_for_training_or_tuning
28,policy_mean,170,0.9983736834245909,0.9953201689485345,audit_only_not_for_training_or_tuning
28,policy_mean,171,0.9981857985711766,0.9953030195740529,audit_only_not_for_training_or_tuning
28,policy_mean,172,0.9984149982608993,0.9952858701995713,audit_only_not_for_training_or_tuning
28,policy_mean,173,0.9985092415249683,0.9952687208250897,audit_only_not_for_training_or_tuning
28,policy_mean,174,0.9983444945623849,0.9952515714506082,audit_only_not_for_training_or_tuning
28,policy_mean,175,0.9991577366369335,0.9952344220761266,audit_only_not_for_training_or_tuning
28,policy_mean,176,0.9981213288516364,0.995217272701645,audit_only_not_for_training_or_tuning
28,policy_mean,177,0.9985654546761972,0.9952001233271633,audit_only_not_for_training_or_tuning
28,policy_mean,178,0.9982808869836168,0.9951829739526817,audit_only_not_for_training_or_tuning
28,policy_mean,179,0.9989730851337152,0.9951658245782002,audit_only_not_for_training_or_tuning
28,policy_mean,180,0.9977918647638249,0.9951486752037186,audit_only_not_for_training_or_tuning
28,policy_mean,181,0.9983551544737927,0.995131525829237,audit_only_not_for_training_or_tuning
28,policy_mean,182,0.9978936939833856,0.9951143764547554,audit_only_not_for_training_or_tuning
28,policy_mean,183,0.9981566295326946,0.9950972270802739,audit_only_not_for_training_or_tuning
28,policy_mean,184,0.9975649184151398,0.9950800777057923,audit_only_not_for_training_or_tuning
28,policy_mean,185,0.9974193116059843,0.9950629283313107,audit_only_not_for_training_or_tuning
28,policy_mean,186,0.9978239085948672,0.9950457789568291,audit_only_not_for_training_or_tuning
28,policy_mean,187,0.9981514076053289,0.9950286295823476,audit_only_not_for_training_or_tuning
28,policy_mean,188,0.9976337544804906,0.995011480207866,audit_only_not_for_training_or_tuning
28,policy_mean,189,0.9974704485679564,0.9949943308333844,audit_only_not_for_training_or_tuning
28,policy_mean,190,0.9973569277607301,0.9949771814589028,audit_only_not_for_training_or_tuning
28,policy_mean,191,0.9973475638166034,0.9949600320844213,audit_only_not_for_training_or_tuning
28,policy_mean,192,0.9977633471537221,0.9949428827099397,audit_only_not_for_training_or_tuning
28,policy_mean,193,0.9965785066802678,0.9949257333354581,audit_only_not_for_training_or_tuning
28,policy_mean,194,0.9968974878819824,0.9949085839609765,audit_only_not_for_training_or_tuning
28,policy_mean,195,0.9968644949574718,0.994891434586495,audit_only_not_for_training_or_tuning
28,policy_mean,196,0.9967463048977142,0.9948742852120134,audit_only_not_for_training_or_tuning
28,policy_mean,197,0.996511891501015,0.9948571358375318,audit_only_not_for_training_or_tuning
28,policy_mean,198,0.9967627972623351,0.9948399864630502,audit_only_not_for_training_or_tuning
28,policy_mean,199,0.9965293581911682,0.9948228370885687,audit_only_not_for_training_or_tuning
28,policy_mean,200,0.9967596747355904,0.9948056877140871,audit_only_not_for_training_or_tuning
28,persist,151,1.000521574768386,0.995663156438166,audit_only_not_for_training_or_tuning
28,persist,152,1.000210315515753,0.995663156438166,audit_only_not_for_training_or_tuning
28,persist,153,1.0002181455902712,0.995663156438166,audit_only_not_for_training_or_tuning
28,persist,154,0.99990305079291,0.995663156438166,audit_only_not_for_training_or_tuning
28,persist,155,0.9998945917730803,0.995663156438166,audit_only_not_for_training_or_tuning
28,persist,156,0.9999926616103056,0.995663156438166,audit_only_not_for_training_or_tuning
28,persist,157,0.9995216266992576,0.995663156438166,audit_only_not_for_training_or_tuning
28,persist,158,0.9987469696989555,0.995663156438166,audit_only_not_for_training_or_tuning
28,persist,159,0.9987908425328851,0.995663156438166,audit_only_not_for_training_or_tuning
28,persist,160,0.9990965068065539,0.995663156438166,audit_only_not_for_training_or_tuning
28,persist,161,0.9991705723613594,0.995663156438166,audit_only_not_for_training_or_tuning
28,persist,162,0.9988569859283286,0.995663156438166,audit_only_not_for_training_or_tuning
28,persist,163,0.9987284003874644,0.995663156438166,audit_only_not_for_training_or_tuning
28,persist,164,0.9995801376489365,0.995663156438166,audit_only_not_for_training_or_tuning
28,persist,165,0.9990771800622209,0.995663156438166,audit_only_not_for_training_or_tuning
28,persist,166,0.998454922027141,0.995663156438166,audit_only_not_for_training_or_tuning
28,persist,167,0.9984785185894544,0.995663156438166,audit_only_not_for_training_or_tuning
28,persist,168,0.9981535057384281,0.995663156438166,audit_only_not_for_training_or_tuning
28,persist,169,0.9978623588570437,0.995663156438166,audit_only_not_for_training_or_tuning
28,persist,170,0.9983736834245909,0.995663156438166,audit_only_not_for_training_or_tuning
28,persist,171,0.9981857985711766,0.995663156438166,audit_only_not_for_training_or_tuning
28,persist,172,0.9984149982608993,0.995663156438166,audit_only_not_for_training_or_tuning
28,persist,173,0.9985092415249683,0.995663156438166,audit_only_not_for_training_or_tuning
28,persist,174,0.9983444945623849,0.995663156438166,audit_only_not_for_training_or_tuning
28,persist,175,0.9991577366369335,0.995663156438166,audit_only_not_for_training_or_tuning
28,persist,176,0.9981213288516364,0.995663156438166,audit_only_not_for_training_or_tuning
28,persist,177,0.9985654546761972,0.995663156438166,audit_only_not_for_training_or_tuning
28,persist,178,0.9982808869836168,0.995663156438166,audit_only_not_for_training_or_tuning
28,persist,179,0.9989730851337152,0.995663156438166,audit_only_not_for_training_or_tuning
28,persist,180,0.9977918647638249,0.995663156438166,audit_only_not_for_training_or_tuning
28,persist,181,0.9983551544737927,0.995663156438166,audit_only_not_for_training_or_tuning
28,persist,182,0.9978936939833856,0.995663156438166,audit_only_not_for_training_or_tuning
28,persist,183,0.9981566295326946,0.995663156438166,audit_only_not_for_training_or_tuning
28,persist,184,0.9975649184151398,0.995663156438166,audit_only_not_for_training_or_tuning
28,persist,185,0.9974193116059843,0.995663156438166,audit_only_not_for_training_or_tuning
28,persist,186,0.9978239085948672,0.995663156438166,audit_only_not_for_training_or_tuning
28,persist,187,0.9981514076053289,0.995663156438166,audit_only_not_for_training_or_tuning
28,persist,188,0.9976337544804906,0.995663156438166,audit_only_not_for_training_or_tuning
28,persist,189,0.9974704485679564,0.995663156438166,audit_only_not_for_training_or_tuning
28,persist,190,0.9973569277607301,0.995663156438166,audit_only_not_for_training_or_tuning
28,persist,191,0.9973475638166034,0.995663156438166,audit_only_not_for_training_or_tuning
28,persist,192,0.9977633471537221,0.995663156438166,audit_only_not_for_training_or_tuning
28,persist,193,0.9965785066802678,0.995663156438166,audit_only_not_for_training_or_tuning
28,persist,194,0.9968974878819824,0.995663156438166,audit_only_not_for_training_or_tuning
28,persist,195,0.9968644949574718,0.995663156438166,audit_only_not_for_training_or_tuning
28,persist,196,0.9967463048977142,0.995663156438166,audit_only_not_for_training_or_tuning
28,persist,197,0.996511891501015,0.995663156438166,audit_only_not_for_training_or_tuning
28,persist,198,0.9967627972623351,0.995663156438166,audit_only_not_for_training_or_tuning
28,persist,199,0.9965293581911682,0.995663156438166,audit_only_not_for_training_or_tuning
28,persist,200,0.9967596747355904,0.995663156438166,audit_only_not_for_training_or_tuning
28,fusion_pbt_batterygpt,151,1.000521574768386,0.9956225168121452,audit_only_not_for_training_or_tuning
28,fusion_pbt_batterygpt,152,1.000210315515753,0.9955818771861245,audit_only_not_for_training_or_tuning
28,fusion_pbt_batterygpt,153,1.0002181455902712,0.9955412375601036,audit_only_not_for_training_or_tuning
28,fusion_pbt_batterygpt,154,0.99990305079291,0.9955005979340827,audit_only_not_for_training_or_tuning
28,fusion_pbt_batterygpt,155,0.9998945917730803,0.9954599583080619,audit_only_not_for_training_or_tuning
28,fusion_pbt_batterygpt,156,0.9999926616103056,0.9954193186820411,audit_only_not_for_training_or_tuning
28,fusion_pbt_batterygpt,157,0.9995216266992576,0.9953786790560203,audit_only_not_for_training_or_tuning
28,fusion_pbt_batterygpt,158,0.9987469696989555,0.9953380394299994,audit_only_not_for_training_or_tuning
28,fusion_pbt_batterygpt,159,0.9987908425328851,0.9952973998039787,audit_only_not_for_training_or_tuning
28,fusion_pbt_batterygpt,160,0.9990965068065539,0.9952567601779578,audit_only_not_for_training_or_tuning
28,fusion_pbt_batterygpt,161,0.9991705723613594,0.995216120551937,audit_only_not_for_training_or_tuning
28,fusion_pbt_batterygpt,162,0.9988569859283286,0.9951754809259162,audit_only_not_for_training_or_tuning
28,fusion_pbt_batterygpt,163,0.9987284003874644,0.9951348412998954,audit_only_not_for_training_or_tuning
28,fusion_pbt_batterygpt,164,0.9995801376489365,0.9950942016738745,audit_only_not_for_training_or_tuning
28,fusion_pbt_batterygpt,165,0.9990771800622209,0.9950535620478538,audit_only_not_for_training_or_tuning
28,fusion_pbt_batterygpt,166,0.998454922027141,0.9950129224218329,audit_only_not_for_training_or_tuning
28,fusion_pbt_batterygpt,167,0.9984785185894544,0.9949722827958121,audit_only_not_for_training_or_tuning
28,fusion_pbt_batterygpt,168,0.9981535057384281,0.9949316431697912,audit_only_not_for_training_or_tuning
28,fusion_pbt_batterygpt,169,0.9978623588570437,0.9948910035437705,audit_only_not_for_training_or_tuning
28,fusion_pbt_batterygpt,170,0.9983736834245909,0.9948503639177496,audit_only_not_for_training_or_tuning
28,fusion_pbt_batterygpt,171,0.9981857985711766,0.9948097242917288,audit_only_not_for_training_or_tuning
28,fusion_pbt_batterygpt,172,0.9984149982608993,0.994769084665708,audit_only_not_for_training_or_tuning
28,fusion_pbt_batterygpt,173,0.9985092415249683,0.9947284450396872,audit_only_not_for_training_or_tuning
28,fusion_pbt_batterygpt,174,0.9983444945623849,0.9946878054136663,audit_only_not_for_training_or_tuning
28,fusion_pbt_batterygpt,175,0.9991577366369335,0.9946471657876454,audit_only_not_for_training_or_tuning
28,fusion_pbt_batterygpt,176,0.9981213288516364,0.9946065261616247,audit_only_not_for_training_or_tuning
28,fusion_pbt_batterygpt,177,0.9985654546761972,0.9945658865356038,audit_only_not_for_training_or_tuning
28,fusion_pbt_batterygpt,178,0.9982808869836168,0.994525246909583,audit_only_not_for_training_or_tuning
28,fusion_pbt_batterygpt,179,0.9989730851337152,0.9944846072835622,audit_only_not_for_training_or_tuning
28,fusion_pbt_batterygpt,180,0.9977918647638249,0.9944439676575414,audit_only_not_for_training_or_tuning
28,fusion_pbt_batterygpt,181,0.9983551544737927,0.9944033280315205,audit_only_not_for_training_or_tuning
28,fusion_pbt_batterygpt,182,0.9978936939833856,0.9943626884054998,audit_only_not_for_training_or_tuning
28,fusion_pbt_batterygpt,183,0.9981566295326946,0.9943220487794789,audit_only_not_for_training_or_tuning
28,fusion_pbt_batterygpt,184,0.9975649184151398,0.9942814091534581,audit_only_not_for_training_or_tuning
28,fusion_pbt_batterygpt,185,0.9974193116059843,0.9942407695274373,audit_only_not_for_training_or_tuning
28,fusion_pbt_batterygpt,186,0.9978239085948672,0.9942001299014165,audit_only_not_for_training_or_tuning
28,fusion_pbt_batterygpt,187,0.9981514076053289,0.9941594902753956,audit_only_not_for_training_or_tuning
28,fusion_pbt_batterygpt,188,0.9976337544804906,0.9941188506493748,audit_only_not_for_training_or_tuning
28,fusion_pbt_batterygpt,189,0.9974704485679564,0.994078211023354,audit_only_not_for_training_or_tuning
28,fusion_pbt_batterygpt,190,0.9973569277607301,0.9940375713973332,audit_only_not_for_training_or_tuning
28,fusion_pbt_batterygpt,191,0.9973475638166034,0.9939969317713123,audit_only_not_for_training_or_tuning
28,fusion_pbt_batterygpt,192,0.9977633471537221,0.9939562921452916,audit_only_not_for_training_or_tuning
28,fusion_pbt_batterygpt,193,0.9965785066802678,0.9939156525192707,audit_only_not_for_training_or_tuning
28,fusion_pbt_batterygpt,194,0.9968974878819824,0.9938750128932499,audit_only_not_for_training_or_tuning
28,fusion_pbt_batterygpt,195,0.9968644949574718,0.993834373267229,audit_only_not_for_training_or_tuning
28,fusion_pbt_batterygpt,196,0.9967463048977142,0.9937937336412083,audit_only_not_for_training_or_tuning
28,fusion_pbt_batterygpt,197,0.996511891501015,0.9937530940151874,audit_only_not_for_training_or_tuning
28,fusion_pbt_batterygpt,198,0.9967627972623351,0.9937124543891666,audit_only_not_for_training_or_tuning
28,fusion_pbt_batterygpt,199,0.9965293581911682,0.9936718147631458,audit_only_not_for_training_or_tuning
28,fusion_pbt_batterygpt,200,0.9967596747355904,0.993631175137125,audit_only_not_for_training_or_tuning
29,linear_recent,151,1.0011550854913869,0.9970640490149665,audit_only_not_for_training_or_tuning
29,linear_recent,152,1.0010893740894853,0.997034289699731,audit_only_not_for_training_or_tuning
29,linear_recent,153,1.0007136938360355,0.9970045303844954,audit_only_not_for_training_or_tuning
29,linear_recent,154,1.0007652531576368,0.9969747710692599,audit_only_not_for_training_or_tuning
29,linear_recent,155,1.0008408833353237,0.9969450117540244,audit_only_not_for_training_or_tuning
29,linear_recent,156,1.0006466639106788,0.9969152524387889,audit_only_not_for_training_or_tuning
29,linear_recent,157,1.000704557326501,0.9968854931235533,audit_only_not_for_training_or_tuning
29,linear_recent,158,1.0002270623585021,0.9968557338083179,audit_only_not_for_training_or_tuning
29,linear_recent,159,1.0004694584450178,0.9968259744930824,audit_only_not_for_training_or_tuning
29,linear_recent,160,1.000879118031769,0.9967962151778469,audit_only_not_for_training_or_tuning
29,linear_recent,161,1.0002465203764626,0.9967664558626114,audit_only_not_for_training_or_tuning
29,linear_recent,162,1.0003568645783352,0.9967366965473758,audit_only_not_for_training_or_tuning
29,linear_recent,163,1.0001530210000305,0.9967069372321403,audit_only_not_for_training_or_tuning
29,linear_recent,164,1.000446553672231,0.9966771779169048,audit_only_not_for_training_or_tuning
29,linear_recent,165,1.000611334581909,0.9966474186016693,audit_only_not_for_training_or_tuning
29,linear_recent,166,1.0000787233966455,0.9966176592864338,audit_only_not_for_training_or_tuning
29,linear_recent,167,1.0005639242786033,0.9965878999711982,audit_only_not_for_training_or_tuning
29,linear_recent,168,1.0004490488332103,0.9965581406559627,audit_only_not_for_training_or_tuning
29,linear_recent,169,0.9999606528495804,0.9965283813407272,audit_only_not_for_training_or_tuning
29,linear_recent,170,1.000631832923412,0.9964986220254917,audit_only_not_for_training_or_tuning
29,linear_recent,171,1.000642831524732,0.9964688627102563,audit_only_not_for_training_or_tuning
29,linear_recent,172,1.0001778726080466,0.9964391033950207,audit_only_not_for_training_or_tuning
29,linear_recent,173,1.0001317791010669,0.9964093440797852,audit_only_not_for_training_or_tuning
29,linear_recent,174,1.000471742974317,0.9963795847645497,audit_only_not_for_training_or_tuning
29,linear_recent,175,1.0001986549433,0.9963498254493142,audit_only_not_for_training_or_tuning
29,linear_recent,176,1.0004142069625328,0.9963200661340786,audit_only_not_for_training_or_tuning
29,linear_recent,177,1.000058196565708,0.9962903068188431,audit_only_not_for_training_or_tuning
29,linear_recent,178,0.9999708730988182,0.9962605475036076,audit_only_not_for_training_or_tuning
29,linear_recent,179,0.9997090620239305,0.9962307881883721,audit_only_not_for_training_or_tuning
29,linear_recent,180,0.9994545068655817,0.9962010288731366,audit_only_not_for_training_or_tuning
29,linear_recent,181,0.9998748125671583,0.996171269557901,audit_only_not_for_training_or_tuning
29,linear_recent,182,1.0000262894205896,0.9961415102426655,audit_only_not_for_training_or_tuning
29,linear_recent,183,0.999448612199104,0.99611175092743,audit_only_not_for_training_or_tuning
29,linear_recent,184,0.9999767754809328,0.9960819916121945,audit_only_not_for_training_or_tuning
29,linear_recent,185,1.0001805985420409,0.996052232296959,audit_only_not_for_training_or_tuning
29,linear_recent,186,0.9990855181809686,0.9960224729817235,audit_only_not_for_training_or_tuning
29,linear_recent,187,0.9995706761969209,0.995992713666488,audit_only_not_for_training_or_tuning
29,linear_recent,188,0.9990478552045037,0.9959629543512525,audit_only_not_for_training_or_tuning
29,linear_recent,189,1.0000730488668774,0.995933195036017,audit_only_not_for_training_or_tuning
29,linear_recent,190,0.9992835565260514,0.9959034357207814,audit_only_not_for_training_or_tuning
29,linear_recent,191,0.9994087890733141,0.9958736764055459,audit_only_not_for_training_or_tuning
29,linear_recent,192,0.999656193368024,0.9958439170903104,audit_only_not_for_training_or_tuning
29,linear_recent,193,0.9994892002331695,0.9958141577750749,audit_only_not_for_training_or_tuning
29,linear_recent,194,0.9990948135027012,0.9957843984598393,audit_only_not_for_training_or_tuning
29,linear_recent,195,0.9996526526419532,0.9957546391446038,audit_only_not_for_training_or_tuning
29,linear_recent,196,0.9999500285498615,0.9957248798293683,audit_only_not_for_training_or_tuning
29,linear_recent,197,0.9998618434318645,0.9956951205141328,audit_only_not_for_training_or_tuning
29,linear_recent,198,0.9993670137825016,0.9956653611988973,audit_only_not_for_training_or_tuning
29,linear_recent,199,0.9993952517296664,0.9956356018836618,audit_only_not_for_training_or_tuning
29,linear_recent,200,0.9988617089459443,0.9956058425684263,audit_only_not_for_training_or_tuning
29,policy_mean,151,1.0011550854913869,0.997080732928175,audit_only_not_for_training_or_tuning
29,policy_mean,152,1.0010893740894853,0.997067657526148,audit_only_not_for_training_or_tuning
29,policy_mean,153,1.0007136938360355,0.9970545821241209,audit_only_not_for_training_or_tuning
29,policy_mean,154,1.0007652531576368,0.9970415067220939,audit_only_not_for_training_or_tuning
29,policy_mean,155,1.0008408833353237,0.9970284313200668,audit_only_not_for_training_or_tuning
29,policy_mean,156,1.0006466639106788,0.9970153559180398,audit_only_not_for_training_or_tuning
29,policy_mean,157,1.000704557326501,0.9970022805160128,audit_only_not_for_training_or_tuning
29,policy_mean,158,1.0002270623585021,0.9969892051139857,audit_only_not_for_training_or_tuning
29,policy_mean,159,1.0004694584450178,0.9969761297119587,audit_only_not_for_training_or_tuning
29,policy_mean,160,1.000879118031769,0.9969630543099316,audit_only_not_for_training_or_tuning
29,policy_mean,161,1.0002465203764626,0.9969499789079046,audit_only_not_for_training_or_tuning
29,policy_mean,162,1.0003568645783352,0.9969369035058775,audit_only_not_for_training_or_tuning
29,policy_mean,163,1.0001530210000305,0.9969238281038505,audit_only_not_for_training_or_tuning
29,policy_mean,164,1.000446553672231,0.9969107527018235,audit_only_not_for_training_or_tuning
29,policy_mean,165,1.000611334581909,0.9968976772997964,audit_only_not_for_training_or_tuning
29,policy_mean,166,1.0000787233966455,0.9968846018977694,audit_only_not_for_training_or_tuning
29,policy_mean,167,1.0005639242786033,0.9968715264957423,audit_only_not_for_training_or_tuning
29,policy_mean,168,1.0004490488332103,0.9968584510937153,audit_only_not_for_training_or_tuning
29,policy_mean,169,0.9999606528495804,0.9968453756916883,audit_only_not_for_training_or_tuning
29,policy_mean,170,1.000631832923412,0.9968323002896612,audit_only_not_for_training_or_tuning
29,policy_mean,171,1.000642831524732,0.9968192248876342,audit_only_not_for_training_or_tuning
29,policy_mean,172,1.0001778726080466,0.9968061494856071,audit_only_not_for_training_or_tuning
29,policy_mean,173,1.0001317791010669,0.9967930740835801,audit_only_not_for_training_or_tuning
29,policy_mean,174,1.000471742974317,0.996779998681553,audit_only_not_for_training_or_tuning
29,policy_mean,175,1.0001986549433,0.996766923279526,audit_only_not_for_training_or_tuning
29,policy_mean,176,1.0004142069625328,0.996753847877499,audit_only_not_for_training_or_tuning
29,policy_mean,177,1.000058196565708,0.9967407724754719,audit_only_not_for_training_or_tuning
29,policy_mean,178,0.9999708730988182,0.9967276970734449,audit_only_not_for_training_or_tuning
29,policy_mean,179,0.9997090620239305,0.9967146216714178,audit_only_not_for_training_or_tuning
29,policy_mean,180,0.9994545068655817,0.9967015462693908,audit_only_not_for_training_or_tuning
29,policy_mean,181,0.9998748125671583,0.9966884708673638,audit_only_not_for_training_or_tuning
29,policy_mean,182,1.0000262894205896,0.9966753954653367,audit_only_not_for_training_or_tuning
29,policy_mean,183,0.999448612199104,0.9966623200633097,audit_only_not_for_training_or_tuning
29,policy_mean,184,0.9999767754809328,0.9966492446612826,audit_only_not_for_training_or_tuning
29,policy_mean,185,1.0001805985420409,0.9966361692592556,audit_only_not_for_training_or_tuning
29,policy_mean,186,0.9990855181809686,0.9966230938572285,audit_only_not_for_training_or_tuning
29,policy_mean,187,0.9995706761969209,0.9966100184552015,audit_only_not_for_training_or_tuning
29,policy_mean,188,0.9990478552045037,0.9965969430531745,audit_only_not_for_training_or_tuning
29,policy_mean,189,1.0000730488668774,0.9965838676511474,audit_only_not_for_training_or_tuning
29,policy_mean,190,0.9992835565260514,0.9965707922491204,audit_only_not_for_training_or_tuning
29,policy_mean,191,0.9994087890733141,0.9965577168470933,audit_only_not_for_training_or_tuning
29,policy_mean,192,0.999656193368024,0.9965446414450663,audit_only_not_for_training_or_tuning
29,policy_mean,193,0.9994892002331695,0.9965315660430393,audit_only_not_for_training_or_tuning
29,policy_mean,194,0.9990948135027012,0.9965184906410122,audit_only_not_for_training_or_tuning
29,policy_mean,195,0.9996526526419532,0.9965054152389852,audit_only_not_for_training_or_tuning
29,policy_mean,196,0.9999500285498615,0.9964923398369581,audit_only_not_for_training_or_tuning
29,policy_mean,197,0.9998618434318645,0.9964792644349311,audit_only_not_for_training_or_tuning
29,policy_mean,198,0.9993670137825016,0.996466189032904,audit_only_not_for_training_or_tuning
29,policy_mean,199,0.9993952517296664,0.996453113630877,audit_only_not_for_training_or_tuning
29,policy_mean,200,0.9988617089459443,0.99644003822885,audit_only_not_for_training_or_tuning
29,persist,151,1.0011550854913869,0.997093808330202,audit_only_not_for_training_or_tuning
29,persist,152,1.0010893740894853,0.997093808330202,audit_only_not_for_training_or_tuning
29,persist,153,1.0007136938360355,0.997093808330202,audit_only_not_for_training_or_tuning
29,persist,154,1.0007652531576368,0.997093808330202,audit_only_not_for_training_or_tuning
29,persist,155,1.0008408833353237,0.997093808330202,audit_only_not_for_training_or_tuning
29,persist,156,1.0006466639106788,0.997093808330202,audit_only_not_for_training_or_tuning
29,persist,157,1.000704557326501,0.997093808330202,audit_only_not_for_training_or_tuning
29,persist,158,1.0002270623585021,0.997093808330202,audit_only_not_for_training_or_tuning
29,persist,159,1.0004694584450178,0.997093808330202,audit_only_not_for_training_or_tuning
29,persist,160,1.000879118031769,0.997093808330202,audit_only_not_for_training_or_tuning
29,persist,161,1.0002465203764626,0.997093808330202,audit_only_not_for_training_or_tuning
29,persist,162,1.0003568645783352,0.997093808330202,audit_only_not_for_training_or_tuning
29,persist,163,1.0001530210000305,0.997093808330202,audit_only_not_for_training_or_tuning
29,persist,164,1.000446553672231,0.997093808330202,audit_only_not_for_training_or_tuning
29,persist,165,1.000611334581909,0.997093808330202,audit_only_not_for_training_or_tuning
29,persist,166,1.0000787233966455,0.997093808330202,audit_only_not_for_training_or_tuning
29,persist,167,1.0005639242786033,0.997093808330202,audit_only_not_for_training_or_tuning
29,persist,168,1.0004490488332103,0.997093808330202,audit_only_not_for_training_or_tuning
29,persist,169,0.9999606528495804,0.997093808330202,audit_only_not_for_training_or_tuning
29,persist,170,1.000631832923412,0.997093808330202,audit_only_not_for_training_or_tuning
29,persist,171,1.000642831524732,0.997093808330202,audit_only_not_for_training_or_tuning
29,persist,172,1.0001778726080466,0.997093808330202,audit_only_not_for_training_or_tuning
29,persist,173,1.0001317791010669,0.997093808330202,audit_only_not_for_training_or_tuning
29,persist,174,1.000471742974317,0.997093808330202,audit_only_not_for_training_or_tuning
29,persist,175,1.0001986549433,0.997093808330202,audit_only_not_for_training_or_tuning
29,persist,176,1.0004142069625328,0.997093808330202,audit_only_not_for_training_or_tuning
29,persist,177,1.000058196565708,0.997093808330202,audit_only_not_for_training_or_tuning
29,persist,178,0.9999708730988182,0.997093808330202,audit_only_not_for_training_or_tuning
29,persist,179,0.9997090620239305,0.997093808330202,audit_only_not_for_training_or_tuning
29,persist,180,0.9994545068655817,0.997093808330202,audit_only_not_for_training_or_tuning
29,persist,181,0.9998748125671583,0.997093808330202,audit_only_not_for_training_or_tuning
29,persist,182,1.0000262894205896,0.997093808330202,audit_only_not_for_training_or_tuning
29,persist,183,0.999448612199104,0.997093808330202,audit_only_not_for_training_or_tuning
29,persist,184,0.9999767754809328,0.997093808330202,audit_only_not_for_training_or_tuning
29,persist,185,1.0001805985420409,0.997093808330202,audit_only_not_for_training_or_tuning
29,persist,186,0.9990855181809686,0.997093808330202,audit_only_not_for_training_or_tuning
29,persist,187,0.9995706761969209,0.997093808330202,audit_only_not_for_training_or_tuning
29,persist,188,0.9990478552045037,0.997093808330202,audit_only_not_for_training_or_tuning
29,persist,189,1.0000730488668774,0.997093808330202,audit_only_not_for_training_or_tuning
29,persist,190,0.9992835565260514,0.997093808330202,audit_only_not_for_training_or_tuning
29,persist,191,0.9994087890733141,0.997093808330202,audit_only_not_for_training_or_tuning
29,persist,192,0.999656193368024,0.997093808330202,audit_only_not_for_training_or_tuning
29,persist,193,0.9994892002331695,0.997093808330202,audit_only_not_for_training_or_tuning
29,persist,194,0.9990948135027012,0.997093808330202,audit_only_not_for_training_or_tuning
29,persist,195,0.9996526526419532,0.997093808330202,audit_only_not_for_training_or_tuning
29,persist,196,0.9999500285498615,0.997093808330202,audit_only_not_for_training_or_tuning
29,persist,197,0.9998618434318645,0.997093808330202,audit_only_not_for_training_or_tuning
29,persist,198,0.9993670137825016,0.997093808330202,audit_only_not_for_training_or_tuning
29,persist,199,0.9993952517296664,0.997093808330202,audit_only_not_for_training_or_tuning
29,persist,200,0.9988617089459443,0.997093808330202,audit_only_not_for_training_or_tuning
29,fusion_pbt_batterygpt,151,1.0011550854913869,0.9970594422873374,audit_only_not_for_training_or_tuning
29,fusion_pbt_batterygpt,152,1.0010893740894853,0.9970250762444729,audit_only_not_for_training_or_tuning
29,fusion_pbt_batterygpt,153,1.0007136938360355,0.9969907102016083,audit_only_not_for_training_or_tuning
29,fusion_pbt_batterygpt,154,1.0007652531576368,0.9969563441587438,audit_only_not_for_training_or_tuning
29,fusion_pbt_batterygpt,155,1.0008408833353237,0.9969219781158792,audit_only_not_for_training_or_tuning
29,fusion_pbt_batterygpt,156,1.0006466639106788,0.9968876120730147,audit_only_not_for_training_or_tuning
29,fusion_pbt_batterygpt,157,1.000704557326501,0.9968532460301501,audit_only_not_for_training_or_tuning
29,fusion_pbt_batterygpt,158,1.0002270623585021,0.9968188799872856,audit_only_not_for_training_or_tuning
29,fusion_pbt_batterygpt,159,1.0004694584450178,0.996784513944421,audit_only_not_for_training_or_tuning
29,fusion_pbt_batterygpt,160,1.000879118031769,0.9967501479015565,audit_only_not_for_training_or_tuning
29,fusion_pbt_batterygpt,161,1.0002465203764626,0.9967157818586919,audit_only_not_for_training_or_tuning
29,fusion_pbt_batterygpt,162,1.0003568645783352,0.9966814158158274,audit_only_not_for_training_or_tuning
29,fusion_pbt_batterygpt,163,1.0001530210000305,0.9966470497729628,audit_only_not_for_training_or_tuning
29,fusion_pbt_batterygpt,164,1.000446553672231,0.9966126837300983,audit_only_not_for_training_or_tuning
29,fusion_pbt_batterygpt,165,1.000611334581909,0.9965783176872337,audit_only_not_for_training_or_tuning
29,fusion_pbt_batterygpt,166,1.0000787233966455,0.9965439516443692,audit_only_not_for_training_or_tuning
29,fusion_pbt_batterygpt,167,1.0005639242786033,0.9965095856015046,audit_only_not_for_training_or_tuning
29,fusion_pbt_batterygpt,168,1.0004490488332103,0.99647521955864,audit_only_not_for_training_or_tuning
29,fusion_pbt_batterygpt,169,0.9999606528495804,0.9964408535157755,audit_only_not_for_training_or_tuning
29,fusion_pbt_batterygpt,170,1.000631832923412,0.9964064874729109,audit_only_not_for_training_or_tuning
29,fusion_pbt_batterygpt,171,1.000642831524732,0.9963721214300464,audit_only_not_for_training_or_tuning
29,fusion_pbt_batterygpt,172,1.0001778726080466,0.9963377553871818,audit_only_not_for_training_or_tuning
29,fusion_pbt_batterygpt,173,1.0001317791010669,0.9963033893443173,audit_only_not_for_training_or_tuning
29,fusion_pbt_batterygpt,174,1.000471742974317,0.9962690233014527,audit_only_not_for_training_or_tuning
29,fusion_pbt_batterygpt,175,1.0001986549433,0.9962346572585881,audit_only_not_for_training_or_tuning
29,fusion_pbt_batterygpt,176,1.0004142069625328,0.9962002912157235,audit_only_not_for_training_or_tuning
29,fusion_pbt_batterygpt,177,1.000058196565708,0.996165925172859,audit_only_not_for_training_or_tuning
29,fusion_pbt_batterygpt,178,0.9999708730988182,0.9961315591299944,audit_only_not_for_training_or_tuning
29,fusion_pbt_batterygpt,179,0.9997090620239305,0.9960971930871299,audit_only_not_for_training_or_tuning
29,fusion_pbt_batterygpt,180,0.9994545068655817,0.9960628270442653,audit_only_not_for_training_or_tuning
29,fusion_pbt_batterygpt,181,0.9998748125671583,0.9960284610014007,audit_only_not_for_training_or_tuning
29,fusion_pbt_batterygpt,182,1.0000262894205896,0.9959940949585362,audit_only_not_for_training_or_tuning
29,fusion_pbt_batterygpt,183,0.999448612199104,0.9959597289156716,audit_only_not_for_training_or_tuning
29,fusion_pbt_batterygpt,184,0.9999767754809328,0.9959253628728071,audit_only_not_for_training_or_tuning
29,fusion_pbt_batterygpt,185,1.0001805985420409,0.9958909968299425,audit_only_not_for_training_or_tuning
29,fusion_pbt_batterygpt,186,0.9990855181809686,0.995856630787078,audit_only_not_for_training_or_tuning
29,fusion_pbt_batterygpt,187,0.9995706761969209,0.9958222647442134,audit_only_not_for_training_or_tuning
29,fusion_pbt_batterygpt,188,0.9990478552045037,0.9957878987013489,audit_only_not_for_training_or_tuning
29,fusion_pbt_batterygpt,189,1.0000730488668774,0.9957535326584843,audit_only_not_for_training_or_tuning
29,fusion_pbt_batterygpt,190,0.9992835565260514,0.9957191666156198,audit_only_not_for_training_or_tuning
29,fusion_pbt_batterygpt,191,0.9994087890733141,0.9956848005727552,audit_only_not_for_training_or_tuning
29,fusion_pbt_batterygpt,192,0.999656193368024,0.9956504345298907,audit_only_not_for_training_or_tuning
29,fusion_pbt_batterygpt,193,0.9994892002331695,0.9956160684870261,audit_only_not_for_training_or_tuning
29,fusion_pbt_batterygpt,194,0.9990948135027012,0.9955817024441616,audit_only_not_for_training_or_tuning
29,fusion_pbt_batterygpt,195,0.9996526526419532,0.995547336401297,audit_only_not_for_training_or_tuning
29,fusion_pbt_batterygpt,196,0.9999500285498615,0.9955129703584324,audit_only_not_for_training_or_tuning
29,fusion_pbt_batterygpt,197,0.9998618434318645,0.9954786043155679,audit_only_not_for_training_or_tuning
29,fusion_pbt_batterygpt,198,0.9993670137825016,0.9954442382727033,audit_only_not_for_training_or_tuning
29,fusion_pbt_batterygpt,199,0.9993952517296664,0.9954098722298388,audit_only_not_for_training_or_tuning
29,fusion_pbt_batterygpt,200,0.9988617089459443,0.9953755061869742,audit_only_not_for_training_or_tuning
30,linear_recent,151,0.9828748665227062,0.9786572867355031,audit_only_not_for_training_or_tuning
30,linear_recent,152,0.9833922901196489,0.9785109054143912,audit_only_not_for_training_or_tuning
30,linear_recent,153,0.9825565006194659,0.9783645240932793,audit_only_not_for_training_or_tuning
30,linear_recent,154,0.9825527343074655,0.9782181427721673,audit_only_not_for_training_or_tuning
30,linear_recent,155,0.9805203972800624,0.9780717614510555,audit_only_not_for_training_or_tuning
30,linear_recent,156,0.9823304991661701,0.9779253801299436,audit_only_not_for_training_or_tuning
30,linear_recent,157,0.9817169960892719,0.9777789988088317,audit_only_not_for_training_or_tuning
30,linear_recent,158,0.9821722221789059,0.9776326174877198,audit_only_not_for_training_or_tuning
30,linear_recent,159,0.9823515551246956,0.9774862361666079,audit_only_not_for_training_or_tuning
30,linear_recent,160,0.9825521980176545,0.977339854845496,audit_only_not_for_training_or_tuning
30,linear_recent,161,0.981558318109745,0.9771934735243841,audit_only_not_for_training_or_tuning
30,linear_recent,162,0.9817975475225421,0.9770470922032722,audit_only_not_for_training_or_tuning
30,linear_recent,163,0.9812371972642789,0.9769007108821604,audit_only_not_for_training_or_tuning
30,linear_recent,164,0.9811720234766166,0.9767543295610484,audit_only_not_for_training_or_tuning
30,linear_recent,165,0.9807301872540486,0.9766079482399365,audit_only_not_for_training_or_tuning
30,linear_recent,166,0.9804574709973315,0.9764615669188246,audit_only_not_for_training_or_tuning
30,linear_recent,167,0.9808659729121114,0.9763151855977127,audit_only_not_for_training_or_tuning
30,linear_recent,168,0.9805025603363343,0.9761688042766008,audit_only_not_for_training_or_tuning
30,linear_recent,169,0.9797400190129093,0.9760224229554889,audit_only_not_for_training_or_tuning
30,linear_recent,170,0.9796181776886552,0.975876041634377,audit_only_not_for_training_or_tuning
30,linear_recent,171,0.9794138264425529,0.9757296603132651,audit_only_not_for_training_or_tuning
30,linear_recent,172,0.9794817540015558,0.9755832789921532,audit_only_not_for_training_or_tuning
30,linear_recent,173,0.9798728808403583,0.9754368976710412,audit_only_not_for_training_or_tuning
30,linear_recent,174,0.9791675469372267,0.9752905163499294,audit_only_not_for_training_or_tuning
30,linear_recent,175,0.9788039498367811,0.9751441350288175,audit_only_not_for_training_or_tuning
30,linear_recent,176,0.9783271544750977,0.9749977537077056,audit_only_not_for_training_or_tuning
30,linear_recent,177,0.9782540246325073,0.9748513723865937,audit_only_not_for_training_or_tuning
30,linear_recent,178,0.977358337429328,0.9747049910654818,audit_only_not_for_training_or_tuning
30,linear_recent,179,0.9782148458050902,0.9745586097443699,audit_only_not_for_training_or_tuning
30,linear_recent,180,0.9777086142819873,0.974412228423258,audit_only_not_for_training_or_tuning
30,linear_recent,181,0.9790981771790339,0.9742658471021461,audit_only_not_for_training_or_tuning
30,linear_recent,182,0.9791635723975032,0.9741194657810341,audit_only_not_for_training_or_tuning
30,linear_recent,183,0.9785734162096659,0.9739730844599223,audit_only_not_for_training_or_tuning
30,linear_recent,184,0.9780991093656154,0.9738267031388104,audit_only_not_for_training_or_tuning
30,linear_recent,185,0.9780143121922993,0.9736803218176985,audit_only_not_for_training_or_tuning
30,linear_recent,186,0.978380879288875,0.9735339404965866,audit_only_not_for_training_or_tuning
30,linear_recent,187,0.9775365830476132,0.9733875591754747,audit_only_not_for_training_or_tuning
30,linear_recent,188,0.9777233266002021,0.9732411778543628,audit_only_not_for_training_or_tuning
30,linear_recent,189,0.9769366343212157,0.9730947965332509,audit_only_not_for_training_or_tuning
30,linear_recent,190,0.9778507968391505,0.972948415212139,audit_only_not_for_training_or_tuning
30,linear_recent,191,0.976658988577695,0.972802033891027,audit_only_not_for_training_or_tuning
30,linear_recent,192,0.9766437908820392,0.9726556525699152,audit_only_not_for_training_or_tuning
30,linear_recent,193,0.9756925406429119,0.9725092712488033,audit_only_not_for_training_or_tuning
30,linear_recent,194,0.9755068631860044,0.9723628899276914,audit_only_not_for_training_or_tuning
30,linear_recent,195,0.9764812056771769,0.9722165086065795,audit_only_not_for_training_or_tuning
30,linear_recent,196,0.9762407138152966,0.9720701272854676,audit_only_not_for_training_or_tuning
30,linear_recent,197,0.9759240181092268,0.9719237459643557,audit_only_not_for_training_or_tuning
30,linear_recent,198,0.9753260494854624,0.9717773646432438,audit_only_not_for_training_or_tuning
30,linear_recent,199,0.9758141718148766,0.9716309833221319,audit_only_not_for_training_or_tuning
30,linear_recent,200,0.9750462319700811,0.9714846020010199,audit_only_not_for_training_or_tuning
30,policy_mean,151,0.9828748665227062,0.9786009614401356,audit_only_not_for_training_or_tuning
30,policy_mean,152,0.9833922901196489,0.9783982548236563,audit_only_not_for_training_or_tuning
30,policy_mean,153,0.9825565006194659,0.978195548207177,audit_only_not_for_training_or_tuning
30,policy_mean,154,0.9825527343074655,0.9779928415906977,audit_only_not_for_training_or_tuning
30,policy_mean,155,0.9805203972800624,0.9777901349742184,audit_only_not_for_training_or_tuning
30,policy_mean,156,0.9823304991661701,0.9775874283577392,audit_only_not_for_training_or_tuning
30,policy_mean,157,0.9817169960892719,0.9773847217412598,audit_only_not_for_training_or_tuning
30,policy_mean,158,0.9821722221789059,0.9771820151247805,audit_only_not_for_training_or_tuning
30,policy_mean,159,0.9823515551246956,0.9769793085083012,audit_only_not_for_training_or_tuning
30,policy_mean,160,0.9825521980176545,0.9767766018918219,audit_only_not_for_training_or_tuning
30,policy_mean,161,0.981558318109745,0.9765738952753427,audit_only_not_for_training_or_tuning
30,policy_mean,162,0.9817975475225421,0.9763711886588633,audit_only_not_for_training_or_tuning
30,policy_mean,163,0.9812371972642789,0.976168482042384,audit_only_not_for_training_or_tuning
30,policy_mean,164,0.9811720234766166,0.9759657754259047,audit_only_not_for_training_or_tuning
30,policy_mean,165,0.9807301872540486,0.9757630688094254,audit_only_not_for_training_or_tuning
30,policy_mean,166,0.9804574709973315,0.9755603621929461,audit_only_not_for_training_or_tuning
30,policy_mean,167,0.9808659729121114,0.9753576555764668,audit_only_not_for_training_or_tuning
30,policy_mean,168,0.9805025603363343,0.9751549489599876,audit_only_not_for_training_or_tuning
30,policy_mean,169,0.9797400190129093,0.9749522423435082,audit_only_not_for_training_or_tuning
30,policy_mean,170,0.9796181776886552,0.9747495357270289,audit_only_not_for_training_or_tuning
30,policy_mean,171,0.9794138264425529,0.9745468291105496,audit_only_not_for_training_or_tuning
30,policy_mean,172,0.9794817540015558,0.9743441224940703,audit_only_not_for_training_or_tuning
30,policy_mean,173,0.9798728808403583,0.974141415877591,audit_only_not_for_training_or_tuning
30,policy_mean,174,0.9791675469372267,0.9739387092611117,audit_only_not_for_training_or_tuning
30,policy_mean,175,0.9788039498367811,0.9737360026446324,audit_only_not_for_training_or_tuning
30,policy_mean,176,0.9783271544750977,0.9735332960281531,audit_only_not_for_training_or_tuning
30,policy_mean,177,0.9782540246325073,0.9733305894116738,audit_only_not_for_training_or_tuning
30,policy_mean,178,0.977358337429328,0.9731278827951945,audit_only_not_for_training_or_tuning
30,policy_mean,179,0.9782148458050902,0.9729251761787152,audit_only_not_for_training_or_tuning
30,policy_mean,180,0.9777086142819873,0.972722469562236,audit_only_not_for_training_or_tuning
30,policy_mean,181,0.9790981771790339,0.9725197629457566,audit_only_not_for_training_or_tuning
30,policy_mean,182,0.9791635723975032,0.9723170563292773,audit_only_not_for_training_or_tuning
30,policy_mean,183,0.9785734162096659,0.972114349712798,audit_only_not_for_training_or_tuning
30,policy_mean,184,0.9780991093656154,0.9719116430963187,audit_only_not_for_training_or_tuning
30,policy_mean,185,0.9780143121922993,0.9717089364798395,audit_only_not_for_training_or_tuning
30,policy_mean,186,0.978380879288875,0.9715062298633601,audit_only_not_for_training_or_tuning
30,policy_mean,187,0.9775365830476132,0.9713035232468809,audit_only_not_for_training_or_tuning
30,policy_mean,188,0.9777233266002021,0.9711008166304015,audit_only_not_for_training_or_tuning
30,policy_mean,189,0.9769366343212157,0.9708981100139222,audit_only_not_for_training_or_tuning
30,policy_mean,190,0.9778507968391505,0.9706954033974429,audit_only_not_for_training_or_tuning
30,policy_mean,191,0.976658988577695,0.9704926967809636,audit_only_not_for_training_or_tuning
30,policy_mean,192,0.9766437908820392,0.9702899901644844,audit_only_not_for_training_or_tuning
30,policy_mean,193,0.9756925406429119,0.970087283548005,audit_only_not_for_training_or_tuning
30,policy_mean,194,0.9755068631860044,0.9698845769315257,audit_only_not_for_training_or_tuning
30,policy_mean,195,0.9764812056771769,0.9696818703150464,audit_only_not_for_training_or_tuning
30,policy_mean,196,0.9762407138152966,0.9694791636985671,audit_only_not_for_training_or_tuning
30,policy_mean,197,0.9759240181092268,0.9692764570820878,audit_only_not_for_training_or_tuning
30,policy_mean,198,0.9753260494854624,0.9690737504656085,audit_only_not_for_training_or_tuning
30,policy_mean,199,0.9758141718148766,0.9688710438491293,audit_only_not_for_training_or_tuning
30,policy_mean,200,0.9750462319700811,0.9686683372326499,audit_only_not_for_training_or_tuning
30,persist,151,0.9828748665227062,0.978803668056615,audit_only_not_for_training_or_tuning
30,persist,152,0.9833922901196489,0.978803668056615,audit_only_not_for_training_or_tuning
30,persist,153,0.9825565006194659,0.978803668056615,audit_only_not_for_training_or_tuning
30,persist,154,0.9825527343074655,0.978803668056615,audit_only_not_for_training_or_tuning
30,persist,155,0.9805203972800624,0.978803668056615,audit_only_not_for_training_or_tuning
30,persist,156,0.9823304991661701,0.978803668056615,audit_only_not_for_training_or_tuning
30,persist,157,0.9817169960892719,0.978803668056615,audit_only_not_for_training_or_tuning
30,persist,158,0.9821722221789059,0.978803668056615,audit_only_not_for_training_or_tuning
30,persist,159,0.9823515551246956,0.978803668056615,audit_only_not_for_training_or_tuning
30,persist,160,0.9825521980176545,0.978803668056615,audit_only_not_for_training_or_tuning
30,persist,161,0.981558318109745,0.978803668056615,audit_only_not_for_training_or_tuning
30,persist,162,0.9817975475225421,0.978803668056615,audit_only_not_for_training_or_tuning
30,persist,163,0.9812371972642789,0.978803668056615,audit_only_not_for_training_or_tuning
30,persist,164,0.9811720234766166,0.978803668056615,audit_only_not_for_training_or_tuning
30,persist,165,0.9807301872540486,0.978803668056615,audit_only_not_for_training_or_tuning
30,persist,166,0.9804574709973315,0.978803668056615,audit_only_not_for_training_or_tuning
30,persist,167,0.9808659729121114,0.978803668056615,audit_only_not_for_training_or_tuning
30,persist,168,0.9805025603363343,0.978803668056615,audit_only_not_for_training_or_tuning
30,persist,169,0.9797400190129093,0.978803668056615,audit_only_not_for_training_or_tuning
30,persist,170,0.9796181776886552,0.978803668056615,audit_only_not_for_training_or_tuning
30,persist,171,0.9794138264425529,0.978803668056615,audit_only_not_for_training_or_tuning
30,persist,172,0.9794817540015558,0.978803668056615,audit_only_not_for_training_or_tuning
30,persist,173,0.9798728808403583,0.978803668056615,audit_only_not_for_training_or_tuning
30,persist,174,0.9791675469372267,0.978803668056615,audit_only_not_for_training_or_tuning
30,persist,175,0.9788039498367811,0.978803668056615,audit_only_not_for_training_or_tuning
30,persist,176,0.9783271544750977,0.978803668056615,audit_only_not_for_training_or_tuning
30,persist,177,0.9782540246325073,0.978803668056615,audit_only_not_for_training_or_tuning
30,persist,178,0.977358337429328,0.978803668056615,audit_only_not_for_training_or_tuning
30,persist,179,0.9782148458050902,0.978803668056615,audit_only_not_for_training_or_tuning
30,persist,180,0.9777086142819873,0.978803668056615,audit_only_not_for_training_or_tuning
30,persist,181,0.9790981771790339,0.978803668056615,audit_only_not_for_training_or_tuning
30,persist,182,0.9791635723975032,0.978803668056615,audit_only_not_for_training_or_tuning
30,persist,183,0.9785734162096659,0.978803668056615,audit_only_not_for_training_or_tuning
30,persist,184,0.9780991093656154,0.978803668056615,audit_only_not_for_training_or_tuning
30,persist,185,0.9780143121922993,0.978803668056615,audit_only_not_for_training_or_tuning
30,persist,186,0.978380879288875,0.978803668056615,audit_only_not_for_training_or_tuning
30,persist,187,0.9775365830476132,0.978803668056615,audit_only_not_for_training_or_tuning
30,persist,188,0.9777233266002021,0.978803668056615,audit_only_not_for_training_or_tuning
30,persist,189,0.9769366343212157,0.978803668056615,audit_only_not_for_training_or_tuning
30,persist,190,0.9778507968391505,0.978803668056615,audit_only_not_for_training_or_tuning
30,persist,191,0.976658988577695,0.978803668056615,audit_only_not_for_training_or_tuning
30,persist,192,0.9766437908820392,0.978803668056615,audit_only_not_for_training_or_tuning
30,persist,193,0.9756925406429119,0.978803668056615,audit_only_not_for_training_or_tuning
30,persist,194,0.9755068631860044,0.978803668056615,audit_only_not_for_training_or_tuning
30,persist,195,0.9764812056771769,0.978803668056615,audit_only_not_for_training_or_tuning
30,persist,196,0.9762407138152966,0.978803668056615,audit_only_not_for_training_or_tuning
30,persist,197,0.9759240181092268,0.978803668056615,audit_only_not_for_training_or_tuning
30,persist,198,0.9753260494854624,0.978803668056615,audit_only_not_for_training_or_tuning
30,persist,199,0.9758141718148766,0.978803668056615,audit_only_not_for_training_or_tuning
30,persist,200,0.9750462319700811,0.978803668056615,audit_only_not_for_training_or_tuning
30,fusion_pbt_batterygpt,151,0.9828748665227062,0.9786593934353072,audit_only_not_for_training_or_tuning
30,fusion_pbt_batterygpt,152,0.9833922901196489,0.9785151188139993,audit_only_not_for_training_or_tuning
30,fusion_pbt_batterygpt,153,0.9825565006194659,0.9783708441926916,audit_only_not_for_training_or_tuning
30,fusion_pbt_batterygpt,154,0.9825527343074655,0.9782265695713838,audit_only_not_for_training_or_tuning
30,fusion_pbt_batterygpt,155,0.9805203972800624,0.9780822949500759,audit_only_not_for_training_or_tuning
30,fusion_pbt_batterygpt,156,0.9823304991661701,0.9779380203287682,audit_only_not_for_training_or_tuning
30,fusion_pbt_batterygpt,157,0.9817169960892719,0.9777937457074604,audit_only_not_for_training_or_tuning
30,fusion_pbt_batterygpt,158,0.9821722221789059,0.9776494710861525,audit_only_not_for_training_or_tuning
30,fusion_pbt_batterygpt,159,0.9823515551246956,0.9775051964648448,audit_only_not_for_training_or_tuning
30,fusion_pbt_batterygpt,160,0.9825521980176545,0.977360921843537,audit_only_not_for_training_or_tuning
30,fusion_pbt_batterygpt,161,0.981558318109745,0.9772166472222292,audit_only_not_for_training_or_tuning
30,fusion_pbt_batterygpt,162,0.9817975475225421,0.9770723726009214,audit_only_not_for_training_or_tuning
30,fusion_pbt_batterygpt,163,0.9812371972642789,0.9769280979796136,audit_only_not_for_training_or_tuning
30,fusion_pbt_batterygpt,164,0.9811720234766166,0.9767838233583058,audit_only_not_for_training_or_tuning
30,fusion_pbt_batterygpt,165,0.9807301872540486,0.976639548736998,audit_only_not_for_training_or_tuning
30,fusion_pbt_batterygpt,166,0.9804574709973315,0.9764952741156901,audit_only_not_for_training_or_tuning
30,fusion_pbt_batterygpt,167,0.9808659729121114,0.9763509994943824,audit_only_not_for_training_or_tuning
30,fusion_pbt_batterygpt,168,0.9805025603363343,0.9762067248730746,audit_only_not_for_training_or_tuning
30,fusion_pbt_batterygpt,169,0.9797400190129093,0.9760624502517667,audit_only_not_for_training_or_tuning
30,fusion_pbt_batterygpt,170,0.9796181776886552,0.975918175630459,audit_only_not_for_training_or_tuning
30,fusion_pbt_batterygpt,171,0.9794138264425529,0.9757739010091512,audit_only_not_for_training_or_tuning
30,fusion_pbt_batterygpt,172,0.9794817540015558,0.9756296263878433,audit_only_not_for_training_or_tuning
30,fusion_pbt_batterygpt,173,0.9798728808403583,0.9754853517665356,audit_only_not_for_training_or_tuning
30,fusion_pbt_batterygpt,174,0.9791675469372267,0.9753410771452278,audit_only_not_for_training_or_tuning
30,fusion_pbt_batterygpt,175,0.9788039498367811,0.9751968025239199,audit_only_not_for_training_or_tuning
30,fusion_pbt_batterygpt,176,0.9783271544750977,0.9750525279026122,audit_only_not_for_training_or_tuning
30,fusion_pbt_batterygpt,177,0.9782540246325073,0.9749082532813044,audit_only_not_for_training_or_tuning
30,fusion_pbt_batterygpt,178,0.977358337429328,0.9747639786599965,audit_only_not_for_training_or_tuning
30,fusion_pbt_batterygpt,179,0.9782148458050902,0.9746197040386888,audit_only_not_for_training_or_tuning
30,fusion_pbt_batterygpt,180,0.9777086142819873,0.974475429417381,audit_only_not_for_training_or_tuning
30,fusion_pbt_batterygpt,181,0.9790981771790339,0.9743311547960731,audit_only_not_for_training_or_tuning
30,fusion_pbt_batterygpt,182,0.9791635723975032,0.9741868801747654,audit_only_not_for_training_or_tuning
30,fusion_pbt_batterygpt,183,0.9785734162096659,0.9740426055534576,audit_only_not_for_training_or_tuning
30,fusion_pbt_batterygpt,184,0.9780991093656154,0.9738983309321497,audit_only_not_for_training_or_tuning
30,fusion_pbt_batterygpt,185,0.9780143121922993,0.973754056310842,audit_only_not_for_training_or_tuning
30,fusion_pbt_batterygpt,186,0.978380879288875,0.9736097816895342,audit_only_not_for_training_or_tuning
30,fusion_pbt_batterygpt,187,0.9775365830476132,0.9734655070682263,audit_only_not_for_training_or_tuning
30,fusion_pbt_batterygpt,188,0.9777233266002021,0.9733212324469186,audit_only_not_for_training_or_tuning
30,fusion_pbt_batterygpt,189,0.9769366343212157,0.9731769578256108,audit_only_not_for_training_or_tuning
30,fusion_pbt_batterygpt,190,0.9778507968391505,0.973032683204303,audit_only_not_for_training_or_tuning
30,fusion_pbt_batterygpt,191,0.976658988577695,0.9728884085829952,audit_only_not_for_training_or_tuning
30,fusion_pbt_batterygpt,192,0.9766437908820392,0.9727441339616874,audit_only_not_for_training_or_tuning
30,fusion_pbt_batterygpt,193,0.9756925406429119,0.9725998593403796,audit_only_not_for_training_or_tuning
30,fusion_pbt_batterygpt,194,0.9755068631860044,0.9724555847190718,audit_only_not_for_training_or_tuning
30,fusion_pbt_batterygpt,195,0.9764812056771769,0.972311310097764,audit_only_not_for_training_or_tuning
30,fusion_pbt_batterygpt,196,0.9762407138152966,0.9721670354764562,audit_only_not_for_training_or_tuning
30,fusion_pbt_batterygpt,197,0.9759240181092268,0.9720227608551484,audit_only_not_for_training_or_tuning
30,fusion_pbt_batterygpt,198,0.9753260494854624,0.9718784862338405,audit_only_not_for_training_or_tuning
30,fusion_pbt_batterygpt,199,0.9758141718148766,0.9717342116125328,audit_only_not_for_training_or_tuning
30,fusion_pbt_batterygpt,200,0.9750462319700811,0.971589936991225,audit_only_not_for_training_or_tuning
31,linear_recent,151,1.00386860878368,0.9974728436768334,audit_only_not_for_training_or_tuning
31,linear_recent,152,1.0023208398363048,0.997442845409163,audit_only_not_for_training_or_tuning
31,linear_recent,153,1.002838077350924,0.9974128471414924,audit_only_not_for_training_or_tuning
31,linear_recent,154,1.003249369792961,0.9973828488738219,audit_only_not_for_training_or_tuning
31,linear_recent,155,1.0033756199602366,0.9973528506061513,audit_only_not_for_training_or_tuning
31,linear_recent,156,1.0027884284346873,0.9973228523384807,audit_only_not_for_training_or_tuning
31,linear_recent,157,1.0026195964126876,0.9972928540708103,audit_only_not_for_training_or_tuning
31,linear_recent,158,1.0029786145105914,0.9972628558031397,audit_only_not_for_training_or_tuning
31,linear_recent,159,1.0027141287019958,0.9972328575354692,audit_only_not_for_training_or_tuning
31,linear_recent,160,1.0031294473247099,0.9972028592677986,audit_only_not_for_training_or_tuning
31,linear_recent,161,1.0017106303267498,0.997172861000128,audit_only_not_for_training_or_tuning
31,linear_recent,162,1.0029757407635629,0.9971428627324576,audit_only_not_for_training_or_tuning
31,linear_recent,163,1.0031437689989895,0.997112864464787,audit_only_not_for_training_or_tuning
31,linear_recent,164,1.00312817420325,0.9970828661971165,audit_only_not_for_training_or_tuning
31,linear_recent,165,1.002603814248034,0.9970528679294459,audit_only_not_for_training_or_tuning
31,linear_recent,166,1.0033507160585897,0.9970228696617754,audit_only_not_for_training_or_tuning
31,linear_recent,167,1.0021004021575544,0.9969928713941049,audit_only_not_for_training_or_tuning
31,linear_recent,168,1.0020807088539108,0.9969628731264343,audit_only_not_for_training_or_tuning
31,linear_recent,169,1.0020029708018088,0.9969328748587638,audit_only_not_for_training_or_tuning
31,linear_recent,170,1.002587892076243,0.9969028765910932,audit_only_not_for_training_or_tuning
31,linear_recent,171,1.0022367381797888,0.9968728783234228,audit_only_not_for_training_or_tuning
31,linear_recent,172,1.0019795610891946,0.9968428800557522,audit_only_not_for_training_or_tuning
31,linear_recent,173,1.0021601252517613,0.9968128817880816,audit_only_not_for_training_or_tuning
31,linear_recent,174,1.0020819133835892,0.9967828835204111,audit_only_not_for_training_or_tuning
31,linear_recent,175,1.0018792139448296,0.9967528852527405,audit_only_not_for_training_or_tuning
31,linear_recent,176,1.001595265833516,0.9967228869850701,audit_only_not_for_training_or_tuning
31,linear_recent,177,1.0023431015582807,0.9966928887173995,audit_only_not_for_training_or_tuning
31,linear_recent,178,1.0023160239423476,0.996662890449729,audit_only_not_for_training_or_tuning
31,linear_recent,179,1.0023030808994402,0.9966328921820584,audit_only_not_for_training_or_tuning
31,linear_recent,180,1.0023578558910757,0.9966028939143878,audit_only_not_for_training_or_tuning
31,linear_recent,181,1.002174691823156,0.9965728956467174,audit_only_not_for_training_or_tuning
31,linear_recent,182,1.0022271826571423,0.9965428973790468,audit_only_not_for_training_or_tuning
31,linear_recent,183,1.002119282661919,0.9965128991113763,audit_only_not_for_training_or_tuning
31,linear_recent,184,1.0020693975019186,0.9964829008437057,audit_only_not_for_training_or_tuning
31,linear_recent,185,1.002118726971754,0.9964529025760351,audit_only_not_for_training_or_tuning
31,linear_recent,186,1.0020079850312986,0.9964229043083647,audit_only_not_for_training_or_tuning
31,linear_recent,187,1.0019517697740572,0.9963929060406941,audit_only_not_for_training_or_tuning
31,linear_recent,188,1.0026876032402032,0.9963629077730236,audit_only_not_for_training_or_tuning
31,linear_recent,189,1.0009917784912492,0.996332909505353,audit_only_not_for_training_or_tuning
31,linear_recent,190,1.0015741189141303,0.9963029112376824,audit_only_not_for_training_or_tuning
31,linear_recent,191,1.0018528633259118,0.996272912970012,audit_only_not_for_training_or_tuning
31,linear_recent,192,1.0014857252417677,0.9962429147023414,audit_only_not_for_training_or_tuning
31,linear_recent,193,1.0009562839616626,0.9962129164346709,audit_only_not_for_training_or_tuning
31,linear_recent,194,1.0010772436588533,0.9961829181670003,audit_only_not_for_training_or_tuning
31,linear_recent,195,1.0009548999241646,0.9961529198993299,audit_only_not_for_training_or_tuning
31,linear_recent,196,1.0013195765823857,0.9961229216316593,audit_only_not_for_training_or_tuning
31,linear_recent,197,1.000818756304527,0.9960929233639887,audit_only_not_for_training_or_tuning
31,linear_recent,198,1.0012565721373203,0.9960629250963182,audit_only_not_for_training_or_tuning
31,linear_recent,199,1.0013642396531126,0.9960329268286476,audit_only_not_for_training_or_tuning
31,linear_recent,200,1.0003609267043643,0.9960029285609772,audit_only_not_for_training_or_tuning
31,policy_mean,151,1.00386860878368,0.997487916033685,audit_only_not_for_training_or_tuning
31,policy_mean,152,1.0023208398363048,0.997472990122866,audit_only_not_for_training_or_tuning
31,policy_mean,153,1.002838077350924,0.9974580642120471,audit_only_not_for_training_or_tuning
31,policy_mean,154,1.003249369792961,0.997443138301228,audit_only_not_for_training_or_tuning
31,policy_mean,155,1.0033756199602366,0.997428212390409,audit_only_not_for_training_or_tuning
31,policy_mean,156,1.0027884284346873,0.99741328647959,audit_only_not_for_training_or_tuning
31,policy_mean,157,1.0026195964126876,0.9973983605687711,audit_only_not_for_training_or_tuning
31,policy_mean,158,1.0029786145105914,0.9973834346579521,audit_only_not_for_training_or_tuning
31,policy_mean,159,1.0027141287019958,0.997368508747133,audit_only_not_for_training_or_tuning
31,policy_mean,160,1.0031294473247099,0.997353582836314,audit_only_not_for_training_or_tuning
31,policy_mean,161,1.0017106303267498,0.9973386569254951,audit_only_not_for_training_or_tuning
31,policy_mean,162,1.0029757407635629,0.9973237310146761,audit_only_not_for_training_or_tuning
31,policy_mean,163,1.0031437689989895,0.997308805103857,audit_only_not_for_training_or_tuning
31,policy_mean,164,1.00312817420325,0.997293879193038,audit_only_not_for_training_or_tuning
31,policy_mean,165,1.002603814248034,0.997278953282219,audit_only_not_for_training_or_tuning
31,policy_mean,166,1.0033507160585897,0.9972640273714001,audit_only_not_for_training_or_tuning
31,policy_mean,167,1.0021004021575544,0.997249101460581,audit_only_not_for_training_or_tuning
31,policy_mean,168,1.0020807088539108,0.997234175549762,audit_only_not_for_training_or_tuning
31,policy_mean,169,1.0020029708018088,0.997219249638943,audit_only_not_for_training_or_tuning
31,policy_mean,170,1.002587892076243,0.9972043237281241,audit_only_not_for_training_or_tuning
31,policy_mean,171,1.0022367381797888,0.997189397817305,audit_only_not_for_training_or_tuning
31,policy_mean,172,1.0019795610891946,0.997174471906486,audit_only_not_for_training_or_tuning
31,policy_mean,173,1.0021601252517613,0.997159545995667,audit_only_not_for_training_or_tuning
31,policy_mean,174,1.0020819133835892,0.997144620084848,audit_only_not_for_training_or_tuning
31,policy_mean,175,1.0018792139448296,0.997129694174029,audit_only_not_for_training_or_tuning
31,policy_mean,176,1.001595265833516,0.99711476826321,audit_only_not_for_training_or_tuning
31,policy_mean,177,1.0023431015582807,0.997099842352391,audit_only_not_for_training_or_tuning
31,policy_mean,178,1.0023160239423476,0.997084916441572,audit_only_not_for_training_or_tuning
31,policy_mean,179,1.0023030808994402,0.9970699905307531,audit_only_not_for_training_or_tuning
31,policy_mean,180,1.0023578558910757,0.997055064619934,audit_only_not_for_training_or_tuning
31,policy_mean,181,1.002174691823156,0.997040138709115,audit_only_not_for_training_or_tuning
31,policy_mean,182,1.0022271826571423,0.997025212798296,audit_only_not_for_training_or_tuning
31,policy_mean,183,1.002119282661919,0.9970102868874771,audit_only_not_for_training_or_tuning
31,policy_mean,184,1.0020693975019186,0.996995360976658,audit_only_not_for_training_or_tuning
31,policy_mean,185,1.002118726971754,0.996980435065839,audit_only_not_for_training_or_tuning
31,policy_mean,186,1.0020079850312986,0.99696550915502,audit_only_not_for_training_or_tuning
31,policy_mean,187,1.0019517697740572,0.996950583244201,audit_only_not_for_training_or_tuning
31,policy_mean,188,1.0026876032402032,0.996935657333382,audit_only_not_for_training_or_tuning
31,policy_mean,189,1.0009917784912492,0.996920731422563,audit_only_not_for_training_or_tuning
31,policy_mean,190,1.0015741189141303,0.996905805511744,audit_only_not_for_training_or_tuning
31,policy_mean,191,1.0018528633259118,0.996890879600925,audit_only_not_for_training_or_tuning
31,policy_mean,192,1.0014857252417677,0.996875953690106,audit_only_not_for_training_or_tuning
31,policy_mean,193,1.0009562839616626,0.996861027779287,audit_only_not_for_training_or_tuning
31,policy_mean,194,1.0010772436588533,0.996846101868468,audit_only_not_for_training_or_tuning
31,policy_mean,195,1.0009548999241646,0.996831175957649,audit_only_not_for_training_or_tuning
31,policy_mean,196,1.0013195765823857,0.9968162500468299,audit_only_not_for_training_or_tuning
31,policy_mean,197,1.000818756304527,0.996801324136011,audit_only_not_for_training_or_tuning
31,policy_mean,198,1.0012565721373203,0.996786398225192,audit_only_not_for_training_or_tuning
31,policy_mean,199,1.0013642396531126,0.996771472314373,audit_only_not_for_training_or_tuning
31,policy_mean,200,1.0003609267043643,0.996756546403554,audit_only_not_for_training_or_tuning
31,persist,151,1.00386860878368,0.997502841944504,audit_only_not_for_training_or_tuning
31,persist,152,1.0023208398363048,0.997502841944504,audit_only_not_for_training_or_tuning
31,persist,153,1.002838077350924,0.997502841944504,audit_only_not_for_training_or_tuning
31,persist,154,1.003249369792961,0.997502841944504,audit_only_not_for_training_or_tuning
31,persist,155,1.0033756199602366,0.997502841944504,audit_only_not_for_training_or_tuning
31,persist,156,1.0027884284346873,0.997502841944504,audit_only_not_for_training_or_tuning
31,persist,157,1.0026195964126876,0.997502841944504,audit_only_not_for_training_or_tuning
31,persist,158,1.0029786145105914,0.997502841944504,audit_only_not_for_training_or_tuning
31,persist,159,1.0027141287019958,0.997502841944504,audit_only_not_for_training_or_tuning
31,persist,160,1.0031294473247099,0.997502841944504,audit_only_not_for_training_or_tuning
31,persist,161,1.0017106303267498,0.997502841944504,audit_only_not_for_training_or_tuning
31,persist,162,1.0029757407635629,0.997502841944504,audit_only_not_for_training_or_tuning
31,persist,163,1.0031437689989895,0.997502841944504,audit_only_not_for_training_or_tuning
31,persist,164,1.00312817420325,0.997502841944504,audit_only_not_for_training_or_tuning
31,persist,165,1.002603814248034,0.997502841944504,audit_only_not_for_training_or_tuning
31,persist,166,1.0033507160585897,0.997502841944504,audit_only_not_for_training_or_tuning
31,persist,167,1.0021004021575544,0.997502841944504,audit_only_not_for_training_or_tuning
31,persist,168,1.0020807088539108,0.997502841944504,audit_only_not_for_training_or_tuning
31,persist,169,1.0020029708018088,0.997502841944504,audit_only_not_for_training_or_tuning
31,persist,170,1.002587892076243,0.997502841944504,audit_only_not_for_training_or_tuning
31,persist,171,1.0022367381797888,0.997502841944504,audit_only_not_for_training_or_tuning
31,persist,172,1.0019795610891946,0.997502841944504,audit_only_not_for_training_or_tuning
31,persist,173,1.0021601252517613,0.997502841944504,audit_only_not_for_training_or_tuning
31,persist,174,1.0020819133835892,0.997502841944504,audit_only_not_for_training_or_tuning
31,persist,175,1.0018792139448296,0.997502841944504,audit_only_not_for_training_or_tuning
31,persist,176,1.001595265833516,0.997502841944504,audit_only_not_for_training_or_tuning
31,persist,177,1.0023431015582807,0.997502841944504,audit_only_not_for_training_or_tuning
31,persist,178,1.0023160239423476,0.997502841944504,audit_only_not_for_training_or_tuning
31,persist,179,1.0023030808994402,0.997502841944504,audit_only_not_for_training_or_tuning
31,persist,180,1.0023578558910757,0.997502841944504,audit_only_not_for_training_or_tuning
31,persist,181,1.002174691823156,0.997502841944504,audit_only_not_for_training_or_tuning
31,persist,182,1.0022271826571423,0.997502841944504,audit_only_not_for_training_or_tuning
31,persist,183,1.002119282661919,0.997502841944504,audit_only_not_for_training_or_tuning
31,persist,184,1.0020693975019186,0.997502841944504,audit_only_not_for_training_or_tuning
31,persist,185,1.002118726971754,0.997502841944504,audit_only_not_for_training_or_tuning
31,persist,186,1.0020079850312986,0.997502841944504,audit_only_not_for_training_or_tuning
31,persist,187,1.0019517697740572,0.997502841944504,audit_only_not_for_training_or_tuning
31,persist,188,1.0026876032402032,0.997502841944504,audit_only_not_for_training_or_tuning
31,persist,189,1.0009917784912492,0.997502841944504,audit_only_not_for_training_or_tuning
31,persist,190,1.0015741189141303,0.997502841944504,audit_only_not_for_training_or_tuning
31,persist,191,1.0018528633259118,0.997502841944504,audit_only_not_for_training_or_tuning
31,persist,192,1.0014857252417677,0.997502841944504,audit_only_not_for_training_or_tuning
31,persist,193,1.0009562839616626,0.997502841944504,audit_only_not_for_training_or_tuning
31,persist,194,1.0010772436588533,0.997502841944504,audit_only_not_for_training_or_tuning
31,persist,195,1.0009548999241646,0.997502841944504,audit_only_not_for_training_or_tuning
31,persist,196,1.0013195765823857,0.997502841944504,audit_only_not_for_training_or_tuning
31,persist,197,1.000818756304527,0.997502841944504,audit_only_not_for_training_or_tuning
31,persist,198,1.0012565721373203,0.997502841944504,audit_only_not_for_training_or_tuning
31,persist,199,1.0013642396531126,0.997502841944504,audit_only_not_for_training_or_tuning
31,persist,200,1.0003609267043643,0.997502841944504,audit_only_not_for_training_or_tuning
31,fusion_pbt_batterygpt,151,1.00386860878368,0.9974667806439864,audit_only_not_for_training_or_tuning
31,fusion_pbt_batterygpt,152,1.0023208398363048,0.9974307193434689,audit_only_not_for_training_or_tuning
31,fusion_pbt_batterygpt,153,1.002838077350924,0.9973946580429514,audit_only_not_for_training_or_tuning
31,fusion_pbt_batterygpt,154,1.003249369792961,0.9973585967424339,audit_only_not_for_training_or_tuning
31,fusion_pbt_batterygpt,155,1.0033756199602366,0.9973225354419163,audit_only_not_for_training_or_tuning
31,fusion_pbt_batterygpt,156,1.0027884284346873,0.9972864741413988,audit_only_not_for_training_or_tuning
31,fusion_pbt_batterygpt,157,1.0026195964126876,0.9972504128408812,audit_only_not_for_training_or_tuning
31,fusion_pbt_batterygpt,158,1.0029786145105914,0.9972143515403638,audit_only_not_for_training_or_tuning
31,fusion_pbt_batterygpt,159,1.0027141287019958,0.9971782902398462,audit_only_not_for_training_or_tuning
31,fusion_pbt_batterygpt,160,1.0031294473247099,0.9971422289393287,audit_only_not_for_training_or_tuning
31,fusion_pbt_batterygpt,161,1.0017106303267498,0.9971061676388111,audit_only_not_for_training_or_tuning
31,fusion_pbt_batterygpt,162,1.0029757407635629,0.9970701063382936,audit_only_not_for_training_or_tuning
31,fusion_pbt_batterygpt,163,1.0031437689989895,0.997034045037776,audit_only_not_for_training_or_tuning
31,fusion_pbt_batterygpt,164,1.00312817420325,0.9969979837372586,audit_only_not_for_training_or_tuning
31,fusion_pbt_batterygpt,165,1.002603814248034,0.996961922436741,audit_only_not_for_training_or_tuning
31,fusion_pbt_batterygpt,166,1.0033507160585897,0.9969258611362235,audit_only_not_for_training_or_tuning
31,fusion_pbt_batterygpt,167,1.0021004021575544,0.9968897998357059,audit_only_not_for_training_or_tuning
31,fusion_pbt_batterygpt,168,1.0020807088539108,0.9968537385351884,audit_only_not_for_training_or_tuning
31,fusion_pbt_batterygpt,169,1.0020029708018088,0.9968176772346709,audit_only_not_for_training_or_tuning
31,fusion_pbt_batterygpt,170,1.002587892076243,0.9967816159341534,audit_only_not_for_training_or_tuning
31,fusion_pbt_batterygpt,171,1.0022367381797888,0.9967455546336358,audit_only_not_for_training_or_tuning
31,fusion_pbt_batterygpt,172,1.0019795610891946,0.9967094933331183,audit_only_not_for_training_or_tuning
31,fusion_pbt_batterygpt,173,1.0021601252517613,0.9966734320326007,audit_only_not_for_training_or_tuning
31,fusion_pbt_batterygpt,174,1.0020819133835892,0.9966373707320832,audit_only_not_for_training_or_tuning
31,fusion_pbt_batterygpt,175,1.0018792139448296,0.9966013094315657,audit_only_not_for_training_or_tuning
31,fusion_pbt_batterygpt,176,1.001595265833516,0.9965652481310481,audit_only_not_for_training_or_tuning
31,fusion_pbt_batterygpt,177,1.0023431015582807,0.9965291868305306,audit_only_not_for_training_or_tuning
31,fusion_pbt_batterygpt,178,1.0023160239423476,0.996493125530013,audit_only_not_for_training_or_tuning
31,fusion_pbt_batterygpt,179,1.0023030808994402,0.9964570642294955,audit_only_not_for_training_or_tuning
31,fusion_pbt_batterygpt,180,1.0023578558910757,0.996421002928978,audit_only_not_for_training_or_tuning
31,fusion_pbt_batterygpt,181,1.002174691823156,0.9963849416284605,audit_only_not_for_training_or_tuning
31,fusion_pbt_batterygpt,182,1.0022271826571423,0.9963488803279429,audit_only_not_for_training_or_tuning
31,fusion_pbt_batterygpt,183,1.002119282661919,0.9963128190274254,audit_only_not_for_training_or_tuning
31,fusion_pbt_batterygpt,184,1.0020693975019186,0.9962767577269078,audit_only_not_for_training_or_tuning
31,fusion_pbt_batterygpt,185,1.002118726971754,0.9962406964263903,audit_only_not_for_training_or_tuning
31,fusion_pbt_batterygpt,186,1.0020079850312986,0.9962046351258728,audit_only_not_for_training_or_tuning
31,fusion_pbt_batterygpt,187,1.0019517697740572,0.9961685738253553,audit_only_not_for_training_or_tuning
31,fusion_pbt_batterygpt,188,1.0026876032402032,0.9961325125248377,audit_only_not_for_training_or_tuning
31,fusion_pbt_batterygpt,189,1.0009917784912492,0.9960964512243202,audit_only_not_for_training_or_tuning
31,fusion_pbt_batterygpt,190,1.0015741189141303,0.9960603899238026,audit_only_not_for_training_or_tuning
31,fusion_pbt_batterygpt,191,1.0018528633259118,0.9960243286232852,audit_only_not_for_training_or_tuning
31,fusion_pbt_batterygpt,192,1.0014857252417677,0.9959882673227676,audit_only_not_for_training_or_tuning
31,fusion_pbt_batterygpt,193,1.0009562839616626,0.9959522060222501,audit_only_not_for_training_or_tuning
31,fusion_pbt_batterygpt,194,1.0010772436588533,0.9959161447217325,audit_only_not_for_training_or_tuning
31,fusion_pbt_batterygpt,195,1.0009548999241646,0.995880083421215,audit_only_not_for_training_or_tuning
31,fusion_pbt_batterygpt,196,1.0013195765823857,0.9958440221206974,audit_only_not_for_training_or_tuning
31,fusion_pbt_batterygpt,197,1.000818756304527,0.99580796082018,audit_only_not_for_training_or_tuning
31,fusion_pbt_batterygpt,198,1.0012565721373203,0.9957718995196624,audit_only_not_for_training_or_tuning
31,fusion_pbt_batterygpt,199,1.0013642396531126,0.9957358382191449,audit_only_not_for_training_or_tuning
31,fusion_pbt_batterygpt,200,1.0003609267043643,0.9956997769186273,audit_only_not_for_training_or_tuning
32,linear_recent,151,1.002884023607903,0.9974943316247477,audit_only_not_for_training_or_tuning
32,linear_recent,152,1.002182965854167,0.9974642362475272,audit_only_not_for_training_or_tuning
32,linear_recent,153,1.0022176237653249,0.9974341408703069,audit_only_not_for_training_or_tuning
32,linear_recent,154,1.0029247011300886,0.9974040454930866,audit_only_not_for_training_or_tuning
32,linear_recent,155,1.0022742421217468,0.9973739501158663,audit_only_not_for_training_or_tuning
32,linear_recent,156,1.0024914054075396,0.9973438547386458,audit_only_not_for_training_or_tuning
32,linear_recent,157,1.001430630242754,0.9973137593614255,audit_only_not_for_training_or_tuning
32,linear_recent,158,1.0028209155184122,0.9972836639842052,audit_only_not_for_training_or_tuning
32,linear_recent,159,1.0024932548828536,0.9972535686069849,audit_only_not_for_training_or_tuning
32,linear_recent,160,1.002004118551793,0.9972234732297645,audit_only_not_for_training_or_tuning
32,linear_recent,161,1.003144420714126,0.9971933778525441,audit_only_not_for_training_or_tuning
32,linear_recent,162,1.0025516721604306,0.9971632824753238,audit_only_not_for_training_or_tuning
32,linear_recent,163,1.0022224580112211,0.9971331870981035,audit_only_not_for_training_or_tuning
32,linear_recent,164,1.0022140770563903,0.9971030917208831,audit_only_not_for_training_or_tuning
32,linear_recent,165,1.0023501806789774,0.9970729963436628,audit_only_not_for_training_or_tuning
32,linear_recent,166,1.0020707260097828,0.9970429009664424,audit_only_not_for_training_or_tuning
32,linear_recent,167,1.0015727842306505,0.9970128055892221,audit_only_not_for_training_or_tuning
32,linear_recent,168,1.0013436833718394,0.9969827102120017,audit_only_not_for_training_or_tuning
32,linear_recent,169,1.0008133178559218,0.9969526148347814,audit_only_not_for_training_or_tuning
32,linear_recent,170,1.001756473888863,0.996922519457561,audit_only_not_for_training_or_tuning
32,linear_recent,171,1.0018727615396916,0.9968924240803407,audit_only_not_for_training_or_tuning
32,linear_recent,172,1.0025460186946424,0.9968623287031203,audit_only_not_for_training_or_tuning
32,linear_recent,173,1.0004906121989334,0.9968322333259,audit_only_not_for_training_or_tuning
32,linear_recent,174,1.0003493516472957,0.9968021379486797,audit_only_not_for_training_or_tuning
32,linear_recent,175,1.0017928004767043,0.9967720425714593,audit_only_not_for_training_or_tuning
32,linear_recent,176,1.0015809498163426,0.9967419471942389,audit_only_not_for_training_or_tuning
32,linear_recent,177,1.0017766542576467,0.9967118518170186,audit_only_not_for_training_or_tuning
32,linear_recent,178,1.0012603100184885,0.9966817564397983,audit_only_not_for_training_or_tuning
32,linear_recent,179,1.0014783812388026,0.996651661062578,audit_only_not_for_training_or_tuning
32,linear_recent,180,1.0016814140094734,0.9966215656853575,audit_only_not_for_training_or_tuning
32,linear_recent,181,1.0006874729122541,0.9965914703081372,audit_only_not_for_training_or_tuning
32,linear_recent,182,1.0014352665107726,0.9965613749309169,audit_only_not_for_training_or_tuning
32,linear_recent,183,1.0020542431647763,0.9965312795536966,audit_only_not_for_training_or_tuning
32,linear_recent,184,1.0016576885768098,0.9965011841764762,audit_only_not_for_training_or_tuning
32,linear_recent,185,1.0020609328929249,0.9964710887992558,audit_only_not_for_training_or_tuning
32,linear_recent,186,1.000867821090095,0.9964409934220355,audit_only_not_for_training_or_tuning
32,linear_recent,187,0.9999267866857208,0.9964108980448152,audit_only_not_for_training_or_tuning
32,linear_recent,188,0.9988374858429401,0.9963808026675949,audit_only_not_for_training_or_tuning
32,linear_recent,189,1.0002088690554118,0.9963507072903744,audit_only_not_for_training_or_tuning
32,linear_recent,190,1.0003976707735251,0.9963206119131541,audit_only_not_for_training_or_tuning
32,linear_recent,191,1.0011059911212141,0.9962905165359338,audit_only_not_for_training_or_tuning
32,linear_recent,192,1.000985716934335,0.9962604211587135,audit_only_not_for_training_or_tuning
32,linear_recent,193,1.0011281382797277,0.9962303257814931,audit_only_not_for_training_or_tuning
32,linear_recent,194,1.0012968709718153,0.9962002304042727,audit_only_not_for_training_or_tuning
32,linear_recent,195,1.0010200783937429,0.9961701350270524,audit_only_not_for_training_or_tuning
32,linear_recent,196,1.000969647915434,0.9961400396498321,audit_only_not_for_training_or_tuning
32,linear_recent,197,1.001120189103528,0.9961099442726117,audit_only_not_for_training_or_tuning
32,linear_recent,198,1.0005906330470673,0.9960798488953914,audit_only_not_for_training_or_tuning
32,linear_recent,199,0.9998171508269174,0.996049753518171,audit_only_not_for_training_or_tuning
32,linear_recent,200,0.9998428471641531,0.9960196581409507,audit_only_not_for_training_or_tuning
32,policy_mean,151,1.002884023607903,0.9975098189853772,audit_only_not_for_training_or_tuning
32,policy_mean,152,1.002182965854167,0.9974952109687862,audit_only_not_for_training_or_tuning
32,policy_mean,153,1.0022176237653249,0.9974806029521954,audit_only_not_for_training_or_tuning
32,policy_mean,154,1.0029247011300886,0.9974659949356045,audit_only_not_for_training_or_tuning
32,policy_mean,155,1.0022742421217468,0.9974513869190137,audit_only_not_for_training_or_tuning
32,policy_mean,156,1.0024914054075396,0.9974367789024228,audit_only_not_for_training_or_tuning
32,policy_mean,157,1.001430630242754,0.997422170885832,audit_only_not_for_training_or_tuning
32,policy_mean,158,1.0028209155184122,0.997407562869241,audit_only_not_for_training_or_tuning
32,policy_mean,159,1.0024932548828536,0.9973929548526502,audit_only_not_for_training_or_tuning
32,policy_mean,160,1.002004118551793,0.9973783468360593,audit_only_not_for_training_or_tuning
32,policy_mean,161,1.003144420714126,0.9973637388194685,audit_only_not_for_training_or_tuning
32,policy_mean,162,1.0025516721604306,0.9973491308028776,audit_only_not_for_training_or_tuning
32,policy_mean,163,1.0022224580112211,0.9973345227862868,audit_only_not_for_training_or_tuning
32,policy_mean,164,1.0022140770563903,0.9973199147696958,audit_only_not_for_training_or_tuning
32,policy_mean,165,1.0023501806789774,0.997305306753105,audit_only_not_for_training_or_tuning
32,policy_mean,166,1.0020707260097828,0.9972906987365142,audit_only_not_for_training_or_tuning
32,policy_mean,167,1.0015727842306505,0.9972760907199233,audit_only_not_for_training_or_tuning
32,policy_mean,168,1.0013436833718394,0.9972614827033325,audit_only_not_for_training_or_tuning
32,policy_mean,169,1.0008133178559218,0.9972468746867416,audit_only_not_for_training_or_tuning
32,policy_mean,170,1.001756473888863,0.9972322666701507,audit_only_not_for_training_or_tuning
32,policy_mean,171,1.0018727615396916,0.9972176586535598,audit_only_not_for_training_or_tuning
32,policy_mean,172,1.0025460186946424,0.997203050636969,audit_only_not_for_training_or_tuning
32,policy_mean,173,1.0004906121989334,0.9971884426203781,audit_only_not_for_training_or_tuning
32,policy_mean,174,1.0003493516472957,0.9971738346037873,audit_only_not_for_training_or_tuning
32,policy_mean,175,1.0017928004767043,0.9971592265871964,audit_only_not_for_training_or_tuning
32,policy_mean,176,1.0015809498163426,0.9971446185706055,audit_only_not_for_training_or_tuning
32,policy_mean,177,1.0017766542576467,0.9971300105540146,audit_only_not_for_training_or_tuning
32,policy_mean,178,1.0012603100184885,0.9971154025374238,audit_only_not_for_training_or_tuning
32,policy_mean,179,1.0014783812388026,0.9971007945208329,audit_only_not_for_training_or_tuning
32,policy_mean,180,1.0016814140094734,0.9970861865042421,audit_only_not_for_training_or_tuning
32,policy_mean,181,1.0006874729122541,0.9970715784876512,audit_only_not_for_training_or_tuning
32,policy_mean,182,1.0014352665107726,0.9970569704710603,audit_only_not_for_training_or_tuning
32,policy_mean,183,1.0020542431647763,0.9970423624544694,audit_only_not_for_training_or_tuning
32,policy_mean,184,1.0016576885768098,0.9970277544378786,audit_only_not_for_training_or_tuning
32,policy_mean,185,1.0020609328929249,0.9970131464212877,audit_only_not_for_training_or_tuning
32,policy_mean,186,1.000867821090095,0.9969985384046969,audit_only_not_for_training_or_tuning
32,policy_mean,187,0.9999267866857208,0.996983930388106,audit_only_not_for_training_or_tuning
32,policy_mean,188,0.9988374858429401,0.9969693223715151,audit_only_not_for_training_or_tuning
32,policy_mean,189,1.0002088690554118,0.9969547143549242,audit_only_not_for_training_or_tuning
32,policy_mean,190,1.0003976707735251,0.9969401063383334,audit_only_not_for_training_or_tuning
32,policy_mean,191,1.0011059911212141,0.9969254983217425,audit_only_not_for_training_or_tuning
32,policy_mean,192,1.000985716934335,0.9969108903051517,audit_only_not_for_training_or_tuning
32,policy_mean,193,1.0011281382797277,0.9968962822885608,audit_only_not_for_training_or_tuning
32,policy_mean,194,1.0012968709718153,0.9968816742719699,audit_only_not_for_training_or_tuning
32,policy_mean,195,1.0010200783937429,0.996867066255379,audit_only_not_for_training_or_tuning
32,policy_mean,196,1.000969647915434,0.9968524582387882,audit_only_not_for_training_or_tuning
32,policy_mean,197,1.001120189103528,0.9968378502221973,audit_only_not_for_training_or_tuning
32,policy_mean,198,1.0005906330470673,0.9968232422056065,audit_only_not_for_training_or_tuning
32,policy_mean,199,0.9998171508269174,0.9968086341890156,audit_only_not_for_training_or_tuning
32,policy_mean,200,0.9998428471641531,0.9967940261724247,audit_only_not_for_training_or_tuning
32,persist,151,1.002884023607903,0.997524427001968,audit_only_not_for_training_or_tuning
32,persist,152,1.002182965854167,0.997524427001968,audit_only_not_for_training_or_tuning
32,persist,153,1.0022176237653249,0.997524427001968,audit_only_not_for_training_or_tuning
32,persist,154,1.0029247011300886,0.997524427001968,audit_only_not_for_training_or_tuning
32,persist,155,1.0022742421217468,0.997524427001968,audit_only_not_for_training_or_tuning
32,persist,156,1.0024914054075396,0.997524427001968,audit_only_not_for_training_or_tuning
32,persist,157,1.001430630242754,0.997524427001968,audit_only_not_for_training_or_tuning
32,persist,158,1.0028209155184122,0.997524427001968,audit_only_not_for_training_or_tuning
32,persist,159,1.0024932548828536,0.997524427001968,audit_only_not_for_training_or_tuning
32,persist,160,1.002004118551793,0.997524427001968,audit_only_not_for_training_or_tuning
32,persist,161,1.003144420714126,0.997524427001968,audit_only_not_for_training_or_tuning
32,persist,162,1.0025516721604306,0.997524427001968,audit_only_not_for_training_or_tuning
32,persist,163,1.0022224580112211,0.997524427001968,audit_only_not_for_training_or_tuning
32,persist,164,1.0022140770563903,0.997524427001968,audit_only_not_for_training_or_tuning
32,persist,165,1.0023501806789774,0.997524427001968,audit_only_not_for_training_or_tuning
32,persist,166,1.0020707260097828,0.997524427001968,audit_only_not_for_training_or_tuning
32,persist,167,1.0015727842306505,0.997524427001968,audit_only_not_for_training_or_tuning
32,persist,168,1.0013436833718394,0.997524427001968,audit_only_not_for_training_or_tuning
32,persist,169,1.0008133178559218,0.997524427001968,audit_only_not_for_training_or_tuning
32,persist,170,1.001756473888863,0.997524427001968,audit_only_not_for_training_or_tuning
32,persist,171,1.0018727615396916,0.997524427001968,audit_only_not_for_training_or_tuning
32,persist,172,1.0025460186946424,0.997524427001968,audit_only_not_for_training_or_tuning
32,persist,173,1.0004906121989334,0.997524427001968,audit_only_not_for_training_or_tuning
32,persist,174,1.0003493516472957,0.997524427001968,audit_only_not_for_training_or_tuning
32,persist,175,1.0017928004767043,0.997524427001968,audit_only_not_for_training_or_tuning
32,persist,176,1.0015809498163426,0.997524427001968,audit_only_not_for_training_or_tuning
32,persist,177,1.0017766542576467,0.997524427001968,audit_only_not_for_training_or_tuning
32,persist,178,1.0012603100184885,0.997524427001968,audit_only_not_for_training_or_tuning
32,persist,179,1.0014783812388026,0.997524427001968,audit_only_not_for_training_or_tuning
32,persist,180,1.0016814140094734,0.997524427001968,audit_only_not_for_training_or_tuning
32,persist,181,1.0006874729122541,0.997524427001968,audit_only_not_for_training_or_tuning
32,persist,182,1.0014352665107726,0.997524427001968,audit_only_not_for_training_or_tuning
32,persist,183,1.0020542431647763,0.997524427001968,audit_only_not_for_training_or_tuning
32,persist,184,1.0016576885768098,0.997524427001968,audit_only_not_for_training_or_tuning
32,persist,185,1.0020609328929249,0.997524427001968,audit_only_not_for_training_or_tuning
32,persist,186,1.000867821090095,0.997524427001968,audit_only_not_for_training_or_tuning
32,persist,187,0.9999267866857208,0.997524427001968,audit_only_not_for_training_or_tuning
32,persist,188,0.9988374858429401,0.997524427001968,audit_only_not_for_training_or_tuning
32,persist,189,1.0002088690554118,0.997524427001968,audit_only_not_for_training_or_tuning
32,persist,190,1.0003976707735251,0.997524427001968,audit_only_not_for_training_or_tuning
32,persist,191,1.0011059911212141,0.997524427001968,audit_only_not_for_training_or_tuning
32,persist,192,1.000985716934335,0.997524427001968,audit_only_not_for_training_or_tuning
32,persist,193,1.0011281382797277,0.997524427001968,audit_only_not_for_training_or_tuning
32,persist,194,1.0012968709718153,0.997524427001968,audit_only_not_for_training_or_tuning
32,persist,195,1.0010200783937429,0.997524427001968,audit_only_not_for_training_or_tuning
32,persist,196,1.000969647915434,0.997524427001968,audit_only_not_for_training_or_tuning
32,persist,197,1.001120189103528,0.997524427001968,audit_only_not_for_training_or_tuning
32,persist,198,1.0005906330470673,0.997524427001968,audit_only_not_for_training_or_tuning
32,persist,199,0.9998171508269174,0.997524427001968,audit_only_not_for_training_or_tuning
32,persist,200,0.9998428471641531,0.997524427001968,audit_only_not_for_training_or_tuning
32,fusion_pbt_batterygpt,151,1.002884023607903,0.9974867126277881,audit_only_not_for_training_or_tuning
32,fusion_pbt_batterygpt,152,1.002182965854167,0.9974489982536081,audit_only_not_for_training_or_tuning
32,fusion_pbt_batterygpt,153,1.0022176237653249,0.9974112838794282,audit_only_not_for_training_or_tuning
32,fusion_pbt_batterygpt,154,1.0029247011300886,0.9973735695052484,audit_only_not_for_training_or_tuning
32,fusion_pbt_batterygpt,155,1.0022742421217468,0.9973358551310684,audit_only_not_for_training_or_tuning
32,fusion_pbt_batterygpt,156,1.0024914054075396,0.9972981407568885,audit_only_not_for_training_or_tuning
32,fusion_pbt_batterygpt,157,1.001430630242754,0.9972604263827086,audit_only_not_for_training_or_tuning
32,fusion_pbt_batterygpt,158,1.0028209155184122,0.9972227120085286,audit_only_not_for_training_or_tuning
32,fusion_pbt_batterygpt,159,1.0024932548828536,0.9971849976343488,audit_only_not_for_training_or_tuning
32,fusion_pbt_batterygpt,160,1.002004118551793,0.9971472832601689,audit_only_not_for_training_or_tuning
32,fusion_pbt_batterygpt,161,1.003144420714126,0.9971095688859889,audit_only_not_for_training_or_tuning
32,fusion_pbt_batterygpt,162,1.0025516721604306,0.997071854511809,audit_only_not_for_training_or_tuning
32,fusion_pbt_batterygpt,163,1.0022224580112211,0.9970341401376291,audit_only_not_for_training_or_tuning
32,fusion_pbt_batterygpt,164,1.0022140770563903,0.9969964257634492,audit_only_not_for_training_or_tuning
32,fusion_pbt_batterygpt,165,1.0023501806789774,0.9969587113892693,audit_only_not_for_training_or_tuning
32,fusion_pbt_batterygpt,166,1.0020707260097828,0.9969209970150894,audit_only_not_for_training_or_tuning
32,fusion_pbt_batterygpt,167,1.0015727842306505,0.9968832826409094,audit_only_not_for_training_or_tuning
32,fusion_pbt_batterygpt,168,1.0013436833718394,0.9968455682667295,audit_only_not_for_training_or_tuning
32,fusion_pbt_batterygpt,169,1.0008133178559218,0.9968078538925497,audit_only_not_for_training_or_tuning
32,fusion_pbt_batterygpt,170,1.001756473888863,0.9967701395183697,audit_only_not_for_training_or_tuning
32,fusion_pbt_batterygpt,171,1.0018727615396916,0.9967324251441898,audit_only_not_for_training_or_tuning
32,fusion_pbt_batterygpt,172,1.0025460186946424,0.9966947107700099,audit_only_not_for_training_or_tuning
32,fusion_pbt_batterygpt,173,1.0004906121989334,0.9966569963958299,audit_only_not_for_training_or_tuning
32,fusion_pbt_batterygpt,174,1.0003493516472957,0.9966192820216501,audit_only_not_for_training_or_tuning
32,fusion_pbt_batterygpt,175,1.0017928004767043,0.9965815676474701,audit_only_not_for_training_or_tuning
32,fusion_pbt_batterygpt,176,1.0015809498163426,0.9965438532732902,audit_only_not_for_training_or_tuning
32,fusion_pbt_batterygpt,177,1.0017766542576467,0.9965061388991103,audit_only_not_for_training_or_tuning
32,fusion_pbt_batterygpt,178,1.0012603100184885,0.9964684245249303,audit_only_not_for_training_or_tuning
32,fusion_pbt_batterygpt,179,1.0014783812388026,0.9964307101507505,audit_only_not_for_training_or_tuning
32,fusion_pbt_batterygpt,180,1.0016814140094734,0.9963929957765706,audit_only_not_for_training_or_tuning
32,fusion_pbt_batterygpt,181,1.0006874729122541,0.9963552814023906,audit_only_not_for_training_or_tuning
32,fusion_pbt_batterygpt,182,1.0014352665107726,0.9963175670282107,audit_only_not_for_training_or_tuning
32,fusion_pbt_batterygpt,183,1.0020542431647763,0.9962798526540309,audit_only_not_for_training_or_tuning
32,fusion_pbt_batterygpt,184,1.0016576885768098,0.9962421382798509,audit_only_not_for_training_or_tuning
32,fusion_pbt_batterygpt,185,1.0020609328929249,0.996204423905671,audit_only_not_for_training_or_tuning
32,fusion_pbt_batterygpt,186,1.000867821090095,0.9961667095314911,audit_only_not_for_training_or_tuning
32,fusion_pbt_batterygpt,187,0.9999267866857208,0.9961289951573111,audit_only_not_for_training_or_tuning
32,fusion_pbt_batterygpt,188,0.9988374858429401,0.9960912807831312,audit_only_not_for_training_or_tuning
32,fusion_pbt_batterygpt,189,1.0002088690554118,0.9960535664089514,audit_only_not_for_training_or_tuning
32,fusion_pbt_batterygpt,190,1.0003976707735251,0.9960158520347714,audit_only_not_for_training_or_tuning
32,fusion_pbt_batterygpt,191,1.0011059911212141,0.9959781376605915,audit_only_not_for_training_or_tuning
32,fusion_pbt_batterygpt,192,1.000985716934335,0.9959404232864116,audit_only_not_for_training_or_tuning
32,fusion_pbt_batterygpt,193,1.0011281382797277,0.9959027089122316,audit_only_not_for_training_or_tuning
32,fusion_pbt_batterygpt,194,1.0012968709718153,0.9958649945380518,audit_only_not_for_training_or_tuning
32,fusion_pbt_batterygpt,195,1.0010200783937429,0.9958272801638719,audit_only_not_for_training_or_tuning
32,fusion_pbt_batterygpt,196,1.000969647915434,0.9957895657896919,audit_only_not_for_training_or_tuning
32,fusion_pbt_batterygpt,197,1.001120189103528,0.995751851415512,audit_only_not_for_training_or_tuning
32,fusion_pbt_batterygpt,198,1.0005906330470673,0.9957141370413322,audit_only_not_for_training_or_tuning
32,fusion_pbt_batterygpt,199,0.9998171508269174,0.9956764226671522,audit_only_not_for_training_or_tuning
32,fusion_pbt_batterygpt,200,0.9998428471641531,0.9956387082929723,audit_only_not_for_training_or_tuning
33,linear_recent,151,1.000996133823099,0.9972348365355048,audit_only_not_for_training_or_tuning
33,linear_recent,152,1.001536043410977,0.9972045206439305,audit_only_not_for_training_or_tuning
33,linear_recent,153,1.0017804032277162,0.9971742047523562,audit_only_not_for_training_or_tuning
33,linear_recent,154,1.0018601418585145,0.9971438888607819,audit_only_not_for_training_or_tuning
33,linear_recent,155,1.0009730884152528,0.9971135729692076,audit_only_not_for_training_or_tuning
33,linear_recent,156,0.9999648054720307,0.9970832570776332,audit_only_not_for_training_or_tuning
33,linear_recent,157,1.0012237180240233,0.9970529411860589,audit_only_not_for_training_or_tuning
33,linear_recent,158,1.000369133457451,0.9970226252944846,audit_only_not_for_training_or_tuning
33,linear_recent,159,1.002038173734865,0.9969923094029103,audit_only_not_for_training_or_tuning
33,linear_recent,160,1.0008505875545703,0.996961993511336,audit_only_not_for_training_or_tuning
33,linear_recent,161,1.0003494082749662,0.9969316776197616,audit_only_not_for_training_or_tuning
33,linear_recent,162,1.0007621822117458,0.9969013617281873,audit_only_not_for_training_or_tuning
33,linear_recent,163,1.0005996539922173,0.996871045836613,audit_only_not_for_training_or_tuning
33,linear_recent,164,1.0015619068659904,0.9968407299450387,audit_only_not_for_training_or_tuning
33,linear_recent,165,1.0006457683276917,0.9968104140534644,audit_only_not_for_training_or_tuning
33,linear_recent,166,1.0008221547542657,0.9967800981618901,audit_only_not_for_training_or_tuning
33,linear_recent,167,1.0015912437195267,0.9967497822703157,audit_only_not_for_training_or_tuning
33,linear_recent,168,1.000458846078519,0.9967194663787414,audit_only_not_for_training_or_tuning
33,linear_recent,169,1.0016249070726835,0.9966891504871671,audit_only_not_for_training_or_tuning
33,linear_recent,170,1.0012219659278407,0.9966588345955928,audit_only_not_for_training_or_tuning
33,linear_recent,171,1.0011138720750852,0.9966285187040185,audit_only_not_for_training_or_tuning
33,linear_recent,172,1.0017607956436259,0.9965982028124442,audit_only_not_for_training_or_tuning
33,linear_recent,173,1.0008725440839699,0.9965678869208698,audit_only_not_for_training_or_tuning
33,linear_recent,174,1.0006275607678965,0.9965375710292955,audit_only_not_for_training_or_tuning
33,linear_recent,175,0.9989274373493028,0.9965072551377212,audit_only_not_for_training_or_tuning
33,linear_recent,176,0.9995311706137524,0.9964769392461469,audit_only_not_for_training_or_tuning
33,linear_recent,177,1.000352207875303,0.9964466233545726,audit_only_not_for_training_or_tuning
33,linear_recent,178,1.000383679082124,0.9964163074629984,audit_only_not_for_training_or_tuning
33,linear_recent,179,1.000084940107654,0.996385991571424,audit_only_not_for_training_or_tuning
33,linear_recent,180,1.0007297795405,0.9963556756798497,audit_only_not_for_training_or_tuning
33,linear_recent,181,1.0007380173627067,0.9963253597882754,audit_only_not_for_training_or_tuning
33,linear_recent,182,1.0006070356111472,0.9962950438967011,audit_only_not_for_training_or_tuning
33,linear_recent,183,1.0002512842184768,0.9962647280051268,audit_only_not_for_training_or_tuning
33,linear_recent,184,0.999921004632976,0.9962344121135525,audit_only_not_for_training_or_tuning
33,linear_recent,185,0.9993811209489639,0.9962040962219781,audit_only_not_for_training_or_tuning
33,linear_recent,186,0.9981093420851952,0.9961737803304038,audit_only_not_for_training_or_tuning
33,linear_recent,187,0.9969401296063936,0.9961434644388295,audit_only_not_for_training_or_tuning
33,linear_recent,188,0.9977838939672315,0.9961131485472552,audit_only_not_for_training_or_tuning
33,linear_recent,189,0.9973596421168748,0.9960828326556809,audit_only_not_for_training_or_tuning
33,linear_recent,190,0.9984097282811791,0.9960525167641066,audit_only_not_for_training_or_tuning
33,linear_recent,191,0.9976890773008829,0.9960222008725322,audit_only_not_for_training_or_tuning
33,linear_recent,192,0.9985961722659185,0.9959918849809579,audit_only_not_for_training_or_tuning
33,linear_recent,193,0.9976748175248495,0.9959615690893836,audit_only_not_for_training_or_tuning
33,linear_recent,194,0.9980115318197903,0.9959312531978093,audit_only_not_for_training_or_tuning
33,linear_recent,195,0.9985581226446356,0.995900937306235,audit_only_not_for_training_or_tuning
33,linear_recent,196,0.9974676095555918,0.9958706214146607,audit_only_not_for_training_or_tuning
33,linear_recent,197,0.9962139698722128,0.9958403055230863,audit_only_not_for_training_or_tuning
33,linear_recent,198,0.9972912052134422,0.995809989631512,audit_only_not_for_training_or_tuning
33,linear_recent,199,0.9989104703823621,0.9957796737399377,audit_only_not_for_training_or_tuning
33,linear_recent,200,0.9993075219038384,0.9957493578483634,audit_only_not_for_training_or_tuning
33,policy_mean,151,1.000996133823099,0.9972403934556605,audit_only_not_for_training_or_tuning
33,policy_mean,152,1.001536043410977,0.9972156344842422,audit_only_not_for_training_or_tuning
33,policy_mean,153,1.0017804032277162,0.9971908755128238,audit_only_not_for_training_or_tuning
33,policy_mean,154,1.0018601418585145,0.9971661165414054,audit_only_not_for_training_or_tuning
33,policy_mean,155,1.0009730884152528,0.997141357569987,audit_only_not_for_training_or_tuning
33,policy_mean,156,0.9999648054720307,0.9971165985985686,audit_only_not_for_training_or_tuning
33,policy_mean,157,1.0012237180240233,0.9970918396271502,audit_only_not_for_training_or_tuning
33,policy_mean,158,1.000369133457451,0.9970670806557318,audit_only_not_for_training_or_tuning
33,policy_mean,159,1.002038173734865,0.9970423216843135,audit_only_not_for_training_or_tuning
33,policy_mean,160,1.0008505875545703,0.9970175627128951,audit_only_not_for_training_or_tuning
33,policy_mean,161,1.0003494082749662,0.9969928037414767,audit_only_not_for_training_or_tuning
33,policy_mean,162,1.0007621822117458,0.9969680447700583,audit_only_not_for_training_or_tuning
33,policy_mean,163,1.0005996539922173,0.9969432857986399,audit_only_not_for_training_or_tuning
33,policy_mean,164,1.0015619068659904,0.9969185268272215,audit_only_not_for_training_or_tuning
33,policy_mean,165,1.0006457683276917,0.9968937678558032,audit_only_not_for_training_or_tuning
33,policy_mean,166,1.0008221547542657,0.9968690088843848,audit_only_not_for_training_or_tuning
33,policy_mean,167,1.0015912437195267,0.9968442499129664,audit_only_not_for_training_or_tuning
33,policy_mean,168,1.000458846078519,0.996819490941548,audit_only_not_for_training_or_tuning
33,policy_mean,169,1.0016249070726835,0.9967947319701296,audit_only_not_for_training_or_tuning
33,policy_mean,170,1.0012219659278407,0.9967699729987112,audit_only_not_for_training_or_tuning
33,policy_mean,171,1.0011138720750852,0.9967452140272928,audit_only_not_for_training_or_tuning
33,policy_mean,172,1.0017607956436259,0.9967204550558745,audit_only_not_for_training_or_tuning
33,policy_mean,173,1.0008725440839699,0.9966956960844561,audit_only_not_for_training_or_tuning
33,policy_mean,174,1.0006275607678965,0.9966709371130377,audit_only_not_for_training_or_tuning
33,policy_mean,175,0.9989274373493028,0.9966461781416193,audit_only_not_for_training_or_tuning
33,policy_mean,176,0.9995311706137524,0.9966214191702009,audit_only_not_for_training_or_tuning
33,policy_mean,177,1.000352207875303,0.9965966601987825,audit_only_not_for_training_or_tuning
33,policy_mean,178,1.000383679082124,0.9965719012273642,audit_only_not_for_training_or_tuning
33,policy_mean,179,1.000084940107654,0.9965471422559458,audit_only_not_for_training_or_tuning
33,policy_mean,180,1.0007297795405,0.9965223832845274,audit_only_not_for_training_or_tuning
33,policy_mean,181,1.0007380173627067,0.996497624313109,audit_only_not_for_training_or_tuning
33,policy_mean,182,1.0006070356111472,0.9964728653416906,audit_only_not_for_training_or_tuning
33,policy_mean,183,1.0002512842184768,0.9964481063702721,audit_only_not_for_training_or_tuning
33,policy_mean,184,0.999921004632976,0.9964233473988539,audit_only_not_for_training_or_tuning
33,policy_mean,185,0.9993811209489639,0.9963985884274354,audit_only_not_for_training_or_tuning
33,policy_mean,186,0.9981093420851952,0.996373829456017,audit_only_not_for_training_or_tuning
33,policy_mean,187,0.9969401296063936,0.9963490704845986,audit_only_not_for_training_or_tuning
33,policy_mean,188,0.9977838939672315,0.9963243115131802,audit_only_not_for_training_or_tuning
33,policy_mean,189,0.9973596421168748,0.9962995525417618,audit_only_not_for_training_or_tuning
33,policy_mean,190,0.9984097282811791,0.9962747935703434,audit_only_not_for_training_or_tuning
33,policy_mean,191,0.9976890773008829,0.9962500345989251,audit_only_not_for_training_or_tuning
33,policy_mean,192,0.9985961722659185,0.9962252756275067,audit_only_not_for_training_or_tuning
33,policy_mean,193,0.9976748175248495,0.9962005166560883,audit_only_not_for_training_or_tuning
33,policy_mean,194,0.9980115318197903,0.9961757576846699,audit_only_not_for_training_or_tuning
33,policy_mean,195,0.9985581226446356,0.9961509987132515,audit_only_not_for_training_or_tuning
33,policy_mean,196,0.9974676095555918,0.9961262397418331,audit_only_not_for_training_or_tuning
33,policy_mean,197,0.9962139698722128,0.9961014807704148,audit_only_not_for_training_or_tuning
33,policy_mean,198,0.9972912052134422,0.9960767217989964,audit_only_not_for_training_or_tuning
33,policy_mean,199,0.9989104703823621,0.996051962827578,audit_only_not_for_training_or_tuning
33,policy_mean,200,0.9993075219038384,0.9960272038561596,audit_only_not_for_training_or_tuning
33,persist,151,1.000996133823099,0.997265152427079,audit_only_not_for_training_or_tuning
33,persist,152,1.001536043410977,0.997265152427079,audit_only_not_for_training_or_tuning
33,persist,153,1.0017804032277162,0.997265152427079,audit_only_not_for_training_or_tuning
33,persist,154,1.0018601418585145,0.997265152427079,audit_only_not_for_training_or_tuning
33,persist,155,1.0009730884152528,0.997265152427079,audit_only_not_for_training_or_tuning
33,persist,156,0.9999648054720307,0.997265152427079,audit_only_not_for_training_or_tuning
33,persist,157,1.0012237180240233,0.997265152427079,audit_only_not_for_training_or_tuning
33,persist,158,1.000369133457451,0.997265152427079,audit_only_not_for_training_or_tuning
33,persist,159,1.002038173734865,0.997265152427079,audit_only_not_for_training_or_tuning
33,persist,160,1.0008505875545703,0.997265152427079,audit_only_not_for_training_or_tuning
33,persist,161,1.0003494082749662,0.997265152427079,audit_only_not_for_training_or_tuning
33,persist,162,1.0007621822117458,0.997265152427079,audit_only_not_for_training_or_tuning
33,persist,163,1.0005996539922173,0.997265152427079,audit_only_not_for_training_or_tuning
33,persist,164,1.0015619068659904,0.997265152427079,audit_only_not_for_training_or_tuning
33,persist,165,1.0006457683276917,0.997265152427079,audit_only_not_for_training_or_tuning
33,persist,166,1.0008221547542657,0.997265152427079,audit_only_not_for_training_or_tuning
33,persist,167,1.0015912437195267,0.997265152427079,audit_only_not_for_training_or_tuning
33,persist,168,1.000458846078519,0.997265152427079,audit_only_not_for_training_or_tuning
33,persist,169,1.0016249070726835,0.997265152427079,audit_only_not_for_training_or_tuning
33,persist,170,1.0012219659278407,0.997265152427079,audit_only_not_for_training_or_tuning
33,persist,171,1.0011138720750852,0.997265152427079,audit_only_not_for_training_or_tuning
33,persist,172,1.0017607956436259,0.997265152427079,audit_only_not_for_training_or_tuning
33,persist,173,1.0008725440839699,0.997265152427079,audit_only_not_for_training_or_tuning
33,persist,174,1.0006275607678965,0.997265152427079,audit_only_not_for_training_or_tuning
33,persist,175,0.9989274373493028,0.997265152427079,audit_only_not_for_training_or_tuning
33,persist,176,0.9995311706137524,0.997265152427079,audit_only_not_for_training_or_tuning
33,persist,177,1.000352207875303,0.997265152427079,audit_only_not_for_training_or_tuning
33,persist,178,1.000383679082124,0.997265152427079,audit_only_not_for_training_or_tuning
33,persist,179,1.000084940107654,0.997265152427079,audit_only_not_for_training_or_tuning
33,persist,180,1.0007297795405,0.997265152427079,audit_only_not_for_training_or_tuning
33,persist,181,1.0007380173627067,0.997265152427079,audit_only_not_for_training_or_tuning
33,persist,182,1.0006070356111472,0.997265152427079,audit_only_not_for_training_or_tuning
33,persist,183,1.0002512842184768,0.997265152427079,audit_only_not_for_training_or_tuning
33,persist,184,0.999921004632976,0.997265152427079,audit_only_not_for_training_or_tuning
33,persist,185,0.9993811209489639,0.997265152427079,audit_only_not_for_training_or_tuning
33,persist,186,0.9981093420851952,0.997265152427079,audit_only_not_for_training_or_tuning
33,persist,187,0.9969401296063936,0.997265152427079,audit_only_not_for_training_or_tuning
33,persist,188,0.9977838939672315,0.997265152427079,audit_only_not_for_training_or_tuning
33,persist,189,0.9973596421168748,0.997265152427079,audit_only_not_for_training_or_tuning
33,persist,190,0.9984097282811791,0.997265152427079,audit_only_not_for_training_or_tuning
33,persist,191,0.9976890773008829,0.997265152427079,audit_only_not_for_training_or_tuning
33,persist,192,0.9985961722659185,0.997265152427079,audit_only_not_for_training_or_tuning
33,persist,193,0.9976748175248495,0.997265152427079,audit_only_not_for_training_or_tuning
33,persist,194,0.9980115318197903,0.997265152427079,audit_only_not_for_training_or_tuning
33,persist,195,0.9985581226446356,0.997265152427079,audit_only_not_for_training_or_tuning
33,persist,196,0.9974676095555918,0.997265152427079,audit_only_not_for_training_or_tuning
33,persist,197,0.9962139698722128,0.997265152427079,audit_only_not_for_training_or_tuning
33,persist,198,0.9972912052134422,0.997265152427079,audit_only_not_for_training_or_tuning
33,persist,199,0.9989104703823621,0.997265152427079,audit_only_not_for_training_or_tuning
33,persist,200,0.9993075219038384,0.997265152427079,audit_only_not_for_training_or_tuning
33,fusion_pbt_batterygpt,151,1.000996133823099,0.9972297250077744,audit_only_not_for_training_or_tuning
33,fusion_pbt_batterygpt,152,1.001536043410977,0.9971942975884697,audit_only_not_for_training_or_tuning
33,fusion_pbt_batterygpt,153,1.0017804032277162,0.997158870169165,audit_only_not_for_training_or_tuning
33,fusion_pbt_batterygpt,154,1.0018601418585145,0.9971234427498604,audit_only_not_for_training_or_tuning
33,fusion_pbt_batterygpt,155,1.0009730884152528,0.9970880153305557,audit_only_not_for_training_or_tuning
33,fusion_pbt_batterygpt,156,0.9999648054720307,0.9970525879112511,audit_only_not_for_training_or_tuning
33,fusion_pbt_batterygpt,157,1.0012237180240233,0.9970171604919464,audit_only_not_for_training_or_tuning
33,fusion_pbt_batterygpt,158,1.000369133457451,0.9969817330726417,audit_only_not_for_training_or_tuning
33,fusion_pbt_batterygpt,159,1.002038173734865,0.9969463056533371,audit_only_not_for_training_or_tuning
33,fusion_pbt_batterygpt,160,1.0008505875545703,0.9969108782340325,audit_only_not_for_training_or_tuning
33,fusion_pbt_batterygpt,161,1.0003494082749662,0.9968754508147277,audit_only_not_for_training_or_tuning
33,fusion_pbt_batterygpt,162,1.0007621822117458,0.9968400233954231,audit_only_not_for_training_or_tuning
33,fusion_pbt_batterygpt,163,1.0005996539922173,0.9968045959761185,audit_only_not_for_training_or_tuning
33,fusion_pbt_batterygpt,164,1.0015619068659904,0.9967691685568139,audit_only_not_for_training_or_tuning
33,fusion_pbt_batterygpt,165,1.0006457683276917,0.9967337411375091,audit_only_not_for_training_or_tuning
33,fusion_pbt_batterygpt,166,1.0008221547542657,0.9966983137182045,audit_only_not_for_training_or_tuning
33,fusion_pbt_batterygpt,167,1.0015912437195267,0.9966628862988999,audit_only_not_for_training_or_tuning
33,fusion_pbt_batterygpt,168,1.000458846078519,0.9966274588795951,audit_only_not_for_training_or_tuning
33,fusion_pbt_batterygpt,169,1.0016249070726835,0.9965920314602905,audit_only_not_for_training_or_tuning
33,fusion_pbt_batterygpt,170,1.0012219659278407,0.9965566040409859,audit_only_not_for_training_or_tuning
33,fusion_pbt_batterygpt,171,1.0011138720750852,0.9965211766216812,audit_only_not_for_training_or_tuning
33,fusion_pbt_batterygpt,172,1.0017607956436259,0.9964857492023765,audit_only_not_for_training_or_tuning
33,fusion_pbt_batterygpt,173,1.0008725440839699,0.9964503217830719,audit_only_not_for_training_or_tuning
33,fusion_pbt_batterygpt,174,1.0006275607678965,0.9964148943637672,audit_only_not_for_training_or_tuning
33,fusion_pbt_batterygpt,175,0.9989274373493028,0.9963794669444626,audit_only_not_for_training_or_tuning
33,fusion_pbt_batterygpt,176,0.9995311706137524,0.9963440395251579,audit_only_not_for_training_or_tuning
33,fusion_pbt_batterygpt,177,1.000352207875303,0.9963086121058532,audit_only_not_for_training_or_tuning
33,fusion_pbt_batterygpt,178,1.000383679082124,0.9962731846865486,audit_only_not_for_training_or_tuning
33,fusion_pbt_batterygpt,179,1.000084940107654,0.996237757267244,audit_only_not_for_training_or_tuning
33,fusion_pbt_batterygpt,180,1.0007297795405,0.9962023298479392,audit_only_not_for_training_or_tuning
33,fusion_pbt_batterygpt,181,1.0007380173627067,0.9961669024286346,audit_only_not_for_training_or_tuning
33,fusion_pbt_batterygpt,182,1.0006070356111472,0.99613147500933,audit_only_not_for_training_or_tuning
33,fusion_pbt_batterygpt,183,1.0002512842184768,0.9960960475900252,audit_only_not_for_training_or_tuning
33,fusion_pbt_batterygpt,184,0.999921004632976,0.9960606201707206,audit_only_not_for_training_or_tuning
33,fusion_pbt_batterygpt,185,0.9993811209489639,0.996025192751416,audit_only_not_for_training_or_tuning
33,fusion_pbt_batterygpt,186,0.9981093420851952,0.9959897653321113,audit_only_not_for_training_or_tuning
33,fusion_pbt_batterygpt,187,0.9969401296063936,0.9959543379128066,audit_only_not_for_training_or_tuning
33,fusion_pbt_batterygpt,188,0.9977838939672315,0.995918910493502,audit_only_not_for_training_or_tuning
33,fusion_pbt_batterygpt,189,0.9973596421168748,0.9958834830741974,audit_only_not_for_training_or_tuning
33,fusion_pbt_batterygpt,190,0.9984097282811791,0.9958480556548926,audit_only_not_for_training_or_tuning
33,fusion_pbt_batterygpt,191,0.9976890773008829,0.995812628235588,audit_only_not_for_training_or_tuning
33,fusion_pbt_batterygpt,192,0.9985961722659185,0.9957772008162834,audit_only_not_for_training_or_tuning
33,fusion_pbt_batterygpt,193,0.9976748175248495,0.9957417733969787,audit_only_not_for_training_or_tuning
33,fusion_pbt_batterygpt,194,0.9980115318197903,0.995706345977674,audit_only_not_for_training_or_tuning
33,fusion_pbt_batterygpt,195,0.9985581226446356,0.9956709185583694,audit_only_not_for_training_or_tuning
33,fusion_pbt_batterygpt,196,0.9974676095555918,0.9956354911390647,audit_only_not_for_training_or_tuning
33,fusion_pbt_batterygpt,197,0.9962139698722128,0.9956000637197601,audit_only_not_for_training_or_tuning
33,fusion_pbt_batterygpt,198,0.9972912052134422,0.9955646363004554,audit_only_not_for_training_or_tuning
33,fusion_pbt_batterygpt,199,0.9989104703823621,0.9955292088811507,audit_only_not_for_training_or_tuning
33,fusion_pbt_batterygpt,200,0.9993075219038384,0.9954937814618461,audit_only_not_for_training_or_tuning
34,linear_recent,151,1.001915191209903,0.9964794042389441,audit_only_not_for_training_or_tuning
34,linear_recent,152,1.0015866261761548,0.9964390667815461,audit_only_not_for_training_or_tuning
34,linear_recent,153,1.0011010761854486,0.9963987293241483,audit_only_not_for_training_or_tuning
34,linear_recent,154,1.0011974393498861,0.9963583918667505,audit_only_not_for_training_or_tuning
34,linear_recent,155,1.000702667596071,0.9963180544093526,audit_only_not_for_training_or_tuning
34,linear_recent,156,1.0011108480585391,0.9962777169519547,audit_only_not_for_training_or_tuning
34,linear_recent,157,1.001041517001133,0.9962373794945568,audit_only_not_for_training_or_tuning
34,linear_recent,158,1.0004488443149389,0.996197042037159,audit_only_not_for_training_or_tuning
34,linear_recent,159,1.0006121522031874,0.996156704579761,audit_only_not_for_training_or_tuning
34,linear_recent,160,1.001381161650827,0.9961163671223632,audit_only_not_for_training_or_tuning
34,linear_recent,161,1.000191923506225,0.9960760296649653,audit_only_not_for_training_or_tuning
34,linear_recent,162,1.001077539393316,0.9960356922075674,audit_only_not_for_training_or_tuning
34,linear_recent,163,1.0001212569356104,0.9959953547501695,audit_only_not_for_training_or_tuning
34,linear_recent,164,0.9994014045096035,0.9959550172927717,audit_only_not_for_training_or_tuning
34,linear_recent,165,1.0006650634275338,0.9959146798353739,audit_only_not_for_training_or_tuning
34,linear_recent,166,1.000501762309241,0.9958743423779759,audit_only_not_for_training_or_tuning
34,linear_recent,167,1.0002683821260991,0.995834004920578,audit_only_not_for_training_or_tuning
34,linear_recent,168,1.0006163939830577,0.9957936674631802,audit_only_not_for_training_or_tuning
34,linear_recent,169,1.0000278338627366,0.9957533300057823,audit_only_not_for_training_or_tuning
34,linear_recent,170,1.0007824686471547,0.9957129925483844,audit_only_not_for_training_or_tuning
34,linear_recent,171,1.0000594461707515,0.9956726550909866,audit_only_not_for_training_or_tuning
34,linear_recent,172,1.0005121281293616,0.9956323176335886,audit_only_not_for_training_or_tuning
34,linear_recent,173,1.000749187732899,0.9955919801761908,audit_only_not_for_training_or_tuning
34,linear_recent,174,1.0005949594232277,0.9955516427187929,audit_only_not_for_training_or_tuning
34,linear_recent,175,1.0003341971073114,0.9955113052613951,audit_only_not_for_training_or_tuning
34,linear_recent,176,1.0000212225812501,0.9954709678039971,audit_only_not_for_training_or_tuning
34,linear_recent,177,1.0002788719094051,0.9954306303465993,audit_only_not_for_training_or_tuning
34,linear_recent,178,0.9996917355108627,0.9953902928892014,audit_only_not_for_training_or_tuning
34,linear_recent,179,0.9990302583090345,0.9953499554318035,audit_only_not_for_training_or_tuning
34,linear_recent,180,0.9992675227627564,0.9953096179744056,audit_only_not_for_training_or_tuning
34,linear_recent,181,0.999397065816099,0.9952692805170078,audit_only_not_for_training_or_tuning
34,linear_recent,182,0.9993232119810076,0.9952289430596098,audit_only_not_for_training_or_tuning
34,linear_recent,183,0.9993084885465064,0.995188605602212,audit_only_not_for_training_or_tuning
34,linear_recent,184,0.9994693079835348,0.9951482681448142,audit_only_not_for_training_or_tuning
34,linear_recent,185,0.9997642883210648,0.9951079306874163,audit_only_not_for_training_or_tuning
34,linear_recent,186,0.9993055764592998,0.9950675932300184,audit_only_not_for_training_or_tuning
34,linear_recent,187,0.9988245302589794,0.9950272557726205,audit_only_not_for_training_or_tuning
34,linear_recent,188,0.9984350117163888,0.9949869183152227,audit_only_not_for_training_or_tuning
34,linear_recent,189,0.9992193551265516,0.9949465808578247,audit_only_not_for_training_or_tuning
34,linear_recent,190,0.9985850634020516,0.9949062434004269,audit_only_not_for_training_or_tuning
34,linear_recent,191,0.9984912696622845,0.994865905943029,audit_only_not_for_training_or_tuning
34,linear_recent,192,0.9973118540188837,0.9948255684856311,audit_only_not_for_training_or_tuning
34,linear_recent,193,0.9984378560192056,0.9947852310282332,audit_only_not_for_training_or_tuning
34,linear_recent,194,0.9977364691585128,0.9947448935708354,audit_only_not_for_training_or_tuning
34,linear_recent,195,0.9978951129375196,0.9947045561134376,audit_only_not_for_training_or_tuning
34,linear_recent,196,0.997514144230131,0.9946642186560396,audit_only_not_for_training_or_tuning
34,linear_recent,197,0.9971966823979207,0.9946238811986418,audit_only_not_for_training_or_tuning
34,linear_recent,198,0.9966199570401432,0.9945835437412439,audit_only_not_for_training_or_tuning
34,linear_recent,199,0.9974823968500723,0.994543206283846,audit_only_not_for_training_or_tuning
34,linear_recent,200,0.9959897572186768,0.9945028688264481,audit_only_not_for_training_or_tuning
34,policy_mean,151,1.001915191209903,0.9965004174215636,audit_only_not_for_training_or_tuning
34,policy_mean,152,1.0015866261761548,0.996481093146785,audit_only_not_for_training_or_tuning
34,policy_mean,153,1.0011010761854486,0.9964617688720065,audit_only_not_for_training_or_tuning
34,policy_mean,154,1.0011974393498861,0.9964424445972281,audit_only_not_for_training_or_tuning
34,policy_mean,155,1.000702667596071,0.9964231203224496,audit_only_not_for_training_or_tuning
34,policy_mean,156,1.0011108480585391,0.996403796047671,audit_only_not_for_training_or_tuning
34,policy_mean,157,1.001041517001133,0.9963844717728926,audit_only_not_for_training_or_tuning
34,policy_mean,158,1.0004488443149389,0.9963651474981141,audit_only_not_for_training_or_tuning
34,policy_mean,159,1.0006121522031874,0.9963458232233356,audit_only_not_for_training_or_tuning
34,policy_mean,160,1.001381161650827,0.9963264989485571,audit_only_not_for_training_or_tuning
34,policy_mean,161,1.000191923506225,0.9963071746737786,audit_only_not_for_training_or_tuning
34,policy_mean,162,1.001077539393316,0.9962878503990001,audit_only_not_for_training_or_tuning
34,policy_mean,163,1.0001212569356104,0.9962685261242217,audit_only_not_for_training_or_tuning
34,policy_mean,164,0.9994014045096035,0.9962492018494431,audit_only_not_for_training_or_tuning
34,policy_mean,165,1.0006650634275338,0.9962298775746646,audit_only_not_for_training_or_tuning
34,policy_mean,166,1.000501762309241,0.9962105532998862,audit_only_not_for_training_or_tuning
34,policy_mean,167,1.0002683821260991,0.9961912290251077,audit_only_not_for_training_or_tuning
34,policy_mean,168,1.0006163939830577,0.9961719047503291,audit_only_not_for_training_or_tuning
34,policy_mean,169,1.0000278338627366,0.9961525804755507,audit_only_not_for_training_or_tuning
34,policy_mean,170,1.0007824686471547,0.9961332562007722,audit_only_not_for_training_or_tuning
34,policy_mean,171,1.0000594461707515,0.9961139319259937,audit_only_not_for_training_or_tuning
34,policy_mean,172,1.0005121281293616,0.9960946076512152,audit_only_not_for_training_or_tuning
34,policy_mean,173,1.000749187732899,0.9960752833764367,audit_only_not_for_training_or_tuning
34,policy_mean,174,1.0005949594232277,0.9960559591016582,audit_only_not_for_training_or_tuning
34,policy_mean,175,1.0003341971073114,0.9960366348268798,audit_only_not_for_training_or_tuning
34,policy_mean,176,1.0000212225812501,0.9960173105521013,audit_only_not_for_training_or_tuning
34,policy_mean,177,1.0002788719094051,0.9959979862773227,audit_only_not_for_training_or_tuning
34,policy_mean,178,0.9996917355108627,0.9959786620025443,audit_only_not_for_training_or_tuning
34,policy_mean,179,0.9990302583090345,0.9959593377277658,audit_only_not_for_training_or_tuning
34,policy_mean,180,0.9992675227627564,0.9959400134529873,audit_only_not_for_training_or_tuning
34,policy_mean,181,0.999397065816099,0.9959206891782088,audit_only_not_for_training_or_tuning
34,policy_mean,182,0.9993232119810076,0.9959013649034303,audit_only_not_for_training_or_tuning
34,policy_mean,183,0.9993084885465064,0.9958820406286518,audit_only_not_for_training_or_tuning
34,policy_mean,184,0.9994693079835348,0.9958627163538734,audit_only_not_for_training_or_tuning
34,policy_mean,185,0.9997642883210648,0.9958433920790948,audit_only_not_for_training_or_tuning
34,policy_mean,186,0.9993055764592998,0.9958240678043163,audit_only_not_for_training_or_tuning
34,policy_mean,187,0.9988245302589794,0.9958047435295379,audit_only_not_for_training_or_tuning
34,policy_mean,188,0.9984350117163888,0.9957854192547594,audit_only_not_for_training_or_tuning
34,policy_mean,189,0.9992193551265516,0.9957660949799808,audit_only_not_for_training_or_tuning
34,policy_mean,190,0.9985850634020516,0.9957467707052023,audit_only_not_for_training_or_tuning
34,policy_mean,191,0.9984912696622845,0.9957274464304239,audit_only_not_for_training_or_tuning
34,policy_mean,192,0.9973118540188837,0.9957081221556454,audit_only_not_for_training_or_tuning
34,policy_mean,193,0.9984378560192056,0.9956887978808668,audit_only_not_for_training_or_tuning
34,policy_mean,194,0.9977364691585128,0.9956694736060884,audit_only_not_for_training_or_tuning
34,policy_mean,195,0.9978951129375196,0.9956501493313099,audit_only_not_for_training_or_tuning
34,policy_mean,196,0.997514144230131,0.9956308250565314,audit_only_not_for_training_or_tuning
34,policy_mean,197,0.9971966823979207,0.9956115007817529,audit_only_not_for_training_or_tuning
34,policy_mean,198,0.9966199570401432,0.9955921765069744,audit_only_not_for_training_or_tuning
34,policy_mean,199,0.9974823968500723,0.9955728522321959,audit_only_not_for_training_or_tuning
34,policy_mean,200,0.9959897572186768,0.9955535279574175,audit_only_not_for_training_or_tuning
34,persist,151,1.001915191209903,0.996519741696342,audit_only_not_for_training_or_tuning
34,persist,152,1.0015866261761548,0.996519741696342,audit_only_not_for_training_or_tuning
34,persist,153,1.0011010761854486,0.996519741696342,audit_only_not_for_training_or_tuning
34,persist,154,1.0011974393498861,0.996519741696342,audit_only_not_for_training_or_tuning
34,persist,155,1.000702667596071,0.996519741696342,audit_only_not_for_training_or_tuning
34,persist,156,1.0011108480585391,0.996519741696342,audit_only_not_for_training_or_tuning
34,persist,157,1.001041517001133,0.996519741696342,audit_only_not_for_training_or_tuning
34,persist,158,1.0004488443149389,0.996519741696342,audit_only_not_for_training_or_tuning
34,persist,159,1.0006121522031874,0.996519741696342,audit_only_not_for_training_or_tuning
34,persist,160,1.001381161650827,0.996519741696342,audit_only_not_for_training_or_tuning
34,persist,161,1.000191923506225,0.996519741696342,audit_only_not_for_training_or_tuning
34,persist,162,1.001077539393316,0.996519741696342,audit_only_not_for_training_or_tuning
34,persist,163,1.0001212569356104,0.996519741696342,audit_only_not_for_training_or_tuning
34,persist,164,0.9994014045096035,0.996519741696342,audit_only_not_for_training_or_tuning
34,persist,165,1.0006650634275338,0.996519741696342,audit_only_not_for_training_or_tuning
34,persist,166,1.000501762309241,0.996519741696342,audit_only_not_for_training_or_tuning
34,persist,167,1.0002683821260991,0.996519741696342,audit_only_not_for_training_or_tuning
34,persist,168,1.0006163939830577,0.996519741696342,audit_only_not_for_training_or_tuning
34,persist,169,1.0000278338627366,0.996519741696342,audit_only_not_for_training_or_tuning
34,persist,170,1.0007824686471547,0.996519741696342,audit_only_not_for_training_or_tuning
34,persist,171,1.0000594461707515,0.996519741696342,audit_only_not_for_training_or_tuning
34,persist,172,1.0005121281293616,0.996519741696342,audit_only_not_for_training_or_tuning
34,persist,173,1.000749187732899,0.996519741696342,audit_only_not_for_training_or_tuning
34,persist,174,1.0005949594232277,0.996519741696342,audit_only_not_for_training_or_tuning
34,persist,175,1.0003341971073114,0.996519741696342,audit_only_not_for_training_or_tuning
34,persist,176,1.0000212225812501,0.996519741696342,audit_only_not_for_training_or_tuning
34,persist,177,1.0002788719094051,0.996519741696342,audit_only_not_for_training_or_tuning
34,persist,178,0.9996917355108627,0.996519741696342,audit_only_not_for_training_or_tuning
34,persist,179,0.9990302583090345,0.996519741696342,audit_only_not_for_training_or_tuning
34,persist,180,0.9992675227627564,0.996519741696342,audit_only_not_for_training_or_tuning
34,persist,181,0.999397065816099,0.996519741696342,audit_only_not_for_training_or_tuning
34,persist,182,0.9993232119810076,0.996519741696342,audit_only_not_for_training_or_tuning
34,persist,183,0.9993084885465064,0.996519741696342,audit_only_not_for_training_or_tuning
34,persist,184,0.9994693079835348,0.996519741696342,audit_only_not_for_training_or_tuning
34,persist,185,0.9997642883210648,0.996519741696342,audit_only_not_for_training_or_tuning
34,persist,186,0.9993055764592998,0.996519741696342,audit_only_not_for_training_or_tuning
34,persist,187,0.9988245302589794,0.996519741696342,audit_only_not_for_training_or_tuning
34,persist,188,0.9984350117163888,0.996519741696342,audit_only_not_for_training_or_tuning
34,persist,189,0.9992193551265516,0.996519741696342,audit_only_not_for_training_or_tuning
34,persist,190,0.9985850634020516,0.996519741696342,audit_only_not_for_training_or_tuning
34,persist,191,0.9984912696622845,0.996519741696342,audit_only_not_for_training_or_tuning
34,persist,192,0.9973118540188837,0.996519741696342,audit_only_not_for_training_or_tuning
34,persist,193,0.9984378560192056,0.996519741696342,audit_only_not_for_training_or_tuning
34,persist,194,0.9977364691585128,0.996519741696342,audit_only_not_for_training_or_tuning
34,persist,195,0.9978951129375196,0.996519741696342,audit_only_not_for_training_or_tuning
34,persist,196,0.997514144230131,0.996519741696342,audit_only_not_for_training_or_tuning
34,persist,197,0.9971966823979207,0.996519741696342,audit_only_not_for_training_or_tuning
34,persist,198,0.9966199570401432,0.996519741696342,audit_only_not_for_training_or_tuning
34,persist,199,0.9974823968500723,0.996519741696342,audit_only_not_for_training_or_tuning
34,persist,200,0.9959897572186768,0.996519741696342,audit_only_not_for_training_or_tuning
34,fusion_pbt_batterygpt,151,1.001915191209903,0.996471033990051,audit_only_not_for_training_or_tuning
34,fusion_pbt_batterygpt,152,1.0015866261761548,0.99642232628376,audit_only_not_for_training_or_tuning
34,fusion_pbt_batterygpt,153,1.0011010761854486,0.996373618577469,audit_only_not_for_training_or_tuning
34,fusion_pbt_batterygpt,154,1.0011974393498861,0.9963249108711779,audit_only_not_for_training_or_tuning
34,fusion_pbt_batterygpt,155,1.000702667596071,0.996276203164887,audit_only_not_for_training_or_tuning
34,fusion_pbt_batterygpt,156,1.0011108480585391,0.9962274954585959,audit_only_not_for_training_or_tuning
34,fusion_pbt_batterygpt,157,1.001041517001133,0.9961787877523048,audit_only_not_for_training_or_tuning
34,fusion_pbt_batterygpt,158,1.0004488443149389,0.9961300800460139,audit_only_not_for_training_or_tuning
34,fusion_pbt_batterygpt,159,1.0006121522031874,0.9960813723397228,audit_only_not_for_training_or_tuning
34,fusion_pbt_batterygpt,160,1.001381161650827,0.9960326646334318,audit_only_not_for_training_or_tuning
34,fusion_pbt_batterygpt,161,1.000191923506225,0.9959839569271408,audit_only_not_for_training_or_tuning
34,fusion_pbt_batterygpt,162,1.001077539393316,0.9959352492208497,audit_only_not_for_training_or_tuning
34,fusion_pbt_batterygpt,163,1.0001212569356104,0.9958865415145587,audit_only_not_for_training_or_tuning
34,fusion_pbt_batterygpt,164,0.9994014045096035,0.9958378338082676,audit_only_not_for_training_or_tuning
34,fusion_pbt_batterygpt,165,1.0006650634275338,0.9957891261019767,audit_only_not_for_training_or_tuning
34,fusion_pbt_batterygpt,166,1.000501762309241,0.9957404183956856,audit_only_not_for_training_or_tuning
34,fusion_pbt_batterygpt,167,1.0002683821260991,0.9956917106893945,audit_only_not_for_training_or_tuning
34,fusion_pbt_batterygpt,168,1.0006163939830577,0.9956430029831036,audit_only_not_for_training_or_tuning
34,fusion_pbt_batterygpt,169,1.0000278338627366,0.9955942952768125,audit_only_not_for_training_or_tuning
34,fusion_pbt_batterygpt,170,1.0007824686471547,0.9955455875705215,audit_only_not_for_training_or_tuning
34,fusion_pbt_batterygpt,171,1.0000594461707515,0.9954968798642305,audit_only_not_for_training_or_tuning
34,fusion_pbt_batterygpt,172,1.0005121281293616,0.9954481721579395,audit_only_not_for_training_or_tuning
34,fusion_pbt_batterygpt,173,1.000749187732899,0.9953994644516484,audit_only_not_for_training_or_tuning
34,fusion_pbt_batterygpt,174,1.0005949594232277,0.9953507567453574,audit_only_not_for_training_or_tuning
34,fusion_pbt_batterygpt,175,1.0003341971073114,0.9953020490390664,audit_only_not_for_training_or_tuning
34,fusion_pbt_batterygpt,176,1.0000212225812501,0.9952533413327753,audit_only_not_for_training_or_tuning
34,fusion_pbt_batterygpt,177,1.0002788719094051,0.9952046336264844,audit_only_not_for_training_or_tuning
34,fusion_pbt_batterygpt,178,0.9996917355108627,0.9951559259201933,audit_only_not_for_training_or_tuning
34,fusion_pbt_batterygpt,179,0.9990302583090345,0.9951072182139022,audit_only_not_for_training_or_tuning
34,fusion_pbt_batterygpt,180,0.9992675227627564,0.9950585105076113,audit_only_not_for_training_or_tuning
34,fusion_pbt_batterygpt,181,0.999397065816099,0.9950098028013202,audit_only_not_for_training_or_tuning
34,fusion_pbt_batterygpt,182,0.9993232119810076,0.9949610950950292,audit_only_not_for_training_or_tuning
34,fusion_pbt_batterygpt,183,0.9993084885465064,0.9949123873887382,audit_only_not_for_training_or_tuning
34,fusion_pbt_batterygpt,184,0.9994693079835348,0.9948636796824472,audit_only_not_for_training_or_tuning
34,fusion_pbt_batterygpt,185,0.9997642883210648,0.9948149719761561,audit_only_not_for_training_or_tuning
34,fusion_pbt_batterygpt,186,0.9993055764592998,0.9947662642698651,audit_only_not_for_training_or_tuning
34,fusion_pbt_batterygpt,187,0.9988245302589794,0.9947175565635741,audit_only_not_for_training_or_tuning
34,fusion_pbt_batterygpt,188,0.9984350117163888,0.994668848857283,audit_only_not_for_training_or_tuning
34,fusion_pbt_batterygpt,189,0.9992193551265516,0.994620141150992,audit_only_not_for_training_or_tuning
34,fusion_pbt_batterygpt,190,0.9985850634020516,0.994571433444701,audit_only_not_for_training_or_tuning
34,fusion_pbt_batterygpt,191,0.9984912696622845,0.9945227257384099,audit_only_not_for_training_or_tuning
34,fusion_pbt_batterygpt,192,0.9973118540188837,0.9944740180321189,audit_only_not_for_training_or_tuning
34,fusion_pbt_batterygpt,193,0.9984378560192056,0.9944253103258279,audit_only_not_for_training_or_tuning
34,fusion_pbt_batterygpt,194,0.9977364691585128,0.9943766026195369,audit_only_not_for_training_or_tuning
34,fusion_pbt_batterygpt,195,0.9978951129375196,0.9943278949132458,audit_only_not_for_training_or_tuning
34,fusion_pbt_batterygpt,196,0.997514144230131,0.9942791872069549,audit_only_not_for_training_or_tuning
34,fusion_pbt_batterygpt,197,0.9971966823979207,0.9942304795006638,audit_only_not_for_training_or_tuning
34,fusion_pbt_batterygpt,198,0.9966199570401432,0.9941817717943727,audit_only_not_for_training_or_tuning
34,fusion_pbt_batterygpt,199,0.9974823968500723,0.9941330640880818,audit_only_not_for_training_or_tuning
34,fusion_pbt_batterygpt,200,0.9959897572186768,0.9940843563817907,audit_only_not_for_training_or_tuning
35,linear_recent,151,0.9765259115178841,0.9709129297634131,audit_only_not_for_training_or_tuning
35,linear_recent,152,0.9759885114110756,0.9706892995336283,audit_only_not_for_training_or_tuning
35,linear_recent,153,0.9762680996651193,0.9704656693038433,audit_only_not_for_training_or_tuning
35,linear_recent,154,0.9759126576210929,0.9702420390740584,audit_only_not_for_training_or_tuning
35,linear_recent,155,0.9768028054601294,0.9700184088442735,audit_only_not_for_training_or_tuning
35,linear_recent,156,0.9765883470792235,0.9697947786144886,audit_only_not_for_training_or_tuning
35,linear_recent,157,0.976679749585967,0.9695711483847037,audit_only_not_for_training_or_tuning
35,linear_recent,158,0.9763133576166004,0.9693475181549188,audit_only_not_for_training_or_tuning
35,linear_recent,159,0.9751476397604205,0.9691238879251339,audit_only_not_for_training_or_tuning
35,linear_recent,160,0.9759386998224462,0.968900257695349,audit_only_not_for_training_or_tuning
35,linear_recent,161,0.9757726948451305,0.9686766274655642,audit_only_not_for_training_or_tuning
35,linear_recent,162,0.9756843051971849,0.9684529972357792,audit_only_not_for_training_or_tuning
35,linear_recent,163,0.975018689750103,0.9682293670059943,audit_only_not_for_training_or_tuning
35,linear_recent,164,0.9754054257227286,0.9680057367762094,audit_only_not_for_training_or_tuning
35,linear_recent,165,0.975597838911071,0.9677821065464245,audit_only_not_for_training_or_tuning
35,linear_recent,166,0.9748317251625587,0.9675584763166396,audit_only_not_for_training_or_tuning
35,linear_recent,167,0.9743014231871957,0.9673348460868547,audit_only_not_for_training_or_tuning
35,linear_recent,168,0.974877180387727,0.9671112158570698,audit_only_not_for_training_or_tuning
35,linear_recent,169,0.9738290992812471,0.9668875856272849,audit_only_not_for_training_or_tuning
35,linear_recent,170,0.9735424184341284,0.9666639553975,audit_only_not_for_training_or_tuning
35,linear_recent,171,0.9737947253642532,0.9664403251677152,audit_only_not_for_training_or_tuning
35,linear_recent,172,0.9735431738192005,0.9662166949379302,audit_only_not_for_training_or_tuning
35,linear_recent,173,0.9730635255209991,0.9659930647081453,audit_only_not_for_training_or_tuning
35,linear_recent,174,0.9732138052656197,0.9657694344783604,audit_only_not_for_training_or_tuning
35,linear_recent,175,0.9726501464180741,0.9655458042485755,audit_only_not_for_training_or_tuning
35,linear_recent,176,0.9728501789730163,0.9653221740187906,audit_only_not_for_training_or_tuning
35,linear_recent,177,0.972904632031593,0.9650985437890057,audit_only_not_for_training_or_tuning
35,linear_recent,178,0.9726113534431807,0.9648749135592208,audit_only_not_for_training_or_tuning
35,linear_recent,179,0.9738303864656247,0.964651283329436,audit_only_not_for_training_or_tuning
35,linear_recent,180,0.973610105294159,0.9644276530996511,audit_only_not_for_training_or_tuning
35,linear_recent,181,0.9733970034388851,0.9642040228698661,audit_only_not_for_training_or_tuning
35,linear_recent,182,0.97291550941805,0.9639803926400812,audit_only_not_for_training_or_tuning
35,linear_recent,183,0.9730854982078363,0.9637567624102963,audit_only_not_for_training_or_tuning
35,linear_recent,184,0.972943903661788,0.9635331321805114,audit_only_not_for_training_or_tuning
35,linear_recent,185,0.971690202404074,0.9633095019507265,audit_only_not_for_training_or_tuning
35,linear_recent,186,0.9710842464101981,0.9630858717209416,audit_only_not_for_training_or_tuning
35,linear_recent,187,0.9714733745173861,0.9628622414911567,audit_only_not_for_training_or_tuning
35,linear_recent,188,0.9707239152684981,0.9626386112613718,audit_only_not_for_training_or_tuning
35,linear_recent,189,0.9709959059942863,0.962414981031587,audit_only_not_for_training_or_tuning
35,linear_recent,190,0.9717593711196953,0.962191350801802,audit_only_not_for_training_or_tuning
35,linear_recent,191,0.9718136592897819,0.9619677205720171,audit_only_not_for_training_or_tuning
35,linear_recent,192,0.9709935049137648,0.9617440903422322,audit_only_not_for_training_or_tuning
35,linear_recent,193,0.9705831583328817,0.9615204601124473,audit_only_not_for_training_or_tuning
35,linear_recent,194,0.9703619779082054,0.9612968298826624,audit_only_not_for_training_or_tuning
35,linear_recent,195,0.9700819971205389,0.9610731996528775,audit_only_not_for_training_or_tuning
35,linear_recent,196,0.9705651076419564,0.9608495694230926,audit_only_not_for_training_or_tuning
35,linear_recent,197,0.9696021319435386,0.9606259391933077,audit_only_not_for_training_or_tuning
35,linear_recent,198,0.9693646561416194,0.9604023089635229,audit_only_not_for_training_or_tuning
35,linear_recent,199,0.9683396205709659,0.9601786787337379,audit_only_not_for_training_or_tuning
35,linear_recent,200,0.9689337637640171,0.959955048503953,audit_only_not_for_training_or_tuning
35,policy_mean,151,0.9765259115178841,0.9709864624008099,audit_only_not_for_training_or_tuning
35,policy_mean,152,0.9759885114110756,0.9708363648084216,audit_only_not_for_training_or_tuning
35,policy_mean,153,0.9762680996651193,0.9706862672160335,audit_only_not_for_training_or_tuning
35,policy_mean,154,0.9759126576210929,0.9705361696236452,audit_only_not_for_training_or_tuning
35,policy_mean,155,0.9768028054601294,0.970386072031257,audit_only_not_for_training_or_tuning
35,policy_mean,156,0.9765883470792235,0.9702359744388689,audit_only_not_for_training_or_tuning
35,policy_mean,157,0.976679749585967,0.9700858768464806,audit_only_not_for_training_or_tuning
35,policy_mean,158,0.9763133576166004,0.9699357792540925,audit_only_not_for_training_or_tuning
35,policy_mean,159,0.9751476397604205,0.9697856816617042,audit_only_not_for_training_or_tuning
35,policy_mean,160,0.9759386998224462,0.969635584069316,audit_only_not_for_training_or_tuning
35,policy_mean,161,0.9757726948451305,0.9694854864769279,audit_only_not_for_training_or_tuning
35,policy_mean,162,0.9756843051971849,0.9693353888845396,audit_only_not_for_training_or_tuning
35,policy_mean,163,0.975018689750103,0.9691852912921515,audit_only_not_for_training_or_tuning
35,policy_mean,164,0.9754054257227286,0.9690351936997632,audit_only_not_for_training_or_tuning
35,policy_mean,165,0.975597838911071,0.968885096107375,audit_only_not_for_training_or_tuning
35,policy_mean,166,0.9748317251625587,0.9687349985149869,audit_only_not_for_training_or_tuning
35,policy_mean,167,0.9743014231871957,0.9685849009225986,audit_only_not_for_training_or_tuning
35,policy_mean,168,0.974877180387727,0.9684348033302105,audit_only_not_for_training_or_tuning
35,policy_mean,169,0.9738290992812471,0.9682847057378222,audit_only_not_for_training_or_tuning
35,policy_mean,170,0.9735424184341284,0.9681346081454341,audit_only_not_for_training_or_tuning
35,policy_mean,171,0.9737947253642532,0.9679845105530458,audit_only_not_for_training_or_tuning
35,policy_mean,172,0.9735431738192005,0.9678344129606576,audit_only_not_for_training_or_tuning
35,policy_mean,173,0.9730635255209991,0.9676843153682695,audit_only_not_for_training_or_tuning
35,policy_mean,174,0.9732138052656197,0.9675342177758812,audit_only_not_for_training_or_tuning
35,policy_mean,175,0.9726501464180741,0.9673841201834931,audit_only_not_for_training_or_tuning
35,policy_mean,176,0.9728501789730163,0.9672340225911048,audit_only_not_for_training_or_tuning
35,policy_mean,177,0.972904632031593,0.9670839249987166,audit_only_not_for_training_or_tuning
35,policy_mean,178,0.9726113534431807,0.9669338274063285,audit_only_not_for_training_or_tuning
35,policy_mean,179,0.9738303864656247,0.9667837298139402,audit_only_not_for_training_or_tuning
35,policy_mean,180,0.973610105294159,0.9666336322215521,audit_only_not_for_training_or_tuning
35,policy_mean,181,0.9733970034388851,0.9664835346291638,audit_only_not_for_training_or_tuning
35,policy_mean,182,0.97291550941805,0.9663334370367757,audit_only_not_for_training_or_tuning
35,policy_mean,183,0.9730854982078363,0.9661833394443875,audit_only_not_for_training_or_tuning
35,policy_mean,184,0.972943903661788,0.9660332418519992,audit_only_not_for_training_or_tuning
35,policy_mean,185,0.971690202404074,0.9658831442596111,audit_only_not_for_training_or_tuning
35,policy_mean,186,0.9710842464101981,0.9657330466672228,audit_only_not_for_training_or_tuning
35,policy_mean,187,0.9714733745173861,0.9655829490748347,audit_only_not_for_training_or_tuning
35,policy_mean,188,0.9707239152684981,0.9654328514824464,audit_only_not_for_training_or_tuning
35,policy_mean,189,0.9709959059942863,0.9652827538900582,audit_only_not_for_training_or_tuning
35,policy_mean,190,0.9717593711196953,0.9651326562976701,audit_only_not_for_training_or_tuning
35,policy_mean,191,0.9718136592897819,0.9649825587052818,audit_only_not_for_training_or_tuning
35,policy_mean,192,0.9709935049137648,0.9648324611128937,audit_only_not_for_training_or_tuning
35,policy_mean,193,0.9705831583328817,0.9646823635205054,audit_only_not_for_training_or_tuning
35,policy_mean,194,0.9703619779082054,0.9645322659281172,audit_only_not_for_training_or_tuning
35,policy_mean,195,0.9700819971205389,0.9643821683357291,audit_only_not_for_training_or_tuning
35,policy_mean,196,0.9705651076419564,0.9642320707433408,audit_only_not_for_training_or_tuning
35,policy_mean,197,0.9696021319435386,0.9640819731509527,audit_only_not_for_training_or_tuning
35,policy_mean,198,0.9693646561416194,0.9639318755585644,audit_only_not_for_training_or_tuning
35,policy_mean,199,0.9683396205709659,0.9637817779661763,audit_only_not_for_training_or_tuning
35,policy_mean,200,0.9689337637640171,0.9636316803737881,audit_only_not_for_training_or_tuning
35,persist,151,0.9765259115178841,0.971136559993198,audit_only_not_for_training_or_tuning
35,persist,152,0.9759885114110756,0.971136559993198,audit_only_not_for_training_or_tuning
35,persist,153,0.9762680996651193,0.971136559993198,audit_only_not_for_training_or_tuning
35,persist,154,0.9759126576210929,0.971136559993198,audit_only_not_for_training_or_tuning
35,persist,155,0.9768028054601294,0.971136559993198,audit_only_not_for_training_or_tuning
35,persist,156,0.9765883470792235,0.971136559993198,audit_only_not_for_training_or_tuning
35,persist,157,0.976679749585967,0.971136559993198,audit_only_not_for_training_or_tuning
35,persist,158,0.9763133576166004,0.971136559993198,audit_only_not_for_training_or_tuning
35,persist,159,0.9751476397604205,0.971136559993198,audit_only_not_for_training_or_tuning
35,persist,160,0.9759386998224462,0.971136559993198,audit_only_not_for_training_or_tuning
35,persist,161,0.9757726948451305,0.971136559993198,audit_only_not_for_training_or_tuning
35,persist,162,0.9756843051971849,0.971136559993198,audit_only_not_for_training_or_tuning
35,persist,163,0.975018689750103,0.971136559993198,audit_only_not_for_training_or_tuning
35,persist,164,0.9754054257227286,0.971136559993198,audit_only_not_for_training_or_tuning
35,persist,165,0.975597838911071,0.971136559993198,audit_only_not_for_training_or_tuning
35,persist,166,0.9748317251625587,0.971136559993198,audit_only_not_for_training_or_tuning
35,persist,167,0.9743014231871957,0.971136559993198,audit_only_not_for_training_or_tuning
35,persist,168,0.974877180387727,0.971136559993198,audit_only_not_for_training_or_tuning
35,persist,169,0.9738290992812471,0.971136559993198,audit_only_not_for_training_or_tuning
35,persist,170,0.9735424184341284,0.971136559993198,audit_only_not_for_training_or_tuning
35,persist,171,0.9737947253642532,0.971136559993198,audit_only_not_for_training_or_tuning
35,persist,172,0.9735431738192005,0.971136559993198,audit_only_not_for_training_or_tuning
35,persist,173,0.9730635255209991,0.971136559993198,audit_only_not_for_training_or_tuning
35,persist,174,0.9732138052656197,0.971136559993198,audit_only_not_for_training_or_tuning
35,persist,175,0.9726501464180741,0.971136559993198,audit_only_not_for_training_or_tuning
35,persist,176,0.9728501789730163,0.971136559993198,audit_only_not_for_training_or_tuning
35,persist,177,0.972904632031593,0.971136559993198,audit_only_not_for_training_or_tuning
35,persist,178,0.9726113534431807,0.971136559993198,audit_only_not_for_training_or_tuning
35,persist,179,0.9738303864656247,0.971136559993198,audit_only_not_for_training_or_tuning
35,persist,180,0.973610105294159,0.971136559993198,audit_only_not_for_training_or_tuning
35,persist,181,0.9733970034388851,0.971136559993198,audit_only_not_for_training_or_tuning
35,persist,182,0.97291550941805,0.971136559993198,audit_only_not_for_training_or_tuning
35,persist,183,0.9730854982078363,0.971136559993198,audit_only_not_for_training_or_tuning
35,persist,184,0.972943903661788,0.971136559993198,audit_only_not_for_training_or_tuning
35,persist,185,0.971690202404074,0.971136559993198,audit_only_not_for_training_or_tuning
35,persist,186,0.9710842464101981,0.971136559993198,audit_only_not_for_training_or_tuning
35,persist,187,0.9714733745173861,0.971136559993198,audit_only_not_for_training_or_tuning
35,persist,188,0.9707239152684981,0.971136559993198,audit_only_not_for_training_or_tuning
35,persist,189,0.9709959059942863,0.971136559993198,audit_only_not_for_training_or_tuning
35,persist,190,0.9717593711196953,0.971136559993198,audit_only_not_for_training_or_tuning
35,persist,191,0.9718136592897819,0.971136559993198,audit_only_not_for_training_or_tuning
35,persist,192,0.9709935049137648,0.971136559993198,audit_only_not_for_training_or_tuning
35,persist,193,0.9705831583328817,0.971136559993198,audit_only_not_for_training_or_tuning
35,persist,194,0.9703619779082054,0.971136559993198,audit_only_not_for_training_or_tuning
35,persist,195,0.9700819971205389,0.971136559993198,audit_only_not_for_training_or_tuning
35,persist,196,0.9705651076419564,0.971136559993198,audit_only_not_for_training_or_tuning
35,persist,197,0.9696021319435386,0.971136559993198,audit_only_not_for_training_or_tuning
35,persist,198,0.9693646561416194,0.971136559993198,audit_only_not_for_training_or_tuning
35,persist,199,0.9683396205709659,0.971136559993198,audit_only_not_for_training_or_tuning
35,persist,200,0.9689337637640171,0.971136559993198,audit_only_not_for_training_or_tuning
35,fusion_pbt_batterygpt,151,0.9765259115178841,0.9709142218879863,audit_only_not_for_training_or_tuning
35,fusion_pbt_batterygpt,152,0.9759885114110756,0.9706918837827745,audit_only_not_for_training_or_tuning
35,fusion_pbt_batterygpt,153,0.9762680996651193,0.9704695456775627,audit_only_not_for_training_or_tuning
35,fusion_pbt_batterygpt,154,0.9759126576210929,0.970247207572351,audit_only_not_for_training_or_tuning
35,fusion_pbt_batterygpt,155,0.9768028054601294,0.9700248694671391,audit_only_not_for_training_or_tuning
35,fusion_pbt_batterygpt,156,0.9765883470792235,0.9698025313619273,audit_only_not_for_training_or_tuning
35,fusion_pbt_batterygpt,157,0.976679749585967,0.9695801932567155,audit_only_not_for_training_or_tuning
35,fusion_pbt_batterygpt,158,0.9763133576166004,0.9693578551515037,audit_only_not_for_training_or_tuning
35,fusion_pbt_batterygpt,159,0.9751476397604205,0.9691355170462919,audit_only_not_for_training_or_tuning
35,fusion_pbt_batterygpt,160,0.9759386998224462,0.9689131789410801,audit_only_not_for_training_or_tuning
35,fusion_pbt_batterygpt,161,0.9757726948451305,0.9686908408358683,audit_only_not_for_training_or_tuning
35,fusion_pbt_batterygpt,162,0.9756843051971849,0.9684685027306565,audit_only_not_for_training_or_tuning
35,fusion_pbt_batterygpt,163,0.975018689750103,0.9682461646254447,audit_only_not_for_training_or_tuning
35,fusion_pbt_batterygpt,164,0.9754054257227286,0.9680238265202329,audit_only_not_for_training_or_tuning
35,fusion_pbt_batterygpt,165,0.975597838911071,0.9678014884150211,audit_only_not_for_training_or_tuning
35,fusion_pbt_batterygpt,166,0.9748317251625587,0.9675791503098093,audit_only_not_for_training_or_tuning
35,fusion_pbt_batterygpt,167,0.9743014231871957,0.9673568122045975,audit_only_not_for_training_or_tuning
35,fusion_pbt_batterygpt,168,0.974877180387727,0.9671344740993857,audit_only_not_for_training_or_tuning
35,fusion_pbt_batterygpt,169,0.9738290992812471,0.9669121359941739,audit_only_not_for_training_or_tuning
35,fusion_pbt_batterygpt,170,0.9735424184341284,0.9666897978889621,audit_only_not_for_training_or_tuning
35,fusion_pbt_batterygpt,171,0.9737947253642532,0.9664674597837503,audit_only_not_for_training_or_tuning
35,fusion_pbt_batterygpt,172,0.9735431738192005,0.9662451216785385,audit_only_not_for_training_or_tuning
35,fusion_pbt_batterygpt,173,0.9730635255209991,0.9660227835733267,audit_only_not_for_training_or_tuning
35,fusion_pbt_batterygpt,174,0.9732138052656197,0.9658004454681149,audit_only_not_for_training_or_tuning
35,fusion_pbt_batterygpt,175,0.9726501464180741,0.9655781073629031,audit_only_not_for_training_or_tuning
35,fusion_pbt_batterygpt,176,0.9728501789730163,0.9653557692576913,audit_only_not_for_training_or_tuning
35,fusion_pbt_batterygpt,177,0.972904632031593,0.9651334311524795,audit_only_not_for_training_or_tuning
35,fusion_pbt_batterygpt,178,0.9726113534431807,0.9649110930472677,audit_only_not_for_training_or_tuning
35,fusion_pbt_batterygpt,179,0.9738303864656247,0.9646887549420559,audit_only_not_for_training_or_tuning
35,fusion_pbt_batterygpt,180,0.973610105294159,0.9644664168368441,audit_only_not_for_training_or_tuning
35,fusion_pbt_batterygpt,181,0.9733970034388851,0.9642440787316323,audit_only_not_for_training_or_tuning
35,fusion_pbt_batterygpt,182,0.97291550941805,0.9640217406264205,audit_only_not_for_training_or_tuning
35,fusion_pbt_batterygpt,183,0.9730854982078363,0.9637994025212087,audit_only_not_for_training_or_tuning
35,fusion_pbt_batterygpt,184,0.972943903661788,0.9635770644159969,audit_only_not_for_training_or_tuning
35,fusion_pbt_batterygpt,185,0.971690202404074,0.9633547263107851,audit_only_not_for_training_or_tuning
35,fusion_pbt_batterygpt,186,0.9710842464101981,0.9631323882055733,audit_only_not_for_training_or_tuning
35,fusion_pbt_batterygpt,187,0.9714733745173861,0.9629100501003615,audit_only_not_for_training_or_tuning
35,fusion_pbt_batterygpt,188,0.9707239152684981,0.9626877119951497,audit_only_not_for_training_or_tuning
35,fusion_pbt_batterygpt,189,0.9709959059942863,0.9624653738899379,audit_only_not_for_training_or_tuning
35,fusion_pbt_batterygpt,190,0.9717593711196953,0.9622430357847261,audit_only_not_for_training_or_tuning
35,fusion_pbt_batterygpt,191,0.9718136592897819,0.9620206976795143,audit_only_not_for_training_or_tuning
35,fusion_pbt_batterygpt,192,0.9709935049137648,0.9617983595743025,audit_only_not_for_training_or_tuning
35,fusion_pbt_batterygpt,193,0.9705831583328817,0.9615760214690907,audit_only_not_for_training_or_tuning
35,fusion_pbt_batterygpt,194,0.9703619779082054,0.9613536833638789,audit_only_not_for_training_or_tuning
35,fusion_pbt_batterygpt,195,0.9700819971205389,0.9611313452586671,audit_only_not_for_training_or_tuning
35,fusion_pbt_batterygpt,196,0.9705651076419564,0.9609090071534553,audit_only_not_for_training_or_tuning
35,fusion_pbt_batterygpt,197,0.9696021319435386,0.9606866690482435,audit_only_not_for_training_or_tuning
35,fusion_pbt_batterygpt,198,0.9693646561416194,0.9604643309430317,audit_only_not_for_training_or_tuning
35,fusion_pbt_batterygpt,199,0.9683396205709659,0.9602419928378199,audit_only_not_for_training_or_tuning
35,fusion_pbt_batterygpt,200,0.9689337637640171,0.9600196547326081,audit_only_not_for_training_or_tuning
36,linear_recent,151,1.0015310924658842,0.9972989856664576,audit_only_not_for_training_or_tuning
36,linear_recent,152,1.001578250285668,0.9972700161455762,audit_only_not_for_training_or_tuning
36,linear_recent,153,1.001542770102275,0.9972410466246947,audit_only_not_for_training_or_tuning
36,linear_recent,154,1.0012432760331607,0.9972120771038133,audit_only_not_for_training_or_tuning
36,linear_recent,155,1.0006104366505233,0.9971831075829318,audit_only_not_for_training_or_tuning
36,linear_recent,156,1.000804740683825,0.9971541380620504,audit_only_not_for_training_or_tuning
36,linear_recent,157,1.0011792078296955,0.9971251685411691,audit_only_not_for_training_or_tuning
36,linear_recent,158,1.0007625287466637,0.9970961990202876,audit_only_not_for_training_or_tuning
36,linear_recent,159,1.0015458655263239,0.9970672294994062,audit_only_not_for_training_or_tuning
36,linear_recent,160,1.0011588226121255,0.9970382599785247,audit_only_not_for_training_or_tuning
36,linear_recent,161,1.0012290771698258,0.9970092904576433,audit_only_not_for_training_or_tuning
36,linear_recent,162,1.0013832993578444,0.9969803209367619,audit_only_not_for_training_or_tuning
36,linear_recent,163,1.0010246759860517,0.9969513514158804,audit_only_not_for_training_or_tuning
36,linear_recent,164,1.0006053501544971,0.996922381894999,audit_only_not_for_training_or_tuning
36,linear_recent,165,1.0001717324949448,0.9968934123741177,audit_only_not_for_training_or_tuning
36,linear_recent,166,1.0005448389429843,0.9968644428532362,audit_only_not_for_training_or_tuning
36,linear_recent,167,1.000138386435472,0.9968354733323548,audit_only_not_for_training_or_tuning
36,linear_recent,168,1.000607147208919,0.9968065038114733,audit_only_not_for_training_or_tuning
36,linear_recent,169,0.9995779174408908,0.9967775342905919,audit_only_not_for_training_or_tuning
36,linear_recent,170,1.0002898304079952,0.9967485647697105,audit_only_not_for_training_or_tuning
36,linear_recent,171,1.0001356515618678,0.996719595248829,audit_only_not_for_training_or_tuning
36,linear_recent,172,1.0003168285484925,0.9966906257279476,audit_only_not_for_training_or_tuning
36,linear_recent,173,1.0004287122602955,0.9966616562070663,audit_only_not_for_training_or_tuning
36,linear_recent,174,1.0001397679587882,0.9966326866861848,audit_only_not_for_training_or_tuning
36,linear_recent,175,0.9999741837239743,0.9966037171653034,audit_only_not_for_training_or_tuning
36,linear_recent,176,0.9998843127535655,0.9965747476444219,audit_only_not_for_training_or_tuning
36,linear_recent,177,0.9994995141109819,0.9965457781235405,audit_only_not_for_training_or_tuning
36,linear_recent,178,0.99928721135026,0.9965168086026591,audit_only_not_for_training_or_tuning
36,linear_recent,179,0.9999394546461505,0.9964878390817776,audit_only_not_for_training_or_tuning
36,linear_recent,180,0.9998884510491859,0.9964588695608962,audit_only_not_for_training_or_tuning
36,linear_recent,181,1.0000611022215669,0.9964299000400149,audit_only_not_for_training_or_tuning
36,linear_recent,182,0.9998313180918466,0.9964009305191334,audit_only_not_for_training_or_tuning
36,linear_recent,183,0.9993541832030748,0.996371960998252,audit_only_not_for_training_or_tuning
36,linear_recent,184,0.9994140513093797,0.9963429914773705,audit_only_not_for_training_or_tuning
36,linear_recent,185,0.999234382114413,0.9963140219564891,audit_only_not_for_training_or_tuning
36,linear_recent,186,0.9990853634954787,0.9962850524356077,audit_only_not_for_training_or_tuning
36,linear_recent,187,0.9993522545330663,0.9962560829147262,audit_only_not_for_training_or_tuning
36,linear_recent,188,0.9986636266859306,0.9962271133938448,audit_only_not_for_training_or_tuning
36,linear_recent,189,0.9998459113639598,0.9961981438729635,audit_only_not_for_training_or_tuning
36,linear_recent,190,0.9989696442581462,0.996169174352082,audit_only_not_for_training_or_tuning
36,linear_recent,191,0.9991502221280036,0.9961402048312006,audit_only_not_for_training_or_tuning
36,linear_recent,192,0.9992152586387246,0.9961112353103191,audit_only_not_for_training_or_tuning
36,linear_recent,193,0.9993485086253019,0.9960822657894377,audit_only_not_for_training_or_tuning
36,linear_recent,194,0.9993949552397255,0.9960532962685563,audit_only_not_for_training_or_tuning
36,linear_recent,195,0.9990258036221755,0.9960243267476748,audit_only_not_for_training_or_tuning
36,linear_recent,196,0.9990951555540571,0.9959953572267934,audit_only_not_for_training_or_tuning
36,linear_recent,197,0.9988007052789433,0.995966387705912,audit_only_not_for_training_or_tuning
36,linear_recent,198,0.9994737104271191,0.9959374181850306,audit_only_not_for_training_or_tuning
36,linear_recent,199,0.9991855012158918,0.9959084486641492,audit_only_not_for_training_or_tuning
36,linear_recent,200,0.9990054206253935,0.9958794791432677,audit_only_not_for_training_or_tuning
36,policy_mean,151,1.0015310924658842,0.997314143070283,audit_only_not_for_training_or_tuning
36,policy_mean,152,1.001578250285668,0.997300330953227,audit_only_not_for_training_or_tuning
36,policy_mean,153,1.001542770102275,0.9972865188361711,audit_only_not_for_training_or_tuning
36,policy_mean,154,1.0012432760331607,0.9972727067191152,audit_only_not_for_training_or_tuning
36,policy_mean,155,1.0006104366505233,0.9972588946020592,audit_only_not_for_training_or_tuning
36,policy_mean,156,1.000804740683825,0.9972450824850032,audit_only_not_for_training_or_tuning
36,policy_mean,157,1.0011792078296955,0.9972312703679472,audit_only_not_for_training_or_tuning
36,policy_mean,158,1.0007625287466637,0.9972174582508913,audit_only_not_for_training_or_tuning
36,policy_mean,159,1.0015458655263239,0.9972036461338353,audit_only_not_for_training_or_tuning
36,policy_mean,160,1.0011588226121255,0.9971898340167793,audit_only_not_for_training_or_tuning
36,policy_mean,161,1.0012290771698258,0.9971760218997233,audit_only_not_for_training_or_tuning
36,policy_mean,162,1.0013832993578444,0.9971622097826673,audit_only_not_for_training_or_tuning
36,policy_mean,163,1.0010246759860517,0.9971483976656114,audit_only_not_for_training_or_tuning
36,policy_mean,164,1.0006053501544971,0.9971345855485554,audit_only_not_for_training_or_tuning
36,policy_mean,165,1.0001717324949448,0.9971207734314994,audit_only_not_for_training_or_tuning
36,policy_mean,166,1.0005448389429843,0.9971069613144434,audit_only_not_for_training_or_tuning
36,policy_mean,167,1.000138386435472,0.9970931491973875,audit_only_not_for_training_or_tuning
36,policy_mean,168,1.000607147208919,0.9970793370803315,audit_only_not_for_training_or_tuning
36,policy_mean,169,0.9995779174408908,0.9970655249632755,audit_only_not_for_training_or_tuning
36,policy_mean,170,1.0002898304079952,0.9970517128462195,audit_only_not_for_training_or_tuning
36,policy_mean,171,1.0001356515618678,0.9970379007291635,audit_only_not_for_training_or_tuning
36,policy_mean,172,1.0003168285484925,0.9970240886121076,audit_only_not_for_training_or_tuning
36,policy_mean,173,1.0004287122602955,0.9970102764950517,audit_only_not_for_training_or_tuning
36,policy_mean,174,1.0001397679587882,0.9969964643779957,audit_only_not_for_training_or_tuning
36,policy_mean,175,0.9999741837239743,0.9969826522609397,audit_only_not_for_training_or_tuning
36,policy_mean,176,0.9998843127535655,0.9969688401438838,audit_only_not_for_training_or_tuning
36,policy_mean,177,0.9994995141109819,0.9969550280268278,audit_only_not_for_training_or_tuning
36,policy_mean,178,0.99928721135026,0.9969412159097718,audit_only_not_for_training_or_tuning
36,policy_mean,179,0.9999394546461505,0.9969274037927158,audit_only_not_for_training_or_tuning
36,policy_mean,180,0.9998884510491859,0.9969135916756598,audit_only_not_for_training_or_tuning
36,policy_mean,181,1.0000611022215669,0.9968997795586039,audit_only_not_for_training_or_tuning
36,policy_mean,182,0.9998313180918466,0.9968859674415479,audit_only_not_for_training_or_tuning
36,policy_mean,183,0.9993541832030748,0.9968721553244919,audit_only_not_for_training_or_tuning
36,policy_mean,184,0.9994140513093797,0.9968583432074359,audit_only_not_for_training_or_tuning
36,policy_mean,185,0.999234382114413,0.99684453109038,audit_only_not_for_training_or_tuning
36,policy_mean,186,0.9990853634954787,0.996830718973324,audit_only_not_for_training_or_tuning
36,policy_mean,187,0.9993522545330663,0.996816906856268,audit_only_not_for_training_or_tuning
36,policy_mean,188,0.9986636266859306,0.996803094739212,audit_only_not_for_training_or_tuning
36,policy_mean,189,0.9998459113639598,0.996789282622156,audit_only_not_for_training_or_tuning
36,policy_mean,190,0.9989696442581462,0.9967754705051001,audit_only_not_for_training_or_tuning
36,policy_mean,191,0.9991502221280036,0.9967616583880441,audit_only_not_for_training_or_tuning
36,policy_mean,192,0.9992152586387246,0.9967478462709881,audit_only_not_for_training_or_tuning
36,policy_mean,193,0.9993485086253019,0.9967340341539321,audit_only_not_for_training_or_tuning
36,policy_mean,194,0.9993949552397255,0.9967202220368763,audit_only_not_for_training_or_tuning
36,policy_mean,195,0.9990258036221755,0.9967064099198203,audit_only_not_for_training_or_tuning
36,policy_mean,196,0.9990951555540571,0.9966925978027643,audit_only_not_for_training_or_tuning
36,policy_mean,197,0.9988007052789433,0.9966787856857083,audit_only_not_for_training_or_tuning
36,policy_mean,198,0.9994737104271191,0.9966649735686524,audit_only_not_for_training_or_tuning
36,policy_mean,199,0.9991855012158918,0.9966511614515964,audit_only_not_for_training_or_tuning
36,policy_mean,200,0.9990054206253935,0.9966373493345404,audit_only_not_for_training_or_tuning
36,persist,151,1.0015310924658842,0.997327955187339,audit_only_not_for_training_or_tuning
36,persist,152,1.001578250285668,0.997327955187339,audit_only_not_for_training_or_tuning
36,persist,153,1.001542770102275,0.997327955187339,audit_only_not_for_training_or_tuning
36,persist,154,1.0012432760331607,0.997327955187339,audit_only_not_for_training_or_tuning
36,persist,155,1.0006104366505233,0.997327955187339,audit_only_not_for_training_or_tuning
36,persist,156,1.000804740683825,0.997327955187339,audit_only_not_for_training_or_tuning
36,persist,157,1.0011792078296955,0.997327955187339,audit_only_not_for_training_or_tuning
36,persist,158,1.0007625287466637,0.997327955187339,audit_only_not_for_training_or_tuning
36,persist,159,1.0015458655263239,0.997327955187339,audit_only_not_for_training_or_tuning
36,persist,160,1.0011588226121255,0.997327955187339,audit_only_not_for_training_or_tuning
36,persist,161,1.0012290771698258,0.997327955187339,audit_only_not_for_training_or_tuning
36,persist,162,1.0013832993578444,0.997327955187339,audit_only_not_for_training_or_tuning
36,persist,163,1.0010246759860517,0.997327955187339,audit_only_not_for_training_or_tuning
36,persist,164,1.0006053501544971,0.997327955187339,audit_only_not_for_training_or_tuning
36,persist,165,1.0001717324949448,0.997327955187339,audit_only_not_for_training_or_tuning
36,persist,166,1.0005448389429843,0.997327955187339,audit_only_not_for_training_or_tuning
36,persist,167,1.000138386435472,0.997327955187339,audit_only_not_for_training_or_tuning
36,persist,168,1.000607147208919,0.997327955187339,audit_only_not_for_training_or_tuning
36,persist,169,0.9995779174408908,0.997327955187339,audit_only_not_for_training_or_tuning
36,persist,170,1.0002898304079952,0.997327955187339,audit_only_not_for_training_or_tuning
36,persist,171,1.0001356515618678,0.997327955187339,audit_only_not_for_training_or_tuning
36,persist,172,1.0003168285484925,0.997327955187339,audit_only_not_for_training_or_tuning
36,persist,173,1.0004287122602955,0.997327955187339,audit_only_not_for_training_or_tuning
36,persist,174,1.0001397679587882,0.997327955187339,audit_only_not_for_training_or_tuning
36,persist,175,0.9999741837239743,0.997327955187339,audit_only_not_for_training_or_tuning
36,persist,176,0.9998843127535655,0.997327955187339,audit_only_not_for_training_or_tuning
36,persist,177,0.9994995141109819,0.997327955187339,audit_only_not_for_training_or_tuning
36,persist,178,0.99928721135026,0.997327955187339,audit_only_not_for_training_or_tuning
36,persist,179,0.9999394546461505,0.997327955187339,audit_only_not_for_training_or_tuning
36,persist,180,0.9998884510491859,0.997327955187339,audit_only_not_for_training_or_tuning
36,persist,181,1.0000611022215669,0.997327955187339,audit_only_not_for_training_or_tuning
36,persist,182,0.9998313180918466,0.997327955187339,audit_only_not_for_training_or_tuning
36,persist,183,0.9993541832030748,0.997327955187339,audit_only_not_for_training_or_tuning
36,persist,184,0.9994140513093797,0.997327955187339,audit_only_not_for_training_or_tuning
36,persist,185,0.999234382114413,0.997327955187339,audit_only_not_for_training_or_tuning
36,persist,186,0.9990853634954787,0.997327955187339,audit_only_not_for_training_or_tuning
36,persist,187,0.9993522545330663,0.997327955187339,audit_only_not_for_training_or_tuning
36,persist,188,0.9986636266859306,0.997327955187339,audit_only_not_for_training_or_tuning
36,persist,189,0.9998459113639598,0.997327955187339,audit_only_not_for_training_or_tuning
36,persist,190,0.9989696442581462,0.997327955187339,audit_only_not_for_training_or_tuning
36,persist,191,0.9991502221280036,0.997327955187339,audit_only_not_for_training_or_tuning
36,persist,192,0.9992152586387246,0.997327955187339,audit_only_not_for_training_or_tuning
36,persist,193,0.9993485086253019,0.997327955187339,audit_only_not_for_training_or_tuning
36,persist,194,0.9993949552397255,0.997327955187339,audit_only_not_for_training_or_tuning
36,persist,195,0.9990258036221755,0.997327955187339,audit_only_not_for_training_or_tuning
36,persist,196,0.9990951555540571,0.997327955187339,audit_only_not_for_training_or_tuning
36,persist,197,0.9988007052789433,0.997327955187339,audit_only_not_for_training_or_tuning
36,persist,198,0.9994737104271191,0.997327955187339,audit_only_not_for_training_or_tuning
36,persist,199,0.9991855012158918,0.997327955187339,audit_only_not_for_training_or_tuning
36,persist,200,0.9990054206253935,0.997327955187339,audit_only_not_for_training_or_tuning
36,fusion_pbt_batterygpt,151,1.0015310924658842,0.997293363708968,audit_only_not_for_training_or_tuning
36,fusion_pbt_batterygpt,152,1.001578250285668,0.9972587722305971,audit_only_not_for_training_or_tuning
36,fusion_pbt_batterygpt,153,1.001542770102275,0.9972241807522262,audit_only_not_for_training_or_tuning
36,fusion_pbt_batterygpt,154,1.0012432760331607,0.9971895892738551,audit_only_not_for_training_or_tuning
36,fusion_pbt_batterygpt,155,1.0006104366505233,0.9971549977954842,audit_only_not_for_training_or_tuning
36,fusion_pbt_batterygpt,156,1.000804740683825,0.9971204063171133,audit_only_not_for_training_or_tuning
36,fusion_pbt_batterygpt,157,1.0011792078296955,0.9970858148387424,audit_only_not_for_training_or_tuning
36,fusion_pbt_batterygpt,158,1.0007625287466637,0.9970512233603714,audit_only_not_for_training_or_tuning
36,fusion_pbt_batterygpt,159,1.0015458655263239,0.9970166318820005,audit_only_not_for_training_or_tuning
36,fusion_pbt_batterygpt,160,1.0011588226121255,0.9969820404036296,audit_only_not_for_training_or_tuning
36,fusion_pbt_batterygpt,161,1.0012290771698258,0.9969474489252586,audit_only_not_for_training_or_tuning
36,fusion_pbt_batterygpt,162,1.0013832993578444,0.9969128574468876,audit_only_not_for_training_or_tuning
36,fusion_pbt_batterygpt,163,1.0010246759860517,0.9968782659685167,audit_only_not_for_training_or_tuning
36,fusion_pbt_batterygpt,164,1.0006053501544971,0.9968436744901458,audit_only_not_for_training_or_tuning
36,fusion_pbt_batterygpt,165,1.0001717324949448,0.9968090830117748,audit_only_not_for_training_or_tuning
36,fusion_pbt_batterygpt,166,1.0005448389429843,0.9967744915334039,audit_only_not_for_training_or_tuning
36,fusion_pbt_batterygpt,167,1.000138386435472,0.996739900055033,audit_only_not_for_training_or_tuning
36,fusion_pbt_batterygpt,168,1.000607147208919,0.996705308576662,audit_only_not_for_training_or_tuning
36,fusion_pbt_batterygpt,169,0.9995779174408908,0.996670717098291,audit_only_not_for_training_or_tuning
36,fusion_pbt_batterygpt,170,1.0002898304079952,0.9966361256199201,audit_only_not_for_training_or_tuning
36,fusion_pbt_batterygpt,171,1.0001356515618678,0.9966015341415492,audit_only_not_for_training_or_tuning
36,fusion_pbt_batterygpt,172,1.0003168285484925,0.9965669426631782,audit_only_not_for_training_or_tuning
36,fusion_pbt_batterygpt,173,1.0004287122602955,0.9965323511848073,audit_only_not_for_training_or_tuning
36,fusion_pbt_batterygpt,174,1.0001397679587882,0.9964977597064364,audit_only_not_for_training_or_tuning
36,fusion_pbt_batterygpt,175,0.9999741837239743,0.9964631682280654,audit_only_not_for_training_or_tuning
36,fusion_pbt_batterygpt,176,0.9998843127535655,0.9964285767496944,audit_only_not_for_training_or_tuning
36,fusion_pbt_batterygpt,177,0.9994995141109819,0.9963939852713235,audit_only_not_for_training_or_tuning
36,fusion_pbt_batterygpt,178,0.99928721135026,0.9963593937929526,audit_only_not_for_training_or_tuning
36,fusion_pbt_batterygpt,179,0.9999394546461505,0.9963248023145816,audit_only_not_for_training_or_tuning
36,fusion_pbt_batterygpt,180,0.9998884510491859,0.9962902108362107,audit_only_not_for_training_or_tuning
36,fusion_pbt_batterygpt,181,1.0000611022215669,0.9962556193578398,audit_only_not_for_training_or_tuning
36,fusion_pbt_batterygpt,182,0.9998313180918466,0.9962210278794689,audit_only_not_for_training_or_tuning
36,fusion_pbt_batterygpt,183,0.9993541832030748,0.9961864364010978,audit_only_not_for_training_or_tuning
36,fusion_pbt_batterygpt,184,0.9994140513093797,0.9961518449227269,audit_only_not_for_training_or_tuning
36,fusion_pbt_batterygpt,185,0.999234382114413,0.996117253444356,audit_only_not_for_training_or_tuning
36,fusion_pbt_batterygpt,186,0.9990853634954787,0.996082661965985,audit_only_not_for_training_or_tuning
36,fusion_pbt_batterygpt,187,0.9993522545330663,0.9960480704876141,audit_only_not_for_training_or_tuning
36,fusion_pbt_batterygpt,188,0.9986636266859306,0.9960134790092432,audit_only_not_for_training_or_tuning
36,fusion_pbt_batterygpt,189,0.9998459113639598,0.9959788875308723,audit_only_not_for_training_or_tuning
36,fusion_pbt_batterygpt,190,0.9989696442581462,0.9959442960525012,audit_only_not_for_training_or_tuning
36,fusion_pbt_batterygpt,191,0.9991502221280036,0.9959097045741303,audit_only_not_for_training_or_tuning
36,fusion_pbt_batterygpt,192,0.9992152586387246,0.9958751130957594,audit_only_not_for_training_or_tuning
36,fusion_pbt_batterygpt,193,0.9993485086253019,0.9958405216173885,audit_only_not_for_training_or_tuning
36,fusion_pbt_batterygpt,194,0.9993949552397255,0.9958059301390175,audit_only_not_for_training_or_tuning
36,fusion_pbt_batterygpt,195,0.9990258036221755,0.9957713386606466,audit_only_not_for_training_or_tuning
36,fusion_pbt_batterygpt,196,0.9990951555540571,0.9957367471822757,audit_only_not_for_training_or_tuning
36,fusion_pbt_batterygpt,197,0.9988007052789433,0.9957021557039046,audit_only_not_for_training_or_tuning
36,fusion_pbt_batterygpt,198,0.9994737104271191,0.9956675642255337,audit_only_not_for_training_or_tuning
36,fusion_pbt_batterygpt,199,0.9991855012158918,0.9956329727471628,audit_only_not_for_training_or_tuning
36,fusion_pbt_batterygpt,200,0.9990054206253935,0.9955983812687919,audit_only_not_for_training_or_tuning
37,linear_recent,151,0.999722463551094,0.9964948838968748,audit_only_not_for_training_or_tuning
37,linear_recent,152,0.9998023921710156,0.9964638133536825,audit_only_not_for_training_or_tuning
37,linear_recent,153,0.9997482012210062,0.9964327428104902,audit_only_not_for_training_or_tuning
37,linear_recent,154,0.9996550449152735,0.996401672267298,audit_only_not_for_training_or_tuning
37,linear_recent,155,0.9994861053247808,0.9963706017241057,audit_only_not_for_training_or_tuning
37,linear_recent,156,0.9995205456383504,0.9963395311809135,audit_only_not_for_training_or_tuning
37,linear_recent,157,0.9995084834733873,0.9963084606377212,audit_only_not_for_training_or_tuning
37,linear_recent,158,0.9996566841559151,0.996277390094529,audit_only_not_for_training_or_tuning
37,linear_recent,159,0.9994589045389342,0.9962463195513367,audit_only_not_for_training_or_tuning
37,linear_recent,160,0.9991381582188676,0.9962152490081444,audit_only_not_for_training_or_tuning
37,linear_recent,161,0.9991751493448735,0.9961841784649521,audit_only_not_for_training_or_tuning
37,linear_recent,162,0.9991537429534781,0.9961531079217598,audit_only_not_for_training_or_tuning
37,linear_recent,163,0.9991417035557028,0.9961220373785676,audit_only_not_for_training_or_tuning
37,linear_recent,164,0.9991154263745493,0.9960909668353753,audit_only_not_for_training_or_tuning
37,linear_recent,165,0.9990221733026606,0.9960598962921831,audit_only_not_for_training_or_tuning
37,linear_recent,166,0.9987820315256517,0.9960288257489908,audit_only_not_for_training_or_tuning
37,linear_recent,167,0.9991942935395929,0.9959977552057986,audit_only_not_for_training_or_tuning
37,linear_recent,168,0.9988702773412473,0.9959666846626063,audit_only_not_for_training_or_tuning
37,linear_recent,169,0.9986871484054342,0.995935614119414,audit_only_not_for_training_or_tuning
37,linear_recent,170,0.9991252149089358,0.9959045435762217,audit_only_not_for_training_or_tuning
37,linear_recent,171,0.9989605353211968,0.9958734730330294,audit_only_not_for_training_or_tuning
37,linear_recent,172,0.9989644002994645,0.9958424024898372,audit_only_not_for_training_or_tuning
37,linear_recent,173,0.9989729744665847,0.995811331946645,audit_only_not_for_training_or_tuning
37,linear_recent,174,0.998894637046267,0.9957802614034527,audit_only_not_for_training_or_tuning
37,linear_recent,175,0.99881197501124,0.9957491908602604,audit_only_not_for_training_or_tuning
37,linear_recent,176,0.9987771467413382,0.9957181203170682,audit_only_not_for_training_or_tuning
37,linear_recent,177,0.99881080505547,0.9956870497738759,audit_only_not_for_training_or_tuning
37,linear_recent,178,0.9987449794166997,0.9956559792306836,audit_only_not_for_training_or_tuning
37,linear_recent,179,0.998530024384936,0.9956249086874913,audit_only_not_for_training_or_tuning
37,linear_recent,180,0.9986474588001952,0.9955938381442991,audit_only_not_for_training_or_tuning
37,linear_recent,181,0.9988657595672255,0.9955627676011068,audit_only_not_for_training_or_tuning
37,linear_recent,182,0.9988292630232369,0.9955316970579146,audit_only_not_for_training_or_tuning
37,linear_recent,183,0.9987077654192649,0.9955006265147223,audit_only_not_for_training_or_tuning
37,linear_recent,184,0.9987001056256037,0.99546955597153,audit_only_not_for_training_or_tuning
37,linear_recent,185,0.9985837068888352,0.9954384854283378,audit_only_not_for_training_or_tuning
37,linear_recent,186,0.9985536802697002,0.9954074148851455,audit_only_not_for_training_or_tuning
37,linear_recent,187,0.9987131624270884,0.9953763443419532,audit_only_not_for_training_or_tuning
37,linear_recent,188,0.998393901334613,0.9953452737987609,audit_only_not_for_training_or_tuning
37,linear_recent,189,0.9983069677327822,0.9953142032555687,audit_only_not_for_training_or_tuning
37,linear_recent,190,0.9983557241311424,0.9952831327123765,audit_only_not_for_training_or_tuning
37,linear_recent,191,0.9983223826892664,0.9952520621691842,audit_only_not_for_training_or_tuning
37,linear_recent,192,0.9983847849451661,0.9952209916259919,audit_only_not_for_training_or_tuning
37,linear_recent,193,0.9982200935456177,0.9951899210827996,audit_only_not_for_training_or_tuning
37,linear_recent,194,0.9980504132079374,0.9951588505396074,audit_only_not_for_training_or_tuning
37,linear_recent,195,0.998000737949729,0.9951277799964151,audit_only_not_for_training_or_tuning
37,linear_recent,196,0.9980450116130183,0.9950967094532228,audit_only_not_for_training_or_tuning
37,linear_recent,197,0.9978240598163379,0.9950656389100305,audit_only_not_for_training_or_tuning
37,linear_recent,198,0.9979519827477294,0.9950345683668383,audit_only_not_for_training_or_tuning
37,linear_recent,199,0.9979411958640689,0.995003497823646,audit_only_not_for_training_or_tuning
37,linear_recent,200,0.9980038298240267,0.9949724272804538,audit_only_not_for_training_or_tuning
37,policy_mean,151,0.999722463551094,0.9965138662821049,audit_only_not_for_training_or_tuning
37,policy_mean,152,0.9998023921710156,0.9965017781241429,audit_only_not_for_training_or_tuning
37,policy_mean,153,0.9997482012210062,0.9964896899661808,audit_only_not_for_training_or_tuning
37,policy_mean,154,0.9996550449152735,0.9964776018082188,audit_only_not_for_training_or_tuning
37,policy_mean,155,0.9994861053247808,0.9964655136502567,audit_only_not_for_training_or_tuning
37,policy_mean,156,0.9995205456383504,0.9964534254922947,audit_only_not_for_training_or_tuning
37,policy_mean,157,0.9995084834733873,0.9964413373343326,audit_only_not_for_training_or_tuning
37,policy_mean,158,0.9996566841559151,0.9964292491763705,audit_only_not_for_training_or_tuning
37,policy_mean,159,0.9994589045389342,0.9964171610184085,audit_only_not_for_training_or_tuning
37,policy_mean,160,0.9991381582188676,0.9964050728604464,audit_only_not_for_training_or_tuning
37,policy_mean,161,0.9991751493448735,0.9963929847024844,audit_only_not_for_training_or_tuning
37,policy_mean,162,0.9991537429534781,0.9963808965445223,audit_only_not_for_training_or_tuning
37,policy_mean,163,0.9991417035557028,0.9963688083865603,audit_only_not_for_training_or_tuning
37,policy_mean,164,0.9991154263745493,0.9963567202285982,audit_only_not_for_training_or_tuning
37,policy_mean,165,0.9990221733026606,0.9963446320706362,audit_only_not_for_training_or_tuning
37,policy_mean,166,0.9987820315256517,0.9963325439126741,audit_only_not_for_training_or_tuning
37,policy_mean,167,0.9991942935395929,0.9963204557547121,audit_only_not_for_training_or_tuning
37,policy_mean,168,0.9988702773412473,0.99630836759675,audit_only_not_for_training_or_tuning
37,policy_mean,169,0.9986871484054342,0.996296279438788,audit_only_not_for_training_or_tuning
37,policy_mean,170,0.9991252149089358,0.9962841912808259,audit_only_not_for_training_or_tuning
37,policy_mean,171,0.9989605353211968,0.9962721031228639,audit_only_not_for_training_or_tuning
37,policy_mean,172,0.9989644002994645,0.9962600149649018,audit_only_not_for_training_or_tuning
37,policy_mean,173,0.9989729744665847,0.9962479268069397,audit_only_not_for_training_or_tuning
37,policy_mean,174,0.998894637046267,0.9962358386489777,audit_only_not_for_training_or_tuning
37,policy_mean,175,0.99881197501124,0.9962237504910156,audit_only_not_for_training_or_tuning
37,policy_mean,176,0.9987771467413382,0.9962116623330536,audit_only_not_for_training_or_tuning
37,policy_mean,177,0.99881080505547,0.9961995741750915,audit_only_not_for_training_or_tuning
37,policy_mean,178,0.9987449794166997,0.9961874860171295,audit_only_not_for_training_or_tuning
37,policy_mean,179,0.998530024384936,0.9961753978591674,audit_only_not_for_training_or_tuning
37,policy_mean,180,0.9986474588001952,0.9961633097012054,audit_only_not_for_training_or_tuning
37,policy_mean,181,0.9988657595672255,0.9961512215432433,audit_only_not_for_training_or_tuning
37,policy_mean,182,0.9988292630232369,0.9961391333852813,audit_only_not_for_training_or_tuning
37,policy_mean,183,0.9987077654192649,0.9961270452273192,audit_only_not_for_training_or_tuning
37,policy_mean,184,0.9987001056256037,0.9961149570693572,audit_only_not_for_training_or_tuning
37,policy_mean,185,0.9985837068888352,0.9961028689113951,audit_only_not_for_training_or_tuning
37,policy_mean,186,0.9985536802697002,0.996090780753433,audit_only_not_for_training_or_tuning
37,policy_mean,187,0.9987131624270884,0.996078692595471,audit_only_not_for_training_or_tuning
37,policy_mean,188,0.998393901334613,0.9960666044375089,audit_only_not_for_training_or_tuning
37,policy_mean,189,0.9983069677327822,0.9960545162795469,audit_only_not_for_training_or_tuning
37,policy_mean,190,0.9983557241311424,0.9960424281215848,audit_only_not_for_training_or_tuning
37,policy_mean,191,0.9983223826892664,0.9960303399636228,audit_only_not_for_training_or_tuning
37,policy_mean,192,0.9983847849451661,0.9960182518056607,audit_only_not_for_training_or_tuning
37,policy_mean,193,0.9982200935456177,0.9960061636476987,audit_only_not_for_training_or_tuning
37,policy_mean,194,0.9980504132079374,0.9959940754897366,audit_only_not_for_training_or_tuning
37,policy_mean,195,0.998000737949729,0.9959819873317746,audit_only_not_for_training_or_tuning
37,policy_mean,196,0.9980450116130183,0.9959698991738125,audit_only_not_for_training_or_tuning
37,policy_mean,197,0.9978240598163379,0.9959578110158505,audit_only_not_for_training_or_tuning
37,policy_mean,198,0.9979519827477294,0.9959457228578884,audit_only_not_for_training_or_tuning
37,policy_mean,199,0.9979411958640689,0.9959336346999264,audit_only_not_for_training_or_tuning
37,policy_mean,200,0.9980038298240267,0.9959215465419643,audit_only_not_for_training_or_tuning
37,persist,151,0.999722463551094,0.996525954440067,audit_only_not_for_training_or_tuning
37,persist,152,0.9998023921710156,0.996525954440067,audit_only_not_for_training_or_tuning
37,persist,153,0.9997482012210062,0.996525954440067,audit_only_not_for_training_or_tuning
37,persist,154,0.9996550449152735,0.996525954440067,audit_only_not_for_training_or_tuning
37,persist,155,0.9994861053247808,0.996525954440067,audit_only_not_for_training_or_tuning
37,persist,156,0.9995205456383504,0.996525954440067,audit_only_not_for_training_or_tuning
37,persist,157,0.9995084834733873,0.996525954440067,audit_only_not_for_training_or_tuning
37,persist,158,0.9996566841559151,0.996525954440067,audit_only_not_for_training_or_tuning
37,persist,159,0.9994589045389342,0.996525954440067,audit_only_not_for_training_or_tuning
37,persist,160,0.9991381582188676,0.996525954440067,audit_only_not_for_training_or_tuning
37,persist,161,0.9991751493448735,0.996525954440067,audit_only_not_for_training_or_tuning
37,persist,162,0.9991537429534781,0.996525954440067,audit_only_not_for_training_or_tuning
37,persist,163,0.9991417035557028,0.996525954440067,audit_only_not_for_training_or_tuning
37,persist,164,0.9991154263745493,0.996525954440067,audit_only_not_for_training_or_tuning
37,persist,165,0.9990221733026606,0.996525954440067,audit_only_not_for_training_or_tuning
37,persist,166,0.9987820315256517,0.996525954440067,audit_only_not_for_training_or_tuning
37,persist,167,0.9991942935395929,0.996525954440067,audit_only_not_for_training_or_tuning
37,persist,168,0.9988702773412473,0.996525954440067,audit_only_not_for_training_or_tuning
37,persist,169,0.9986871484054342,0.996525954440067,audit_only_not_for_training_or_tuning
37,persist,170,0.9991252149089358,0.996525954440067,audit_only_not_for_training_or_tuning
37,persist,171,0.9989605353211968,0.996525954440067,audit_only_not_for_training_or_tuning
37,persist,172,0.9989644002994645,0.996525954440067,audit_only_not_for_training_or_tuning
37,persist,173,0.9989729744665847,0.996525954440067,audit_only_not_for_training_or_tuning
37,persist,174,0.998894637046267,0.996525954440067,audit_only_not_for_training_or_tuning
37,persist,175,0.99881197501124,0.996525954440067,audit_only_not_for_training_or_tuning
37,persist,176,0.9987771467413382,0.996525954440067,audit_only_not_for_training_or_tuning
37,persist,177,0.99881080505547,0.996525954440067,audit_only_not_for_training_or_tuning
37,persist,178,0.9987449794166997,0.996525954440067,audit_only_not_for_training_or_tuning
37,persist,179,0.998530024384936,0.996525954440067,audit_only_not_for_training_or_tuning
37,persist,180,0.9986474588001952,0.996525954440067,audit_only_not_for_training_or_tuning
37,persist,181,0.9988657595672255,0.996525954440067,audit_only_not_for_training_or_tuning
37,persist,182,0.9988292630232369,0.996525954440067,audit_only_not_for_training_or_tuning
37,persist,183,0.9987077654192649,0.996525954440067,audit_only_not_for_training_or_tuning
37,persist,184,0.9987001056256037,0.996525954440067,audit_only_not_for_training_or_tuning
37,persist,185,0.9985837068888352,0.996525954440067,audit_only_not_for_training_or_tuning
37,persist,186,0.9985536802697002,0.996525954440067,audit_only_not_for_training_or_tuning
37,persist,187,0.9987131624270884,0.996525954440067,audit_only_not_for_training_or_tuning
37,persist,188,0.998393901334613,0.996525954440067,audit_only_not_for_training_or_tuning
37,persist,189,0.9983069677327822,0.996525954440067,audit_only_not_for_training_or_tuning
37,persist,190,0.9983557241311424,0.996525954440067,audit_only_not_for_training_or_tuning
37,persist,191,0.9983223826892664,0.996525954440067,audit_only_not_for_training_or_tuning
37,persist,192,0.9983847849451661,0.996525954440067,audit_only_not_for_training_or_tuning
37,persist,193,0.9982200935456177,0.996525954440067,audit_only_not_for_training_or_tuning
37,persist,194,0.9980504132079374,0.996525954440067,audit_only_not_for_training_or_tuning
37,persist,195,0.998000737949729,0.996525954440067,audit_only_not_for_training_or_tuning
37,persist,196,0.9980450116130183,0.996525954440067,audit_only_not_for_training_or_tuning
37,persist,197,0.9978240598163379,0.996525954440067,audit_only_not_for_training_or_tuning
37,persist,198,0.9979519827477294,0.996525954440067,audit_only_not_for_training_or_tuning
37,persist,199,0.9979411958640689,0.996525954440067,audit_only_not_for_training_or_tuning
37,persist,200,0.9980038298240267,0.996525954440067,audit_only_not_for_training_or_tuning
37,fusion_pbt_batterygpt,151,0.999722463551094,0.9964883853510413,audit_only_not_for_training_or_tuning
37,fusion_pbt_batterygpt,152,0.9998023921710156,0.9964508162620158,audit_only_not_for_training_or_tuning
37,fusion_pbt_batterygpt,153,0.9997482012210062,0.9964132471729902,audit_only_not_for_training_or_tuning
37,fusion_pbt_batterygpt,154,0.9996550449152735,0.9963756780839645,audit_only_not_for_training_or_tuning
37,fusion_pbt_batterygpt,155,0.9994861053247808,0.996338108994939,audit_only_not_for_training_or_tuning
37,fusion_pbt_batterygpt,156,0.9995205456383504,0.9963005399059134,audit_only_not_for_training_or_tuning
37,fusion_pbt_batterygpt,157,0.9995084834733873,0.9962629708168877,audit_only_not_for_training_or_tuning
37,fusion_pbt_batterygpt,158,0.9996566841559151,0.9962254017278621,audit_only_not_for_training_or_tuning
37,fusion_pbt_batterygpt,159,0.9994589045389342,0.9961878326388366,audit_only_not_for_training_or_tuning
37,fusion_pbt_batterygpt,160,0.9991381582188676,0.996150263549811,audit_only_not_for_training_or_tuning
37,fusion_pbt_batterygpt,161,0.9991751493448735,0.9961126944607853,audit_only_not_for_training_or_tuning
37,fusion_pbt_batterygpt,162,0.9991537429534781,0.9960751253717598,audit_only_not_for_training_or_tuning
37,fusion_pbt_batterygpt,163,0.9991417035557028,0.9960375562827342,audit_only_not_for_training_or_tuning
37,fusion_pbt_batterygpt,164,0.9991154263745493,0.9959999871937085,audit_only_not_for_training_or_tuning
37,fusion_pbt_batterygpt,165,0.9990221733026606,0.9959624181046829,audit_only_not_for_training_or_tuning
37,fusion_pbt_batterygpt,166,0.9987820315256517,0.9959248490156574,audit_only_not_for_training_or_tuning
37,fusion_pbt_batterygpt,167,0.9991942935395929,0.9958872799266317,audit_only_not_for_training_or_tuning
37,fusion_pbt_batterygpt,168,0.9988702773412473,0.9958497108376061,audit_only_not_for_training_or_tuning
37,fusion_pbt_batterygpt,169,0.9986871484054342,0.9958121417485806,audit_only_not_for_training_or_tuning
37,fusion_pbt_batterygpt,170,0.9991252149089358,0.9957745726595549,audit_only_not_for_training_or_tuning
37,fusion_pbt_batterygpt,171,0.9989605353211968,0.9957370035705293,audit_only_not_for_training_or_tuning
37,fusion_pbt_batterygpt,172,0.9989644002994645,0.9956994344815038,audit_only_not_for_training_or_tuning
37,fusion_pbt_batterygpt,173,0.9989729744665847,0.9956618653924781,audit_only_not_for_training_or_tuning
37,fusion_pbt_batterygpt,174,0.998894637046267,0.9956242963034525,audit_only_not_for_training_or_tuning
37,fusion_pbt_batterygpt,175,0.99881197501124,0.995586727214427,audit_only_not_for_training_or_tuning
37,fusion_pbt_batterygpt,176,0.9987771467413382,0.9955491581254013,audit_only_not_for_training_or_tuning
37,fusion_pbt_batterygpt,177,0.99881080505547,0.9955115890363757,audit_only_not_for_training_or_tuning
37,fusion_pbt_batterygpt,178,0.9987449794166997,0.9954740199473501,audit_only_not_for_training_or_tuning
37,fusion_pbt_batterygpt,179,0.998530024384936,0.9954364508583246,audit_only_not_for_training_or_tuning
37,fusion_pbt_batterygpt,180,0.9986474588001952,0.9953988817692989,audit_only_not_for_training_or_tuning
37,fusion_pbt_batterygpt,181,0.9988657595672255,0.9953613126802733,audit_only_not_for_training_or_tuning
37,fusion_pbt_batterygpt,182,0.9988292630232369,0.9953237435912478,audit_only_not_for_training_or_tuning
37,fusion_pbt_batterygpt,183,0.9987077654192649,0.9952861745022221,audit_only_not_for_training_or_tuning
37,fusion_pbt_batterygpt,184,0.9987001056256037,0.9952486054131965,audit_only_not_for_training_or_tuning
37,fusion_pbt_batterygpt,185,0.9985837068888352,0.9952110363241709,audit_only_not_for_training_or_tuning
37,fusion_pbt_batterygpt,186,0.9985536802697002,0.9951734672351453,audit_only_not_for_training_or_tuning
37,fusion_pbt_batterygpt,187,0.9987131624270884,0.9951358981461197,audit_only_not_for_training_or_tuning
37,fusion_pbt_batterygpt,188,0.998393901334613,0.995098329057094,audit_only_not_for_training_or_tuning
37,fusion_pbt_batterygpt,189,0.9983069677327822,0.9950607599680685,audit_only_not_for_training_or_tuning
37,fusion_pbt_batterygpt,190,0.9983557241311424,0.9950231908790429,audit_only_not_for_training_or_tuning
37,fusion_pbt_batterygpt,191,0.9983223826892664,0.9949856217900173,audit_only_not_for_training_or_tuning
37,fusion_pbt_batterygpt,192,0.9983847849451661,0.9949480527009917,audit_only_not_for_training_or_tuning
37,fusion_pbt_batterygpt,193,0.9982200935456177,0.9949104836119661,audit_only_not_for_training_or_tuning
37,fusion_pbt_batterygpt,194,0.9980504132079374,0.9948729145229405,audit_only_not_for_training_or_tuning
37,fusion_pbt_batterygpt,195,0.998000737949729,0.9948353454339149,audit_only_not_for_training_or_tuning
37,fusion_pbt_batterygpt,196,0.9980450116130183,0.9947977763448893,audit_only_not_for_training_or_tuning
37,fusion_pbt_batterygpt,197,0.9978240598163379,0.9947602072558637,audit_only_not_for_training_or_tuning
37,fusion_pbt_batterygpt,198,0.9979519827477294,0.994722638166838,audit_only_not_for_training_or_tuning
37,fusion_pbt_batterygpt,199,0.9979411958640689,0.9946850690778125,audit_only_not_for_training_or_tuning
37,fusion_pbt_batterygpt,200,0.9980038298240267,0.9946474999887869,audit_only_not_for_training_or_tuning
38,linear_recent,151,0.9994323551665699,0.9956844278610579,audit_only_not_for_training_or_tuning
38,linear_recent,152,0.9991265333430837,0.9956482400296569,audit_only_not_for_training_or_tuning
38,linear_recent,153,0.9992633625176609,0.9956120521982559,audit_only_not_for_training_or_tuning
38,linear_recent,154,0.9993398998443543,0.995575864366855,audit_only_not_for_training_or_tuning
38,linear_recent,155,0.9992241267354623,0.9955396765354539,audit_only_not_for_training_or_tuning
38,linear_recent,156,0.9991013522292724,0.9955034887040529,audit_only_not_for_training_or_tuning
38,linear_recent,157,0.9991980320154112,0.9954673008726519,audit_only_not_for_training_or_tuning
38,linear_recent,158,0.999047808406708,0.9954311130412509,audit_only_not_for_training_or_tuning
38,linear_recent,159,0.9989322406831556,0.99539492520985,audit_only_not_for_training_or_tuning
38,linear_recent,160,0.9989052216429439,0.9953587373784489,audit_only_not_for_training_or_tuning
38,linear_recent,161,0.9988592126668696,0.9953225495470479,audit_only_not_for_training_or_tuning
38,linear_recent,162,0.9986546444254922,0.9952863617156469,audit_only_not_for_training_or_tuning
38,linear_recent,163,0.998967055836414,0.995250173884246,audit_only_not_for_training_or_tuning
38,linear_recent,164,0.9989879980337097,0.995213986052845,audit_only_not_for_training_or_tuning
38,linear_recent,165,0.9987053756770099,0.9951777982214439,audit_only_not_for_training_or_tuning
38,linear_recent,166,0.9986630910985764,0.9951416103900429,audit_only_not_for_training_or_tuning
38,linear_recent,167,0.9986475186371535,0.9951054225586419,audit_only_not_for_training_or_tuning
38,linear_recent,168,0.9985228992604247,0.995069234727241,audit_only_not_for_training_or_tuning
38,linear_recent,169,0.9985541268561476,0.9950330468958399,audit_only_not_for_training_or_tuning
38,linear_recent,170,0.9985167637718546,0.9949968590644389,audit_only_not_for_training_or_tuning
38,linear_recent,171,0.9985724121075457,0.9949606712330379,audit_only_not_for_training_or_tuning
38,linear_recent,172,0.998686546815813,0.994924483401637,audit_only_not_for_training_or_tuning
38,linear_recent,173,0.9986275199423211,0.994888295570236,audit_only_not_for_training_or_tuning
38,linear_recent,174,0.9985748129045573,0.9948521077388349,audit_only_not_for_training_or_tuning
38,linear_recent,175,0.9985042351307062,0.9948159199074339,audit_only_not_for_training_or_tuning
38,linear_recent,176,0.9984789850982646,0.9947797320760329,audit_only_not_for_training_or_tuning
38,linear_recent,177,0.9984660884482555,0.994743544244632,audit_only_not_for_training_or_tuning
38,linear_recent,178,0.9983995955900232,0.9947073564132309,audit_only_not_for_training_or_tuning
38,linear_recent,179,0.9982876468490612,0.9946711685818299,audit_only_not_for_training_or_tuning
38,linear_recent,180,0.9983673702114374,0.9946349807504289,audit_only_not_for_training_or_tuning
38,linear_recent,181,0.9980806638979414,0.994598792919028,audit_only_not_for_training_or_tuning
38,linear_recent,182,0.9983132057647013,0.994562605087627,audit_only_not_for_training_or_tuning
38,linear_recent,183,0.9982358488185368,0.9945264172562259,audit_only_not_for_training_or_tuning
38,linear_recent,184,0.9981389793426129,0.9944902294248249,audit_only_not_for_training_or_tuning
38,linear_recent,185,0.9980152115027686,0.9944540415934239,audit_only_not_for_training_or_tuning
38,linear_recent,186,0.9981498762474572,0.994417853762023,audit_only_not_for_training_or_tuning
38,linear_recent,187,0.9980564562433348,0.9943816659306219,audit_only_not_for_training_or_tuning
38,linear_recent,188,0.9978173276159013,0.9943454780992209,audit_only_not_for_training_or_tuning
38,linear_recent,189,0.9979865272498847,0.9943092902678199,audit_only_not_for_training_or_tuning
38,linear_recent,190,0.997941263975814,0.994273102436419,audit_only_not_for_training_or_tuning
38,linear_recent,191,0.9979156242722483,0.994236914605018,audit_only_not_for_training_or_tuning
38,linear_recent,192,0.9977921625478177,0.9942007267736169,audit_only_not_for_training_or_tuning
38,linear_recent,193,0.997825113399842,0.9941645389422159,audit_only_not_for_training_or_tuning
38,linear_recent,194,0.9975209629503765,0.9941283511108149,audit_only_not_for_training_or_tuning
38,linear_recent,195,0.9975567717825305,0.994092163279414,audit_only_not_for_training_or_tuning
38,linear_recent,196,0.997236598851357,0.9940559754480129,audit_only_not_for_training_or_tuning
38,linear_recent,197,0.9971868000911255,0.9940197876166119,audit_only_not_for_training_or_tuning
38,linear_recent,198,0.997312825203589,0.9939835997852109,audit_only_not_for_training_or_tuning
38,linear_recent,199,0.9972283209648057,0.99394741195381,audit_only_not_for_training_or_tuning
38,linear_recent,200,0.9972757889178399,0.993911224122409,audit_only_not_for_training_or_tuning
38,policy_mean,151,0.9994323551665699,0.9957093120982842,audit_only_not_for_training_or_tuning
38,policy_mean,152,0.9991265333430837,0.9956980085041094,audit_only_not_for_training_or_tuning
38,policy_mean,153,0.9992633625176609,0.9956867049099346,audit_only_not_for_training_or_tuning
38,policy_mean,154,0.9993398998443543,0.9956754013157598,audit_only_not_for_training_or_tuning
38,policy_mean,155,0.9992241267354623,0.995664097721585,audit_only_not_for_training_or_tuning
38,policy_mean,156,0.9991013522292724,0.9956527941274103,audit_only_not_for_training_or_tuning
38,policy_mean,157,0.9991980320154112,0.9956414905332355,audit_only_not_for_training_or_tuning
38,policy_mean,158,0.999047808406708,0.9956301869390607,audit_only_not_for_training_or_tuning
38,policy_mean,159,0.9989322406831556,0.9956188833448859,audit_only_not_for_training_or_tuning
38,policy_mean,160,0.9989052216429439,0.9956075797507111,audit_only_not_for_training_or_tuning
38,policy_mean,161,0.9988592126668696,0.9955962761565363,audit_only_not_for_training_or_tuning
38,policy_mean,162,0.9986546444254922,0.9955849725623616,audit_only_not_for_training_or_tuning
38,policy_mean,163,0.998967055836414,0.9955736689681868,audit_only_not_for_training_or_tuning
38,policy_mean,164,0.9989879980337097,0.995562365374012,audit_only_not_for_training_or_tuning
38,policy_mean,165,0.9987053756770099,0.9955510617798372,audit_only_not_for_training_or_tuning
38,policy_mean,166,0.9986630910985764,0.9955397581856624,audit_only_not_for_training_or_tuning
38,policy_mean,167,0.9986475186371535,0.9955284545914875,audit_only_not_for_training_or_tuning
38,policy_mean,168,0.9985228992604247,0.9955171509973127,audit_only_not_for_training_or_tuning
38,policy_mean,169,0.9985541268561476,0.995505847403138,audit_only_not_for_training_or_tuning
38,policy_mean,170,0.9985167637718546,0.9954945438089632,audit_only_not_for_training_or_tuning
38,policy_mean,171,0.9985724121075457,0.9954832402147884,audit_only_not_for_training_or_tuning
38,policy_mean,172,0.998686546815813,0.9954719366206136,audit_only_not_for_training_or_tuning
38,policy_mean,173,0.9986275199423211,0.9954606330264388,audit_only_not_for_training_or_tuning
38,policy_mean,174,0.9985748129045573,0.995449329432264,audit_only_not_for_training_or_tuning
38,policy_mean,175,0.9985042351307062,0.9954380258380893,audit_only_not_for_training_or_tuning
38,policy_mean,176,0.9984789850982646,0.9954267222439145,audit_only_not_for_training_or_tuning
38,policy_mean,177,0.9984660884482555,0.9954154186497397,audit_only_not_for_training_or_tuning
38,policy_mean,178,0.9983995955900232,0.9954041150555649,audit_only_not_for_training_or_tuning
38,policy_mean,179,0.9982876468490612,0.9953928114613901,audit_only_not_for_training_or_tuning
38,policy_mean,180,0.9983673702114374,0.9953815078672154,audit_only_not_for_training_or_tuning
38,policy_mean,181,0.9980806638979414,0.9953702042730406,audit_only_not_for_training_or_tuning
38,policy_mean,182,0.9983132057647013,0.9953589006788658,audit_only_not_for_training_or_tuning
38,policy_mean,183,0.9982358488185368,0.995347597084691,audit_only_not_for_training_or_tuning
38,policy_mean,184,0.9981389793426129,0.9953362934905162,audit_only_not_for_training_or_tuning
38,policy_mean,185,0.9980152115027686,0.9953249898963414,audit_only_not_for_training_or_tuning
38,policy_mean,186,0.9981498762474572,0.9953136863021665,audit_only_not_for_training_or_tuning
38,policy_mean,187,0.9980564562433348,0.9953023827079918,audit_only_not_for_training_or_tuning
38,policy_mean,188,0.9978173276159013,0.995291079113817,audit_only_not_for_training_or_tuning
38,policy_mean,189,0.9979865272498847,0.9952797755196422,audit_only_not_for_training_or_tuning
38,policy_mean,190,0.997941263975814,0.9952684719254674,audit_only_not_for_training_or_tuning
38,policy_mean,191,0.9979156242722483,0.9952571683312926,audit_only_not_for_training_or_tuning
38,policy_mean,192,0.9977921625478177,0.9952458647371178,audit_only_not_for_training_or_tuning
38,policy_mean,193,0.997825113399842,0.9952345611429431,audit_only_not_for_training_or_tuning
38,policy_mean,194,0.9975209629503765,0.9952232575487683,audit_only_not_for_training_or_tuning
38,policy_mean,195,0.9975567717825305,0.9952119539545935,audit_only_not_for_training_or_tuning
38,policy_mean,196,0.997236598851357,0.9952006503604187,audit_only_not_for_training_or_tuning
38,policy_mean,197,0.9971868000911255,0.9951893467662439,audit_only_not_for_training_or_tuning
38,policy_mean,198,0.997312825203589,0.9951780431720691,audit_only_not_for_training_or_tuning
38,policy_mean,199,0.9972283209648057,0.9951667395778944,audit_only_not_for_training_or_tuning
38,policy_mean,200,0.9972757889178399,0.9951554359837196,audit_only_not_for_training_or_tuning
38,persist,151,0.9994323551665699,0.995720615692459,audit_only_not_for_training_or_tuning
38,persist,152,0.9991265333430837,0.995720615692459,audit_only_not_for_training_or_tuning
38,persist,153,0.9992633625176609,0.995720615692459,audit_only_not_for_training_or_tuning
38,persist,154,0.9993398998443543,0.995720615692459,audit_only_not_for_training_or_tuning
38,persist,155,0.9992241267354623,0.995720615692459,audit_only_not_for_training_or_tuning
38,persist,156,0.9991013522292724,0.995720615692459,audit_only_not_for_training_or_tuning
38,persist,157,0.9991980320154112,0.995720615692459,audit_only_not_for_training_or_tuning
38,persist,158,0.999047808406708,0.995720615692459,audit_only_not_for_training_or_tuning
38,persist,159,0.9989322406831556,0.995720615692459,audit_only_not_for_training_or_tuning
38,persist,160,0.9989052216429439,0.995720615692459,audit_only_not_for_training_or_tuning
38,persist,161,0.9988592126668696,0.995720615692459,audit_only_not_for_training_or_tuning
38,persist,162,0.9986546444254922,0.995720615692459,audit_only_not_for_training_or_tuning
38,persist,163,0.998967055836414,0.995720615692459,audit_only_not_for_training_or_tuning
38,persist,164,0.9989879980337097,0.995720615692459,audit_only_not_for_training_or_tuning
38,persist,165,0.9987053756770099,0.995720615692459,audit_only_not_for_training_or_tuning
38,persist,166,0.9986630910985764,0.995720615692459,audit_only_not_for_training_or_tuning
38,persist,167,0.9986475186371535,0.995720615692459,audit_only_not_for_training_or_tuning
38,persist,168,0.9985228992604247,0.995720615692459,audit_only_not_for_training_or_tuning
38,persist,169,0.9985541268561476,0.995720615692459,audit_only_not_for_training_or_tuning
38,persist,170,0.9985167637718546,0.995720615692459,audit_only_not_for_training_or_tuning
38,persist,171,0.9985724121075457,0.995720615692459,audit_only_not_for_training_or_tuning
38,persist,172,0.998686546815813,0.995720615692459,audit_only_not_for_training_or_tuning
38,persist,173,0.9986275199423211,0.995720615692459,audit_only_not_for_training_or_tuning
38,persist,174,0.9985748129045573,0.995720615692459,audit_only_not_for_training_or_tuning
38,persist,175,0.9985042351307062,0.995720615692459,audit_only_not_for_training_or_tuning
38,persist,176,0.9984789850982646,0.995720615692459,audit_only_not_for_training_or_tuning
38,persist,177,0.9984660884482555,0.995720615692459,audit_only_not_for_training_or_tuning
38,persist,178,0.9983995955900232,0.995720615692459,audit_only_not_for_training_or_tuning
38,persist,179,0.9982876468490612,0.995720615692459,audit_only_not_for_training_or_tuning
38,persist,180,0.9983673702114374,0.995720615692459,audit_only_not_for_training_or_tuning
38,persist,181,0.9980806638979414,0.995720615692459,audit_only_not_for_training_or_tuning
38,persist,182,0.9983132057647013,0.995720615692459,audit_only_not_for_training_or_tuning
38,persist,183,0.9982358488185368,0.995720615692459,audit_only_not_for_training_or_tuning
38,persist,184,0.9981389793426129,0.995720615692459,audit_only_not_for_training_or_tuning
38,persist,185,0.9980152115027686,0.995720615692459,audit_only_not_for_training_or_tuning
38,persist,186,0.9981498762474572,0.995720615692459,audit_only_not_for_training_or_tuning
38,persist,187,0.9980564562433348,0.995720615692459,audit_only_not_for_training_or_tuning
38,persist,188,0.9978173276159013,0.995720615692459,audit_only_not_for_training_or_tuning
38,persist,189,0.9979865272498847,0.995720615692459,audit_only_not_for_training_or_tuning
38,persist,190,0.997941263975814,0.995720615692459,audit_only_not_for_training_or_tuning
38,persist,191,0.9979156242722483,0.995720615692459,audit_only_not_for_training_or_tuning
38,persist,192,0.9977921625478177,0.995720615692459,audit_only_not_for_training_or_tuning
38,persist,193,0.997825113399842,0.995720615692459,audit_only_not_for_training_or_tuning
38,persist,194,0.9975209629503765,0.995720615692459,audit_only_not_for_training_or_tuning
38,persist,195,0.9975567717825305,0.995720615692459,audit_only_not_for_training_or_tuning
38,persist,196,0.997236598851357,0.995720615692459,audit_only_not_for_training_or_tuning
38,persist,197,0.9971868000911255,0.995720615692459,audit_only_not_for_training_or_tuning
38,persist,198,0.997312825203589,0.995720615692459,audit_only_not_for_training_or_tuning
38,persist,199,0.9972283209648057,0.995720615692459,audit_only_not_for_training_or_tuning
38,persist,200,0.9972757889178399,0.995720615692459,audit_only_not_for_training_or_tuning
38,fusion_pbt_batterygpt,151,0.9994323551665699,0.9956766120466761,audit_only_not_for_training_or_tuning
38,fusion_pbt_batterygpt,152,0.9991265333430837,0.9956326084008933,audit_only_not_for_training_or_tuning
38,fusion_pbt_batterygpt,153,0.9992633625176609,0.9955886047551106,audit_only_not_for_training_or_tuning
38,fusion_pbt_batterygpt,154,0.9993398998443543,0.9955446011093277,audit_only_not_for_training_or_tuning
38,fusion_pbt_batterygpt,155,0.9992241267354623,0.9955005974635449,audit_only_not_for_training_or_tuning
38,fusion_pbt_batterygpt,156,0.9991013522292724,0.9954565938177621,audit_only_not_for_training_or_tuning
38,fusion_pbt_batterygpt,157,0.9991980320154112,0.9954125901719794,audit_only_not_for_training_or_tuning
38,fusion_pbt_batterygpt,158,0.999047808406708,0.9953685865261965,audit_only_not_for_training_or_tuning
38,fusion_pbt_batterygpt,159,0.9989322406831556,0.9953245828804137,audit_only_not_for_training_or_tuning
38,fusion_pbt_batterygpt,160,0.9989052216429439,0.9952805792346309,audit_only_not_for_training_or_tuning
38,fusion_pbt_batterygpt,161,0.9988592126668696,0.9952365755888481,audit_only_not_for_training_or_tuning
38,fusion_pbt_batterygpt,162,0.9986546444254922,0.9951925719430653,audit_only_not_for_training_or_tuning
38,fusion_pbt_batterygpt,163,0.998967055836414,0.9951485682972825,audit_only_not_for_training_or_tuning
38,fusion_pbt_batterygpt,164,0.9989879980337097,0.9951045646514997,audit_only_not_for_training_or_tuning
38,fusion_pbt_batterygpt,165,0.9987053756770099,0.9950605610057169,audit_only_not_for_training_or_tuning
38,fusion_pbt_batterygpt,166,0.9986630910985764,0.9950165573599341,audit_only_not_for_training_or_tuning
38,fusion_pbt_batterygpt,167,0.9986475186371535,0.9949725537141513,audit_only_not_for_training_or_tuning
38,fusion_pbt_batterygpt,168,0.9985228992604247,0.9949285500683684,audit_only_not_for_training_or_tuning
38,fusion_pbt_batterygpt,169,0.9985541268561476,0.9948845464225857,audit_only_not_for_training_or_tuning
38,fusion_pbt_batterygpt,170,0.9985167637718546,0.9948405427768029,audit_only_not_for_training_or_tuning
38,fusion_pbt_batterygpt,171,0.9985724121075457,0.9947965391310201,audit_only_not_for_training_or_tuning
38,fusion_pbt_batterygpt,172,0.998686546815813,0.9947525354852372,audit_only_not_for_training_or_tuning
38,fusion_pbt_batterygpt,173,0.9986275199423211,0.9947085318394545,audit_only_not_for_training_or_tuning
38,fusion_pbt_batterygpt,174,0.9985748129045573,0.9946645281936717,audit_only_not_for_training_or_tuning
38,fusion_pbt_batterygpt,175,0.9985042351307062,0.9946205245478889,audit_only_not_for_training_or_tuning
38,fusion_pbt_batterygpt,176,0.9984789850982646,0.994576520902106,audit_only_not_for_training_or_tuning
38,fusion_pbt_batterygpt,177,0.9984660884482555,0.9945325172563232,audit_only_not_for_training_or_tuning
38,fusion_pbt_batterygpt,178,0.9983995955900232,0.9944885136105405,audit_only_not_for_training_or_tuning
38,fusion_pbt_batterygpt,179,0.9982876468490612,0.9944445099647576,audit_only_not_for_training_or_tuning
38,fusion_pbt_batterygpt,180,0.9983673702114374,0.9944005063189748,audit_only_not_for_training_or_tuning
38,fusion_pbt_batterygpt,181,0.9980806638979414,0.994356502673192,audit_only_not_for_training_or_tuning
38,fusion_pbt_batterygpt,182,0.9983132057647013,0.9943124990274093,audit_only_not_for_training_or_tuning
38,fusion_pbt_batterygpt,183,0.9982358488185368,0.9942684953816264,audit_only_not_for_training_or_tuning
38,fusion_pbt_batterygpt,184,0.9981389793426129,0.9942244917358436,audit_only_not_for_training_or_tuning
38,fusion_pbt_batterygpt,185,0.9980152115027686,0.9941804880900608,audit_only_not_for_training_or_tuning
38,fusion_pbt_batterygpt,186,0.9981498762474572,0.994136484444278,audit_only_not_for_training_or_tuning
38,fusion_pbt_batterygpt,187,0.9980564562433348,0.9940924807984952,audit_only_not_for_training_or_tuning
38,fusion_pbt_batterygpt,188,0.9978173276159013,0.9940484771527124,audit_only_not_for_training_or_tuning
38,fusion_pbt_batterygpt,189,0.9979865272498847,0.9940044735069296,audit_only_not_for_training_or_tuning
38,fusion_pbt_batterygpt,190,0.997941263975814,0.9939604698611468,audit_only_not_for_training_or_tuning
38,fusion_pbt_batterygpt,191,0.9979156242722483,0.993916466215364,audit_only_not_for_training_or_tuning
38,fusion_pbt_batterygpt,192,0.9977921625478177,0.9938724625695812,audit_only_not_for_training_or_tuning
38,fusion_pbt_batterygpt,193,0.997825113399842,0.9938284589237983,audit_only_not_for_training_or_tuning
38,fusion_pbt_batterygpt,194,0.9975209629503765,0.9937844552780156,audit_only_not_for_training_or_tuning
38,fusion_pbt_batterygpt,195,0.9975567717825305,0.9937404516322328,audit_only_not_for_training_or_tuning
38,fusion_pbt_batterygpt,196,0.997236598851357,0.99369644798645,audit_only_not_for_training_or_tuning
38,fusion_pbt_batterygpt,197,0.9971868000911255,0.9936524443406671,audit_only_not_for_training_or_tuning
38,fusion_pbt_batterygpt,198,0.997312825203589,0.9936084406948844,audit_only_not_for_training_or_tuning
38,fusion_pbt_batterygpt,199,0.9972283209648057,0.9935644370491016,audit_only_not_for_training_or_tuning
38,fusion_pbt_batterygpt,200,0.9972757889178399,0.9935204334033187,audit_only_not_for_training_or_tuning
39,linear_recent,151,0.9986982147520737,0.9963507722234087,audit_only_not_for_training_or_tuning
39,linear_recent,152,0.9987073829018899,0.9963192581619773,audit_only_not_for_training_or_tuning
39,linear_recent,153,0.9990728063953921,0.9962877441005459,audit_only_not_for_training_or_tuning
39,linear_recent,154,0.9988676843544682,0.9962562300391145,audit_only_not_for_training_or_tuning
39,linear_recent,155,0.9986704647000767,0.996224715977683,audit_only_not_for_training_or_tuning
39,linear_recent,156,0.9985640251248001,0.9961932019162516,audit_only_not_for_training_or_tuning
39,linear_recent,157,0.9985710200584927,0.9961616878548202,audit_only_not_for_training_or_tuning
39,linear_recent,158,0.9984035082120046,0.9961301737933889,audit_only_not_for_training_or_tuning
39,linear_recent,159,0.9985732046661893,0.9960986597319574,audit_only_not_for_training_or_tuning
39,linear_recent,160,0.9985211004094472,0.996067145670526,audit_only_not_for_training_or_tuning
39,linear_recent,161,0.9983190549106288,0.9960356316090946,audit_only_not_for_training_or_tuning
39,linear_recent,162,0.9985671822748744,0.9960041175476632,audit_only_not_for_training_or_tuning
39,linear_recent,163,0.9981055875179335,0.9959726034862317,audit_only_not_for_training_or_tuning
39,linear_recent,164,0.9984172831572392,0.9959410894248003,audit_only_not_for_training_or_tuning
39,linear_recent,165,0.9980621914009162,0.9959095753633689,audit_only_not_for_training_or_tuning
39,linear_recent,166,0.9981704156858743,0.9958780613019375,audit_only_not_for_training_or_tuning
39,linear_recent,167,0.9980249927349057,0.995846547240506,audit_only_not_for_training_or_tuning
39,linear_recent,168,0.9980692218066021,0.9958150331790746,audit_only_not_for_training_or_tuning
39,linear_recent,169,0.9982426441764891,0.9957835191176432,audit_only_not_for_training_or_tuning
39,linear_recent,170,0.9983023281776671,0.9957520050562119,audit_only_not_for_training_or_tuning
39,linear_recent,171,0.9980215498400957,0.9957204909947804,audit_only_not_for_training_or_tuning
39,linear_recent,172,0.9982828191873221,0.995688976933349,audit_only_not_for_training_or_tuning
39,linear_recent,173,0.9980648176775004,0.9956574628719176,audit_only_not_for_training_or_tuning
39,linear_recent,174,0.9982014201009011,0.9956259488104862,audit_only_not_for_training_or_tuning
39,linear_recent,175,0.9982843183013712,0.9955944347490547,audit_only_not_for_training_or_tuning
39,linear_recent,176,0.9977534328537674,0.9955629206876233,audit_only_not_for_training_or_tuning
39,linear_recent,177,0.9977596523760397,0.9955314066261919,audit_only_not_for_training_or_tuning
39,linear_recent,178,0.9977442358147512,0.9954998925647605,audit_only_not_for_training_or_tuning
39,linear_recent,179,0.9982204490094726,0.995468378503329,audit_only_not_for_training_or_tuning
39,linear_recent,180,0.9979596545888959,0.9954368644418976,audit_only_not_for_training_or_tuning
39,linear_recent,181,0.9980061915619398,0.9954053503804662,audit_only_not_for_training_or_tuning
39,linear_recent,182,0.9979876939826203,0.9953738363190348,audit_only_not_for_training_or_tuning
39,linear_recent,183,0.997886660341756,0.9953423222576034,audit_only_not_for_training_or_tuning
39,linear_recent,184,0.9979907940527915,0.995310808196172,audit_only_not_for_training_or_tuning
39,linear_recent,185,0.9976768006753083,0.9952792941347406,audit_only_not_for_training_or_tuning
39,linear_recent,186,0.9976464215296035,0.9952477800733092,audit_only_not_for_training_or_tuning
39,linear_recent,187,0.9974651230802497,0.9952162660118777,audit_only_not_for_training_or_tuning
39,linear_recent,188,0.9975089760674103,0.9951847519504463,audit_only_not_for_training_or_tuning
39,linear_recent,189,0.9973335095704926,0.9951532378890149,audit_only_not_for_training_or_tuning
39,linear_recent,190,0.997466152864436,0.9951217238275835,audit_only_not_for_training_or_tuning
39,linear_recent,191,0.9975573188133944,0.995090209766152,audit_only_not_for_training_or_tuning
39,linear_recent,192,0.9977123020610579,0.9950586957047206,audit_only_not_for_training_or_tuning
39,linear_recent,193,0.9972473980767012,0.9950271816432892,audit_only_not_for_training_or_tuning
39,linear_recent,194,0.9970938146007284,0.9949956675818578,audit_only_not_for_training_or_tuning
39,linear_recent,195,0.9968632625016082,0.9949641535204263,audit_only_not_for_training_or_tuning
39,linear_recent,196,0.9968786170758313,0.994932639458995,audit_only_not_for_training_or_tuning
39,linear_recent,197,0.9970326506747488,0.9949011253975636,audit_only_not_for_training_or_tuning
39,linear_recent,198,0.9971128121063464,0.9948696113361322,audit_only_not_for_training_or_tuning
39,linear_recent,199,0.9968945993375632,0.9948380972747007,audit_only_not_for_training_or_tuning
39,linear_recent,200,0.9969642017631458,0.9948065832132693,audit_only_not_for_training_or_tuning
39,policy_mean,151,0.9986982147520737,0.9963593219502421,audit_only_not_for_training_or_tuning
39,policy_mean,152,0.9987073829018899,0.9963363576156443,audit_only_not_for_training_or_tuning
39,policy_mean,153,0.9990728063953921,0.9963133932810465,audit_only_not_for_training_or_tuning
39,policy_mean,154,0.9988676843544682,0.9962904289464486,audit_only_not_for_training_or_tuning
39,policy_mean,155,0.9986704647000767,0.9962674646118508,audit_only_not_for_training_or_tuning
39,policy_mean,156,0.9985640251248001,0.9962445002772529,audit_only_not_for_training_or_tuning
39,policy_mean,157,0.9985710200584927,0.9962215359426551,audit_only_not_for_training_or_tuning
39,policy_mean,158,0.9984035082120046,0.9961985716080572,audit_only_not_for_training_or_tuning
39,policy_mean,159,0.9985732046661893,0.9961756072734593,audit_only_not_for_training_or_tuning
39,policy_mean,160,0.9985211004094472,0.9961526429388615,audit_only_not_for_training_or_tuning
39,policy_mean,161,0.9983190549106288,0.9961296786042636,audit_only_not_for_training_or_tuning
39,policy_mean,162,0.9985671822748744,0.9961067142696658,audit_only_not_for_training_or_tuning
39,policy_mean,163,0.9981055875179335,0.9960837499350679,audit_only_not_for_training_or_tuning
39,policy_mean,164,0.9984172831572392,0.9960607856004701,audit_only_not_for_training_or_tuning
39,policy_mean,165,0.9980621914009162,0.9960378212658723,audit_only_not_for_training_or_tuning
39,policy_mean,166,0.9981704156858743,0.9960148569312743,audit_only_not_for_training_or_tuning
39,policy_mean,167,0.9980249927349057,0.9959918925966765,audit_only_not_for_training_or_tuning
39,policy_mean,168,0.9980692218066021,0.9959689282620786,audit_only_not_for_training_or_tuning
39,policy_mean,169,0.9982426441764891,0.9959459639274808,audit_only_not_for_training_or_tuning
39,policy_mean,170,0.9983023281776671,0.995922999592883,audit_only_not_for_training_or_tuning
39,policy_mean,171,0.9980215498400957,0.9959000352582851,audit_only_not_for_training_or_tuning
39,policy_mean,172,0.9982828191873221,0.9958770709236873,audit_only_not_for_training_or_tuning
39,policy_mean,173,0.9980648176775004,0.9958541065890893,audit_only_not_for_training_or_tuning
39,policy_mean,174,0.9982014201009011,0.9958311422544915,audit_only_not_for_training_or_tuning
39,policy_mean,175,0.9982843183013712,0.9958081779198937,audit_only_not_for_training_or_tuning
39,policy_mean,176,0.9977534328537674,0.9957852135852958,audit_only_not_for_training_or_tuning
39,policy_mean,177,0.9977596523760397,0.995762249250698,audit_only_not_for_training_or_tuning
39,policy_mean,178,0.9977442358147512,0.9957392849161001,audit_only_not_for_training_or_tuning
39,policy_mean,179,0.9982204490094726,0.9957163205815023,audit_only_not_for_training_or_tuning
39,policy_mean,180,0.9979596545888959,0.9956933562469044,audit_only_not_for_training_or_tuning
39,policy_mean,181,0.9980061915619398,0.9956703919123066,audit_only_not_for_training_or_tuning
39,policy_mean,182,0.9979876939826203,0.9956474275777087,audit_only_not_for_training_or_tuning
39,policy_mean,183,0.997886660341756,0.9956244632431108,audit_only_not_for_training_or_tuning
39,policy_mean,184,0.9979907940527915,0.995601498908513,audit_only_not_for_training_or_tuning
39,policy_mean,185,0.9976768006753083,0.9955785345739151,audit_only_not_for_training_or_tuning
39,policy_mean,186,0.9976464215296035,0.9955555702393173,audit_only_not_for_training_or_tuning
39,policy_mean,187,0.9974651230802497,0.9955326059047195,audit_only_not_for_training_or_tuning
39,policy_mean,188,0.9975089760674103,0.9955096415701216,audit_only_not_for_training_or_tuning
39,policy_mean,189,0.9973335095704926,0.9954866772355238,audit_only_not_for_training_or_tuning
39,policy_mean,190,0.997466152864436,0.9954637129009258,audit_only_not_for_training_or_tuning
39,policy_mean,191,0.9975573188133944,0.995440748566328,audit_only_not_for_training_or_tuning
39,policy_mean,192,0.9977123020610579,0.9954177842317301,audit_only_not_for_training_or_tuning
39,policy_mean,193,0.9972473980767012,0.9953948198971323,audit_only_not_for_training_or_tuning
39,policy_mean,194,0.9970938146007284,0.9953718555625345,audit_only_not_for_training_or_tuning
39,policy_mean,195,0.9968632625016082,0.9953488912279366,audit_only_not_for_training_or_tuning
39,policy_mean,196,0.9968786170758313,0.9953259268933388,audit_only_not_for_training_or_tuning
39,policy_mean,197,0.9970326506747488,0.9953029625587408,audit_only_not_for_training_or_tuning
39,policy_mean,198,0.9971128121063464,0.995279998224143,audit_only_not_for_training_or_tuning
39,policy_mean,199,0.9968945993375632,0.9952570338895452,audit_only_not_for_training_or_tuning
39,policy_mean,200,0.9969642017631458,0.9952340695549473,audit_only_not_for_training_or_tuning
39,persist,151,0.9986982147520737,0.99638228628484,audit_only_not_for_training_or_tuning
39,persist,152,0.9987073829018899,0.99638228628484,audit_only_not_for_training_or_tuning
39,persist,153,0.9990728063953921,0.99638228628484,audit_only_not_for_training_or_tuning
39,persist,154,0.9988676843544682,0.99638228628484,audit_only_not_for_training_or_tuning
39,persist,155,0.9986704647000767,0.99638228628484,audit_only_not_for_training_or_tuning
39,persist,156,0.9985640251248001,0.99638228628484,audit_only_not_for_training_or_tuning
39,persist,157,0.9985710200584927,0.99638228628484,audit_only_not_for_training_or_tuning
39,persist,158,0.9984035082120046,0.99638228628484,audit_only_not_for_training_or_tuning
39,persist,159,0.9985732046661893,0.99638228628484,audit_only_not_for_training_or_tuning
39,persist,160,0.9985211004094472,0.99638228628484,audit_only_not_for_training_or_tuning
39,persist,161,0.9983190549106288,0.99638228628484,audit_only_not_for_training_or_tuning
39,persist,162,0.9985671822748744,0.99638228628484,audit_only_not_for_training_or_tuning
39,persist,163,0.9981055875179335,0.99638228628484,audit_only_not_for_training_or_tuning
39,persist,164,0.9984172831572392,0.99638228628484,audit_only_not_for_training_or_tuning
39,persist,165,0.9980621914009162,0.99638228628484,audit_only_not_for_training_or_tuning
39,persist,166,0.9981704156858743,0.99638228628484,audit_only_not_for_training_or_tuning
39,persist,167,0.9980249927349057,0.99638228628484,audit_only_not_for_training_or_tuning
39,persist,168,0.9980692218066021,0.99638228628484,audit_only_not_for_training_or_tuning
39,persist,169,0.9982426441764891,0.99638228628484,audit_only_not_for_training_or_tuning
39,persist,170,0.9983023281776671,0.99638228628484,audit_only_not_for_training_or_tuning
39,persist,171,0.9980215498400957,0.99638228628484,audit_only_not_for_training_or_tuning
39,persist,172,0.9982828191873221,0.99638228628484,audit_only_not_for_training_or_tuning
39,persist,173,0.9980648176775004,0.99638228628484,audit_only_not_for_training_or_tuning
39,persist,174,0.9982014201009011,0.99638228628484,audit_only_not_for_training_or_tuning
39,persist,175,0.9982843183013712,0.99638228628484,audit_only_not_for_training_or_tuning
39,persist,176,0.9977534328537674,0.99638228628484,audit_only_not_for_training_or_tuning
39,persist,177,0.9977596523760397,0.99638228628484,audit_only_not_for_training_or_tuning
39,persist,178,0.9977442358147512,0.99638228628484,audit_only_not_for_training_or_tuning
39,persist,179,0.9982204490094726,0.99638228628484,audit_only_not_for_training_or_tuning
39,persist,180,0.9979596545888959,0.99638228628484,audit_only_not_for_training_or_tuning
39,persist,181,0.9980061915619398,0.99638228628484,audit_only_not_for_training_or_tuning
39,persist,182,0.9979876939826203,0.99638228628484,audit_only_not_for_training_or_tuning
39,persist,183,0.997886660341756,0.99638228628484,audit_only_not_for_training_or_tuning
39,persist,184,0.9979907940527915,0.99638228628484,audit_only_not_for_training_or_tuning
39,persist,185,0.9976768006753083,0.99638228628484,audit_only_not_for_training_or_tuning
39,persist,186,0.9976464215296035,0.99638228628484,audit_only_not_for_training_or_tuning
39,persist,187,0.9974651230802497,0.99638228628484,audit_only_not_for_training_or_tuning
39,persist,188,0.9975089760674103,0.99638228628484,audit_only_not_for_training_or_tuning
39,persist,189,0.9973335095704926,0.99638228628484,audit_only_not_for_training_or_tuning
39,persist,190,0.997466152864436,0.99638228628484,audit_only_not_for_training_or_tuning
39,persist,191,0.9975573188133944,0.99638228628484,audit_only_not_for_training_or_tuning
39,persist,192,0.9977123020610579,0.99638228628484,audit_only_not_for_training_or_tuning
39,persist,193,0.9972473980767012,0.99638228628484,audit_only_not_for_training_or_tuning
39,persist,194,0.9970938146007284,0.99638228628484,audit_only_not_for_training_or_tuning
39,persist,195,0.9968632625016082,0.99638228628484,audit_only_not_for_training_or_tuning
39,persist,196,0.9968786170758313,0.99638228628484,audit_only_not_for_training_or_tuning
39,persist,197,0.9970326506747488,0.99638228628484,audit_only_not_for_training_or_tuning
39,persist,198,0.9971128121063464,0.99638228628484,audit_only_not_for_training_or_tuning
39,persist,199,0.9968945993375632,0.99638228628484,audit_only_not_for_training_or_tuning
39,persist,200,0.9969642017631458,0.99638228628484,audit_only_not_for_training_or_tuning
39,fusion_pbt_batterygpt,151,0.9986982147520737,0.9963418356635271,audit_only_not_for_training_or_tuning
39,fusion_pbt_batterygpt,152,0.9987073829018899,0.9963013850422142,audit_only_not_for_training_or_tuning
39,fusion_pbt_batterygpt,153,0.9990728063953921,0.9962609344209012,audit_only_not_for_training_or_tuning
39,fusion_pbt_batterygpt,154,0.9988676843544682,0.9962204837995883,audit_only_not_for_training_or_tuning
39,fusion_pbt_batterygpt,155,0.9986704647000767,0.9961800331782753,audit_only_not_for_training_or_tuning
39,fusion_pbt_batterygpt,156,0.9985640251248001,0.9961395825569624,audit_only_not_for_training_or_tuning
39,fusion_pbt_batterygpt,157,0.9985710200584927,0.9960991319356495,audit_only_not_for_training_or_tuning
39,fusion_pbt_batterygpt,158,0.9984035082120046,0.9960586813143365,audit_only_not_for_training_or_tuning
39,fusion_pbt_batterygpt,159,0.9985732046661893,0.9960182306930236,audit_only_not_for_training_or_tuning
39,fusion_pbt_batterygpt,160,0.9985211004094472,0.9959777800717107,audit_only_not_for_training_or_tuning
39,fusion_pbt_batterygpt,161,0.9983190549106288,0.9959373294503977,audit_only_not_for_training_or_tuning
39,fusion_pbt_batterygpt,162,0.9985671822748744,0.9958968788290848,audit_only_not_for_training_or_tuning
39,fusion_pbt_batterygpt,163,0.9981055875179335,0.9958564282077719,audit_only_not_for_training_or_tuning
39,fusion_pbt_batterygpt,164,0.9984172831572392,0.9958159775864589,audit_only_not_for_training_or_tuning
39,fusion_pbt_batterygpt,165,0.9980621914009162,0.995775526965146,audit_only_not_for_training_or_tuning
39,fusion_pbt_batterygpt,166,0.9981704156858743,0.9957350763438331,audit_only_not_for_training_or_tuning
39,fusion_pbt_batterygpt,167,0.9980249927349057,0.9956946257225201,audit_only_not_for_training_or_tuning
39,fusion_pbt_batterygpt,168,0.9980692218066021,0.9956541751012071,audit_only_not_for_training_or_tuning
39,fusion_pbt_batterygpt,169,0.9982426441764891,0.9956137244798943,audit_only_not_for_training_or_tuning
39,fusion_pbt_batterygpt,170,0.9983023281776671,0.9955732738585813,audit_only_not_for_training_or_tuning
39,fusion_pbt_batterygpt,171,0.9980215498400957,0.9955328232372683,audit_only_not_for_training_or_tuning
39,fusion_pbt_batterygpt,172,0.9982828191873221,0.9954923726159555,audit_only_not_for_training_or_tuning
39,fusion_pbt_batterygpt,173,0.9980648176775004,0.9954519219946425,audit_only_not_for_training_or_tuning
39,fusion_pbt_batterygpt,174,0.9982014201009011,0.9954114713733295,audit_only_not_for_training_or_tuning
39,fusion_pbt_batterygpt,175,0.9982843183013712,0.9953710207520166,audit_only_not_for_training_or_tuning
39,fusion_pbt_batterygpt,176,0.9977534328537674,0.9953305701307037,audit_only_not_for_training_or_tuning
39,fusion_pbt_batterygpt,177,0.9977596523760397,0.9952901195093907,audit_only_not_for_training_or_tuning
39,fusion_pbt_batterygpt,178,0.9977442358147512,0.9952496688880778,audit_only_not_for_training_or_tuning
39,fusion_pbt_batterygpt,179,0.9982204490094726,0.9952092182667649,audit_only_not_for_training_or_tuning
39,fusion_pbt_batterygpt,180,0.9979596545888959,0.9951687676454519,audit_only_not_for_training_or_tuning
39,fusion_pbt_batterygpt,181,0.9980061915619398,0.995128317024139,audit_only_not_for_training_or_tuning
39,fusion_pbt_batterygpt,182,0.9979876939826203,0.9950878664028261,audit_only_not_for_training_or_tuning
39,fusion_pbt_batterygpt,183,0.997886660341756,0.9950474157815131,audit_only_not_for_training_or_tuning
39,fusion_pbt_batterygpt,184,0.9979907940527915,0.9950069651602002,audit_only_not_for_training_or_tuning
39,fusion_pbt_batterygpt,185,0.9976768006753083,0.9949665145388873,audit_only_not_for_training_or_tuning
39,fusion_pbt_batterygpt,186,0.9976464215296035,0.9949260639175743,audit_only_not_for_training_or_tuning
39,fusion_pbt_batterygpt,187,0.9974651230802497,0.9948856132962614,audit_only_not_for_training_or_tuning
39,fusion_pbt_batterygpt,188,0.9975089760674103,0.9948451626749484,audit_only_not_for_training_or_tuning
39,fusion_pbt_batterygpt,189,0.9973335095704926,0.9948047120536355,audit_only_not_for_training_or_tuning
39,fusion_pbt_batterygpt,190,0.997466152864436,0.9947642614323225,audit_only_not_for_training_or_tuning
39,fusion_pbt_batterygpt,191,0.9975573188133944,0.9947238108110096,audit_only_not_for_training_or_tuning
39,fusion_pbt_batterygpt,192,0.9977123020610579,0.9946833601896967,audit_only_not_for_training_or_tuning
39,fusion_pbt_batterygpt,193,0.9972473980767012,0.9946429095683837,audit_only_not_for_training_or_tuning
39,fusion_pbt_batterygpt,194,0.9970938146007284,0.9946024589470708,audit_only_not_for_training_or_tuning
39,fusion_pbt_batterygpt,195,0.9968632625016082,0.9945620083257578,audit_only_not_for_training_or_tuning
39,fusion_pbt_batterygpt,196,0.9968786170758313,0.994521557704445,audit_only_not_for_training_or_tuning
39,fusion_pbt_batterygpt,197,0.9970326506747488,0.994481107083132,audit_only_not_for_training_or_tuning
39,fusion_pbt_batterygpt,198,0.9971128121063464,0.994440656461819,audit_only_not_for_training_or_tuning
39,fusion_pbt_batterygpt,199,0.9968945993375632,0.9944002058405061,audit_only_not_for_training_or_tuning
39,fusion_pbt_batterygpt,200,0.9969642017631458,0.9943597552191932,audit_only_not_for_training_or_tuning
40,linear_recent,151,0.9983294506678202,0.9953009300434047,audit_only_not_for_training_or_tuning
40,linear_recent,152,0.9982965240363373,0.9952627101979914,audit_only_not_for_training_or_tuning
40,linear_recent,153,0.9981862669630416,0.9952244903525781,audit_only_not_for_training_or_tuning
40,linear_recent,154,0.9980607242681379,0.9951862705071648,audit_only_not_for_training_or_tuning
40,linear_recent,155,0.9978541383970229,0.9951480506617515,audit_only_not_for_training_or_tuning
40,linear_recent,156,0.9981671832524418,0.9951098308163382,audit_only_not_for_training_or_tuning
40,linear_recent,157,0.9979090781215749,0.9950716109709249,audit_only_not_for_training_or_tuning
40,linear_recent,158,0.9977592933944642,0.9950333911255116,audit_only_not_for_training_or_tuning
40,linear_recent,159,0.9977827186522482,0.9949951712800983,audit_only_not_for_training_or_tuning
40,linear_recent,160,0.9980098842947801,0.994956951434685,audit_only_not_for_training_or_tuning
40,linear_recent,161,0.9974599443933847,0.9949187315892717,audit_only_not_for_training_or_tuning
40,linear_recent,162,0.9976152544692739,0.9948805117438584,audit_only_not_for_training_or_tuning
40,linear_recent,163,0.9976839590665842,0.9948422918984451,audit_only_not_for_training_or_tuning
40,linear_recent,164,0.9972911168424463,0.9948040720530318,audit_only_not_for_training_or_tuning
40,linear_recent,165,0.9976198326674297,0.9947658522076185,audit_only_not_for_training_or_tuning
40,linear_recent,166,0.9975909643214133,0.9947276323622052,audit_only_not_for_training_or_tuning
40,linear_recent,167,0.9975171551483437,0.9946894125167919,audit_only_not_for_training_or_tuning
40,linear_recent,168,0.997338815512195,0.9946511926713786,audit_only_not_for_training_or_tuning
40,linear_recent,169,0.9974710498554542,0.9946129728259653,audit_only_not_for_training_or_tuning
40,linear_recent,170,0.9973827750210322,0.994574752980552,audit_only_not_for_training_or_tuning
40,linear_recent,171,0.997587917970195,0.9945365331351387,audit_only_not_for_training_or_tuning
40,linear_recent,172,0.9971082803339234,0.9944983132897254,audit_only_not_for_training_or_tuning
40,linear_recent,173,0.9972411193423625,0.9944600934443121,audit_only_not_for_training_or_tuning
40,linear_recent,174,0.9971560212074027,0.9944218735988988,audit_only_not_for_training_or_tuning
40,linear_recent,175,0.9972442323254089,0.9943836537534855,audit_only_not_for_training_or_tuning
40,linear_recent,176,0.996917283817652,0.9943454339080722,audit_only_not_for_training_or_tuning
40,linear_recent,177,0.9969510872622025,0.9943072140626589,audit_only_not_for_training_or_tuning
40,linear_recent,178,0.9969797036596536,0.9942689942172456,audit_only_not_for_training_or_tuning
40,linear_recent,179,0.996724381941295,0.9942307743718323,audit_only_not_for_training_or_tuning
40,linear_recent,180,0.9968921213644638,0.994192554526419,audit_only_not_for_training_or_tuning
40,linear_recent,181,0.9966531166052724,0.9941543346810058,audit_only_not_for_training_or_tuning
40,linear_recent,182,0.9970130954359485,0.9941161148355925,audit_only_not_for_training_or_tuning
40,linear_recent,183,0.9966764089867236,0.9940778949901792,audit_only_not_for_training_or_tuning
40,linear_recent,184,0.996765640966392,0.9940396751447659,audit_only_not_for_training_or_tuning
40,linear_recent,185,0.9967261206310538,0.9940014552993526,audit_only_not_for_training_or_tuning
40,linear_recent,186,0.9966459991997918,0.9939632354539393,audit_only_not_for_training_or_tuning
40,linear_recent,187,0.9965475943662409,0.993925015608526,audit_only_not_for_training_or_tuning
40,linear_recent,188,0.9965545973359816,0.9938867957631127,audit_only_not_for_training_or_tuning
40,linear_recent,189,0.9964417028255942,0.9938485759176994,audit_only_not_for_training_or_tuning
40,linear_recent,190,0.9965615957995082,0.9938103560722861,audit_only_not_for_training_or_tuning
40,linear_recent,191,0.9960166692464091,0.9937721362268728,audit_only_not_for_training_or_tuning
40,linear_recent,192,0.9966144086498123,0.9937339163814595,audit_only_not_for_training_or_tuning
40,linear_recent,193,0.9963187247589679,0.9936956965360462,audit_only_not_for_training_or_tuning
40,linear_recent,194,0.9963439876664911,0.9936574766906329,audit_only_not_for_training_or_tuning
40,linear_recent,195,0.9962815636177498,0.9936192568452196,audit_only_not_for_training_or_tuning
40,linear_recent,196,0.995913418454197,0.9935810369998063,audit_only_not_for_training_or_tuning
40,linear_recent,197,0.9958989861874428,0.993542817154393,audit_only_not_for_training_or_tuning
40,linear_recent,198,0.9960096890898125,0.9935045973089797,audit_only_not_for_training_or_tuning
40,linear_recent,199,0.9956426820612739,0.9934663774635664,audit_only_not_for_training_or_tuning
40,linear_recent,200,0.995718711119314,0.9934281576181531,audit_only_not_for_training_or_tuning
40,policy_mean,151,0.9983294506678202,0.9953217498621129,audit_only_not_for_training_or_tuning
40,policy_mean,152,0.9982965240363373,0.9953043498354078,audit_only_not_for_training_or_tuning
40,policy_mean,153,0.9981862669630416,0.9952869498087027,audit_only_not_for_training_or_tuning
40,policy_mean,154,0.9980607242681379,0.9952695497819977,audit_only_not_for_training_or_tuning
40,policy_mean,155,0.9978541383970229,0.9952521497552925,audit_only_not_for_training_or_tuning
40,policy_mean,156,0.9981671832524418,0.9952347497285875,audit_only_not_for_training_or_tuning
40,policy_mean,157,0.9979090781215749,0.9952173497018824,audit_only_not_for_training_or_tuning
40,policy_mean,158,0.9977592933944642,0.9951999496751773,audit_only_not_for_training_or_tuning
40,policy_mean,159,0.9977827186522482,0.9951825496484722,audit_only_not_for_training_or_tuning
40,policy_mean,160,0.9980098842947801,0.9951651496217672,audit_only_not_for_training_or_tuning
40,policy_mean,161,0.9974599443933847,0.995147749595062,audit_only_not_for_training_or_tuning
40,policy_mean,162,0.9976152544692739,0.995130349568357,audit_only_not_for_training_or_tuning
40,policy_mean,163,0.9976839590665842,0.9951129495416519,audit_only_not_for_training_or_tuning
40,policy_mean,164,0.9972911168424463,0.9950955495149467,audit_only_not_for_training_or_tuning
40,policy_mean,165,0.9976198326674297,0.9950781494882417,audit_only_not_for_training_or_tuning
40,policy_mean,166,0.9975909643214133,0.9950607494615366,audit_only_not_for_training_or_tuning
40,policy_mean,167,0.9975171551483437,0.9950433494348315,audit_only_not_for_training_or_tuning
40,policy_mean,168,0.997338815512195,0.9950259494081264,audit_only_not_for_training_or_tuning
40,policy_mean,169,0.9974710498554542,0.9950085493814214,audit_only_not_for_training_or_tuning
40,policy_mean,170,0.9973827750210322,0.9949911493547162,audit_only_not_for_training_or_tuning
40,policy_mean,171,0.997587917970195,0.9949737493280112,audit_only_not_for_training_or_tuning
40,policy_mean,172,0.9971082803339234,0.994956349301306,audit_only_not_for_training_or_tuning
40,policy_mean,173,0.9972411193423625,0.994938949274601,audit_only_not_for_training_or_tuning
40,policy_mean,174,0.9971560212074027,0.9949215492478959,audit_only_not_for_training_or_tuning
40,policy_mean,175,0.9972442323254089,0.9949041492211909,audit_only_not_for_training_or_tuning
40,policy_mean,176,0.996917283817652,0.9948867491944857,audit_only_not_for_training_or_tuning
40,policy_mean,177,0.9969510872622025,0.9948693491677807,audit_only_not_for_training_or_tuning
40,policy_mean,178,0.9969797036596536,0.9948519491410756,audit_only_not_for_training_or_tuning
40,policy_mean,179,0.996724381941295,0.9948345491143705,audit_only_not_for_training_or_tuning
40,policy_mean,180,0.9968921213644638,0.9948171490876654,audit_only_not_for_training_or_tuning
40,policy_mean,181,0.9966531166052724,0.9947997490609604,audit_only_not_for_training_or_tuning
40,policy_mean,182,0.9970130954359485,0.9947823490342552,audit_only_not_for_training_or_tuning
40,policy_mean,183,0.9966764089867236,0.9947649490075502,audit_only_not_for_training_or_tuning
40,policy_mean,184,0.996765640966392,0.994747548980845,audit_only_not_for_training_or_tuning
40,policy_mean,185,0.9967261206310538,0.99473014895414,audit_only_not_for_training_or_tuning
40,policy_mean,186,0.9966459991997918,0.9947127489274349,audit_only_not_for_training_or_tuning
40,policy_mean,187,0.9965475943662409,0.9946953489007297,audit_only_not_for_training_or_tuning
40,policy_mean,188,0.9965545973359816,0.9946779488740247,audit_only_not_for_training_or_tuning
40,policy_mean,189,0.9964417028255942,0.9946605488473196,audit_only_not_for_training_or_tuning
40,policy_mean,190,0.9965615957995082,0.9946431488206146,audit_only_not_for_training_or_tuning
40,policy_mean,191,0.9960166692464091,0.9946257487939094,audit_only_not_for_training_or_tuning
40,policy_mean,192,0.9966144086498123,0.9946083487672044,audit_only_not_for_training_or_tuning
40,policy_mean,193,0.9963187247589679,0.9945909487404992,audit_only_not_for_training_or_tuning
40,policy_mean,194,0.9963439876664911,0.9945735487137942,audit_only_not_for_training_or_tuning
40,policy_mean,195,0.9962815636177498,0.9945561486870891,audit_only_not_for_training_or_tuning
40,policy_mean,196,0.995913418454197,0.994538748660384,audit_only_not_for_training_or_tuning
40,policy_mean,197,0.9958989861874428,0.9945213486336789,audit_only_not_for_training_or_tuning
40,policy_mean,198,0.9960096890898125,0.9945039486069739,audit_only_not_for_training_or_tuning
40,policy_mean,199,0.9956426820612739,0.9944865485802687,audit_only_not_for_training_or_tuning
40,policy_mean,200,0.995718711119314,0.9944691485535637,audit_only_not_for_training_or_tuning
40,persist,151,0.9983294506678202,0.995339149888818,audit_only_not_for_training_or_tuning
40,persist,152,0.9982965240363373,0.995339149888818,audit_only_not_for_training_or_tuning
40,persist,153,0.9981862669630416,0.995339149888818,audit_only_not_for_training_or_tuning
40,persist,154,0.9980607242681379,0.995339149888818,audit_only_not_for_training_or_tuning
40,persist,155,0.9978541383970229,0.995339149888818,audit_only_not_for_training_or_tuning
40,persist,156,0.9981671832524418,0.995339149888818,audit_only_not_for_training_or_tuning
40,persist,157,0.9979090781215749,0.995339149888818,audit_only_not_for_training_or_tuning
40,persist,158,0.9977592933944642,0.995339149888818,audit_only_not_for_training_or_tuning
40,persist,159,0.9977827186522482,0.995339149888818,audit_only_not_for_training_or_tuning
40,persist,160,0.9980098842947801,0.995339149888818,audit_only_not_for_training_or_tuning
40,persist,161,0.9974599443933847,0.995339149888818,audit_only_not_for_training_or_tuning
40,persist,162,0.9976152544692739,0.995339149888818,audit_only_not_for_training_or_tuning
40,persist,163,0.9976839590665842,0.995339149888818,audit_only_not_for_training_or_tuning
40,persist,164,0.9972911168424463,0.995339149888818,audit_only_not_for_training_or_tuning
40,persist,165,0.9976198326674297,0.995339149888818,audit_only_not_for_training_or_tuning
40,persist,166,0.9975909643214133,0.995339149888818,audit_only_not_for_training_or_tuning
40,persist,167,0.9975171551483437,0.995339149888818,audit_only_not_for_training_or_tuning
40,persist,168,0.997338815512195,0.995339149888818,audit_only_not_for_training_or_tuning
40,persist,169,0.9974710498554542,0.995339149888818,audit_only_not_for_training_or_tuning
40,persist,170,0.9973827750210322,0.995339149888818,audit_only_not_for_training_or_tuning
40,persist,171,0.997587917970195,0.995339149888818,audit_only_not_for_training_or_tuning
40,persist,172,0.9971082803339234,0.995339149888818,audit_only_not_for_training_or_tuning
40,persist,173,0.9972411193423625,0.995339149888818,audit_only_not_for_training_or_tuning
40,persist,174,0.9971560212074027,0.995339149888818,audit_only_not_for_training_or_tuning
40,persist,175,0.9972442323254089,0.995339149888818,audit_only_not_for_training_or_tuning
40,persist,176,0.996917283817652,0.995339149888818,audit_only_not_for_training_or_tuning
40,persist,177,0.9969510872622025,0.995339149888818,audit_only_not_for_training_or_tuning
40,persist,178,0.9969797036596536,0.995339149888818,audit_only_not_for_training_or_tuning
40,persist,179,0.996724381941295,0.995339149888818,audit_only_not_for_training_or_tuning
40,persist,180,0.9968921213644638,0.995339149888818,audit_only_not_for_training_or_tuning
40,persist,181,0.9966531166052724,0.995339149888818,audit_only_not_for_training_or_tuning
40,persist,182,0.9970130954359485,0.995339149888818,audit_only_not_for_training_or_tuning
40,persist,183,0.9966764089867236,0.995339149888818,audit_only_not_for_training_or_tuning
40,persist,184,0.996765640966392,0.995339149888818,audit_only_not_for_training_or_tuning
40,persist,185,0.9967261206310538,0.995339149888818,audit_only_not_for_training_or_tuning
40,persist,186,0.9966459991997918,0.995339149888818,audit_only_not_for_training_or_tuning
40,persist,187,0.9965475943662409,0.995339149888818,audit_only_not_for_training_or_tuning
40,persist,188,0.9965545973359816,0.995339149888818,audit_only_not_for_training_or_tuning
40,persist,189,0.9964417028255942,0.995339149888818,audit_only_not_for_training_or_tuning
40,persist,190,0.9965615957995082,0.995339149888818,audit_only_not_for_training_or_tuning
40,persist,191,0.9960166692464091,0.995339149888818,audit_only_not_for_training_or_tuning
40,persist,192,0.9966144086498123,0.995339149888818,audit_only_not_for_training_or_tuning
40,persist,193,0.9963187247589679,0.995339149888818,audit_only_not_for_training_or_tuning
40,persist,194,0.9963439876664911,0.995339149888818,audit_only_not_for_training_or_tuning
40,persist,195,0.9962815636177498,0.995339149888818,audit_only_not_for_training_or_tuning
40,persist,196,0.995913418454197,0.995339149888818,audit_only_not_for_training_or_tuning
40,persist,197,0.9958989861874428,0.995339149888818,audit_only_not_for_training_or_tuning
40,persist,198,0.9960096890898125,0.995339149888818,audit_only_not_for_training_or_tuning
40,persist,199,0.9956426820612739,0.995339149888818,audit_only_not_for_training_or_tuning
40,persist,200,0.995718711119314,0.995339149888818,audit_only_not_for_training_or_tuning
40,fusion_pbt_batterygpt,151,0.9983294506678202,0.9952929976726642,audit_only_not_for_training_or_tuning
40,fusion_pbt_batterygpt,152,0.9982965240363373,0.9952468454565104,audit_only_not_for_training_or_tuning
40,fusion_pbt_batterygpt,153,0.9981862669630416,0.9952006932403568,audit_only_not_for_training_or_tuning
40,fusion_pbt_batterygpt,154,0.9980607242681379,0.995154541024203,audit_only_not_for_training_or_tuning
40,fusion_pbt_batterygpt,155,0.9978541383970229,0.9951083888080492,audit_only_not_for_training_or_tuning
40,fusion_pbt_batterygpt,156,0.9981671832524418,0.9950622365918954,audit_only_not_for_training_or_tuning
40,fusion_pbt_batterygpt,157,0.9979090781215749,0.9950160843757417,audit_only_not_for_training_or_tuning
40,fusion_pbt_batterygpt,158,0.9977592933944642,0.994969932159588,audit_only_not_for_training_or_tuning
40,fusion_pbt_batterygpt,159,0.9977827186522482,0.9949237799434342,audit_only_not_for_training_or_tuning
40,fusion_pbt_batterygpt,160,0.9980098842947801,0.9948776277272804,audit_only_not_for_training_or_tuning
40,fusion_pbt_batterygpt,161,0.9974599443933847,0.9948314755111267,audit_only_not_for_training_or_tuning
40,fusion_pbt_batterygpt,162,0.9976152544692739,0.9947853232949729,audit_only_not_for_training_or_tuning
40,fusion_pbt_batterygpt,163,0.9976839590665842,0.9947391710788192,audit_only_not_for_training_or_tuning
40,fusion_pbt_batterygpt,164,0.9972911168424463,0.9946930188626654,audit_only_not_for_training_or_tuning
40,fusion_pbt_batterygpt,165,0.9976198326674297,0.9946468666465117,audit_only_not_for_training_or_tuning
40,fusion_pbt_batterygpt,166,0.9975909643214133,0.9946007144303579,audit_only_not_for_training_or_tuning
40,fusion_pbt_batterygpt,167,0.9975171551483437,0.9945545622142041,audit_only_not_for_training_or_tuning
40,fusion_pbt_batterygpt,168,0.997338815512195,0.9945084099980503,audit_only_not_for_training_or_tuning
40,fusion_pbt_batterygpt,169,0.9974710498554542,0.9944622577818967,audit_only_not_for_training_or_tuning
40,fusion_pbt_batterygpt,170,0.9973827750210322,0.9944161055657429,audit_only_not_for_training_or_tuning
40,fusion_pbt_batterygpt,171,0.997587917970195,0.9943699533495891,audit_only_not_for_training_or_tuning
40,fusion_pbt_batterygpt,172,0.9971082803339234,0.9943238011334353,audit_only_not_for_training_or_tuning
40,fusion_pbt_batterygpt,173,0.9972411193423625,0.9942776489172817,audit_only_not_for_training_or_tuning
40,fusion_pbt_batterygpt,174,0.9971560212074027,0.9942314967011279,audit_only_not_for_training_or_tuning
40,fusion_pbt_batterygpt,175,0.9972442323254089,0.9941853444849741,audit_only_not_for_training_or_tuning
40,fusion_pbt_batterygpt,176,0.996917283817652,0.9941391922688203,audit_only_not_for_training_or_tuning
40,fusion_pbt_batterygpt,177,0.9969510872622025,0.9940930400526665,audit_only_not_for_training_or_tuning
40,fusion_pbt_batterygpt,178,0.9969797036596536,0.9940468878365128,audit_only_not_for_training_or_tuning
40,fusion_pbt_batterygpt,179,0.996724381941295,0.9940007356203591,audit_only_not_for_training_or_tuning
40,fusion_pbt_batterygpt,180,0.9968921213644638,0.9939545834042053,audit_only_not_for_training_or_tuning
40,fusion_pbt_batterygpt,181,0.9966531166052724,0.9939084311880515,audit_only_not_for_training_or_tuning
40,fusion_pbt_batterygpt,182,0.9970130954359485,0.9938622789718978,audit_only_not_for_training_or_tuning
40,fusion_pbt_batterygpt,183,0.9966764089867236,0.993816126755744,audit_only_not_for_training_or_tuning
40,fusion_pbt_batterygpt,184,0.996765640966392,0.9937699745395903,audit_only_not_for_training_or_tuning
40,fusion_pbt_batterygpt,185,0.9967261206310538,0.9937238223234365,audit_only_not_for_training_or_tuning
40,fusion_pbt_batterygpt,186,0.9966459991997918,0.9936776701072828,audit_only_not_for_training_or_tuning
40,fusion_pbt_batterygpt,187,0.9965475943662409,0.993631517891129,audit_only_not_for_training_or_tuning
40,fusion_pbt_batterygpt,188,0.9965545973359816,0.9935853656749752,audit_only_not_for_training_or_tuning
40,fusion_pbt_batterygpt,189,0.9964417028255942,0.9935392134588215,audit_only_not_for_training_or_tuning
40,fusion_pbt_batterygpt,190,0.9965615957995082,0.9934930612426678,audit_only_not_for_training_or_tuning
40,fusion_pbt_batterygpt,191,0.9960166692464091,0.993446909026514,audit_only_not_for_training_or_tuning
40,fusion_pbt_batterygpt,192,0.9966144086498123,0.9934007568103602,audit_only_not_for_training_or_tuning
40,fusion_pbt_batterygpt,193,0.9963187247589679,0.9933546045942064,audit_only_not_for_training_or_tuning
40,fusion_pbt_batterygpt,194,0.9963439876664911,0.9933084523780528,audit_only_not_for_training_or_tuning
40,fusion_pbt_batterygpt,195,0.9962815636177498,0.993262300161899,audit_only_not_for_training_or_tuning
40,fusion_pbt_batterygpt,196,0.995913418454197,0.9932161479457452,audit_only_not_for_training_or_tuning
40,fusion_pbt_batterygpt,197,0.9958989861874428,0.9931699957295914,audit_only_not_for_training_or_tuning
40,fusion_pbt_batterygpt,198,0.9960096890898125,0.9931238435134377,audit_only_not_for_training_or_tuning
40,fusion_pbt_batterygpt,199,0.9956426820612739,0.993077691297284,audit_only_not_for_training_or_tuning
40,fusion_pbt_batterygpt,200,0.995718711119314,0.9930315390811302,audit_only_not_for_training_or_tuning
42,linear_recent,151,1.0007684795132514,0.9975078999201056,audit_only_not_for_training_or_tuning
42,linear_recent,152,1.0008678522117718,0.997487000781873,audit_only_not_for_training_or_tuning
42,linear_recent,153,1.0007816122572137,0.9974661016436406,audit_only_not_for_training_or_tuning
42,linear_recent,154,1.0009285600626292,0.997445202505408,audit_only_not_for_training_or_tuning
42,linear_recent,155,1.000608444771975,0.9974243033671755,audit_only_not_for_training_or_tuning
42,linear_recent,156,1.0006721937320393,0.997403404228943,audit_only_not_for_training_or_tuning
42,linear_recent,157,1.0003829693396338,0.9973825050907105,audit_only_not_for_training_or_tuning
42,linear_recent,158,1.0004380442546328,0.9973616059524779,audit_only_not_for_training_or_tuning
42,linear_recent,159,1.0003518394944093,0.9973407068142454,audit_only_not_for_training_or_tuning
42,linear_recent,160,1.0004850129684024,0.9973198076760129,audit_only_not_for_training_or_tuning
42,linear_recent,161,1.0003933499650481,0.9972989085377804,audit_only_not_for_training_or_tuning
42,linear_recent,162,1.0005204305604272,0.9972780093995478,audit_only_not_for_training_or_tuning
42,linear_recent,163,1.0004228702911129,0.9972571102613154,audit_only_not_for_training_or_tuning
42,linear_recent,164,1.0002826467419075,0.9972362111230828,audit_only_not_for_training_or_tuning
42,linear_recent,165,1.0000243695732853,0.9972153119848503,audit_only_not_for_training_or_tuning
42,linear_recent,166,1.000432019575101,0.9971944128466178,audit_only_not_for_training_or_tuning
42,linear_recent,167,1.0001668201761416,0.9971735137083853,audit_only_not_for_training_or_tuning
42,linear_recent,168,1.0000540816377046,0.9971526145701527,audit_only_not_for_training_or_tuning
42,linear_recent,169,1.0002109669952255,0.9971317154319203,audit_only_not_for_training_or_tuning
42,linear_recent,170,1.0002839232017473,0.9971108162936877,audit_only_not_for_training_or_tuning
42,linear_recent,171,1.0002066966809018,0.9970899171554551,audit_only_not_for_training_or_tuning
42,linear_recent,172,1.0001041700976236,0.9970690180172226,audit_only_not_for_training_or_tuning
42,linear_recent,173,1.0001458749150094,0.9970481188789901,audit_only_not_for_training_or_tuning
42,linear_recent,174,1.0003106256356578,0.9970272197407576,audit_only_not_for_training_or_tuning
42,linear_recent,175,1.000470933096513,0.997006320602525,audit_only_not_for_training_or_tuning
42,linear_recent,176,1.000147177572256,0.9969854214642926,audit_only_not_for_training_or_tuning
42,linear_recent,177,0.9999966170545213,0.99696452232606,audit_only_not_for_training_or_tuning
42,linear_recent,178,1.000268465527367,0.9969436231878275,audit_only_not_for_training_or_tuning
42,linear_recent,179,1.000017805659457,0.996922724049595,audit_only_not_for_training_or_tuning
42,linear_recent,180,1.0001625132944305,0.9969018249113625,audit_only_not_for_training_or_tuning
42,linear_recent,181,0.9997496321900312,0.9968809257731299,audit_only_not_for_training_or_tuning
42,linear_recent,182,1.0000279465985957,0.9968600266348974,audit_only_not_for_training_or_tuning
42,linear_recent,183,0.9998713210292053,0.9968391274966649,audit_only_not_for_training_or_tuning
42,linear_recent,184,0.9999746664864488,0.9968182283584324,audit_only_not_for_training_or_tuning
42,linear_recent,185,0.9998041089861869,0.9967973292201998,audit_only_not_for_training_or_tuning
42,linear_recent,186,0.9997193430488421,0.9967764300819674,audit_only_not_for_training_or_tuning
42,linear_recent,187,0.999565493982117,0.9967555309437348,audit_only_not_for_training_or_tuning
42,linear_recent,188,0.9996621114223971,0.9967346318055023,audit_only_not_for_training_or_tuning
42,linear_recent,189,0.9998016787813676,0.9967137326672698,audit_only_not_for_training_or_tuning
42,linear_recent,190,0.9996004021259083,0.9966928335290373,audit_only_not_for_training_or_tuning
42,linear_recent,191,0.9997743594059975,0.9966719343908047,audit_only_not_for_training_or_tuning
42,linear_recent,192,0.9995683649191965,0.9966510352525723,audit_only_not_for_training_or_tuning
42,linear_recent,193,0.9994017918092141,0.9966301361143397,audit_only_not_for_training_or_tuning
42,linear_recent,194,0.9992306944619584,0.9966092369761071,audit_only_not_for_training_or_tuning
42,linear_recent,195,0.999391609460025,0.9965883378378746,audit_only_not_for_training_or_tuning
42,linear_recent,196,0.9994362784057227,0.9965674386996421,audit_only_not_for_training_or_tuning
42,linear_recent,197,0.999165652560237,0.9965465395614096,audit_only_not_for_training_or_tuning
42,linear_recent,198,0.9992685760100534,0.996525640423177,audit_only_not_for_training_or_tuning
42,linear_recent,199,0.9992944932741062,0.9965047412849446,audit_only_not_for_training_or_tuning
42,linear_recent,200,0.999204968961661,0.996483842146712,audit_only_not_for_training_or_tuning
42,policy_mean,151,1.0007684795132514,0.9975153237395716,audit_only_not_for_training_or_tuning
42,policy_mean,152,1.0008678522117718,0.9975018484208052,audit_only_not_for_training_or_tuning
42,policy_mean,153,1.0007816122572137,0.9974883731020389,audit_only_not_for_training_or_tuning
42,policy_mean,154,1.0009285600626292,0.9974748977832726,audit_only_not_for_training_or_tuning
42,policy_mean,155,1.000608444771975,0.9974614224645062,audit_only_not_for_training_or_tuning
42,policy_mean,156,1.0006721937320393,0.9974479471457398,audit_only_not_for_training_or_tuning
42,policy_mean,157,1.0003829693396338,0.9974344718269734,audit_only_not_for_training_or_tuning
42,policy_mean,158,1.0004380442546328,0.997420996508207,audit_only_not_for_training_or_tuning
42,policy_mean,159,1.0003518394944093,0.9974075211894406,audit_only_not_for_training_or_tuning
42,policy_mean,160,1.0004850129684024,0.9973940458706744,audit_only_not_for_training_or_tuning
42,policy_mean,161,1.0003933499650481,0.997380570551908,audit_only_not_for_training_or_tuning
42,policy_mean,162,1.0005204305604272,0.9973670952331416,audit_only_not_for_training_or_tuning
42,policy_mean,163,1.0004228702911129,0.9973536199143752,audit_only_not_for_training_or_tuning
42,policy_mean,164,1.0002826467419075,0.9973401445956088,audit_only_not_for_training_or_tuning
42,policy_mean,165,1.0000243695732853,0.9973266692768424,audit_only_not_for_training_or_tuning
42,policy_mean,166,1.000432019575101,0.9973131939580762,audit_only_not_for_training_or_tuning
42,policy_mean,167,1.0001668201761416,0.9972997186393098,audit_only_not_for_training_or_tuning
42,policy_mean,168,1.0000540816377046,0.9972862433205434,audit_only_not_for_training_or_tuning
42,policy_mean,169,1.0002109669952255,0.997272768001777,audit_only_not_for_training_or_tuning
42,policy_mean,170,1.0002839232017473,0.9972592926830106,audit_only_not_for_training_or_tuning
42,policy_mean,171,1.0002066966809018,0.9972458173642442,audit_only_not_for_training_or_tuning
42,policy_mean,172,1.0001041700976236,0.997232342045478,audit_only_not_for_training_or_tuning
42,policy_mean,173,1.0001458749150094,0.9972188667267116,audit_only_not_for_training_or_tuning
42,policy_mean,174,1.0003106256356578,0.9972053914079452,audit_only_not_for_training_or_tuning
42,policy_mean,175,1.000470933096513,0.9971919160891788,audit_only_not_for_training_or_tuning
42,policy_mean,176,1.000147177572256,0.9971784407704124,audit_only_not_for_training_or_tuning
42,policy_mean,177,0.9999966170545213,0.9971649654516461,audit_only_not_for_training_or_tuning
42,policy_mean,178,1.000268465527367,0.9971514901328797,audit_only_not_for_training_or_tuning
42,policy_mean,179,1.000017805659457,0.9971380148141133,audit_only_not_for_training_or_tuning
42,policy_mean,180,1.0001625132944305,0.997124539495347,audit_only_not_for_training_or_tuning
42,policy_mean,181,0.9997496321900312,0.9971110641765806,audit_only_not_for_training_or_tuning
42,policy_mean,182,1.0000279465985957,0.9970975888578142,audit_only_not_for_training_or_tuning
42,policy_mean,183,0.9998713210292053,0.9970841135390479,audit_only_not_for_training_or_tuning
42,policy_mean,184,0.9999746664864488,0.9970706382202815,audit_only_not_for_training_or_tuning
42,policy_mean,185,0.9998041089861869,0.9970571629015151,audit_only_not_for_training_or_tuning
42,policy_mean,186,0.9997193430488421,0.9970436875827487,audit_only_not_for_training_or_tuning
42,policy_mean,187,0.999565493982117,0.9970302122639824,audit_only_not_for_training_or_tuning
42,policy_mean,188,0.9996621114223971,0.997016736945216,audit_only_not_for_training_or_tuning
42,policy_mean,189,0.9998016787813676,0.9970032616264497,audit_only_not_for_training_or_tuning
42,policy_mean,190,0.9996004021259083,0.9969897863076833,audit_only_not_for_training_or_tuning
42,policy_mean,191,0.9997743594059975,0.9969763109889169,audit_only_not_for_training_or_tuning
42,policy_mean,192,0.9995683649191965,0.9969628356701505,audit_only_not_for_training_or_tuning
42,policy_mean,193,0.9994017918092141,0.9969493603513842,audit_only_not_for_training_or_tuning
42,policy_mean,194,0.9992306944619584,0.9969358850326178,audit_only_not_for_training_or_tuning
42,policy_mean,195,0.999391609460025,0.9969224097138515,audit_only_not_for_training_or_tuning
42,policy_mean,196,0.9994362784057227,0.9969089343950851,audit_only_not_for_training_or_tuning
42,policy_mean,197,0.999165652560237,0.9968954590763187,audit_only_not_for_training_or_tuning
42,policy_mean,198,0.9992685760100534,0.9968819837575523,audit_only_not_for_training_or_tuning
42,policy_mean,199,0.9992944932741062,0.9968685084387859,audit_only_not_for_training_or_tuning
42,policy_mean,200,0.999204968961661,0.9968550331200196,audit_only_not_for_training_or_tuning
42,persist,151,1.0007684795132514,0.997528799058338,audit_only_not_for_training_or_tuning
42,persist,152,1.0008678522117718,0.997528799058338,audit_only_not_for_training_or_tuning
42,persist,153,1.0007816122572137,0.997528799058338,audit_only_not_for_training_or_tuning
42,persist,154,1.0009285600626292,0.997528799058338,audit_only_not_for_training_or_tuning
42,persist,155,1.000608444771975,0.997528799058338,audit_only_not_for_training_or_tuning
42,persist,156,1.0006721937320393,0.997528799058338,audit_only_not_for_training_or_tuning
42,persist,157,1.0003829693396338,0.997528799058338,audit_only_not_for_training_or_tuning
42,persist,158,1.0004380442546328,0.997528799058338,audit_only_not_for_training_or_tuning
42,persist,159,1.0003518394944093,0.997528799058338,audit_only_not_for_training_or_tuning
42,persist,160,1.0004850129684024,0.997528799058338,audit_only_not_for_training_or_tuning
42,persist,161,1.0003933499650481,0.997528799058338,audit_only_not_for_training_or_tuning
42,persist,162,1.0005204305604272,0.997528799058338,audit_only_not_for_training_or_tuning
42,persist,163,1.0004228702911129,0.997528799058338,audit_only_not_for_training_or_tuning
42,persist,164,1.0002826467419075,0.997528799058338,audit_only_not_for_training_or_tuning
42,persist,165,1.0000243695732853,0.997528799058338,audit_only_not_for_training_or_tuning
42,persist,166,1.000432019575101,0.997528799058338,audit_only_not_for_training_or_tuning
42,persist,167,1.0001668201761416,0.997528799058338,audit_only_not_for_training_or_tuning
42,persist,168,1.0000540816377046,0.997528799058338,audit_only_not_for_training_or_tuning
42,persist,169,1.0002109669952255,0.997528799058338,audit_only_not_for_training_or_tuning
42,persist,170,1.0002839232017473,0.997528799058338,audit_only_not_for_training_or_tuning
42,persist,171,1.0002066966809018,0.997528799058338,audit_only_not_for_training_or_tuning
42,persist,172,1.0001041700976236,0.997528799058338,audit_only_not_for_training_or_tuning
42,persist,173,1.0001458749150094,0.997528799058338,audit_only_not_for_training_or_tuning
42,persist,174,1.0003106256356578,0.997528799058338,audit_only_not_for_training_or_tuning
42,persist,175,1.000470933096513,0.997528799058338,audit_only_not_for_training_or_tuning
42,persist,176,1.000147177572256,0.997528799058338,audit_only_not_for_training_or_tuning
42,persist,177,0.9999966170545213,0.997528799058338,audit_only_not_for_training_or_tuning
42,persist,178,1.000268465527367,0.997528799058338,audit_only_not_for_training_or_tuning
42,persist,179,1.000017805659457,0.997528799058338,audit_only_not_for_training_or_tuning
42,persist,180,1.0001625132944305,0.997528799058338,audit_only_not_for_training_or_tuning
42,persist,181,0.9997496321900312,0.997528799058338,audit_only_not_for_training_or_tuning
42,persist,182,1.0000279465985957,0.997528799058338,audit_only_not_for_training_or_tuning
42,persist,183,0.9998713210292053,0.997528799058338,audit_only_not_for_training_or_tuning
42,persist,184,0.9999746664864488,0.997528799058338,audit_only_not_for_training_or_tuning
42,persist,185,0.9998041089861869,0.997528799058338,audit_only_not_for_training_or_tuning
42,persist,186,0.9997193430488421,0.997528799058338,audit_only_not_for_training_or_tuning
42,persist,187,0.999565493982117,0.997528799058338,audit_only_not_for_training_or_tuning
42,persist,188,0.9996621114223971,0.997528799058338,audit_only_not_for_training_or_tuning
42,persist,189,0.9998016787813676,0.997528799058338,audit_only_not_for_training_or_tuning
42,persist,190,0.9996004021259083,0.997528799058338,audit_only_not_for_training_or_tuning
42,persist,191,0.9997743594059975,0.997528799058338,audit_only_not_for_training_or_tuning
42,persist,192,0.9995683649191965,0.997528799058338,audit_only_not_for_training_or_tuning
42,persist,193,0.9994017918092141,0.997528799058338,audit_only_not_for_training_or_tuning
42,persist,194,0.9992306944619584,0.997528799058338,audit_only_not_for_training_or_tuning
42,persist,195,0.999391609460025,0.997528799058338,audit_only_not_for_training_or_tuning
42,persist,196,0.9994362784057227,0.997528799058338,audit_only_not_for_training_or_tuning
42,persist,197,0.999165652560237,0.997528799058338,audit_only_not_for_training_or_tuning
42,persist,198,0.9992685760100534,0.997528799058338,audit_only_not_for_training_or_tuning
42,persist,199,0.9992944932741062,0.997528799058338,audit_only_not_for_training_or_tuning
42,persist,200,0.999204968961661,0.997528799058338,audit_only_not_for_training_or_tuning
42,fusion_pbt_batterygpt,151,1.0007684795132514,0.9975020361472254,audit_only_not_for_training_or_tuning
42,fusion_pbt_batterygpt,152,1.0008678522117718,0.9974752732361128,audit_only_not_for_training_or_tuning
42,fusion_pbt_batterygpt,153,1.0007816122572137,0.9974485103250003,audit_only_not_for_training_or_tuning
42,fusion_pbt_batterygpt,154,1.0009285600626292,0.9974217474138877,audit_only_not_for_training_or_tuning
42,fusion_pbt_batterygpt,155,1.000608444771975,0.9973949845027751,audit_only_not_for_training_or_tuning
42,fusion_pbt_batterygpt,156,1.0006721937320393,0.9973682215916625,audit_only_not_for_training_or_tuning
42,fusion_pbt_batterygpt,157,1.0003829693396338,0.9973414586805499,audit_only_not_for_training_or_tuning
42,fusion_pbt_batterygpt,158,1.0004380442546328,0.9973146957694373,audit_only_not_for_training_or_tuning
42,fusion_pbt_batterygpt,159,1.0003518394944093,0.9972879328583246,audit_only_not_for_training_or_tuning
42,fusion_pbt_batterygpt,160,1.0004850129684024,0.997261169947212,audit_only_not_for_training_or_tuning
42,fusion_pbt_batterygpt,161,1.0003933499650481,0.9972344070360994,audit_only_not_for_training_or_tuning
42,fusion_pbt_batterygpt,162,1.0005204305604272,0.9972076441249869,audit_only_not_for_training_or_tuning
42,fusion_pbt_batterygpt,163,1.0004228702911129,0.9971808812138743,audit_only_not_for_training_or_tuning
42,fusion_pbt_batterygpt,164,1.0002826467419075,0.9971541183027617,audit_only_not_for_training_or_tuning
42,fusion_pbt_batterygpt,165,1.0000243695732853,0.9971273553916491,audit_only_not_for_training_or_tuning
42,fusion_pbt_batterygpt,166,1.000432019575101,0.9971005924805365,audit_only_not_for_training_or_tuning
42,fusion_pbt_batterygpt,167,1.0001668201761416,0.9970738295694239,audit_only_not_for_training_or_tuning
42,fusion_pbt_batterygpt,168,1.0000540816377046,0.9970470666583113,audit_only_not_for_training_or_tuning
42,fusion_pbt_batterygpt,169,1.0002109669952255,0.9970203037471987,audit_only_not_for_training_or_tuning
42,fusion_pbt_batterygpt,170,1.0002839232017473,0.9969935408360862,audit_only_not_for_training_or_tuning
42,fusion_pbt_batterygpt,171,1.0002066966809018,0.9969667779249736,audit_only_not_for_training_or_tuning
42,fusion_pbt_batterygpt,172,1.0001041700976236,0.996940015013861,audit_only_not_for_training_or_tuning
42,fusion_pbt_batterygpt,173,1.0001458749150094,0.9969132521027484,audit_only_not_for_training_or_tuning
42,fusion_pbt_batterygpt,174,1.0003106256356578,0.9968864891916358,audit_only_not_for_training_or_tuning
42,fusion_pbt_batterygpt,175,1.000470933096513,0.9968597262805231,audit_only_not_for_training_or_tuning
42,fusion_pbt_batterygpt,176,1.000147177572256,0.9968329633694105,audit_only_not_for_training_or_tuning
42,fusion_pbt_batterygpt,177,0.9999966170545213,0.9968062004582979,audit_only_not_for_training_or_tuning
42,fusion_pbt_batterygpt,178,1.000268465527367,0.9967794375471853,audit_only_not_for_training_or_tuning
42,fusion_pbt_batterygpt,179,1.000017805659457,0.9967526746360728,audit_only_not_for_training_or_tuning
42,fusion_pbt_batterygpt,180,1.0001625132944305,0.9967259117249602,audit_only_not_for_training_or_tuning
42,fusion_pbt_batterygpt,181,0.9997496321900312,0.9966991488138476,audit_only_not_for_training_or_tuning
42,fusion_pbt_batterygpt,182,1.0000279465985957,0.996672385902735,audit_only_not_for_training_or_tuning
42,fusion_pbt_batterygpt,183,0.9998713210292053,0.9966456229916224,audit_only_not_for_training_or_tuning
42,fusion_pbt_batterygpt,184,0.9999746664864488,0.9966188600805098,audit_only_not_for_training_or_tuning
42,fusion_pbt_batterygpt,185,0.9998041089861869,0.9965920971693972,audit_only_not_for_training_or_tuning
42,fusion_pbt_batterygpt,186,0.9997193430488421,0.9965653342582846,audit_only_not_for_training_or_tuning
42,fusion_pbt_batterygpt,187,0.999565493982117,0.996538571347172,audit_only_not_for_training_or_tuning
42,fusion_pbt_batterygpt,188,0.9996621114223971,0.9965118084360595,audit_only_not_for_training_or_tuning
42,fusion_pbt_batterygpt,189,0.9998016787813676,0.9964850455249469,audit_only_not_for_training_or_tuning
42,fusion_pbt_batterygpt,190,0.9996004021259083,0.9964582826138343,audit_only_not_for_training_or_tuning
42,fusion_pbt_batterygpt,191,0.9997743594059975,0.9964315197027217,audit_only_not_for_training_or_tuning
42,fusion_pbt_batterygpt,192,0.9995683649191965,0.996404756791609,audit_only_not_for_training_or_tuning
42,fusion_pbt_batterygpt,193,0.9994017918092141,0.9963779938804964,audit_only_not_for_training_or_tuning
42,fusion_pbt_batterygpt,194,0.9992306944619584,0.9963512309693838,audit_only_not_for_training_or_tuning
42,fusion_pbt_batterygpt,195,0.999391609460025,0.9963244680582712,audit_only_not_for_training_or_tuning
42,fusion_pbt_batterygpt,196,0.9994362784057227,0.9962977051471587,audit_only_not_for_training_or_tuning
42,fusion_pbt_batterygpt,197,0.999165652560237,0.9962709422360461,audit_only_not_for_training_or_tuning
42,fusion_pbt_batterygpt,198,0.9992685760100534,0.9962441793249335,audit_only_not_for_training_or_tuning
42,fusion_pbt_batterygpt,199,0.9992944932741062,0.9962174164138209,audit_only_not_for_training_or_tuning
42,fusion_pbt_batterygpt,200,0.999204968961661,0.9961906535027083,audit_only_not_for_training_or_tuning
43,linear_recent,151,1.0011295755148226,0.9962564238333609,audit_only_not_for_training_or_tuning
43,linear_recent,152,1.0011481059142389,0.9962230622855758,audit_only_not_for_training_or_tuning
43,linear_recent,153,1.000898754557024,0.9961897007377907,audit_only_not_for_training_or_tuning
43,linear_recent,154,1.0009256987316166,0.9961563391900056,audit_only_not_for_training_or_tuning
43,linear_recent,155,1.0009689966931359,0.9961229776422205,audit_only_not_for_training_or_tuning
43,linear_recent,156,1.0009009044266994,0.9960896160944354,audit_only_not_for_training_or_tuning
43,linear_recent,157,1.000984753521167,0.9960562545466503,audit_only_not_for_training_or_tuning
43,linear_recent,158,1.0010845789386624,0.9960228929988652,audit_only_not_for_training_or_tuning
43,linear_recent,159,1.0009297476006735,0.99598953145108,audit_only_not_for_training_or_tuning
43,linear_recent,160,1.000734287627361,0.9959561699032949,audit_only_not_for_training_or_tuning
43,linear_recent,161,1.0007667411154397,0.9959228083555098,audit_only_not_for_training_or_tuning
43,linear_recent,162,1.0006439915289804,0.9958894468077247,audit_only_not_for_training_or_tuning
43,linear_recent,163,1.0006660149104625,0.9958560852599396,audit_only_not_for_training_or_tuning
43,linear_recent,164,1.0005977788756526,0.9958227237121545,audit_only_not_for_training_or_tuning
43,linear_recent,165,1.0005849041834536,0.9957893621643694,audit_only_not_for_training_or_tuning
43,linear_recent,166,1.0005833960921586,0.9957560006165843,audit_only_not_for_training_or_tuning
43,linear_recent,167,1.0004349055017796,0.9957226390687992,audit_only_not_for_training_or_tuning
43,linear_recent,168,1.0005268332679074,0.9956892775210141,audit_only_not_for_training_or_tuning
43,linear_recent,169,1.0004982817047776,0.995655915973229,audit_only_not_for_training_or_tuning
43,linear_recent,170,1.0003477549547828,0.9956225544254439,audit_only_not_for_training_or_tuning
43,linear_recent,171,1.0002837694329796,0.9955891928776588,audit_only_not_for_training_or_tuning
43,linear_recent,172,1.0003278275635783,0.9955558313298737,audit_only_not_for_training_or_tuning
43,linear_recent,173,1.0003634506477856,0.9955224697820886,audit_only_not_for_training_or_tuning
43,linear_recent,174,1.000122384015432,0.9954891082343035,audit_only_not_for_training_or_tuning
43,linear_recent,175,1.0002370521325576,0.9954557466865184,audit_only_not_for_training_or_tuning
43,linear_recent,176,1.0002520413939453,0.9954223851387333,audit_only_not_for_training_or_tuning
43,linear_recent,177,1.0001523814127022,0.9953890235909482,audit_only_not_for_training_or_tuning
43,linear_recent,178,1.0000933230028022,0.9953556620431631,audit_only_not_for_training_or_tuning
43,linear_recent,179,1.00031969278345,0.995322300495378,audit_only_not_for_training_or_tuning
43,linear_recent,180,1.0002259727690372,0.9952889389475927,audit_only_not_for_training_or_tuning
43,linear_recent,181,1.0003092982623436,0.9952555773998076,audit_only_not_for_training_or_tuning
43,linear_recent,182,1.0000071560047257,0.9952222158520225,audit_only_not_for_training_or_tuning
43,linear_recent,183,0.9999136490098219,0.9951888543042374,audit_only_not_for_training_or_tuning
43,linear_recent,184,1.0000250509769266,0.9951554927564523,audit_only_not_for_training_or_tuning
43,linear_recent,185,1.0001008401953873,0.9951221312086672,audit_only_not_for_training_or_tuning
43,linear_recent,186,1.0000262544679177,0.9950887696608821,audit_only_not_for_training_or_tuning
43,linear_recent,187,0.9998471580703746,0.995055408113097,audit_only_not_for_training_or_tuning
43,linear_recent,188,0.9999583732440395,0.9950220465653119,audit_only_not_for_training_or_tuning
43,linear_recent,189,0.9999372433059684,0.9949886850175268,audit_only_not_for_training_or_tuning
43,linear_recent,190,0.9998447454255148,0.9949553234697417,audit_only_not_for_training_or_tuning
43,linear_recent,191,0.9997971278456862,0.9949219619219566,audit_only_not_for_training_or_tuning
43,linear_recent,192,0.9997633989603041,0.9948886003741715,audit_only_not_for_training_or_tuning
43,linear_recent,193,0.9997264125867629,0.9948552388263864,audit_only_not_for_training_or_tuning
43,linear_recent,194,0.9996754667478738,0.9948218772786013,audit_only_not_for_training_or_tuning
43,linear_recent,195,0.9998729957176684,0.9947885157308162,audit_only_not_for_training_or_tuning
43,linear_recent,196,0.9994936755023153,0.9947551541830311,audit_only_not_for_training_or_tuning
43,linear_recent,197,0.9995486912467701,0.994721792635246,audit_only_not_for_training_or_tuning
43,linear_recent,198,0.9994582591132101,0.9946884310874609,audit_only_not_for_training_or_tuning
43,linear_recent,199,0.9991803471276124,0.9946550695396758,audit_only_not_for_training_or_tuning
43,linear_recent,200,0.9990203488211733,0.9946217079918906,audit_only_not_for_training_or_tuning
43,policy_mean,151,1.0011295755148226,0.9962770495435699,audit_only_not_for_training_or_tuning
43,policy_mean,152,1.0011481059142389,0.9962643137059938,audit_only_not_for_training_or_tuning
43,policy_mean,153,1.000898754557024,0.9962515778684177,audit_only_not_for_training_or_tuning
43,policy_mean,154,1.0009256987316166,0.9962388420308415,audit_only_not_for_training_or_tuning
43,policy_mean,155,1.0009689966931359,0.9962261061932653,audit_only_not_for_training_or_tuning
43,policy_mean,156,1.0009009044266994,0.9962133703556892,audit_only_not_for_training_or_tuning
43,policy_mean,157,1.000984753521167,0.9962006345181131,audit_only_not_for_training_or_tuning
43,policy_mean,158,1.0010845789386624,0.9961878986805369,audit_only_not_for_training_or_tuning
43,policy_mean,159,1.0009297476006735,0.9961751628429608,audit_only_not_for_training_or_tuning
43,policy_mean,160,1.000734287627361,0.9961624270053847,audit_only_not_for_training_or_tuning
43,policy_mean,161,1.0007667411154397,0.9961496911678085,audit_only_not_for_training_or_tuning
43,policy_mean,162,1.0006439915289804,0.9961369553302324,audit_only_not_for_training_or_tuning
43,policy_mean,163,1.0006660149104625,0.9961242194926563,audit_only_not_for_training_or_tuning
43,policy_mean,164,1.0005977788756526,0.9961114836550802,audit_only_not_for_training_or_tuning
43,policy_mean,165,1.0005849041834536,0.996098747817504,audit_only_not_for_training_or_tuning
43,policy_mean,166,1.0005833960921586,0.9960860119799279,audit_only_not_for_training_or_tuning
43,policy_mean,167,1.0004349055017796,0.9960732761423517,audit_only_not_for_training_or_tuning
43,policy_mean,168,1.0005268332679074,0.9960605403047756,audit_only_not_for_training_or_tuning
43,policy_mean,169,1.0004982817047776,0.9960478044671994,audit_only_not_for_training_or_tuning
43,policy_mean,170,1.0003477549547828,0.9960350686296233,audit_only_not_for_training_or_tuning
43,policy_mean,171,1.0002837694329796,0.9960223327920472,audit_only_not_for_training_or_tuning
43,policy_mean,172,1.0003278275635783,0.9960095969544711,audit_only_not_for_training_or_tuning
43,policy_mean,173,1.0003634506477856,0.9959968611168949,audit_only_not_for_training_or_tuning
43,policy_mean,174,1.000122384015432,0.9959841252793188,audit_only_not_for_training_or_tuning
43,policy_mean,175,1.0002370521325576,0.9959713894417427,audit_only_not_for_training_or_tuning
43,policy_mean,176,1.0002520413939453,0.9959586536041666,audit_only_not_for_training_or_tuning
43,policy_mean,177,1.0001523814127022,0.9959459177665904,audit_only_not_for_training_or_tuning
43,policy_mean,178,1.0000933230028022,0.9959331819290143,audit_only_not_for_training_or_tuning
43,policy_mean,179,1.00031969278345,0.9959204460914381,audit_only_not_for_training_or_tuning
43,policy_mean,180,1.0002259727690372,0.9959077102538619,audit_only_not_for_training_or_tuning
43,policy_mean,181,1.0003092982623436,0.9958949744162858,audit_only_not_for_training_or_tuning
43,policy_mean,182,1.0000071560047257,0.9958822385787097,audit_only_not_for_training_or_tuning
43,policy_mean,183,0.9999136490098219,0.9958695027411336,audit_only_not_for_training_or_tuning
43,policy_mean,184,1.0000250509769266,0.9958567669035574,audit_only_not_for_training_or_tuning
43,policy_mean,185,1.0001008401953873,0.9958440310659813,audit_only_not_for_training_or_tuning
43,policy_mean,186,1.0000262544679177,0.9958312952284052,audit_only_not_for_training_or_tuning
43,policy_mean,187,0.9998471580703746,0.9958185593908291,audit_only_not_for_training_or_tuning
43,policy_mean,188,0.9999583732440395,0.9958058235532529,audit_only_not_for_training_or_tuning
43,policy_mean,189,0.9999372433059684,0.9957930877156768,audit_only_not_for_training_or_tuning
43,policy_mean,190,0.9998447454255148,0.9957803518781007,audit_only_not_for_training_or_tuning
43,policy_mean,191,0.9997971278456862,0.9957676160405246,audit_only_not_for_training_or_tuning
43,policy_mean,192,0.9997633989603041,0.9957548802029483,audit_only_not_for_training_or_tuning
43,policy_mean,193,0.9997264125867629,0.9957421443653722,audit_only_not_for_training_or_tuning
43,policy_mean,194,0.9996754667478738,0.9957294085277961,audit_only_not_for_training_or_tuning
43,policy_mean,195,0.9998729957176684,0.99571667269022,audit_only_not_for_training_or_tuning
43,policy_mean,196,0.9994936755023153,0.9957039368526438,audit_only_not_for_training_or_tuning
43,policy_mean,197,0.9995486912467701,0.9956912010150677,audit_only_not_for_training_or_tuning
43,policy_mean,198,0.9994582591132101,0.9956784651774916,audit_only_not_for_training_or_tuning
43,policy_mean,199,0.9991803471276124,0.9956657293399154,audit_only_not_for_training_or_tuning
43,policy_mean,200,0.9990203488211733,0.9956529935023393,audit_only_not_for_training_or_tuning
43,persist,151,1.0011295755148226,0.996289785381146,audit_only_not_for_training_or_tuning
43,persist,152,1.0011481059142389,0.996289785381146,audit_only_not_for_training_or_tuning
43,persist,153,1.000898754557024,0.996289785381146,audit_only_not_for_training_or_tuning
43,persist,154,1.0009256987316166,0.996289785381146,audit_only_not_for_training_or_tuning
43,persist,155,1.0009689966931359,0.996289785381146,audit_only_not_for_training_or_tuning
43,persist,156,1.0009009044266994,0.996289785381146,audit_only_not_for_training_or_tuning
43,persist,157,1.000984753521167,0.996289785381146,audit_only_not_for_training_or_tuning
43,persist,158,1.0010845789386624,0.996289785381146,audit_only_not_for_training_or_tuning
43,persist,159,1.0009297476006735,0.996289785381146,audit_only_not_for_training_or_tuning
43,persist,160,1.000734287627361,0.996289785381146,audit_only_not_for_training_or_tuning
43,persist,161,1.0007667411154397,0.996289785381146,audit_only_not_for_training_or_tuning
43,persist,162,1.0006439915289804,0.996289785381146,audit_only_not_for_training_or_tuning
43,persist,163,1.0006660149104625,0.996289785381146,audit_only_not_for_training_or_tuning
43,persist,164,1.0005977788756526,0.996289785381146,audit_only_not_for_training_or_tuning
43,persist,165,1.0005849041834536,0.996289785381146,audit_only_not_for_training_or_tuning
43,persist,166,1.0005833960921586,0.996289785381146,audit_only_not_for_training_or_tuning
43,persist,167,1.0004349055017796,0.996289785381146,audit_only_not_for_training_or_tuning
43,persist,168,1.0005268332679074,0.996289785381146,audit_only_not_for_training_or_tuning
43,persist,169,1.0004982817047776,0.996289785381146,audit_only_not_for_training_or_tuning
43,persist,170,1.0003477549547828,0.996289785381146,audit_only_not_for_training_or_tuning
43,persist,171,1.0002837694329796,0.996289785381146,audit_only_not_for_training_or_tuning
43,persist,172,1.0003278275635783,0.996289785381146,audit_only_not_for_training_or_tuning
43,persist,173,1.0003634506477856,0.996289785381146,audit_only_not_for_training_or_tuning
43,persist,174,1.000122384015432,0.996289785381146,audit_only_not_for_training_or_tuning
43,persist,175,1.0002370521325576,0.996289785381146,audit_only_not_for_training_or_tuning
43,persist,176,1.0002520413939453,0.996289785381146,audit_only_not_for_training_or_tuning
43,persist,177,1.0001523814127022,0.996289785381146,audit_only_not_for_training_or_tuning
43,persist,178,1.0000933230028022,0.996289785381146,audit_only_not_for_training_or_tuning
43,persist,179,1.00031969278345,0.996289785381146,audit_only_not_for_training_or_tuning
43,persist,180,1.0002259727690372,0.996289785381146,audit_only_not_for_training_or_tuning
43,persist,181,1.0003092982623436,0.996289785381146,audit_only_not_for_training_or_tuning
43,persist,182,1.0000071560047257,0.996289785381146,audit_only_not_for_training_or_tuning
43,persist,183,0.9999136490098219,0.996289785381146,audit_only_not_for_training_or_tuning
43,persist,184,1.0000250509769266,0.996289785381146,audit_only_not_for_training_or_tuning
43,persist,185,1.0001008401953873,0.996289785381146,audit_only_not_for_training_or_tuning
43,persist,186,1.0000262544679177,0.996289785381146,audit_only_not_for_training_or_tuning
43,persist,187,0.9998471580703746,0.996289785381146,audit_only_not_for_training_or_tuning
43,persist,188,0.9999583732440395,0.996289785381146,audit_only_not_for_training_or_tuning
43,persist,189,0.9999372433059684,0.996289785381146,audit_only_not_for_training_or_tuning
43,persist,190,0.9998447454255148,0.996289785381146,audit_only_not_for_training_or_tuning
43,persist,191,0.9997971278456862,0.996289785381146,audit_only_not_for_training_or_tuning
43,persist,192,0.9997633989603041,0.996289785381146,audit_only_not_for_training_or_tuning
43,persist,193,0.9997264125867629,0.996289785381146,audit_only_not_for_training_or_tuning
43,persist,194,0.9996754667478738,0.996289785381146,audit_only_not_for_training_or_tuning
43,persist,195,0.9998729957176684,0.996289785381146,audit_only_not_for_training_or_tuning
43,persist,196,0.9994936755023153,0.996289785381146,audit_only_not_for_training_or_tuning
43,persist,197,0.9995486912467701,0.996289785381146,audit_only_not_for_training_or_tuning
43,persist,198,0.9994582591132101,0.996289785381146,audit_only_not_for_training_or_tuning
43,persist,199,0.9991803471276124,0.996289785381146,audit_only_not_for_training_or_tuning
43,persist,200,0.9990203488211733,0.996289785381146,audit_only_not_for_training_or_tuning
43,fusion_pbt_batterygpt,151,1.0011295755148226,0.9962483993702017,audit_only_not_for_training_or_tuning
43,fusion_pbt_batterygpt,152,1.0011481059142389,0.9962070133592574,audit_only_not_for_training_or_tuning
43,fusion_pbt_batterygpt,153,1.000898754557024,0.9961656273483132,audit_only_not_for_training_or_tuning
43,fusion_pbt_batterygpt,154,1.0009256987316166,0.9961242413373689,audit_only_not_for_training_or_tuning
43,fusion_pbt_batterygpt,155,1.0009689966931359,0.9960828553264245,audit_only_not_for_training_or_tuning
43,fusion_pbt_batterygpt,156,1.0009009044266994,0.9960414693154802,audit_only_not_for_training_or_tuning
43,fusion_pbt_batterygpt,157,1.000984753521167,0.9960000833045359,audit_only_not_for_training_or_tuning
43,fusion_pbt_batterygpt,158,1.0010845789386624,0.9959586972935917,audit_only_not_for_training_or_tuning
43,fusion_pbt_batterygpt,159,1.0009297476006735,0.9959173112826474,audit_only_not_for_training_or_tuning
43,fusion_pbt_batterygpt,160,1.000734287627361,0.9958759252717031,audit_only_not_for_training_or_tuning
43,fusion_pbt_batterygpt,161,1.0007667411154397,0.9958345392607588,audit_only_not_for_training_or_tuning
43,fusion_pbt_batterygpt,162,1.0006439915289804,0.9957931532498145,audit_only_not_for_training_or_tuning
43,fusion_pbt_batterygpt,163,1.0006660149104625,0.9957517672388703,audit_only_not_for_training_or_tuning
43,fusion_pbt_batterygpt,164,1.0005977788756526,0.995710381227926,audit_only_not_for_training_or_tuning
43,fusion_pbt_batterygpt,165,1.0005849041834536,0.9956689952169817,audit_only_not_for_training_or_tuning
43,fusion_pbt_batterygpt,166,1.0005833960921586,0.9956276092060373,audit_only_not_for_training_or_tuning
43,fusion_pbt_batterygpt,167,1.0004349055017796,0.995586223195093,audit_only_not_for_training_or_tuning
43,fusion_pbt_batterygpt,168,1.0005268332679074,0.9955448371841488,audit_only_not_for_training_or_tuning
43,fusion_pbt_batterygpt,169,1.0004982817047776,0.9955034511732045,audit_only_not_for_training_or_tuning
43,fusion_pbt_batterygpt,170,1.0003477549547828,0.9954620651622602,audit_only_not_for_training_or_tuning
43,fusion_pbt_batterygpt,171,1.0002837694329796,0.9954206791513159,audit_only_not_for_training_or_tuning
43,fusion_pbt_batterygpt,172,1.0003278275635783,0.9953792931403717,audit_only_not_for_training_or_tuning
43,fusion_pbt_batterygpt,173,1.0003634506477856,0.9953379071294274,audit_only_not_for_training_or_tuning
43,fusion_pbt_batterygpt,174,1.000122384015432,0.9952965211184831,audit_only_not_for_training_or_tuning
43,fusion_pbt_batterygpt,175,1.0002370521325576,0.9952551351075388,audit_only_not_for_training_or_tuning
43,fusion_pbt_batterygpt,176,1.0002520413939453,0.9952137490965944,audit_only_not_for_training_or_tuning
43,fusion_pbt_batterygpt,177,1.0001523814127022,0.9951723630856502,audit_only_not_for_training_or_tuning
43,fusion_pbt_batterygpt,178,1.0000933230028022,0.9951309770747059,audit_only_not_for_training_or_tuning
43,fusion_pbt_batterygpt,179,1.00031969278345,0.9950895910637616,audit_only_not_for_training_or_tuning
43,fusion_pbt_batterygpt,180,1.0002259727690372,0.9950482050528173,audit_only_not_for_training_or_tuning
43,fusion_pbt_batterygpt,181,1.0003092982623436,0.995006819041873,audit_only_not_for_training_or_tuning
43,fusion_pbt_batterygpt,182,1.0000071560047257,0.9949654330309288,audit_only_not_for_training_or_tuning
43,fusion_pbt_batterygpt,183,0.9999136490098219,0.9949240470199845,audit_only_not_for_training_or_tuning
43,fusion_pbt_batterygpt,184,1.0000250509769266,0.9948826610090402,audit_only_not_for_training_or_tuning
43,fusion_pbt_batterygpt,185,1.0001008401953873,0.9948412749980959,audit_only_not_for_training_or_tuning
43,fusion_pbt_batterygpt,186,1.0000262544679177,0.9947998889871515,audit_only_not_for_training_or_tuning
43,fusion_pbt_batterygpt,187,0.9998471580703746,0.9947585029762073,audit_only_not_for_training_or_tuning
43,fusion_pbt_batterygpt,188,0.9999583732440395,0.994717116965263,audit_only_not_for_training_or_tuning
43,fusion_pbt_batterygpt,189,0.9999372433059684,0.9946757309543187,audit_only_not_for_training_or_tuning
43,fusion_pbt_batterygpt,190,0.9998447454255148,0.9946343449433744,audit_only_not_for_training_or_tuning
43,fusion_pbt_batterygpt,191,0.9997971278456862,0.9945929589324302,audit_only_not_for_training_or_tuning
43,fusion_pbt_batterygpt,192,0.9997633989603041,0.9945515729214859,audit_only_not_for_training_or_tuning
43,fusion_pbt_batterygpt,193,0.9997264125867629,0.9945101869105416,audit_only_not_for_training_or_tuning
43,fusion_pbt_batterygpt,194,0.9996754667478738,0.9944688008995973,audit_only_not_for_training_or_tuning
43,fusion_pbt_batterygpt,195,0.9998729957176684,0.9944274148886529,audit_only_not_for_training_or_tuning
43,fusion_pbt_batterygpt,196,0.9994936755023153,0.9943860288777087,audit_only_not_for_training_or_tuning
43,fusion_pbt_batterygpt,197,0.9995486912467701,0.9943446428667644,audit_only_not_for_training_or_tuning
43,fusion_pbt_batterygpt,198,0.9994582591132101,0.9943032568558201,audit_only_not_for_training_or_tuning
43,fusion_pbt_batterygpt,199,0.9991803471276124,0.9942618708448758,audit_only_not_for_training_or_tuning
43,fusion_pbt_batterygpt,200,0.9990203488211733,0.9942204848339316,audit_only_not_for_training_or_tuning
44,linear_recent,151,1.001481028498559,0.9962613916530345,audit_only_not_for_training_or_tuning
44,linear_recent,152,1.0014630670296654,0.996223973388916,audit_only_not_for_training_or_tuning
44,linear_recent,153,1.0013621040160707,0.9961865551247975,audit_only_not_for_training_or_tuning
44,linear_recent,154,1.0012299069710968,0.996149136860679,audit_only_not_for_training_or_tuning
44,linear_recent,155,1.001161954255773,0.9961117185965604,audit_only_not_for_training_or_tuning
44,linear_recent,156,1.0013191345393984,0.9960743003324418,audit_only_not_for_training_or_tuning
44,linear_recent,157,1.0009580508889493,0.9960368820683233,audit_only_not_for_training_or_tuning
44,linear_recent,158,1.0011741536195957,0.9959994638042048,audit_only_not_for_training_or_tuning
44,linear_recent,159,1.0012027452921446,0.9959620455400863,audit_only_not_for_training_or_tuning
44,linear_recent,160,1.001197919740262,0.9959246272759678,audit_only_not_for_training_or_tuning
44,linear_recent,161,1.001483293403751,0.9958872090118492,audit_only_not_for_training_or_tuning
44,linear_recent,162,1.001338809848436,0.9958497907477306,audit_only_not_for_training_or_tuning
44,linear_recent,163,1.0007182066614215,0.9958123724836121,audit_only_not_for_training_or_tuning
44,linear_recent,164,1.0007486428108936,0.9957749542194936,audit_only_not_for_training_or_tuning
44,linear_recent,165,1.0010275340098136,0.9957375359553751,audit_only_not_for_training_or_tuning
44,linear_recent,166,1.0006812902298723,0.9957001176912565,audit_only_not_for_training_or_tuning
44,linear_recent,167,1.0008881067447384,0.995662699427138,audit_only_not_for_training_or_tuning
44,linear_recent,168,1.000703809895758,0.9956252811630194,audit_only_not_for_training_or_tuning
44,linear_recent,169,1.0005355647230103,0.9955878628989009,audit_only_not_for_training_or_tuning
44,linear_recent,170,1.0009673367753833,0.9955504446347824,audit_only_not_for_training_or_tuning
44,linear_recent,171,1.0012064371769547,0.9955130263706639,audit_only_not_for_training_or_tuning
44,linear_recent,172,1.0007605324792985,0.9954756081065453,audit_only_not_for_training_or_tuning
44,linear_recent,173,1.0002962062029188,0.9954381898424268,audit_only_not_for_training_or_tuning
44,linear_recent,174,1.0007810835592545,0.9954007715783083,audit_only_not_for_training_or_tuning
44,linear_recent,175,1.0001489606473384,0.9953633533141897,audit_only_not_for_training_or_tuning
44,linear_recent,176,1.0005755018660643,0.9953259350500712,audit_only_not_for_training_or_tuning
44,linear_recent,177,1.0010602699503466,0.9952885167859526,audit_only_not_for_training_or_tuning
44,linear_recent,178,1.000618913707294,0.9952510985218341,audit_only_not_for_training_or_tuning
44,linear_recent,179,0.9999694975570079,0.9952136802577156,audit_only_not_for_training_or_tuning
44,linear_recent,180,1.000652578268462,0.9951762619935971,audit_only_not_for_training_or_tuning
44,linear_recent,181,1.0000063052423602,0.9951388437294785,audit_only_not_for_training_or_tuning
44,linear_recent,182,1.0001268127012686,0.99510142546536,audit_only_not_for_training_or_tuning
44,linear_recent,183,0.9999435524132967,0.9950640072012414,audit_only_not_for_training_or_tuning
44,linear_recent,184,0.999305888619668,0.9950265889371229,audit_only_not_for_training_or_tuning
44,linear_recent,185,0.9993840248384929,0.9949891706730044,audit_only_not_for_training_or_tuning
44,linear_recent,186,0.9998917159851842,0.9949517524088859,audit_only_not_for_training_or_tuning
44,linear_recent,187,1.000081554163792,0.9949143341447673,audit_only_not_for_training_or_tuning
44,linear_recent,188,0.9995588703701584,0.9948769158806487,audit_only_not_for_training_or_tuning
44,linear_recent,189,0.999335777434034,0.9948394976165302,audit_only_not_for_training_or_tuning
44,linear_recent,190,0.9994862187630714,0.9948020793524117,audit_only_not_for_training_or_tuning
44,linear_recent,191,0.9994217676089222,0.9947646610882932,audit_only_not_for_training_or_tuning
44,linear_recent,192,0.9995195221051876,0.9947272428241747,audit_only_not_for_training_or_tuning
44,linear_recent,193,0.9990897474134157,0.9946898245600562,audit_only_not_for_training_or_tuning
44,linear_recent,194,0.999655618951686,0.9946524062959375,audit_only_not_for_training_or_tuning
44,linear_recent,195,0.9994122139878726,0.994614988031819,audit_only_not_for_training_or_tuning
44,linear_recent,196,0.9993498701749349,0.9945775697677005,audit_only_not_for_training_or_tuning
44,linear_recent,197,0.9991277918297365,0.994540151503582,audit_only_not_for_training_or_tuning
44,linear_recent,198,0.9992544468335065,0.9945027332394635,audit_only_not_for_training_or_tuning
44,linear_recent,199,0.9995809216428694,0.994465314975345,audit_only_not_for_training_or_tuning
44,linear_recent,200,0.9991898079251517,0.9944278967112263,audit_only_not_for_training_or_tuning
44,policy_mean,151,1.001481028498559,0.9962753591438531,audit_only_not_for_training_or_tuning
44,policy_mean,152,1.0014630670296654,0.9962519083705532,audit_only_not_for_training_or_tuning
44,policy_mean,153,1.0013621040160707,0.9962284575972533,audit_only_not_for_training_or_tuning
44,policy_mean,154,1.0012299069710968,0.9962050068239534,audit_only_not_for_training_or_tuning
44,policy_mean,155,1.001161954255773,0.9961815560506536,audit_only_not_for_training_or_tuning
44,policy_mean,156,1.0013191345393984,0.9961581052773537,audit_only_not_for_training_or_tuning
44,policy_mean,157,1.0009580508889493,0.9961346545040538,audit_only_not_for_training_or_tuning
44,policy_mean,158,1.0011741536195957,0.9961112037307539,audit_only_not_for_training_or_tuning
44,policy_mean,159,1.0012027452921446,0.996087752957454,audit_only_not_for_training_or_tuning
44,policy_mean,160,1.001197919740262,0.9960643021841541,audit_only_not_for_training_or_tuning
44,policy_mean,161,1.001483293403751,0.9960408514108542,audit_only_not_for_training_or_tuning
44,policy_mean,162,1.001338809848436,0.9960174006375543,audit_only_not_for_training_or_tuning
44,policy_mean,163,1.0007182066614215,0.9959939498642545,audit_only_not_for_training_or_tuning
44,policy_mean,164,1.0007486428108936,0.9959704990909546,audit_only_not_for_training_or_tuning
44,policy_mean,165,1.0010275340098136,0.9959470483176547,audit_only_not_for_training_or_tuning
44,policy_mean,166,1.0006812902298723,0.9959235975443548,audit_only_not_for_training_or_tuning
44,policy_mean,167,1.0008881067447384,0.9959001467710549,audit_only_not_for_training_or_tuning
44,policy_mean,168,1.000703809895758,0.995876695997755,audit_only_not_for_training_or_tuning
44,policy_mean,169,1.0005355647230103,0.9958532452244551,audit_only_not_for_training_or_tuning
44,policy_mean,170,1.0009673367753833,0.9958297944511553,audit_only_not_for_training_or_tuning
44,policy_mean,171,1.0012064371769547,0.9958063436778554,audit_only_not_for_training_or_tuning
44,policy_mean,172,1.0007605324792985,0.9957828929045555,audit_only_not_for_training_or_tuning
44,policy_mean,173,1.0002962062029188,0.9957594421312556,audit_only_not_for_training_or_tuning
44,policy_mean,174,1.0007810835592545,0.9957359913579557,audit_only_not_for_training_or_tuning
44,policy_mean,175,1.0001489606473384,0.9957125405846557,audit_only_not_for_training_or_tuning
44,policy_mean,176,1.0005755018660643,0.9956890898113558,audit_only_not_for_training_or_tuning
44,policy_mean,177,1.0010602699503466,0.995665639038056,audit_only_not_for_training_or_tuning
44,policy_mean,178,1.000618913707294,0.9956421882647561,audit_only_not_for_training_or_tuning
44,policy_mean,179,0.9999694975570079,0.9956187374914562,audit_only_not_for_training_or_tuning
44,policy_mean,180,1.000652578268462,0.9955952867181563,audit_only_not_for_training_or_tuning
44,policy_mean,181,1.0000063052423602,0.9955718359448564,audit_only_not_for_training_or_tuning
44,policy_mean,182,1.0001268127012686,0.9955483851715565,audit_only_not_for_training_or_tuning
44,policy_mean,183,0.9999435524132967,0.9955249343982566,audit_only_not_for_training_or_tuning
44,policy_mean,184,0.999305888619668,0.9955014836249568,audit_only_not_for_training_or_tuning
44,policy_mean,185,0.9993840248384929,0.9954780328516569,audit_only_not_for_training_or_tuning
44,policy_mean,186,0.9998917159851842,0.995454582078357,audit_only_not_for_training_or_tuning
44,policy_mean,187,1.000081554163792,0.9954311313050571,audit_only_not_for_training_or_tuning
44,policy_mean,188,0.9995588703701584,0.9954076805317572,audit_only_not_for_training_or_tuning
44,policy_mean,189,0.999335777434034,0.9953842297584573,audit_only_not_for_training_or_tuning
44,policy_mean,190,0.9994862187630714,0.9953607789851574,audit_only_not_for_training_or_tuning
44,policy_mean,191,0.9994217676089222,0.9953373282118576,audit_only_not_for_training_or_tuning
44,policy_mean,192,0.9995195221051876,0.9953138774385577,audit_only_not_for_training_or_tuning
44,policy_mean,193,0.9990897474134157,0.9952904266652578,audit_only_not_for_training_or_tuning
44,policy_mean,194,0.999655618951686,0.9952669758919579,audit_only_not_for_training_or_tuning
44,policy_mean,195,0.9994122139878726,0.995243525118658,audit_only_not_for_training_or_tuning
44,policy_mean,196,0.9993498701749349,0.9952200743453581,audit_only_not_for_training_or_tuning
44,policy_mean,197,0.9991277918297365,0.9951966235720582,audit_only_not_for_training_or_tuning
44,policy_mean,198,0.9992544468335065,0.9951731727987583,audit_only_not_for_training_or_tuning
44,policy_mean,199,0.9995809216428694,0.9951497220254585,audit_only_not_for_training_or_tuning
44,policy_mean,200,0.9991898079251517,0.9951262712521586,audit_only_not_for_training_or_tuning
44,persist,151,1.001481028498559,0.996298809917153,audit_only_not_for_training_or_tuning
44,persist,152,1.0014630670296654,0.996298809917153,audit_only_not_for_training_or_tuning
44,persist,153,1.0013621040160707,0.996298809917153,audit_only_not_for_training_or_tuning
44,persist,154,1.0012299069710968,0.996298809917153,audit_only_not_for_training_or_tuning
44,persist,155,1.001161954255773,0.996298809917153,audit_only_not_for_training_or_tuning
44,persist,156,1.0013191345393984,0.996298809917153,audit_only_not_for_training_or_tuning
44,persist,157,1.0009580508889493,0.996298809917153,audit_only_not_for_training_or_tuning
44,persist,158,1.0011741536195957,0.996298809917153,audit_only_not_for_training_or_tuning
44,persist,159,1.0012027452921446,0.996298809917153,audit_only_not_for_training_or_tuning
44,persist,160,1.001197919740262,0.996298809917153,audit_only_not_for_training_or_tuning
44,persist,161,1.001483293403751,0.996298809917153,audit_only_not_for_training_or_tuning
44,persist,162,1.001338809848436,0.996298809917153,audit_only_not_for_training_or_tuning
44,persist,163,1.0007182066614215,0.996298809917153,audit_only_not_for_training_or_tuning
44,persist,164,1.0007486428108936,0.996298809917153,audit_only_not_for_training_or_tuning
44,persist,165,1.0010275340098136,0.996298809917153,audit_only_not_for_training_or_tuning
44,persist,166,1.0006812902298723,0.996298809917153,audit_only_not_for_training_or_tuning
44,persist,167,1.0008881067447384,0.996298809917153,audit_only_not_for_training_or_tuning
44,persist,168,1.000703809895758,0.996298809917153,audit_only_not_for_training_or_tuning
44,persist,169,1.0005355647230103,0.996298809917153,audit_only_not_for_training_or_tuning
44,persist,170,1.0009673367753833,0.996298809917153,audit_only_not_for_training_or_tuning
44,persist,171,1.0012064371769547,0.996298809917153,audit_only_not_for_training_or_tuning
44,persist,172,1.0007605324792985,0.996298809917153,audit_only_not_for_training_or_tuning
44,persist,173,1.0002962062029188,0.996298809917153,audit_only_not_for_training_or_tuning
44,persist,174,1.0007810835592545,0.996298809917153,audit_only_not_for_training_or_tuning
44,persist,175,1.0001489606473384,0.996298809917153,audit_only_not_for_training_or_tuning
44,persist,176,1.0005755018660643,0.996298809917153,audit_only_not_for_training_or_tuning
44,persist,177,1.0010602699503466,0.996298809917153,audit_only_not_for_training_or_tuning
44,persist,178,1.000618913707294,0.996298809917153,audit_only_not_for_training_or_tuning
44,persist,179,0.9999694975570079,0.996298809917153,audit_only_not_for_training_or_tuning
44,persist,180,1.000652578268462,0.996298809917153,audit_only_not_for_training_or_tuning
44,persist,181,1.0000063052423602,0.996298809917153,audit_only_not_for_training_or_tuning
44,persist,182,1.0001268127012686,0.996298809917153,audit_only_not_for_training_or_tuning
44,persist,183,0.9999435524132967,0.996298809917153,audit_only_not_for_training_or_tuning
44,persist,184,0.999305888619668,0.996298809917153,audit_only_not_for_training_or_tuning
44,persist,185,0.9993840248384929,0.996298809917153,audit_only_not_for_training_or_tuning
44,persist,186,0.9998917159851842,0.996298809917153,audit_only_not_for_training_or_tuning
44,persist,187,1.000081554163792,0.996298809917153,audit_only_not_for_training_or_tuning
44,persist,188,0.9995588703701584,0.996298809917153,audit_only_not_for_training_or_tuning
44,persist,189,0.999335777434034,0.996298809917153,audit_only_not_for_training_or_tuning
44,persist,190,0.9994862187630714,0.996298809917153,audit_only_not_for_training_or_tuning
44,persist,191,0.9994217676089222,0.996298809917153,audit_only_not_for_training_or_tuning
44,persist,192,0.9995195221051876,0.996298809917153,audit_only_not_for_training_or_tuning
44,persist,193,0.9990897474134157,0.996298809917153,audit_only_not_for_training_or_tuning
44,persist,194,0.999655618951686,0.996298809917153,audit_only_not_for_training_or_tuning
44,persist,195,0.9994122139878726,0.996298809917153,audit_only_not_for_training_or_tuning
44,persist,196,0.9993498701749349,0.996298809917153,audit_only_not_for_training_or_tuning
44,persist,197,0.9991277918297365,0.996298809917153,audit_only_not_for_training_or_tuning
44,persist,198,0.9992544468335065,0.996298809917153,audit_only_not_for_training_or_tuning
44,persist,199,0.9995809216428694,0.996298809917153,audit_only_not_for_training_or_tuning
44,persist,200,0.9991898079251517,0.996298809917153,audit_only_not_for_training_or_tuning
44,fusion_pbt_batterygpt,151,1.001481028498559,0.9962543785234762,audit_only_not_for_training_or_tuning
44,fusion_pbt_batterygpt,152,1.0014630670296654,0.9962099471297993,audit_only_not_for_training_or_tuning
44,fusion_pbt_batterygpt,153,1.0013621040160707,0.9961655157361224,audit_only_not_for_training_or_tuning
44,fusion_pbt_batterygpt,154,1.0012299069710968,0.9961210843424455,audit_only_not_for_training_or_tuning
44,fusion_pbt_batterygpt,155,1.001161954255773,0.9960766529487687,audit_only_not_for_training_or_tuning
44,fusion_pbt_batterygpt,156,1.0013191345393984,0.9960322215550919,audit_only_not_for_training_or_tuning
44,fusion_pbt_batterygpt,157,1.0009580508889493,0.9959877901614149,audit_only_not_for_training_or_tuning
44,fusion_pbt_batterygpt,158,1.0011741536195957,0.9959433587677381,audit_only_not_for_training_or_tuning
44,fusion_pbt_batterygpt,159,1.0012027452921446,0.9958989273740612,audit_only_not_for_training_or_tuning
44,fusion_pbt_batterygpt,160,1.001197919740262,0.9958544959803843,audit_only_not_for_training_or_tuning
44,fusion_pbt_batterygpt,161,1.001483293403751,0.9958100645867075,audit_only_not_for_training_or_tuning
44,fusion_pbt_batterygpt,162,1.001338809848436,0.9957656331930306,audit_only_not_for_training_or_tuning
44,fusion_pbt_batterygpt,163,1.0007182066614215,0.9957212017993538,audit_only_not_for_training_or_tuning
44,fusion_pbt_batterygpt,164,1.0007486428108936,0.9956767704056768,audit_only_not_for_training_or_tuning
44,fusion_pbt_batterygpt,165,1.0010275340098136,0.995632339012,audit_only_not_for_training_or_tuning
44,fusion_pbt_batterygpt,166,1.0006812902298723,0.9955879076183232,audit_only_not_for_training_or_tuning
44,fusion_pbt_batterygpt,167,1.0008881067447384,0.9955434762246462,audit_only_not_for_training_or_tuning
44,fusion_pbt_batterygpt,168,1.000703809895758,0.9954990448309694,audit_only_not_for_training_or_tuning
44,fusion_pbt_batterygpt,169,1.0005355647230103,0.9954546134372925,audit_only_not_for_training_or_tuning
44,fusion_pbt_batterygpt,170,1.0009673367753833,0.9954101820436156,audit_only_not_for_training_or_tuning
44,fusion_pbt_batterygpt,171,1.0012064371769547,0.9953657506499388,audit_only_not_for_training_or_tuning
44,fusion_pbt_batterygpt,172,1.0007605324792985,0.9953213192562619,audit_only_not_for_training_or_tuning
44,fusion_pbt_batterygpt,173,1.0002962062029188,0.9952768878625851,audit_only_not_for_training_or_tuning
44,fusion_pbt_batterygpt,174,1.0007810835592545,0.9952324564689081,audit_only_not_for_training_or_tuning
44,fusion_pbt_batterygpt,175,1.0001489606473384,0.9951880250752313,audit_only_not_for_training_or_tuning
44,fusion_pbt_batterygpt,176,1.0005755018660643,0.9951435936815545,audit_only_not_for_training_or_tuning
44,fusion_pbt_batterygpt,177,1.0010602699503466,0.9950991622878775,audit_only_not_for_training_or_tuning
44,fusion_pbt_batterygpt,178,1.000618913707294,0.9950547308942007,audit_only_not_for_training_or_tuning
44,fusion_pbt_batterygpt,179,0.9999694975570079,0.9950102995005238,audit_only_not_for_training_or_tuning
44,fusion_pbt_batterygpt,180,1.000652578268462,0.994965868106847,audit_only_not_for_training_or_tuning
44,fusion_pbt_batterygpt,181,1.0000063052423602,0.9949214367131701,audit_only_not_for_training_or_tuning
44,fusion_pbt_batterygpt,182,1.0001268127012686,0.9948770053194932,audit_only_not_for_training_or_tuning
44,fusion_pbt_batterygpt,183,0.9999435524132967,0.9948325739258164,audit_only_not_for_training_or_tuning
44,fusion_pbt_batterygpt,184,0.999305888619668,0.9947881425321394,audit_only_not_for_training_or_tuning
44,fusion_pbt_batterygpt,185,0.9993840248384929,0.9947437111384626,audit_only_not_for_training_or_tuning
44,fusion_pbt_batterygpt,186,0.9998917159851842,0.9946992797447858,audit_only_not_for_training_or_tuning
44,fusion_pbt_batterygpt,187,1.000081554163792,0.9946548483511088,audit_only_not_for_training_or_tuning
44,fusion_pbt_batterygpt,188,0.9995588703701584,0.994610416957432,audit_only_not_for_training_or_tuning
44,fusion_pbt_batterygpt,189,0.999335777434034,0.9945659855637551,audit_only_not_for_training_or_tuning
44,fusion_pbt_batterygpt,190,0.9994862187630714,0.9945215541700783,audit_only_not_for_training_or_tuning
44,fusion_pbt_batterygpt,191,0.9994217676089222,0.9944771227764014,audit_only_not_for_training_or_tuning
44,fusion_pbt_batterygpt,192,0.9995195221051876,0.9944326913827245,audit_only_not_for_training_or_tuning
44,fusion_pbt_batterygpt,193,0.9990897474134157,0.9943882599890477,audit_only_not_for_training_or_tuning
44,fusion_pbt_batterygpt,194,0.999655618951686,0.9943438285953707,audit_only_not_for_training_or_tuning
44,fusion_pbt_batterygpt,195,0.9994122139878726,0.9942993972016939,audit_only_not_for_training_or_tuning
44,fusion_pbt_batterygpt,196,0.9993498701749349,0.9942549658080171,audit_only_not_for_training_or_tuning
44,fusion_pbt_batterygpt,197,0.9991277918297365,0.9942105344143402,audit_only_not_for_training_or_tuning
44,fusion_pbt_batterygpt,198,0.9992544468335065,0.9941661030206633,audit_only_not_for_training_or_tuning
44,fusion_pbt_batterygpt,199,0.9995809216428694,0.9941216716269864,audit_only_not_for_training_or_tuning
44,fusion_pbt_batterygpt,200,0.9991898079251517,0.9940772402333096,audit_only_not_for_training_or_tuning
45,linear_recent,151,1.0035838365277918,0.9981823252890581,audit_only_not_for_training_or_tuning
45,linear_recent,152,1.0043780334580792,0.9981603554699724,audit_only_not_for_training_or_tuning
45,linear_recent,153,1.0043911395963634,0.9981383856508866,audit_only_not_for_training_or_tuning
45,linear_recent,154,1.0036246973163683,0.9981164158318009,audit_only_not_for_training_or_tuning
45,linear_recent,155,1.003631790140186,0.9980944460127151,audit_only_not_for_training_or_tuning
45,linear_recent,156,1.0032858979051333,0.9980724761936294,audit_only_not_for_training_or_tuning
45,linear_recent,157,1.00359518333594,0.9980505063745436,audit_only_not_for_training_or_tuning
45,linear_recent,158,1.0038151362496432,0.9980285365554579,audit_only_not_for_training_or_tuning
45,linear_recent,159,1.0039354332089505,0.9980065667363721,audit_only_not_for_training_or_tuning
45,linear_recent,160,1.0034901303016657,0.9979845969172864,audit_only_not_for_training_or_tuning
45,linear_recent,161,1.0037875991688312,0.9979626270982006,audit_only_not_for_training_or_tuning
45,linear_recent,162,1.0034386636876087,0.9979406572791149,audit_only_not_for_training_or_tuning
45,linear_recent,163,1.0036250327134668,0.9979186874600291,audit_only_not_for_training_or_tuning
45,linear_recent,164,1.0032779201076252,0.9978967176409433,audit_only_not_for_training_or_tuning
45,linear_recent,165,1.0037294948646034,0.9978747478218576,audit_only_not_for_training_or_tuning
45,linear_recent,166,1.0033501417491257,0.9978527780027718,audit_only_not_for_training_or_tuning
45,linear_recent,167,1.0031062646279156,0.9978308081836861,audit_only_not_for_training_or_tuning
45,linear_recent,168,1.003137871725695,0.9978088383646003,audit_only_not_for_training_or_tuning
45,linear_recent,169,1.0030533820670426,0.9977868685455146,audit_only_not_for_training_or_tuning
45,linear_recent,170,1.0025723245219897,0.9977648987264288,audit_only_not_for_training_or_tuning
45,linear_recent,171,1.0029185387268738,0.9977429289073431,audit_only_not_for_training_or_tuning
45,linear_recent,172,1.0035970083079355,0.9977209590882573,audit_only_not_for_training_or_tuning
45,linear_recent,173,1.0032322159687472,0.9976989892691716,audit_only_not_for_training_or_tuning
45,linear_recent,174,1.0026621261042852,0.9976770194500858,audit_only_not_for_training_or_tuning
45,linear_recent,175,1.0029590088141196,0.997655049631,audit_only_not_for_training_or_tuning
45,linear_recent,176,1.0031509612147225,0.9976330798119143,audit_only_not_for_training_or_tuning
45,linear_recent,177,1.0032896431994482,0.9976111099928285,audit_only_not_for_training_or_tuning
45,linear_recent,178,1.0027549281882822,0.9975891401737428,audit_only_not_for_training_or_tuning
45,linear_recent,179,1.0030846461704948,0.997567170354657,audit_only_not_for_training_or_tuning
45,linear_recent,180,1.002843956381523,0.9975452005355713,audit_only_not_for_training_or_tuning
45,linear_recent,181,1.0026093885282468,0.9975232307164856,audit_only_not_for_training_or_tuning
45,linear_recent,182,1.0027971729613798,0.9975012608973999,audit_only_not_for_training_or_tuning
45,linear_recent,183,1.0024428759557693,0.9974792910783141,audit_only_not_for_training_or_tuning
45,linear_recent,184,1.0031062990198654,0.9974573212592284,audit_only_not_for_training_or_tuning
45,linear_recent,185,1.00253287803699,0.9974353514401426,audit_only_not_for_training_or_tuning
45,linear_recent,186,1.002575074181455,0.9974133816210569,audit_only_not_for_training_or_tuning
45,linear_recent,187,1.0026331952581748,0.9973914118019711,audit_only_not_for_training_or_tuning
45,linear_recent,188,1.00300848245717,0.9973694419828854,audit_only_not_for_training_or_tuning
45,linear_recent,189,1.0021824914330137,0.9973474721637996,audit_only_not_for_training_or_tuning
45,linear_recent,190,1.0030994944149882,0.9973255023447138,audit_only_not_for_training_or_tuning
45,linear_recent,191,1.002372557832497,0.9973035325256281,audit_only_not_for_training_or_tuning
45,linear_recent,192,1.0022106141345513,0.9972815627065423,audit_only_not_for_training_or_tuning
45,linear_recent,193,1.00264566644765,0.9972595928874566,audit_only_not_for_training_or_tuning
45,linear_recent,194,1.00217844897634,0.9972376230683708,audit_only_not_for_training_or_tuning
45,linear_recent,195,1.0023369723921092,0.9972156532492851,audit_only_not_for_training_or_tuning
45,linear_recent,196,1.002289746781366,0.9971936834301993,audit_only_not_for_training_or_tuning
45,linear_recent,197,1.002609623868031,0.9971717136111136,audit_only_not_for_training_or_tuning
45,linear_recent,198,1.002906262714834,0.9971497437920278,audit_only_not_for_training_or_tuning
45,linear_recent,199,1.0021187517105028,0.997127773972942,audit_only_not_for_training_or_tuning
45,linear_recent,200,1.0021128544904934,0.9971058041538563,audit_only_not_for_training_or_tuning
45,policy_mean,151,1.0035838365277918,0.9981826253511041,audit_only_not_for_training_or_tuning
45,policy_mean,152,1.0043780334580792,0.9981609555940641,audit_only_not_for_training_or_tuning
45,policy_mean,153,1.0043911395963634,0.9981392858370243,audit_only_not_for_training_or_tuning
45,policy_mean,154,1.0036246973163683,0.9981176160799844,audit_only_not_for_training_or_tuning
45,policy_mean,155,1.003631790140186,0.9980959463229445,audit_only_not_for_training_or_tuning
45,policy_mean,156,1.0032858979051333,0.9980742765659046,audit_only_not_for_training_or_tuning
45,policy_mean,157,1.00359518333594,0.9980526068088647,audit_only_not_for_training_or_tuning
45,policy_mean,158,1.0038151362496432,0.9980309370518248,audit_only_not_for_training_or_tuning
45,policy_mean,159,1.0039354332089505,0.9980092672947849,audit_only_not_for_training_or_tuning
45,policy_mean,160,1.0034901303016657,0.997987597537745,audit_only_not_for_training_or_tuning
45,policy_mean,161,1.0037875991688312,0.9979659277807051,audit_only_not_for_training_or_tuning
45,policy_mean,162,1.0034386636876087,0.9979442580236652,audit_only_not_for_training_or_tuning
45,policy_mean,163,1.0036250327134668,0.9979225882666253,audit_only_not_for_training_or_tuning
45,policy_mean,164,1.0032779201076252,0.9979009185095854,audit_only_not_for_training_or_tuning
45,policy_mean,165,1.0037294948646034,0.9978792487525455,audit_only_not_for_training_or_tuning
45,policy_mean,166,1.0033501417491257,0.9978575789955056,audit_only_not_for_training_or_tuning
45,policy_mean,167,1.0031062646279156,0.9978359092384657,audit_only_not_for_training_or_tuning
45,policy_mean,168,1.003137871725695,0.9978142394814258,audit_only_not_for_training_or_tuning
45,policy_mean,169,1.0030533820670426,0.9977925697243859,audit_only_not_for_training_or_tuning
45,policy_mean,170,1.0025723245219897,0.997770899967346,audit_only_not_for_training_or_tuning
45,policy_mean,171,1.0029185387268738,0.9977492302103061,audit_only_not_for_training_or_tuning
45,policy_mean,172,1.0035970083079355,0.9977275604532662,audit_only_not_for_training_or_tuning
45,policy_mean,173,1.0032322159687472,0.9977058906962263,audit_only_not_for_training_or_tuning
45,policy_mean,174,1.0026621261042852,0.9976842209391864,audit_only_not_for_training_or_tuning
45,policy_mean,175,1.0029590088141196,0.9976625511821465,audit_only_not_for_training_or_tuning
45,policy_mean,176,1.0031509612147225,0.9976408814251067,audit_only_not_for_training_or_tuning
45,policy_mean,177,1.0032896431994482,0.9976192116680667,audit_only_not_for_training_or_tuning
45,policy_mean,178,1.0027549281882822,0.9975975419110268,audit_only_not_for_training_or_tuning
45,policy_mean,179,1.0030846461704948,0.9975758721539869,audit_only_not_for_training_or_tuning
45,policy_mean,180,1.002843956381523,0.997554202396947,audit_only_not_for_training_or_tuning
45,policy_mean,181,1.0026093885282468,0.9975325326399072,audit_only_not_for_training_or_tuning
45,policy_mean,182,1.0027971729613798,0.9975108628828672,audit_only_not_for_training_or_tuning
45,policy_mean,183,1.0024428759557693,0.9974891931258273,audit_only_not_for_training_or_tuning
45,policy_mean,184,1.0031062990198654,0.9974675233687874,audit_only_not_for_training_or_tuning
45,policy_mean,185,1.00253287803699,0.9974458536117475,audit_only_not_for_training_or_tuning
45,policy_mean,186,1.002575074181455,0.9974241838547075,audit_only_not_for_training_or_tuning
45,policy_mean,187,1.0026331952581748,0.9974025140976677,audit_only_not_for_training_or_tuning
45,policy_mean,188,1.00300848245717,0.9973808443406278,audit_only_not_for_training_or_tuning
45,policy_mean,189,1.0021824914330137,0.9973591745835879,audit_only_not_for_training_or_tuning
45,policy_mean,190,1.0030994944149882,0.997337504826548,audit_only_not_for_training_or_tuning
45,policy_mean,191,1.002372557832497,0.997315835069508,audit_only_not_for_training_or_tuning
45,policy_mean,192,1.0022106141345513,0.9972941653124682,audit_only_not_for_training_or_tuning
45,policy_mean,193,1.00264566644765,0.9972724955554283,audit_only_not_for_training_or_tuning
45,policy_mean,194,1.00217844897634,0.9972508257983884,audit_only_not_for_training_or_tuning
45,policy_mean,195,1.0023369723921092,0.9972291560413485,audit_only_not_for_training_or_tuning
45,policy_mean,196,1.002289746781366,0.9972074862843086,audit_only_not_for_training_or_tuning
45,policy_mean,197,1.002609623868031,0.9971858165272687,audit_only_not_for_training_or_tuning
45,policy_mean,198,1.002906262714834,0.9971641467702288,audit_only_not_for_training_or_tuning
45,policy_mean,199,1.0021187517105028,0.9971424770131889,audit_only_not_for_training_or_tuning
45,policy_mean,200,1.0021128544904934,0.997120807256149,audit_only_not_for_training_or_tuning
45,persist,151,1.0035838365277918,0.998204295108144,audit_only_not_for_training_or_tuning
45,persist,152,1.0043780334580792,0.998204295108144,audit_only_not_for_training_or_tuning
45,persist,153,1.0043911395963634,0.998204295108144,audit_only_not_for_training_or_tuning
45,persist,154,1.0036246973163683,0.998204295108144,audit_only_not_for_training_or_tuning
45,persist,155,1.003631790140186,0.998204295108144,audit_only_not_for_training_or_tuning
45,persist,156,1.0032858979051333,0.998204295108144,audit_only_not_for_training_or_tuning
45,persist,157,1.00359518333594,0.998204295108144,audit_only_not_for_training_or_tuning
45,persist,158,1.0038151362496432,0.998204295108144,audit_only_not_for_training_or_tuning
45,persist,159,1.0039354332089505,0.998204295108144,audit_only_not_for_training_or_tuning
45,persist,160,1.0034901303016657,0.998204295108144,audit_only_not_for_training_or_tuning
45,persist,161,1.0037875991688312,0.998204295108144,audit_only_not_for_training_or_tuning
45,persist,162,1.0034386636876087,0.998204295108144,audit_only_not_for_training_or_tuning
45,persist,163,1.0036250327134668,0.998204295108144,audit_only_not_for_training_or_tuning
45,persist,164,1.0032779201076252,0.998204295108144,audit_only_not_for_training_or_tuning
45,persist,165,1.0037294948646034,0.998204295108144,audit_only_not_for_training_or_tuning
45,persist,166,1.0033501417491257,0.998204295108144,audit_only_not_for_training_or_tuning
45,persist,167,1.0031062646279156,0.998204295108144,audit_only_not_for_training_or_tuning
45,persist,168,1.003137871725695,0.998204295108144,audit_only_not_for_training_or_tuning
45,persist,169,1.0030533820670426,0.998204295108144,audit_only_not_for_training_or_tuning
45,persist,170,1.0025723245219897,0.998204295108144,audit_only_not_for_training_or_tuning
45,persist,171,1.0029185387268738,0.998204295108144,audit_only_not_for_training_or_tuning
45,persist,172,1.0035970083079355,0.998204295108144,audit_only_not_for_training_or_tuning
45,persist,173,1.0032322159687472,0.998204295108144,audit_only_not_for_training_or_tuning
45,persist,174,1.0026621261042852,0.998204295108144,audit_only_not_for_training_or_tuning
45,persist,175,1.0029590088141196,0.998204295108144,audit_only_not_for_training_or_tuning
45,persist,176,1.0031509612147225,0.998204295108144,audit_only_not_for_training_or_tuning
45,persist,177,1.0032896431994482,0.998204295108144,audit_only_not_for_training_or_tuning
45,persist,178,1.0027549281882822,0.998204295108144,audit_only_not_for_training_or_tuning
45,persist,179,1.0030846461704948,0.998204295108144,audit_only_not_for_training_or_tuning
45,persist,180,1.002843956381523,0.998204295108144,audit_only_not_for_training_or_tuning
45,persist,181,1.0026093885282468,0.998204295108144,audit_only_not_for_training_or_tuning
45,persist,182,1.0027971729613798,0.998204295108144,audit_only_not_for_training_or_tuning
45,persist,183,1.0024428759557693,0.998204295108144,audit_only_not_for_training_or_tuning
45,persist,184,1.0031062990198654,0.998204295108144,audit_only_not_for_training_or_tuning
45,persist,185,1.00253287803699,0.998204295108144,audit_only_not_for_training_or_tuning
45,persist,186,1.002575074181455,0.998204295108144,audit_only_not_for_training_or_tuning
45,persist,187,1.0026331952581748,0.998204295108144,audit_only_not_for_training_or_tuning
45,persist,188,1.00300848245717,0.998204295108144,audit_only_not_for_training_or_tuning
45,persist,189,1.0021824914330137,0.998204295108144,audit_only_not_for_training_or_tuning
45,persist,190,1.0030994944149882,0.998204295108144,audit_only_not_for_training_or_tuning
45,persist,191,1.002372557832497,0.998204295108144,audit_only_not_for_training_or_tuning
45,persist,192,1.0022106141345513,0.998204295108144,audit_only_not_for_training_or_tuning
45,persist,193,1.00264566644765,0.998204295108144,audit_only_not_for_training_or_tuning
45,persist,194,1.00217844897634,0.998204295108144,audit_only_not_for_training_or_tuning
45,persist,195,1.0023369723921092,0.998204295108144,audit_only_not_for_training_or_tuning
45,persist,196,1.002289746781366,0.998204295108144,audit_only_not_for_training_or_tuning
45,persist,197,1.002609623868031,0.998204295108144,audit_only_not_for_training_or_tuning
45,persist,198,1.002906262714834,0.998204295108144,audit_only_not_for_training_or_tuning
45,persist,199,1.0021187517105028,0.998204295108144,audit_only_not_for_training_or_tuning
45,persist,200,1.0021128544904934,0.998204295108144,audit_only_not_for_training_or_tuning
45,fusion_pbt_batterygpt,151,1.0035838365277918,0.998175324929619,audit_only_not_for_training_or_tuning
45,fusion_pbt_batterygpt,152,1.0043780334580792,0.998146354751094,audit_only_not_for_training_or_tuning
45,fusion_pbt_batterygpt,153,1.0043911395963634,0.9981173845725689,audit_only_not_for_training_or_tuning
45,fusion_pbt_batterygpt,154,1.0036246973163683,0.9980884143940439,audit_only_not_for_training_or_tuning
45,fusion_pbt_batterygpt,155,1.003631790140186,0.998059444215519,audit_only_not_for_training_or_tuning
45,fusion_pbt_batterygpt,156,1.0032858979051333,0.998030474036994,audit_only_not_for_training_or_tuning
45,fusion_pbt_batterygpt,157,1.00359518333594,0.9980015038584689,audit_only_not_for_training_or_tuning
45,fusion_pbt_batterygpt,158,1.0038151362496432,0.9979725336799439,audit_only_not_for_training_or_tuning
45,fusion_pbt_batterygpt,159,1.0039354332089505,0.9979435635014189,audit_only_not_for_training_or_tuning
45,fusion_pbt_batterygpt,160,1.0034901303016657,0.9979145933228939,audit_only_not_for_training_or_tuning
45,fusion_pbt_batterygpt,161,1.0037875991688312,0.9978856231443688,audit_only_not_for_training_or_tuning
45,fusion_pbt_batterygpt,162,1.0034386636876087,0.9978566529658438,audit_only_not_for_training_or_tuning
45,fusion_pbt_batterygpt,163,1.0036250327134668,0.9978276827873188,audit_only_not_for_training_or_tuning
45,fusion_pbt_batterygpt,164,1.0032779201076252,0.9977987126087938,audit_only_not_for_training_or_tuning
45,fusion_pbt_batterygpt,165,1.0037294948646034,0.9977697424302687,audit_only_not_for_training_or_tuning
45,fusion_pbt_batterygpt,166,1.0033501417491257,0.9977407722517437,audit_only_not_for_training_or_tuning
45,fusion_pbt_batterygpt,167,1.0031062646279156,0.9977118020732187,audit_only_not_for_training_or_tuning
45,fusion_pbt_batterygpt,168,1.003137871725695,0.9976828318946938,audit_only_not_for_training_or_tuning
45,fusion_pbt_batterygpt,169,1.0030533820670426,0.9976538617161687,audit_only_not_for_training_or_tuning
45,fusion_pbt_batterygpt,170,1.0025723245219897,0.9976248915376437,audit_only_not_for_training_or_tuning
45,fusion_pbt_batterygpt,171,1.0029185387268738,0.9975959213591187,audit_only_not_for_training_or_tuning
45,fusion_pbt_batterygpt,172,1.0035970083079355,0.9975669511805937,audit_only_not_for_training_or_tuning
45,fusion_pbt_batterygpt,173,1.0032322159687472,0.9975379810020686,audit_only_not_for_training_or_tuning
45,fusion_pbt_batterygpt,174,1.0026621261042852,0.9975090108235436,audit_only_not_for_training_or_tuning
45,fusion_pbt_batterygpt,175,1.0029590088141196,0.9974800406450186,audit_only_not_for_training_or_tuning
45,fusion_pbt_batterygpt,176,1.0031509612147225,0.9974510704664936,audit_only_not_for_training_or_tuning
45,fusion_pbt_batterygpt,177,1.0032896431994482,0.9974221002879686,audit_only_not_for_training_or_tuning
45,fusion_pbt_batterygpt,178,1.0027549281882822,0.9973931301094435,audit_only_not_for_training_or_tuning
45,fusion_pbt_batterygpt,179,1.0030846461704948,0.9973641599309185,audit_only_not_for_training_or_tuning
45,fusion_pbt_batterygpt,180,1.002843956381523,0.9973351897523935,audit_only_not_for_training_or_tuning
45,fusion_pbt_batterygpt,181,1.0026093885282468,0.9973062195738686,audit_only_not_for_training_or_tuning
45,fusion_pbt_batterygpt,182,1.0027971729613798,0.9972772493953435,audit_only_not_for_training_or_tuning
45,fusion_pbt_batterygpt,183,1.0024428759557693,0.9972482792168185,audit_only_not_for_training_or_tuning
45,fusion_pbt_batterygpt,184,1.0031062990198654,0.9972193090382935,audit_only_not_for_training_or_tuning
45,fusion_pbt_batterygpt,185,1.00253287803699,0.9971903388597685,audit_only_not_for_training_or_tuning
45,fusion_pbt_batterygpt,186,1.002575074181455,0.9971613686812434,audit_only_not_for_training_or_tuning
45,fusion_pbt_batterygpt,187,1.0026331952581748,0.9971323985027184,audit_only_not_for_training_or_tuning
45,fusion_pbt_batterygpt,188,1.00300848245717,0.9971034283241934,audit_only_not_for_training_or_tuning
45,fusion_pbt_batterygpt,189,1.0021824914330137,0.9970744581456684,audit_only_not_for_training_or_tuning
45,fusion_pbt_batterygpt,190,1.0030994944149882,0.9970454879671433,audit_only_not_for_training_or_tuning
45,fusion_pbt_batterygpt,191,1.002372557832497,0.9970165177886183,audit_only_not_for_training_or_tuning
45,fusion_pbt_batterygpt,192,1.0022106141345513,0.9969875476100933,audit_only_not_for_training_or_tuning
45,fusion_pbt_batterygpt,193,1.00264566644765,0.9969585774315683,audit_only_not_for_training_or_tuning
45,fusion_pbt_batterygpt,194,1.00217844897634,0.9969296072530432,audit_only_not_for_training_or_tuning
45,fusion_pbt_batterygpt,195,1.0023369723921092,0.9969006370745183,audit_only_not_for_training_or_tuning
45,fusion_pbt_batterygpt,196,1.002289746781366,0.9968716668959933,audit_only_not_for_training_or_tuning
45,fusion_pbt_batterygpt,197,1.002609623868031,0.9968426967174683,audit_only_not_for_training_or_tuning
45,fusion_pbt_batterygpt,198,1.002906262714834,0.9968137265389432,audit_only_not_for_training_or_tuning
45,fusion_pbt_batterygpt,199,1.0021187517105028,0.9967847563604182,audit_only_not_for_training_or_tuning
45,fusion_pbt_batterygpt,200,1.0021128544904934,0.9967557861818932,audit_only_not_for_training_or_tuning
48,linear_recent,151,1.003027442587341,0.9981541681561336,audit_only_not_for_training_or_tuning
48,linear_recent,152,1.003425772139893,0.998135090245506,audit_only_not_for_training_or_tuning
48,linear_recent,153,1.003102023254913,0.9981160123348785,audit_only_not_for_training_or_tuning
48,linear_recent,154,1.0034119474749554,0.9980969344242508,audit_only_not_for_training_or_tuning
48,linear_recent,155,1.0032749940485357,0.9980778565136234,audit_only_not_for_training_or_tuning
48,linear_recent,156,1.003105604130579,0.9980587786029959,audit_only_not_for_training_or_tuning
48,linear_recent,157,1.002939613063374,0.9980397006923682,audit_only_not_for_training_or_tuning
48,linear_recent,158,1.003002986713463,0.9980206227817408,audit_only_not_for_training_or_tuning
48,linear_recent,159,1.0028870335121058,0.9980015448711131,audit_only_not_for_training_or_tuning
48,linear_recent,160,1.0032088312599305,0.9979824669604856,audit_only_not_for_training_or_tuning
48,linear_recent,161,1.0027369776019137,0.9979633890498582,audit_only_not_for_training_or_tuning
48,linear_recent,162,1.0027841907420287,0.9979443111392305,audit_only_not_for_training_or_tuning
48,linear_recent,163,1.0029247785222752,0.997925233228603,audit_only_not_for_training_or_tuning
48,linear_recent,164,1.0025977085467248,0.9979061553179754,audit_only_not_for_training_or_tuning
48,linear_recent,165,1.0025458358061203,0.9978870774073479,audit_only_not_for_training_or_tuning
48,linear_recent,166,1.0025527740610736,0.9978679994967204,audit_only_not_for_training_or_tuning
48,linear_recent,167,1.0026110071528067,0.9978489215860928,audit_only_not_for_training_or_tuning
48,linear_recent,168,1.002857310067047,0.9978298436754653,audit_only_not_for_training_or_tuning
48,linear_recent,169,1.0029807116808787,0.9978107657648378,audit_only_not_for_training_or_tuning
48,linear_recent,170,1.0025022998956363,0.9977916878542102,audit_only_not_for_training_or_tuning
48,linear_recent,171,1.0029665433001373,0.9977726099435827,audit_only_not_for_training_or_tuning
48,linear_recent,172,1.0022136699348205,0.9977535320329551,audit_only_not_for_training_or_tuning
48,linear_recent,173,1.0025961380996895,0.9977344541223276,audit_only_not_for_training_or_tuning
48,linear_recent,174,1.002680527107578,0.9977153762117001,audit_only_not_for_training_or_tuning
48,linear_recent,175,1.0021842705848478,0.9976962983010725,audit_only_not_for_training_or_tuning
48,linear_recent,176,1.003050007537785,0.997677220390445,audit_only_not_for_training_or_tuning
48,linear_recent,177,1.0018149239523524,0.9976581424798174,audit_only_not_for_training_or_tuning
48,linear_recent,178,1.0022832231877312,0.9976390645691899,audit_only_not_for_training_or_tuning
48,linear_recent,179,1.002448439640128,0.9976199866585624,audit_only_not_for_training_or_tuning
48,linear_recent,180,1.0023657424378098,0.9976009087479348,audit_only_not_for_training_or_tuning
48,linear_recent,181,1.0023983128275464,0.9975818308373073,audit_only_not_for_training_or_tuning
48,linear_recent,182,1.0023388015525891,0.9975627529266797,audit_only_not_for_training_or_tuning
48,linear_recent,183,1.002396895874165,0.9975436750160522,audit_only_not_for_training_or_tuning
48,linear_recent,184,1.0024366247852035,0.9975245971054247,audit_only_not_for_training_or_tuning
48,linear_recent,185,1.0024074585455702,0.9975055191947971,audit_only_not_for_training_or_tuning
48,linear_recent,186,1.0030270994178399,0.9974864412841696,audit_only_not_for_training_or_tuning
48,linear_recent,187,1.0023710571598285,0.997467363373542,audit_only_not_for_training_or_tuning
48,linear_recent,188,1.00221918343609,0.9974482854629145,audit_only_not_for_training_or_tuning
48,linear_recent,189,1.0019461714113915,0.997429207552287,audit_only_not_for_training_or_tuning
48,linear_recent,190,1.0024774695580991,0.9974101296416594,audit_only_not_for_training_or_tuning
48,linear_recent,191,1.0019735923134836,0.9973910517310319,audit_only_not_for_training_or_tuning
48,linear_recent,192,1.0023675562320293,0.9973719738204043,audit_only_not_for_training_or_tuning
48,linear_recent,193,1.0026618586736074,0.9973528959097768,audit_only_not_for_training_or_tuning
48,linear_recent,194,1.002288539500187,0.9973338179991493,audit_only_not_for_training_or_tuning
48,linear_recent,195,1.001799383146406,0.9973147400885217,audit_only_not_for_training_or_tuning
48,linear_recent,196,1.0019518431655956,0.9972956621778942,audit_only_not_for_training_or_tuning
48,linear_recent,197,1.0020929172716238,0.9972765842672666,audit_only_not_for_training_or_tuning
48,linear_recent,198,1.0016627570466685,0.9972575063566391,audit_only_not_for_training_or_tuning
48,linear_recent,199,1.0018512357683773,0.9972384284460116,audit_only_not_for_training_or_tuning
48,linear_recent,200,1.001922590221482,0.997219350535384,audit_only_not_for_training_or_tuning
48,policy_mean,151,1.003027442587341,0.9981583185870305,audit_only_not_for_training_or_tuning
48,policy_mean,152,1.003425772139893,0.9981433911073,audit_only_not_for_training_or_tuning
48,policy_mean,153,1.003102023254913,0.9981284636275694,audit_only_not_for_training_or_tuning
48,policy_mean,154,1.0034119474749554,0.9981135361478388,audit_only_not_for_training_or_tuning
48,policy_mean,155,1.0032749940485357,0.9980986086681083,audit_only_not_for_training_or_tuning
48,policy_mean,156,1.003105604130579,0.9980836811883776,audit_only_not_for_training_or_tuning
48,policy_mean,157,1.002939613063374,0.9980687537086471,audit_only_not_for_training_or_tuning
48,policy_mean,158,1.003002986713463,0.9980538262289166,audit_only_not_for_training_or_tuning
48,policy_mean,159,1.0028870335121058,0.9980388987491859,audit_only_not_for_training_or_tuning
48,policy_mean,160,1.0032088312599305,0.9980239712694554,audit_only_not_for_training_or_tuning
48,policy_mean,161,1.0027369776019137,0.9980090437897248,audit_only_not_for_training_or_tuning
48,policy_mean,162,1.0027841907420287,0.9979941163099942,audit_only_not_for_training_or_tuning
48,policy_mean,163,1.0029247785222752,0.9979791888302637,audit_only_not_for_training_or_tuning
48,policy_mean,164,1.0025977085467248,0.9979642613505331,audit_only_not_for_training_or_tuning
48,policy_mean,165,1.0025458358061203,0.9979493338708025,audit_only_not_for_training_or_tuning
48,policy_mean,166,1.0025527740610736,0.997934406391072,audit_only_not_for_training_or_tuning
48,policy_mean,167,1.0026110071528067,0.9979194789113414,audit_only_not_for_training_or_tuning
48,policy_mean,168,1.002857310067047,0.9979045514316108,audit_only_not_for_training_or_tuning
48,policy_mean,169,1.0029807116808787,0.9978896239518803,audit_only_not_for_training_or_tuning
48,policy_mean,170,1.0025022998956363,0.9978746964721497,audit_only_not_for_training_or_tuning
48,policy_mean,171,1.0029665433001373,0.9978597689924191,audit_only_not_for_training_or_tuning
48,policy_mean,172,1.0022136699348205,0.9978448415126885,audit_only_not_for_training_or_tuning
48,policy_mean,173,1.0025961380996895,0.997829914032958,audit_only_not_for_training_or_tuning
48,policy_mean,174,1.002680527107578,0.9978149865532274,audit_only_not_for_training_or_tuning
48,policy_mean,175,1.0021842705848478,0.9978000590734968,audit_only_not_for_training_or_tuning
48,policy_mean,176,1.003050007537785,0.9977851315937663,audit_only_not_for_training_or_tuning
48,policy_mean,177,1.0018149239523524,0.9977702041140357,audit_only_not_for_training_or_tuning
48,policy_mean,178,1.0022832231877312,0.9977552766343051,audit_only_not_for_training_or_tuning
48,policy_mean,179,1.002448439640128,0.9977403491545745,audit_only_not_for_training_or_tuning
48,policy_mean,180,1.0023657424378098,0.997725421674844,audit_only_not_for_training_or_tuning
48,policy_mean,181,1.0023983128275464,0.9977104941951134,audit_only_not_for_training_or_tuning
48,policy_mean,182,1.0023388015525891,0.9976955667153828,audit_only_not_for_training_or_tuning
48,policy_mean,183,1.002396895874165,0.9976806392356522,audit_only_not_for_training_or_tuning
48,policy_mean,184,1.0024366247852035,0.9976657117559217,audit_only_not_for_training_or_tuning
48,policy_mean,185,1.0024074585455702,0.9976507842761911,audit_only_not_for_training_or_tuning
48,policy_mean,186,1.0030270994178399,0.9976358567964605,audit_only_not_for_training_or_tuning
48,policy_mean,187,1.0023710571598285,0.99762092931673,audit_only_not_for_training_or_tuning
48,policy_mean,188,1.00221918343609,0.9976060018369994,audit_only_not_for_training_or_tuning
48,policy_mean,189,1.0019461714113915,0.9975910743572688,audit_only_not_for_training_or_tuning
48,policy_mean,190,1.0024774695580991,0.9975761468775383,audit_only_not_for_training_or_tuning
48,policy_mean,191,1.0019735923134836,0.9975612193978077,audit_only_not_for_training_or_tuning
48,policy_mean,192,1.0023675562320293,0.9975462919180771,audit_only_not_for_training_or_tuning
48,policy_mean,193,1.0026618586736074,0.9975313644383466,audit_only_not_for_training_or_tuning
48,policy_mean,194,1.002288539500187,0.9975164369586159,audit_only_not_for_training_or_tuning
48,policy_mean,195,1.001799383146406,0.9975015094788854,audit_only_not_for_training_or_tuning
48,policy_mean,196,1.0019518431655956,0.9974865819991549,audit_only_not_for_training_or_tuning
48,policy_mean,197,1.0020929172716238,0.9974716545194242,audit_only_not_for_training_or_tuning
48,policy_mean,198,1.0016627570466685,0.9974567270396937,audit_only_not_for_training_or_tuning
48,policy_mean,199,1.0018512357683773,0.9974417995599631,audit_only_not_for_training_or_tuning
48,policy_mean,200,1.001922590221482,0.9974268720802325,audit_only_not_for_training_or_tuning
48,persist,151,1.003027442587341,0.998173246066761,audit_only_not_for_training_or_tuning
48,persist,152,1.003425772139893,0.998173246066761,audit_only_not_for_training_or_tuning
48,persist,153,1.003102023254913,0.998173246066761,audit_only_not_for_training_or_tuning
48,persist,154,1.0034119474749554,0.998173246066761,audit_only_not_for_training_or_tuning
48,persist,155,1.0032749940485357,0.998173246066761,audit_only_not_for_training_or_tuning
48,persist,156,1.003105604130579,0.998173246066761,audit_only_not_for_training_or_tuning
48,persist,157,1.002939613063374,0.998173246066761,audit_only_not_for_training_or_tuning
48,persist,158,1.003002986713463,0.998173246066761,audit_only_not_for_training_or_tuning
48,persist,159,1.0028870335121058,0.998173246066761,audit_only_not_for_training_or_tuning
48,persist,160,1.0032088312599305,0.998173246066761,audit_only_not_for_training_or_tuning
48,persist,161,1.0027369776019137,0.998173246066761,audit_only_not_for_training_or_tuning
48,persist,162,1.0027841907420287,0.998173246066761,audit_only_not_for_training_or_tuning
48,persist,163,1.0029247785222752,0.998173246066761,audit_only_not_for_training_or_tuning
48,persist,164,1.0025977085467248,0.998173246066761,audit_only_not_for_training_or_tuning
48,persist,165,1.0025458358061203,0.998173246066761,audit_only_not_for_training_or_tuning
48,persist,166,1.0025527740610736,0.998173246066761,audit_only_not_for_training_or_tuning
48,persist,167,1.0026110071528067,0.998173246066761,audit_only_not_for_training_or_tuning
48,persist,168,1.002857310067047,0.998173246066761,audit_only_not_for_training_or_tuning
48,persist,169,1.0029807116808787,0.998173246066761,audit_only_not_for_training_or_tuning
48,persist,170,1.0025022998956363,0.998173246066761,audit_only_not_for_training_or_tuning
48,persist,171,1.0029665433001373,0.998173246066761,audit_only_not_for_training_or_tuning
48,persist,172,1.0022136699348205,0.998173246066761,audit_only_not_for_training_or_tuning
48,persist,173,1.0025961380996895,0.998173246066761,audit_only_not_for_training_or_tuning
48,persist,174,1.002680527107578,0.998173246066761,audit_only_not_for_training_or_tuning
48,persist,175,1.0021842705848478,0.998173246066761,audit_only_not_for_training_or_tuning
48,persist,176,1.003050007537785,0.998173246066761,audit_only_not_for_training_or_tuning
48,persist,177,1.0018149239523524,0.998173246066761,audit_only_not_for_training_or_tuning
48,persist,178,1.0022832231877312,0.998173246066761,audit_only_not_for_training_or_tuning
48,persist,179,1.002448439640128,0.998173246066761,audit_only_not_for_training_or_tuning
48,persist,180,1.0023657424378098,0.998173246066761,audit_only_not_for_training_or_tuning
48,persist,181,1.0023983128275464,0.998173246066761,audit_only_not_for_training_or_tuning
48,persist,182,1.0023388015525891,0.998173246066761,audit_only_not_for_training_or_tuning
48,persist,183,1.002396895874165,0.998173246066761,audit_only_not_for_training_or_tuning
48,persist,184,1.0024366247852035,0.998173246066761,audit_only_not_for_training_or_tuning
48,persist,185,1.0024074585455702,0.998173246066761,audit_only_not_for_training_or_tuning
48,persist,186,1.0030270994178399,0.998173246066761,audit_only_not_for_training_or_tuning
48,persist,187,1.0023710571598285,0.998173246066761,audit_only_not_for_training_or_tuning
48,persist,188,1.00221918343609,0.998173246066761,audit_only_not_for_training_or_tuning
48,persist,189,1.0019461714113915,0.998173246066761,audit_only_not_for_training_or_tuning
48,persist,190,1.0024774695580991,0.998173246066761,audit_only_not_for_training_or_tuning
48,persist,191,1.0019735923134836,0.998173246066761,audit_only_not_for_training_or_tuning
48,persist,192,1.0023675562320293,0.998173246066761,audit_only_not_for_training_or_tuning
48,persist,193,1.0026618586736074,0.998173246066761,audit_only_not_for_training_or_tuning
48,persist,194,1.002288539500187,0.998173246066761,audit_only_not_for_training_or_tuning
48,persist,195,1.001799383146406,0.998173246066761,audit_only_not_for_training_or_tuning
48,persist,196,1.0019518431655956,0.998173246066761,audit_only_not_for_training_or_tuning
48,persist,197,1.0020929172716238,0.998173246066761,audit_only_not_for_training_or_tuning
48,persist,198,1.0016627570466685,0.998173246066761,audit_only_not_for_training_or_tuning
48,persist,199,1.0018512357683773,0.998173246066761,audit_only_not_for_training_or_tuning
48,persist,200,1.001922590221482,0.998173246066761,audit_only_not_for_training_or_tuning
48,fusion_pbt_batterygpt,151,1.003027442587341,0.9981483706848047,audit_only_not_for_training_or_tuning
48,fusion_pbt_batterygpt,152,1.003425772139893,0.9981234953028484,audit_only_not_for_training_or_tuning
48,fusion_pbt_batterygpt,153,1.003102023254913,0.998098619920892,audit_only_not_for_training_or_tuning
48,fusion_pbt_batterygpt,154,1.0034119474749554,0.9980737445389357,audit_only_not_for_training_or_tuning
48,fusion_pbt_batterygpt,155,1.0032749940485357,0.9980488691569793,audit_only_not_for_training_or_tuning
48,fusion_pbt_batterygpt,156,1.003105604130579,0.998023993775023,audit_only_not_for_training_or_tuning
48,fusion_pbt_batterygpt,157,1.002939613063374,0.9979991183930667,audit_only_not_for_training_or_tuning
48,fusion_pbt_batterygpt,158,1.003002986713463,0.9979742430111104,audit_only_not_for_training_or_tuning
48,fusion_pbt_batterygpt,159,1.0028870335121058,0.997949367629154,audit_only_not_for_training_or_tuning
48,fusion_pbt_batterygpt,160,1.0032088312599305,0.9979244922471977,audit_only_not_for_training_or_tuning
48,fusion_pbt_batterygpt,161,1.0027369776019137,0.9978996168652413,audit_only_not_for_training_or_tuning
48,fusion_pbt_batterygpt,162,1.0027841907420287,0.997874741483285,audit_only_not_for_training_or_tuning
48,fusion_pbt_batterygpt,163,1.0029247785222752,0.9978498661013286,audit_only_not_for_training_or_tuning
48,fusion_pbt_batterygpt,164,1.0025977085467248,0.9978249907193723,audit_only_not_for_training_or_tuning
48,fusion_pbt_batterygpt,165,1.0025458358061203,0.997800115337416,audit_only_not_for_training_or_tuning
48,fusion_pbt_batterygpt,166,1.0025527740610736,0.9977752399554596,audit_only_not_for_training_or_tuning
48,fusion_pbt_batterygpt,167,1.0026110071528067,0.9977503645735033,audit_only_not_for_training_or_tuning
48,fusion_pbt_batterygpt,168,1.002857310067047,0.9977254891915469,audit_only_not_for_training_or_tuning
48,fusion_pbt_batterygpt,169,1.0029807116808787,0.9977006138095906,audit_only_not_for_training_or_tuning
48,fusion_pbt_batterygpt,170,1.0025022998956363,0.9976757384276342,audit_only_not_for_training_or_tuning
48,fusion_pbt_batterygpt,171,1.0029665433001373,0.997650863045678,audit_only_not_for_training_or_tuning
48,fusion_pbt_batterygpt,172,1.0022136699348205,0.9976259876637216,audit_only_not_for_training_or_tuning
48,fusion_pbt_batterygpt,173,1.0025961380996895,0.9976011122817653,audit_only_not_for_training_or_tuning
48,fusion_pbt_batterygpt,174,1.002680527107578,0.9975762368998089,audit_only_not_for_training_or_tuning
48,fusion_pbt_batterygpt,175,1.0021842705848478,0.9975513615178526,audit_only_not_for_training_or_tuning
48,fusion_pbt_batterygpt,176,1.003050007537785,0.9975264861358962,audit_only_not_for_training_or_tuning
48,fusion_pbt_batterygpt,177,1.0018149239523524,0.9975016107539398,audit_only_not_for_training_or_tuning
48,fusion_pbt_batterygpt,178,1.0022832231877312,0.9974767353719836,audit_only_not_for_training_or_tuning
48,fusion_pbt_batterygpt,179,1.002448439640128,0.9974518599900272,audit_only_not_for_training_or_tuning
48,fusion_pbt_batterygpt,180,1.0023657424378098,0.9974269846080709,audit_only_not_for_training_or_tuning
48,fusion_pbt_batterygpt,181,1.0023983128275464,0.9974021092261145,audit_only_not_for_training_or_tuning
48,fusion_pbt_batterygpt,182,1.0023388015525891,0.9973772338441582,audit_only_not_for_training_or_tuning
48,fusion_pbt_batterygpt,183,1.002396895874165,0.9973523584622018,audit_only_not_for_training_or_tuning
48,fusion_pbt_batterygpt,184,1.0024366247852035,0.9973274830802455,audit_only_not_for_training_or_tuning
48,fusion_pbt_batterygpt,185,1.0024074585455702,0.9973026076982892,audit_only_not_for_training_or_tuning
48,fusion_pbt_batterygpt,186,1.0030270994178399,0.9972777323163329,audit_only_not_for_training_or_tuning
48,fusion_pbt_batterygpt,187,1.0023710571598285,0.9972528569343765,audit_only_not_for_training_or_tuning
48,fusion_pbt_batterygpt,188,1.00221918343609,0.9972279815524201,audit_only_not_for_training_or_tuning
48,fusion_pbt_batterygpt,189,1.0019461714113915,0.9972031061704638,audit_only_not_for_training_or_tuning
48,fusion_pbt_batterygpt,190,1.0024774695580991,0.9971782307885074,audit_only_not_for_training_or_tuning
48,fusion_pbt_batterygpt,191,1.0019735923134836,0.9971533554065511,audit_only_not_for_training_or_tuning
48,fusion_pbt_batterygpt,192,1.0023675562320293,0.9971284800245948,audit_only_not_for_training_or_tuning
48,fusion_pbt_batterygpt,193,1.0026618586736074,0.9971036046426385,audit_only_not_for_training_or_tuning
48,fusion_pbt_batterygpt,194,1.002288539500187,0.9970787292606821,audit_only_not_for_training_or_tuning
48,fusion_pbt_batterygpt,195,1.001799383146406,0.9970538538787258,audit_only_not_for_training_or_tuning
48,fusion_pbt_batterygpt,196,1.0019518431655956,0.9970289784967694,audit_only_not_for_training_or_tuning
48,fusion_pbt_batterygpt,197,1.0020929172716238,0.9970041031148131,audit_only_not_for_training_or_tuning
48,fusion_pbt_batterygpt,198,1.0016627570466685,0.9969792277328567,audit_only_not_for_training_or_tuning
48,fusion_pbt_batterygpt,199,1.0018512357683773,0.9969543523509005,audit_only_not_for_training_or_tuning
48,fusion_pbt_batterygpt,200,1.001922590221482,0.9969294769689441,audit_only_not_for_training_or_tuning
49,linear_recent,151,1.0027365944254447,0.9982097673400775,audit_only_not_for_training_or_tuning
49,linear_recent,152,1.002863658665489,0.998192350420418,audit_only_not_for_training_or_tuning
49,linear_recent,153,1.002997874310383,0.9981749335007585,audit_only_not_for_training_or_tuning
49,linear_recent,154,1.0030451884051945,0.998157516581099,audit_only_not_for_training_or_tuning
49,linear_recent,155,1.0029316740971992,0.9981400996614396,audit_only_not_for_training_or_tuning
49,linear_recent,156,1.0029094130857867,0.9981226827417801,audit_only_not_for_training_or_tuning
49,linear_recent,157,1.0027093327032388,0.9981052658221206,audit_only_not_for_training_or_tuning
49,linear_recent,158,1.0025445600968066,0.998087848902461,audit_only_not_for_training_or_tuning
49,linear_recent,159,1.0020919511457707,0.9980704319828015,audit_only_not_for_training_or_tuning
49,linear_recent,160,1.001394713357949,0.9980530150631421,audit_only_not_for_training_or_tuning
49,linear_recent,161,1.00119115006631,0.9980355981434826,audit_only_not_for_training_or_tuning
49,linear_recent,162,1.001683536558096,0.9980181812238231,audit_only_not_for_training_or_tuning
49,linear_recent,163,1.0015540847094653,0.9980007643041636,audit_only_not_for_training_or_tuning
49,linear_recent,164,1.0018916352229823,0.9979833473845041,audit_only_not_for_training_or_tuning
49,linear_recent,165,1.0018050597411283,0.9979659304648447,audit_only_not_for_training_or_tuning
49,linear_recent,166,1.0018710454233077,0.9979485135451852,audit_only_not_for_training_or_tuning
49,linear_recent,167,1.0014049977867416,0.9979310966255257,audit_only_not_for_training_or_tuning
49,linear_recent,168,1.0014205299393761,0.9979136797058662,audit_only_not_for_training_or_tuning
49,linear_recent,169,1.0018120724439739,0.9978962627862067,audit_only_not_for_training_or_tuning
49,linear_recent,170,1.0014803969908184,0.9978788458665473,audit_only_not_for_training_or_tuning
49,linear_recent,171,1.0011461264807788,0.9978614289468878,audit_only_not_for_training_or_tuning
49,linear_recent,172,1.0011194714816622,0.9978440120272283,audit_only_not_for_training_or_tuning
49,linear_recent,173,1.000677177151781,0.9978265951075688,audit_only_not_for_training_or_tuning
49,linear_recent,174,1.0015886284399356,0.9978091781879094,audit_only_not_for_training_or_tuning
49,linear_recent,175,1.0014722146716069,0.9977917612682499,audit_only_not_for_training_or_tuning
49,linear_recent,176,1.0009691172121902,0.9977743443485904,audit_only_not_for_training_or_tuning
49,linear_recent,177,0.9991674727467322,0.9977569274289309,audit_only_not_for_training_or_tuning
49,linear_recent,178,0.9998155074932371,0.9977395105092713,audit_only_not_for_training_or_tuning
49,linear_recent,179,1.000293580404678,0.997722093589612,audit_only_not_for_training_or_tuning
49,linear_recent,180,1.0007551778427588,0.9977046766699524,audit_only_not_for_training_or_tuning
49,linear_recent,181,0.9997514055937696,0.9976872597502929,audit_only_not_for_training_or_tuning
49,linear_recent,182,1.0012881621613168,0.9976698428306334,audit_only_not_for_training_or_tuning
49,linear_recent,183,1.0004075839998483,0.9976524259109739,audit_only_not_for_training_or_tuning
49,linear_recent,184,1.0003432754280455,0.9976350089913145,audit_only_not_for_training_or_tuning
49,linear_recent,185,0.9999006840792896,0.997617592071655,audit_only_not_for_training_or_tuning
49,linear_recent,186,1.0007757265834973,0.9976001751519955,audit_only_not_for_training_or_tuning
49,linear_recent,187,0.9995910193799185,0.997582758232336,audit_only_not_for_training_or_tuning
49,linear_recent,188,0.999212783521496,0.9975653413126765,audit_only_not_for_training_or_tuning
49,linear_recent,189,1.000067715281866,0.9975479243930171,audit_only_not_for_training_or_tuning
49,linear_recent,190,0.9999533209783258,0.9975305074733576,audit_only_not_for_training_or_tuning
49,linear_recent,191,1.0001582475106934,0.9975130905536981,audit_only_not_for_training_or_tuning
49,linear_recent,192,1.0001616291084816,0.9974956736340386,audit_only_not_for_training_or_tuning
49,linear_recent,193,1.0000661528183035,0.9974782567143791,audit_only_not_for_training_or_tuning
49,linear_recent,194,1.0003755095116866,0.9974608397947197,audit_only_not_for_training_or_tuning
49,linear_recent,195,0.9995655605948125,0.9974434228750602,audit_only_not_for_training_or_tuning
49,linear_recent,196,1.00027706969789,0.9974260059554007,audit_only_not_for_training_or_tuning
49,linear_recent,197,1.0003381129461597,0.9974085890357411,audit_only_not_for_training_or_tuning
49,linear_recent,198,0.9998672981340323,0.9973911721160817,audit_only_not_for_training_or_tuning
49,linear_recent,199,0.9997846194104444,0.9973737551964222,audit_only_not_for_training_or_tuning
49,linear_recent,200,0.9990375718483543,0.9973563382767627,audit_only_not_for_training_or_tuning
49,policy_mean,151,1.0027365944254447,0.9982061861428113,audit_only_not_for_training_or_tuning
49,policy_mean,152,1.002863658665489,0.9981851880258855,audit_only_not_for_training_or_tuning
49,policy_mean,153,1.002997874310383,0.9981641899089598,audit_only_not_for_training_or_tuning
49,policy_mean,154,1.0030451884051945,0.998143191792034,audit_only_not_for_training_or_tuning
49,policy_mean,155,1.0029316740971992,0.9981221936751082,audit_only_not_for_training_or_tuning
49,policy_mean,156,1.0029094130857867,0.9981011955581826,audit_only_not_for_training_or_tuning
49,policy_mean,157,1.0027093327032388,0.9980801974412568,audit_only_not_for_training_or_tuning
49,policy_mean,158,1.0025445600968066,0.998059199324331,audit_only_not_for_training_or_tuning
49,policy_mean,159,1.0020919511457707,0.9980382012074053,audit_only_not_for_training_or_tuning
49,policy_mean,160,1.001394713357949,0.9980172030904795,audit_only_not_for_training_or_tuning
49,policy_mean,161,1.00119115006631,0.9979962049735537,audit_only_not_for_training_or_tuning
49,policy_mean,162,1.001683536558096,0.997975206856628,audit_only_not_for_training_or_tuning
49,policy_mean,163,1.0015540847094653,0.9979542087397022,audit_only_not_for_training_or_tuning
49,policy_mean,164,1.0018916352229823,0.9979332106227764,audit_only_not_for_training_or_tuning
49,policy_mean,165,1.0018050597411283,0.9979122125058507,audit_only_not_for_training_or_tuning
49,policy_mean,166,1.0018710454233077,0.9978912143889249,audit_only_not_for_training_or_tuning
49,policy_mean,167,1.0014049977867416,0.9978702162719991,audit_only_not_for_training_or_tuning
49,policy_mean,168,1.0014205299393761,0.9978492181550733,audit_only_not_for_training_or_tuning
49,policy_mean,169,1.0018120724439739,0.9978282200381476,audit_only_not_for_training_or_tuning
49,policy_mean,170,1.0014803969908184,0.9978072219212218,audit_only_not_for_training_or_tuning
49,policy_mean,171,1.0011461264807788,0.997786223804296,audit_only_not_for_training_or_tuning
49,policy_mean,172,1.0011194714816622,0.9977652256873704,audit_only_not_for_training_or_tuning
49,policy_mean,173,1.000677177151781,0.9977442275704446,audit_only_not_for_training_or_tuning
49,policy_mean,174,1.0015886284399356,0.9977232294535188,audit_only_not_for_training_or_tuning
49,policy_mean,175,1.0014722146716069,0.9977022313365931,audit_only_not_for_training_or_tuning
49,policy_mean,176,1.0009691172121902,0.9976812332196673,audit_only_not_for_training_or_tuning
49,policy_mean,177,0.9991674727467322,0.9976602351027415,audit_only_not_for_training_or_tuning
49,policy_mean,178,0.9998155074932371,0.9976392369858158,audit_only_not_for_training_or_tuning
49,policy_mean,179,1.000293580404678,0.99761823886889,audit_only_not_for_training_or_tuning
49,policy_mean,180,1.0007551778427588,0.9975972407519642,audit_only_not_for_training_or_tuning
49,policy_mean,181,0.9997514055937696,0.9975762426350385,audit_only_not_for_training_or_tuning
49,policy_mean,182,1.0012881621613168,0.9975552445181127,audit_only_not_for_training_or_tuning
49,policy_mean,183,1.0004075839998483,0.9975342464011869,audit_only_not_for_training_or_tuning
49,policy_mean,184,1.0003432754280455,0.9975132482842611,audit_only_not_for_training_or_tuning
49,policy_mean,185,0.9999006840792896,0.9974922501673354,audit_only_not_for_training_or_tuning
49,policy_mean,186,1.0007757265834973,0.9974712520504097,audit_only_not_for_training_or_tuning
49,policy_mean,187,0.9995910193799185,0.9974502539334839,audit_only_not_for_training_or_tuning
49,policy_mean,188,0.999212783521496,0.9974292558165582,audit_only_not_for_training_or_tuning
49,policy_mean,189,1.000067715281866,0.9974082576996324,audit_only_not_for_training_or_tuning
49,policy_mean,190,0.9999533209783258,0.9973872595827066,audit_only_not_for_training_or_tuning
49,policy_mean,191,1.0001582475106934,0.9973662614657809,audit_only_not_for_training_or_tuning
49,policy_mean,192,1.0001616291084816,0.9973452633488551,audit_only_not_for_training_or_tuning
49,policy_mean,193,1.0000661528183035,0.9973242652319293,audit_only_not_for_training_or_tuning
49,policy_mean,194,1.0003755095116866,0.9973032671150036,audit_only_not_for_training_or_tuning
49,policy_mean,195,0.9995655605948125,0.9972822689980778,audit_only_not_for_training_or_tuning
49,policy_mean,196,1.00027706969789,0.997261270881152,audit_only_not_for_training_or_tuning
49,policy_mean,197,1.0003381129461597,0.9972402727642263,audit_only_not_for_training_or_tuning
49,policy_mean,198,0.9998672981340323,0.9972192746473005,audit_only_not_for_training_or_tuning
49,policy_mean,199,0.9997846194104444,0.9971982765303747,audit_only_not_for_training_or_tuning
49,policy_mean,200,0.9990375718483543,0.9971772784134489,audit_only_not_for_training_or_tuning
49,persist,151,1.0027365944254447,0.998227184259737,audit_only_not_for_training_or_tuning
49,persist,152,1.002863658665489,0.998227184259737,audit_only_not_for_training_or_tuning
49,persist,153,1.002997874310383,0.998227184259737,audit_only_not_for_training_or_tuning
49,persist,154,1.0030451884051945,0.998227184259737,audit_only_not_for_training_or_tuning
49,persist,155,1.0029316740971992,0.998227184259737,audit_only_not_for_training_or_tuning
49,persist,156,1.0029094130857867,0.998227184259737,audit_only_not_for_training_or_tuning
49,persist,157,1.0027093327032388,0.998227184259737,audit_only_not_for_training_or_tuning
49,persist,158,1.0025445600968066,0.998227184259737,audit_only_not_for_training_or_tuning
49,persist,159,1.0020919511457707,0.998227184259737,audit_only_not_for_training_or_tuning
49,persist,160,1.001394713357949,0.998227184259737,audit_only_not_for_training_or_tuning
49,persist,161,1.00119115006631,0.998227184259737,audit_only_not_for_training_or_tuning
49,persist,162,1.001683536558096,0.998227184259737,audit_only_not_for_training_or_tuning
49,persist,163,1.0015540847094653,0.998227184259737,audit_only_not_for_training_or_tuning
49,persist,164,1.0018916352229823,0.998227184259737,audit_only_not_for_training_or_tuning
49,persist,165,1.0018050597411283,0.998227184259737,audit_only_not_for_training_or_tuning
49,persist,166,1.0018710454233077,0.998227184259737,audit_only_not_for_training_or_tuning
49,persist,167,1.0014049977867416,0.998227184259737,audit_only_not_for_training_or_tuning
49,persist,168,1.0014205299393761,0.998227184259737,audit_only_not_for_training_or_tuning
49,persist,169,1.0018120724439739,0.998227184259737,audit_only_not_for_training_or_tuning
49,persist,170,1.0014803969908184,0.998227184259737,audit_only_not_for_training_or_tuning
49,persist,171,1.0011461264807788,0.998227184259737,audit_only_not_for_training_or_tuning
49,persist,172,1.0011194714816622,0.998227184259737,audit_only_not_for_training_or_tuning
49,persist,173,1.000677177151781,0.998227184259737,audit_only_not_for_training_or_tuning
49,persist,174,1.0015886284399356,0.998227184259737,audit_only_not_for_training_or_tuning
49,persist,175,1.0014722146716069,0.998227184259737,audit_only_not_for_training_or_tuning
49,persist,176,1.0009691172121902,0.998227184259737,audit_only_not_for_training_or_tuning
49,persist,177,0.9991674727467322,0.998227184259737,audit_only_not_for_training_or_tuning
49,persist,178,0.9998155074932371,0.998227184259737,audit_only_not_for_training_or_tuning
49,persist,179,1.000293580404678,0.998227184259737,audit_only_not_for_training_or_tuning
49,persist,180,1.0007551778427588,0.998227184259737,audit_only_not_for_training_or_tuning
49,persist,181,0.9997514055937696,0.998227184259737,audit_only_not_for_training_or_tuning
49,persist,182,1.0012881621613168,0.998227184259737,audit_only_not_for_training_or_tuning
49,persist,183,1.0004075839998483,0.998227184259737,audit_only_not_for_training_or_tuning
49,persist,184,1.0003432754280455,0.998227184259737,audit_only_not_for_training_or_tuning
49,persist,185,0.9999006840792896,0.998227184259737,audit_only_not_for_training_or_tuning
49,persist,186,1.0007757265834973,0.998227184259737,audit_only_not_for_training_or_tuning
49,persist,187,0.9995910193799185,0.998227184259737,audit_only_not_for_training_or_tuning
49,persist,188,0.999212783521496,0.998227184259737,audit_only_not_for_training_or_tuning
49,persist,189,1.000067715281866,0.998227184259737,audit_only_not_for_training_or_tuning
49,persist,190,0.9999533209783258,0.998227184259737,audit_only_not_for_training_or_tuning
49,persist,191,1.0001582475106934,0.998227184259737,audit_only_not_for_training_or_tuning
49,persist,192,1.0001616291084816,0.998227184259737,audit_only_not_for_training_or_tuning
49,persist,193,1.0000661528183035,0.998227184259737,audit_only_not_for_training_or_tuning
49,persist,194,1.0003755095116866,0.998227184259737,audit_only_not_for_training_or_tuning
49,persist,195,0.9995655605948125,0.998227184259737,audit_only_not_for_training_or_tuning
49,persist,196,1.00027706969789,0.998227184259737,audit_only_not_for_training_or_tuning
49,persist,197,1.0003381129461597,0.998227184259737,audit_only_not_for_training_or_tuning
49,persist,198,0.9998672981340323,0.998227184259737,audit_only_not_for_training_or_tuning
49,persist,199,0.9997846194104444,0.998227184259737,audit_only_not_for_training_or_tuning
49,persist,200,0.9990375718483543,0.998227184259737,audit_only_not_for_training_or_tuning
49,fusion_pbt_batterygpt,151,1.0027365944254447,0.9982036653484129,audit_only_not_for_training_or_tuning
49,fusion_pbt_batterygpt,152,1.002863658665489,0.9981801464370887,audit_only_not_for_training_or_tuning
49,fusion_pbt_batterygpt,153,1.002997874310383,0.9981566275257646,audit_only_not_for_training_or_tuning
49,fusion_pbt_batterygpt,154,1.0030451884051945,0.9981331086144404,audit_only_not_for_training_or_tuning
49,fusion_pbt_batterygpt,155,1.0029316740971992,0.9981095897031163,audit_only_not_for_training_or_tuning
49,fusion_pbt_batterygpt,156,1.0029094130857867,0.9980860707917921,audit_only_not_for_training_or_tuning
49,fusion_pbt_batterygpt,157,1.0027093327032388,0.998062551880468,audit_only_not_for_training_or_tuning
49,fusion_pbt_batterygpt,158,1.0025445600968066,0.9980390329691439,audit_only_not_for_training_or_tuning
49,fusion_pbt_batterygpt,159,1.0020919511457707,0.9980155140578197,audit_only_not_for_training_or_tuning
49,fusion_pbt_batterygpt,160,1.001394713357949,0.9979919951464955,audit_only_not_for_training_or_tuning
49,fusion_pbt_batterygpt,161,1.00119115006631,0.9979684762351714,audit_only_not_for_training_or_tuning
49,fusion_pbt_batterygpt,162,1.001683536558096,0.9979449573238472,audit_only_not_for_training_or_tuning
49,fusion_pbt_batterygpt,163,1.0015540847094653,0.9979214384125231,audit_only_not_for_training_or_tuning
49,fusion_pbt_batterygpt,164,1.0018916352229823,0.997897919501199,audit_only_not_for_training_or_tuning
49,fusion_pbt_batterygpt,165,1.0018050597411283,0.9978744005898749,audit_only_not_for_training_or_tuning
49,fusion_pbt_batterygpt,166,1.0018710454233077,0.9978508816785506,audit_only_not_for_training_or_tuning
49,fusion_pbt_batterygpt,167,1.0014049977867416,0.9978273627672265,audit_only_not_for_training_or_tuning
49,fusion_pbt_batterygpt,168,1.0014205299393761,0.9978038438559024,audit_only_not_for_training_or_tuning
49,fusion_pbt_batterygpt,169,1.0018120724439739,0.9977803249445782,audit_only_not_for_training_or_tuning
49,fusion_pbt_batterygpt,170,1.0014803969908184,0.9977568060332541,audit_only_not_for_training_or_tuning
49,fusion_pbt_batterygpt,171,1.0011461264807788,0.99773328712193,audit_only_not_for_training_or_tuning
49,fusion_pbt_batterygpt,172,1.0011194714816622,0.9977097682106058,audit_only_not_for_training_or_tuning
49,fusion_pbt_batterygpt,173,1.000677177151781,0.9976862492992816,audit_only_not_for_training_or_tuning
49,fusion_pbt_batterygpt,174,1.0015886284399356,0.9976627303879575,audit_only_not_for_training_or_tuning
49,fusion_pbt_batterygpt,175,1.0014722146716069,0.9976392114766334,audit_only_not_for_training_or_tuning
49,fusion_pbt_batterygpt,176,1.0009691172121902,0.9976156925653092,audit_only_not_for_training_or_tuning
49,fusion_pbt_batterygpt,177,0.9991674727467322,0.9975921736539851,audit_only_not_for_training_or_tuning
49,fusion_pbt_batterygpt,178,0.9998155074932371,0.997568654742661,audit_only_not_for_training_or_tuning
49,fusion_pbt_batterygpt,179,1.000293580404678,0.9975451358313367,audit_only_not_for_training_or_tuning
49,fusion_pbt_batterygpt,180,1.0007551778427588,0.9975216169200126,audit_only_not_for_training_or_tuning
49,fusion_pbt_batterygpt,181,0.9997514055937696,0.9974980980086885,audit_only_not_for_training_or_tuning
49,fusion_pbt_batterygpt,182,1.0012881621613168,0.9974745790973644,audit_only_not_for_training_or_tuning
49,fusion_pbt_batterygpt,183,1.0004075839998483,0.9974510601860402,audit_only_not_for_training_or_tuning
49,fusion_pbt_batterygpt,184,1.0003432754280455,0.9974275412747161,audit_only_not_for_training_or_tuning
49,fusion_pbt_batterygpt,185,0.9999006840792896,0.9974040223633919,audit_only_not_for_training_or_tuning
49,fusion_pbt_batterygpt,186,1.0007757265834973,0.9973805034520677,audit_only_not_for_training_or_tuning
49,fusion_pbt_batterygpt,187,0.9995910193799185,0.9973569845407436,audit_only_not_for_training_or_tuning
49,fusion_pbt_batterygpt,188,0.999212783521496,0.9973334656294195,audit_only_not_for_training_or_tuning
49,fusion_pbt_batterygpt,189,1.000067715281866,0.9973099467180954,audit_only_not_for_training_or_tuning
49,fusion_pbt_batterygpt,190,0.9999533209783258,0.9972864278067712,audit_only_not_for_training_or_tuning
49,fusion_pbt_batterygpt,191,1.0001582475106934,0.997262908895447,audit_only_not_for_training_or_tuning
49,fusion_pbt_batterygpt,192,1.0001616291084816,0.9972393899841229,audit_only_not_for_training_or_tuning
49,fusion_pbt_batterygpt,193,1.0000661528183035,0.9972158710727987,audit_only_not_for_training_or_tuning
49,fusion_pbt_batterygpt,194,1.0003755095116866,0.9971923521614746,audit_only_not_for_training_or_tuning
49,fusion_pbt_batterygpt,195,0.9995655605948125,0.9971688332501505,audit_only_not_for_training_or_tuning
49,fusion_pbt_batterygpt,196,1.00027706969789,0.9971453143388264,audit_only_not_for_training_or_tuning
49,fusion_pbt_batterygpt,197,1.0003381129461597,0.9971217954275021,audit_only_not_for_training_or_tuning
49,fusion_pbt_batterygpt,198,0.9998672981340323,0.997098276516178,audit_only_not_for_training_or_tuning
49,fusion_pbt_batterygpt,199,0.9997846194104444,0.9970747576048539,audit_only_not_for_training_or_tuning
49,fusion_pbt_batterygpt,200,0.9990375718483543,0.9970512386935297,audit_only_not_for_training_or_tuning
