battery_id,policy,cutoff,horizon,cycle,y_true,pred_power,pred_linear_50,power_weight,linear_weight,SOH_pred
1,3_6C-80PER_3_6C,150,1,151,1.003445257503298,1.0028433842959037,1.0027265326494603,0.6320942573973992,0.3679057426026008,1.0028003939041445
1,3_6C-80PER_3_6C,150,2,152,1.0034277921174513,1.0027892271861152,1.0026803078901745,0.6320942573973992,0.3679057426026008,1.0027491551516583
1,3_6C-80PER_3_6C,150,3,153,1.0033506455468124,1.002734384222595,1.0026340831308882,0.6320942573973992,0.3679057426026008,1.0026974828749669
1,3_6C-80PER_3_6C,150,4,154,1.0033075891677996,1.0026788512875018,1.002587858371602,0.6320942573973992,0.3679057426026008,1.002645374471206
1,3_6C-80PER_3_6C,150,5,155,1.003062233185877,1.0026226242653378,1.002541633612316,0.6320942573973992,0.3679057426026008,1.002592827338994
1,3_6C-80PER_3_6C,150,6,156,1.002359601647238,1.002565699042934,1.00249540885303,0.6320942573973992,0.3679057426026008,1.0025398388784197
1,3_6C-80PER_3_6C,150,7,157,1.0027953023155554,1.0025080715094332,1.0024491840937435,0.6320942573973992,0.3679057426026008,1.002486406491034
1,3_6C-80PER_3_6C,150,8,158,1.0028912218410349,1.0024497375562735,1.0024029593344577,0.6320942573973992,0.3679057426026008,1.0024325275798387
1,3_6C-80PER_3_6C,150,9,159,1.002995173576048,1.0023906930771729,1.0023567345751716,0.6320942573973992,0.3679057426026008,1.0023781995492764
1,3_6C-80PER_3_6C,150,10,160,1.0033487775911067,1.0023309339681128,1.0023105098158855,0.6320942573973992,0.3679057426026008,1.0023234198052207
1,3_6C-80PER_3_6C,150,11,161,1.0021650540605065,1.0022704561273243,1.0022642850565997,0.6320942573973992,0.3679057426026008,1.002268185754967
1,3_6C-80PER_3_6C,150,12,162,1.0022139944999913,1.0022092554552708,1.0022180602973134,0.6320942573973992,0.3679057426026008,1.002212494807221
1,3_6C-80PER_3_6C,150,13,163,1.0008259166152045,1.0021473278546342,1.0021718355380274,0.6320942573973992,0.3679057426026008,1.0021563443720924
1,3_6C-80PER_3_6C,150,14,164,1.0006974946604488,1.0020846692302998,1.0021256107787413,0.6320942573973992,0.3679057426026008,1.0020997318610825
1,3_6C-80PER_3_6C,150,15,165,0.9981442794043316,1.0020212754893414,1.002079386019455,0.6320942573973992,0.3679057426026008,1.002042654687076
1,3_6C-80PER_3_6C,150,16,166,0.9972159988164632,1.001957142541007,1.002033161260169,0.6320942573973992,0.3679057426026008,1.001985110264332
1,3_6C-80PER_3_6C,150,17,167,1.001691247095796,1.001892266296704,1.0019869365008829,0.6320942573973992,0.3679057426026008,1.0019270960084747
1,3_6C-80PER_3_6C,150,18,168,1.0027427193624443,1.0018266426699864,1.0019407117415968,0.6320942573973992,0.3679057426026008,1.0018686093364852
1,3_6C-80PER_3_6C,150,19,169,1.0021746740323898,1.001760267576539,1.0018944869823108,0.6320942573973992,0.3679057426026008,1.0018096476666911
1,3_6C-80PER_3_6C,150,20,170,1.0028745036374702,1.0016931369341644,1.0018482622230247,0.6320942573973992,0.3679057426026008,1.001750208418759
1,3_6C-80PER_3_6C,150,21,171,1.0030350544303617,1.0016252466627704,1.0018020374637386,0.6320942573973992,0.3679057426026008,1.0016902890136858
1,3_6C-80PER_3_6C,150,22,172,1.000743446370805,1.0015565926843548,1.0017558127044526,0.6320942573973992,0.3679057426026008,1.0016298868737903
1,3_6C-80PER_3_6C,150,23,173,1.0006491146076752,1.001487170922993,1.0017095879451663,0.6320942573973992,0.3679057426026008,1.0015689994227033
1,3_6C-80PER_3_6C,150,24,174,0.9993706857228036,1.001416977304826,1.0016633631858802,0.6320942573973992,0.3679057426026008,1.0015076240853622
1,3_6C-80PER_3_6C,150,25,175,0.993688551262122,1.0013460077580445,1.0016171384265942,0.6320942573973992,0.3679057426026008,1.0014457582879996
1,3_6C-80PER_3_6C,150,26,176,0.9973098635906666,1.0012742582128782,1.001570913667308,0.6320942573973992,0.3679057426026008,1.0013833994581374
1,3_6C-80PER_3_6C,150,27,177,1.000836190371585,1.0012017246015836,1.001524688908022,0.6320942573973992,0.3679057426026008,1.0013205450245781
1,3_6C-80PER_3_6C,150,28,178,0.9985527079193476,1.0011284028584304,1.001478464148736,0.6320942573973992,0.3679057426026008,1.0012571924173967
1,3_6C-80PER_3_6C,150,29,179,1.0007759488000814,1.0010542889196887,1.00143223938945,0.6320942573973992,0.3679057426026008,1.001193339067933
1,3_6C-80PER_3_6C,150,30,180,0.9995530915974498,1.0009793787236183,1.001386014630164,0.6320942573973992,0.3679057426026008,1.001128982408785
1,3_6C-80PER_3_6C,150,31,181,1.00073662833248,1.0009036682104553,1.0013397898708776,0.6320942573973992,0.3679057426026008,1.001064119873798
1,3_6C-80PER_3_6C,150,32,182,1.0028742234441144,1.0008271533224005,1.0012935651115915,0.6320942573973992,0.3679057426026008,1.0009987488980614
1,3_6C-80PER_3_6C,150,33,183,1.0026043972424492,1.0007498300036084,1.0012473403523054,0.6320942573973992,0.3679057426026008,1.0009328669178983
1,3_6C-80PER_3_6C,150,34,184,1.002543315090878,1.0006716942001743,1.0012011155930194,0.6320942573973992,0.3679057426026008,1.0008664713708586
1,3_6C-80PER_3_6C,150,35,185,1.0024532796258712,1.0005927418601237,1.001154890833733,0.6320942573973992,0.3679057426026008,1.0007995596957127
1,3_6C-80PER_3_6C,150,36,186,1.0024046193797418,1.0005129689334002,1.0011086660744473,0.6320942573973992,0.3679057426026008,1.0007321293324434
1,3_6C-80PER_3_6C,150,37,187,1.002291327866201,1.0004323713718553,1.0010624413151612,0.6320942573973992,0.3679057426026008,1.000664177722239
1,3_6C-80PER_3_6C,150,38,188,1.002104999284573,1.0003509451292354,1.0010162165558751,0.6320942573973992,0.3679057426026008,1.0005957023074856
1,3_6C-80PER_3_6C,150,39,189,1.001162522233343,1.0002686861611731,1.0009699917965889,0.6320942573973992,0.3679057426026008,1.0005267005317622
1,3_6C-80PER_3_6C,150,40,190,1.0008601936024013,1.0001855904251744,1.0009237670373028,0.6320942573973992,0.3679057426026008,1.0004571698398315
1,3_6C-80PER_3_6C,150,41,191,1.0016636947491393,1.0001016538806091,1.0008775422780167,0.6320942573973992,0.3679057426026008,1.000387107677634
1,3_6C-80PER_3_6C,150,42,192,1.0020310282386335,1.000016872488699,1.000831317518731,0.6320942573973992,0.3679057426026008,1.0003165114922818
1,3_6C-80PER_3_6C,150,43,193,1.0022478044982617,0.999931242212509,1.0007850927594446,0.6320942573973992,0.3679057426026008,1.0002453787320509
1,3_6C-80PER_3_6C,150,44,194,0.9990243667349964,0.9998447590169348,1.0007388680001583,0.6320942573973992,0.3679057426026008,1.0001737068463754
1,3_6C-80PER_3_6C,150,45,195,1.0002354558166835,0.999757418868694,1.0006926432408725,0.6320942573973992,0.3679057426026008,1.0001014932858403
1,3_6C-80PER_3_6C,150,46,196,0.9944517979634054,0.9996692177363152,1.0006464184815864,0.6320942573973992,0.3679057426026008,1.000028735502176
1,3_6C-80PER_3_6C,150,47,197,0.9967514382324956,0.9995801515901288,1.0006001937223,0.6320942573973992,0.3679057426026008,0.9999554309482512
1,3_6C-80PER_3_6C,150,48,198,0.998688695094711,0.999490216402255,1.000553968963014,0.6320942573973992,0.3679057426026008,0.9998815770780665
1,3_6C-80PER_3_6C,150,49,199,0.9941304161842672,0.9993994081465962,1.000507744203728,0.6320942573973992,0.3679057426026008,0.9998071713467485
1,3_6C-80PER_3_6C,150,50,200,0.9986537643230176,0.9993077227988262,1.000461519444442,0.6320942573973992,0.3679057426026008,0.9997322112105438
3,3_6C-80PER_3_6C,150,1,151,0.996087692379097,0.9961328018333202,0.9961741972790714,0.6687516288194143,0.3312483711805857,0.9961465140072996
3,3_6C-80PER_3_6C,150,2,152,0.995936137331482,0.9961094795037914,0.996153901202374,0.6687516288194143,0.3312483711805857,0.9961241941190919
3,3_6C-80PER_3_6C,150,3,153,0.995953967337084,0.9960860932239518,0.9961336051256766,0.6687516288194143,0.3312483711805857,0.9961018314640098
3,3_6C-80PER_3_6C,150,4,154,0.995921615986714,0.9960626432381456,0.9961133090489792,0.6687516288194143,0.3312483711805857,0.9960794262054589
3,3_6C-80PER_3_6C,150,5,155,0.995915274386784,0.9960391297882,0.9960930129722816,0.6687516288194143,0.3312483711805857,0.9960569785051611
3,3_6C-80PER_3_6C,150,6,156,0.995894227627594,0.9960155531134688,0.9960727168955844,0.6687516288194143,0.3312483711805857,0.9960344885231851
3,3_6C-80PER_3_6C,150,7,157,0.995892665204422,0.9959919134508712,0.9960524208188868,0.6687516288194143,0.3312483711805857,0.9960119564179708
3,3_6C-80PER_3_6C,150,8,158,0.995891746131969,0.9959682110349348,0.9960321247421894,0.6687516288194143,0.3312483711805857,0.995989382346359
3,3_6C-80PER_3_6C,150,9,159,0.995975657446991,0.9959444460978316,0.996011828665492,0.6687516288194143,0.3312483711805857,0.9959667664636151
3,3_6C-80PER_3_6C,150,10,160,0.995947258108172,0.9959206188694192,0.9959915325887944,0.6687516288194143,0.3312483711805857,0.9959441089234566
3,3_6C-80PER_3_6C,150,11,161,0.995908289436135,0.9958967295772756,0.9959712365120972,0.6687516288194143,0.3312483711805857,0.9959214098780769
3,3_6C-80PER_3_6C,150,12,162,0.995918031604144,0.995872778446738,0.9959509404353996,0.6687516288194143,0.3312483711805857,0.9958986694781704
3,3_6C-80PER_3_6C,150,13,163,0.995865001123566,0.9958487657009376,0.9959306443587024,0.6687516288194143,0.3312483711805857,0.9958758878729566
3,3_6C-80PER_3_6C,150,14,164,0.995785960892548,0.9958246915608344,0.9959103482820048,0.6687516288194143,0.3312483711805857,0.9958530652102028
3,3_6C-80PER_3_6C,150,15,165,0.995752782376969,0.9958005562452524,0.9958900522053074,0.6687516288194143,0.3312483711805857,0.9958302016362478
3,3_6C-80PER_3_6C,150,16,166,0.995700579061599,0.995776359970912,0.99586975612861,0.6687516288194143,0.3312483711805857,0.9958072972960239
3,3_6C-80PER_3_6C,150,17,167,0.995619424963938,0.9957521029524634,0.9958494600519124,0.6687516288194143,0.3312483711805857,0.9957843523330787
3,3_6C-80PER_3_6C,150,18,168,0.99554038473292,0.9957277854025184,0.995829163975215,0.6687516288194143,0.3312483711805857,0.9957613668895968
3,3_6C-80PER_3_6C,150,19,169,0.995556560408105,0.995703407531682,0.9958088678985176,0.6687516288194143,0.3312483711805857,0.9957383411064205
3,3_6C-80PER_3_6C,150,20,170,0.99556657829785,0.9956789695485831,0.9957885718218202,0.6687516288194143,0.3312483711805857,0.9957152751230707
3,3_6C-80PER_3_6C,150,21,171,0.99556281010079,0.9956544716599048,0.9957682757451228,0.6687516288194143,0.3312483711805857,0.995692169077767
3,3_6C-80PER_3_6C,150,22,172,0.995726864533775,0.9956299140704128,0.9957479796684252,0.6687516288194143,0.3312483711805857,0.995669023107447
3,3_6C-80PER_3_6C,150,23,173,0.995763903153659,0.9956052969829856,0.995727683591728,0.6687516288194143,0.3312483711805857,0.9956458373477858
3,3_6C-80PER_3_6C,150,24,174,0.995717673809238,0.995580620598642,0.9957073875150304,0.6687516288194143,0.3312483711805857,0.9956226119332152
3,3_6C-80PER_3_6C,150,25,175,0.995575493300651,0.9955558851165688,0.995687091438333,0.6687516288194143,0.3312483711805857,0.9955993469969417
3,3_6C-80PER_3_6C,150,26,176,0.995473384351045,0.995531090734148,0.9956667953616356,0.6687516288194143,0.3312483711805857,0.995576042670965
3,3_6C-80PER_3_6C,150,27,177,0.995457484397596,0.9955062376469832,0.9956464992849382,0.6687516288194143,0.3312483711805857,0.9955526990860949
3,3_6C-80PER_3_6C,150,28,178,0.995426695470397,0.9954813260489254,0.9956262032082408,0.6687516288194143,0.3312483711805857,0.9955293163719698
3,3_6C-80PER_3_6C,150,29,179,0.995535237927179,0.9954563561320994,0.9956059071315432,0.6687516288194143,0.3312483711805857,0.9955058946570736
3,3_6C-80PER_3_6C,150,30,180,0.995685046737132,0.9954313280869276,0.995585611054846,0.6687516288194143,0.3312483711805857,0.9954824340687514
3,3_6C-80PER_3_6C,150,31,181,0.995721533913544,0.9954062421021548,0.9955653149781484,0.6687516288194143,0.3312483711805857,0.9954589347332267
3,3_6C-80PER_3_6C,150,32,182,0.995718592881692,0.9953810983648728,0.995545018901451,0.6687516288194143,0.3312483711805857,0.9954353967756173
3,3_6C-80PER_3_6C,150,33,183,0.995694145554423,0.995355897060543,0.9955247228247536,0.6687516288194143,0.3312483711805857,0.9954118203199511
3,3_6C-80PER_3_6C,150,34,184,0.995586797891832,0.9953306383730202,0.9955044267480562,0.6687516288194143,0.3312483711805857,0.9953882054891809
3,3_6C-80PER_3_6C,150,35,185,0.995516396941878,0.9953053224845744,0.9954841306713588,0.6687516288194143,0.3312483711805857,0.9953645524052005
3,3_6C-80PER_3_6C,150,36,186,0.99532421889181,0.995279949575914,0.9954638345946611,0.6687516288194143,0.3312483711805857,0.9953408611888586
3,3_6C-80PER_3_6C,150,37,187,0.99536906962755,0.9952545198262066,0.995443538517964,0.6687516288194143,0.3312483711805857,0.9953171319599738
3,3_6C-80PER_3_6C,150,38,188,0.995384601952018,0.9952290334131004,0.9954232424412665,0.6687516288194143,0.3312483711805857,0.995293364837349
3,3_6C-80PER_3_6C,150,39,189,0.995334788225027,0.9952034905127456,0.9954029463645688,0.6687516288194143,0.3312483711805857,0.9952695599387844
3,3_6C-80PER_3_6C,150,40,190,0.995264846811301,0.9951778912998148,0.9953826502878717,0.6687516288194143,0.3312483711805857,0.9952457173810931
3,3_6C-80PER_3_6C,150,41,191,0.995245638197019,0.9951522359475228,0.995362354211174,0.6687516288194143,0.3312483711805857,0.9952218372801126
3,3_6C-80PER_3_6C,150,42,192,0.99517395054563,0.9951265246276464,0.9953420581344766,0.6687516288194143,0.3312483711805857,0.9951979197507187
3,3_6C-80PER_3_6C,150,43,193,0.995102079079751,0.9951007575105438,0.9953217620577792,0.6687516288194143,0.3312483711805857,0.9951739649068392
3,3_6C-80PER_3_6C,150,44,194,0.995053000610724,0.9950749347651742,0.9953014659810818,0.6687516288194143,0.3312483711805857,0.9951499728614652
3,3_6C-80PER_3_6C,150,45,195,0.995010815185099,0.9950490565591152,0.9952811699043844,0.6687516288194143,0.3312483711805857,0.9951259437266649
3,3_6C-80PER_3_6C,150,46,196,0.99500603600834,0.9950231230585828,0.9952608738276868,0.6687516288194143,0.3312483711805857,0.9951018776135954
3,3_6C-80PER_3_6C,150,47,197,0.995042706999242,0.9949971344284474,0.9952405777509896,0.6687516288194143,0.3312483711805857,0.9950777746325143
3,3_6C-80PER_3_6C,150,48,198,0.995129926975098,0.9949710908322532,0.995220281674292,0.6687516288194143,0.3312483711805857,0.9950536348927916
3,3_6C-80PER_3_6C,150,49,199,0.995250693095514,0.9949449924322348,0.9951999855975946,0.6687516288194143,0.3312483711805857,0.9950294585029225
3,3_6C-80PER_3_6C,150,50,200,0.99523231164644,0.9949188393893336,0.9951796895208972,0.6687516288194143,0.3312483711805857,0.9950052455705363
4,80PER_3_6C,150,1,151,0.978282122564083,0.9771356807982444,0.977049117297483,0.7207590427733697,0.27924095722663034,0.977111508723431
4,80PER_3_6C,150,2,152,0.97397602384921,0.97693177813132,0.9768644460158636,0.7207590427733697,0.27924095722663034,0.976912976246948
4,80PER_3_6C,150,3,153,0.977315811624049,0.9767271799898508,0.9766797747342444,0.7207590427733697,0.27924095722663034,0.9767139425008977
4,80PER_3_6C,150,4,154,0.977521162463468,0.9765218885705584,0.9764951034526248,0.7207590427733697,0.27924095722663034,0.9765144090685872
4,80PER_3_6C,150,5,155,0.977203518012383,0.9763159060489808,0.9763104321710055,0.7207590427733697,0.27924095722663034,0.9763143775180552
4,80PER_3_6C,150,6,156,0.976557487982142,0.976109234579814,0.9761257608893864,0.7207590427733697,0.27924095722663034,0.9761138494023184
4,80PER_3_6C,150,7,157,0.977258590705409,0.975901876297244,0.9759410896077668,0.7207590427733697,0.27924095722663034,0.9759128262596104
4,80PER_3_6C,150,8,158,0.976773579949634,0.9756938333152718,0.9757564183261476,0.7207590427733697,0.27924095722663034,0.9757113096136167
4,80PER_3_6C,150,9,159,0.975828409502578,0.97548510772803,0.9755717470445282,0.7207590427733697,0.27924095722663034,0.9755093009737024
4,80PER_3_6C,150,10,160,0.976332207467818,0.9752757016100946,0.9753870757629088,0.7207590427733697,0.27924095722663034,0.9753068018351367
4,80PER_3_6C,150,11,161,0.976224415365281,0.9750656170167888,0.9752024044812896,0.7207590427733697,0.27924095722663034,0.9751038136793126
4,80PER_3_6C,150,12,162,0.975751463966933,0.97485485598448,0.97501773319967,0.7207590427733697,0.27924095722663034,0.97490033797396
4,80PER_3_6C,150,13,163,0.975235098881849,0.9746434205308704,0.9748330619180507,0.7207590427733697,0.27924095722663034,0.9746963761733565
4,80PER_3_6C,150,14,164,0.974350957571568,0.9744313126552832,0.9746483906364314,0.7207590427733697,0.27924095722663034,0.9744919297185318
4,80PER_3_6C,150,15,165,0.97529388214639,0.9742185343389396,0.974463719354812,0.7207590427733697,0.27924095722663034,0.9742870000374695
4,80PER_3_6C,150,16,166,0.974413236585064,0.9740050875452316,0.9742790480731928,0.7207590427733697,0.27924095722663034,0.9740815885453018
4,80PER_3_6C,150,17,167,0.974660936763073,0.9737909742199916,0.9740943767915732,0.7207590427733697,0.27924095722663034,0.973875696644505
4,80PER_3_6C,150,18,168,0.974572127163239,0.9735761962917496,0.973909705509954,0.7207590427733697,0.27924095722663034,0.9736693257250849
4,80PER_3_6C,150,19,169,0.974186647606047,0.9733607556719936,0.9737250342283346,0.7207590427733697,0.27924095722663034,0.9734624771647634
4,80PER_3_6C,150,20,170,0.973803452979735,0.9731446542554169,0.9735403629467152,0.7207590427733697,0.27924095722663034,0.9732551523291579
4,80PER_3_6C,150,21,171,0.974155859627127,0.9729278939201657,0.9733556916650958,0.7207590427733697,0.27924095722663034,0.9730473525719594
4,80PER_3_6C,150,22,172,0.973357627812101,0.9727104765280792,0.9731710203834766,0.7207590427733697,0.27924095722663034,0.9728390792351052
4,80PER_3_6C,150,23,173,0.971043402945608,0.972492403924925,0.9729863491018572,0.7207590427733697,0.27924095722663034,0.972630333648949
4,80PER_3_6C,150,24,174,0.972616714562333,0.9722736779406304,0.972801677820238,0.7207590427733697,0.27924095722663034,0.9724211171324275
4,80PER_3_6C,150,25,175,0.972867617549441,0.9720543003895088,0.9726170065386184,0.7207590427733697,0.27924095722663034,0.9722114309932235
4,80PER_3_6C,150,26,176,0.973033792565382,0.9718342730704812,0.9724323352569992,0.7207590427733697,0.27924095722663034,0.9720012765279256
4,80PER_3_6C,150,27,177,0.972031147318477,0.9716135977672936,0.9722476639753798,0.7207590427733697,0.27924095722663034,0.9717906550221846
4,80PER_3_6C,150,28,178,0.972356896438926,0.9713922762487308,0.9720629926937604,0.7207590427733697,0.27924095722663034,0.9715795677508685
4,80PER_3_6C,150,29,179,0.97160842534086,0.9711703102688248,0.971878321412141,0.7207590427733697,0.27924095722663034,0.9713680159782115
4,80PER_3_6C,150,30,180,0.96847232841292,0.970947701567059,0.9716936501305216,0.7207590427733697,0.27924095722663034,0.9711560009579622
4,80PER_3_6C,150,31,181,0.97203463330277,0.9707244518685711,0.9715089788489024,0.7207590427733697,0.27924095722663034,0.9709435239335289
4,80PER_3_6C,150,32,182,0.972334720891787,0.9705005628843484,0.9713243075672828,0.7207590427733697,0.27924095722663034,0.9707305861381214
4,80PER_3_6C,150,33,183,0.970727945778786,0.9702760363114216,0.9711396362856636,0.7207590427733697,0.27924095722663034,0.9705171887948898
4,80PER_3_6C,150,34,184,0.971464835987857,0.9700508738330548,0.9709549650040442,0.7207590427733697,0.27924095722663034,0.9703033331170621
4,80PER_3_6C,150,35,185,0.971547132558215,0.9698250771189306,0.9707702937224248,0.7207590427733697,0.27924095722663034,0.9700890203080769
4,80PER_3_6C,150,36,186,0.970880547914708,0.969598647825334,0.9705856224408056,0.7207590427733697,0.27924095722663034,0.9698742515617167
4,80PER_3_6C,150,37,187,0.970201503562637,0.9693715875953296,0.970400951159186,0.7207590427733697,0.27924095722663034,0.9696590280622351
4,80PER_3_6C,150,38,188,0.968738952505661,0.9691438980589396,0.9702162798775668,0.7207590427733697,0.27924095722663034,0.9694433509844855
4,80PER_3_6C,150,39,189,0.970155873297653,0.9689155808333136,0.9700316085959476,0.7207590427733697,0.27924095722663034,0.9692272214940431
4,80PER_3_6C,150,40,190,0.969615701966896,0.9686866375229009,0.969846937314328,0.7207590427733697,0.27924095722663034,0.9690106407473289
4,80PER_3_6C,150,41,191,0.969350767160661,0.9684570697196138,0.9696622660327088,0.7207590427733697,0.27924095722663034,0.9687936098917284
4,80PER_3_6C,150,42,192,0.96939238414961,0.9682268790029926,0.9694775947510894,0.7207590427733697,0.27924095722663034,0.9685761300657096
4,80PER_3_6C,150,43,193,0.969385168064478,0.9679960669403656,0.96929292346947,0.7207590427733697,0.27924095722663034,0.9683582023989383
4,80PER_3_6C,150,44,194,0.96931095663416,0.9677646350870056,0.9691082521878508,0.7207590427733697,0.27924095722663034,0.9681398280123917
4,80PER_3_6C,150,45,195,0.968567543630951,0.9675325849862848,0.9689235809062312,0.7207590427733697,0.27924095722663034,0.967921008018469
4,80PER_3_6C,150,46,196,0.968492238558502,0.9672999181698264,0.968738909624612,0.7207590427733697,0.27924095722663034,0.9677017435211017
4,80PER_3_6C,150,47,197,0.967857428124765,0.9670666361576548,0.9685542383429926,0.7207590427733697,0.27924095722663034,0.9674820356158609
4,80PER_3_6C,150,48,198,0.968099308564292,0.9668327404583396,0.9683695670613732,0.7207590427733697,0.27924095722663034,0.9672618853900621
4,80PER_3_6C,150,49,199,0.967294143839328,0.9665982325691412,0.968184895779754,0.7207590427733697,0.27924095722663034,0.9670412939228691
4,80PER_3_6C,150,50,200,0.967948044187048,0.9663631139761518,0.9680002244981344,0.7207590427733697,0.27924095722663034,0.9668202622853961
6,80PER_3_6C,150,1,151,0.99631199430189,0.9962322461295812,0.9962488390845672,0.658643045300931,0.341356954699069,0.9962379102501646
6,80PER_3_6C,150,2,152,0.996030832472512,0.996197339128705,0.9962167044090848,0.658643045300931,0.341356954699069,0.9962039496018423
6,80PER_3_6C,150,3,153,0.9960548576254,0.9961623118365582,0.9961845697336024,0.658643045300931,0.341356954699069,0.9961699097245112
6,80PER_3_6C,150,4,154,0.996034981394497,0.9961271646288952,0.99615243505812,0.658643045300931,0.341356954699069,0.9961357908656593
6,80PER_3_6C,150,5,155,0.995551294280335,0.9960918978778596,0.9961203003826375,0.658643045300931,0.341356954699069,0.9961015932703964
6,80PER_3_6C,150,6,156,0.995833035029059,0.9960565119520433,0.9960881657071552,0.658643045300931,0.341356954699069,0.9960673171814931
6,80PER_3_6C,150,7,157,0.996125582272255,0.9960210072165416,0.9960560310316728,0.658643045300931,0.341356954699069,0.9960329628394167
6,80PER_3_6C,150,8,158,0.995673639235602,0.9959853840330094,0.9960238963561904,0.658643045300931,0.341356954699069,0.9959985304823689
6,80PER_3_6C,150,9,159,0.995904435081818,0.995949642759715,0.995991761680708,0.658643045300931,0.341356954699069,0.9959640203463203
6,80PER_3_6C,150,10,160,0.995864103700665,0.9959137837515925,0.9959596270052258,0.658643045300931,0.341356954699069,0.9959294326650462
6,80PER_3_6C,150,11,161,0.995681068700552,0.995877807360294,0.9959274923297434,0.658643045300931,0.341356954699069,0.9958947676701595
6,80PER_3_6C,150,12,162,0.995565381317771,0.9958417139342398,0.995895357654261,0.658643045300931,0.341356954699069,0.995860025591145
6,80PER_3_6C,150,13,163,0.995429142298182,0.9958055038186688,0.9958632229787786,0.658643045300931,0.341356954699069,0.9958252066553916
6,80PER_3_6C,150,14,164,0.996025429225276,0.9957691773556856,0.9958310883032964,0.658643045300931,0.341356954699069,0.9957903110882246
6,80PER_3_6C,150,15,165,0.995053134182505,0.9957327348843092,0.995798953627814,0.658643045300931,0.341356954699069,0.9957553391129361
6,80PER_3_6C,150,16,166,0.995661964362111,0.9956961767405178,0.9957668189523315,0.658643045300931,0.341356954699069,0.9957202909508157
6,80PER_3_6C,150,17,167,0.99521474916679,0.9956595032572962,0.9957346842768492,0.658643045300931,0.341356954699069,0.9956851668211821
6,80PER_3_6C,150,18,168,0.995903856162471,0.9956227147646788,0.9957025496013668,0.658643045300931,0.341356954699069,0.9956499669414096
6,80PER_3_6C,150,19,169,0.995019556860397,0.995585811589794,0.9956704149258844,0.658643045300931,0.341356954699069,0.9956146915269593
6,80PER_3_6C,150,20,170,0.995130612888404,0.9955487940569058,0.995638280250402,0.658643045300931,0.341356954699069,0.9955793407914053
6,80PER_3_6C,150,21,171,0.994860354040056,0.9955116624874571,0.9956061455749196,0.658643045300931,0.341356954699069,0.9955439149464638
6,80PER_3_6C,150,22,172,0.994507502698247,0.99547441720011,0.9955740108994372,0.658643045300931,0.341356954699069,0.9955084142020195
6,80PER_3_6C,150,23,173,0.995475938278707,0.9954370585107848,0.9955418762239548,0.658643045300931,0.341356954699069,0.995472838766151
6,80PER_3_6C,150,24,174,0.994355246910066,0.9953995867327012,0.9955097415484724,0.658643045300931,0.341356954699069,0.9954371888451583
6,80PER_3_6C,150,25,175,0.995516366146418,0.9953620021764156,0.99547760687299,0.658643045300931,0.341356954699069,0.9954014646435871
6,80PER_3_6C,150,26,176,0.994995531707509,0.9953243051498588,0.9954454721975078,0.658643045300931,0.341356954699069,0.995365666364254
6,80PER_3_6C,150,27,177,0.994834881588802,0.9952864959583742,0.9954133375220254,0.658643045300931,0.341356954699069,0.9953297942082714
6,80PER_3_6C,150,28,178,0.994346756092981,0.995248574904752,0.995381202846543,0.658643045300931,0.341356954699069,0.9952938483750697
6,80PER_3_6C,150,29,179,0.994833048344204,0.9952105422892672,0.9953490681710606,0.658643045300931,0.341356954699069,0.9952578290624232
6,80PER_3_6C,150,30,180,0.9944207612828,0.9951723984097128,0.9953169334955784,0.658643045300931,0.341356954699069,0.995221736466471
6,80PER_3_6C,150,31,181,0.995293868144172,0.9951341435614344,0.995284798820096,0.658643045300931,0.341356954699069,0.9951855707817405
6,80PER_3_6C,150,32,182,0.994568771662438,0.995095778037364,0.9952526641446136,0.658643045300931,0.341356954699069,0.9951493322011693
6,80PER_3_6C,150,33,183,0.994554588138444,0.9950573021280524,0.9952205294691312,0.658643045300931,0.341356954699069,0.9951130209161267
6,80PER_3_6C,150,34,184,0.994844144298349,0.995018716121702,0.9951883947936488,0.658643045300931,0.341356954699069,0.9950766371164351
6,80PER_3_6C,150,35,185,0.994597524656657,0.9949800203041984,0.9951562601181664,0.658643045300931,0.341356954699069,0.9950401809903913
6,80PER_3_6C,150,36,186,0.994021499906698,0.994941214959141,0.995124125442684,0.658643045300931,0.341356954699069,0.9950036527247857
6,80PER_3_6C,150,37,187,0.994463890774129,0.9949023003678744,0.9950919907672016,0.658643045300931,0.341356954699069,0.9949670525049243
6,80PER_3_6C,150,38,188,0.994952981135527,0.9948632768095168,0.9950598560917192,0.658643045300931,0.341356954699069,0.9949303805146463
6,80PER_3_6C,150,39,189,0.994258760352284,0.9948241445609912,0.9950277214162369,0.658643045300931,0.341356954699069,0.994893636936345
6,80PER_3_6C,150,40,190,0.994639978742082,0.9947849038970532,0.9949955867407544,0.658643045300931,0.341356954699069,0.9948568219509863
6,80PER_3_6C,150,41,191,0.99454957083744,0.9947455550903184,0.994963452065272,0.658643045300931,0.341356954699069,0.9948199357381267
6,80PER_3_6C,150,42,192,0.994321476614842,0.9947060984112926,0.9949313173897898,0.658643045300931,0.341356954699069,0.9947829784759329
6,80PER_3_6C,150,43,193,0.994117504031691,0.9946665341283968,0.9948991827143074,0.658643045300931,0.341356954699069,0.9947459503411984
6,80PER_3_6C,150,44,194,0.994052568578303,0.9946268625079951,0.994867048038825,0.658643045300931,0.341356954699069,0.994708851509362
6,80PER_3_6C,150,45,195,0.994158896764979,0.9945870838144208,0.9948349133633426,0.658643045300931,0.341356954699069,0.9946716821545252
6,80PER_3_6C,150,46,196,0.993596187159993,0.994547198310002,0.9948027786878604,0.658643045300931,0.341356954699069,0.9946344424494686
6,80PER_3_6C,150,47,197,0.993637483406724,0.9945072062550874,0.994770644012378,0.658643045300931,0.341356954699069,0.9945971325656688
6,80PER_3_6C,150,48,198,0.99334879562584,0.9944671079080708,0.9947385093368956,0.658643045300931,0.341356954699069,0.9945597526733154
6,80PER_3_6C,150,49,199,0.99379687920018,0.994426903525416,0.9947063746614132,0.658643045300931,0.341356954699069,0.9945223029413263
6,80PER_3_6C,150,50,200,0.992999031853879,0.9943865933616802,0.9946742399859309,0.658643045300931,0.341356954699069,0.9944847835373638
7,4_8C_80PER_4_8C,150,1,151,0.994412843138433,0.9946709477832548,0.9948574333099202,0.5597142925974559,0.44028570740254414,0.994753054695283
7,4_8C_80PER_4_8C,150,2,152,0.99430393950734,0.9945890818021452,0.9947961483872466,0.5597142925974559,0.44028570740254414,0.994680250260046
7,4_8C_80PER_4_8C,150,3,153,0.994450293317817,0.9945064325598186,0.9947348634645732,0.5597142925974559,0.44028570740254414,0.9946070074223111
7,4_8C_80PER_4_8C,150,4,154,0.994126470373694,0.9944229977551814,0.9946735785418996,0.5597142925974559,0.44028570740254414,0.994533324894123
7,4_8C_80PER_4_8C,150,5,155,0.994194197439395,0.994338775095437,0.994612293619226,0.5597142925974559,0.44028570740254414,0.9944592013921711
7,4_8C_80PER_4_8C,150,6,156,0.993897577113133,0.994253762296002,0.9945510086965528,0.5597142925974559,0.44028570740254414,0.9943846356377413
7,4_8C_80PER_4_8C,150,7,157,0.994026975867272,0.994167957080424,0.9944897237738792,0.5597142925974559,0.44028570740254414,0.9943096263566705
7,4_8C_80PER_4_8C,150,8,158,0.994024926354968,0.9940813571803016,0.9944284388512056,0.5597142925974559,0.44028570740254414,0.994234172279302
7,4_8C_80PER_4_8C,150,9,159,0.993888447467413,0.9939939603352032,0.994367153928532,0.5597142925974559,0.44028570740254414,0.9941582721404401
7,4_8C_80PER_4_8C,150,10,160,0.993772463702904,0.9939057642925913,0.9943058690058588,0.5597142925974559,0.44028570740254414,0.9940819246793073
7,4_8C_80PER_4_8C,150,11,161,0.993563506607488,0.9938167668077428,0.9942445840831852,0.5597142925974559,0.44028570740254414,0.9940051286395
7,4_8C_80PER_4_8C,150,12,162,0.993831340601835,0.9937269656436754,0.9941832991605116,0.5597142925974559,0.44028570740254414,0.9939278827689471
7,4_8C_80PER_4_8C,150,13,163,0.993612135944896,0.993636358571072,0.9941220142378382,0.5597142925974559,0.44028570740254414,0.9938501858198682
7,4_8C_80PER_4_8C,150,14,164,0.993566767195245,0.9935449433682084,0.9940607293151646,0.5597142925974559,0.44028570740254414,0.9937720365487324
7,4_8C_80PER_4_8C,150,15,165,0.993454789295695,0.9934527178208792,0.9939994443924912,0.5597142925974559,0.44028570740254414,0.9936934337162171
7,4_8C_80PER_4_8C,150,16,166,0.993360511729685,0.9933596797223287,0.9939381594698176,0.5597142925974559,0.44028570740254414,0.9936143760871698
7,4_8C_80PER_4_8C,150,17,167,0.99283844504992,0.9932658268731802,0.9938768745471442,0.5597142925974559,0.44028570740254414,0.9935348624305681
7,4_8C_80PER_4_8C,150,18,168,0.992978557163833,0.9931711570813664,0.9938155896244708,0.5597142925974559,0.44028570740254414,0.9934548915194803
7,4_8C_80PER_4_8C,150,19,169,0.992819254161977,0.9930756681620628,0.9937543047017972,0.5597142925974559,0.44028570740254414,0.993374462131029
7,4_8C_80PER_4_8C,150,20,170,0.992514156307546,0.99297935793762,0.9936930197791236,0.5597142925974559,0.44028570740254414,0.9932935730463526
7,4_8C_80PER_4_8C,150,21,171,0.992589988262816,0.9928822242374978,0.9936317348564504,0.5597142925974559,0.44028570740254414,0.9932122230505691
7,4_8C_80PER_4_8C,150,22,172,0.992461707424479,0.9927842648982014,0.9935704499337767,0.5597142925974559,0.44028570740254414,0.993130410932739
7,4_8C_80PER_4_8C,150,23,173,0.992307714522686,0.9926854777632164,0.9935091650111032,0.5597142925974559,0.44028570740254414,0.9930481354858307
7,4_8C_80PER_4_8C,150,24,174,0.99219750665649,0.992585860682946,0.9934478800884298,0.5597142925974559,0.44028570740254414,0.9929653955066842
7,4_8C_80PER_4_8C,150,25,175,0.991888775575701,0.99248541151465,0.9933865951657562,0.5597142925974559,0.44028570740254414,0.992882189795977
7,4_8C_80PER_4_8C,150,26,176,0.991999915038399,0.992384128122383,0.9933253102430828,0.5597142925974559,0.44028570740254414,0.9927985171581899
7,4_8C_80PER_4_8C,150,27,177,0.991681867992589,0.9922820083769336,0.9932640253204092,0.5597142925974559,0.44028570740254414,0.992714376401573
7,4_8C_80PER_4_8C,150,28,178,0.991853374908622,0.9921790501557664,0.9932027403977358,0.5597142925974559,0.44028570740254414,0.992629766338113
7,4_8C_80PER_4_8C,150,29,179,0.99180772668002,0.9920752513429624,0.9931414554750624,0.5597142925974559,0.44028570740254414,0.9925446857834995
7,4_8C_80PER_4_8C,150,30,180,0.991396706303303,0.9919706098291624,0.9930801705523888,0.5597142925974559,0.44028570740254414,0.9924591335570943
7,4_8C_80PER_4_8C,150,31,181,0.991085180433008,0.9918651235115094,0.9930188856297152,0.5597142925974559,0.44028570740254414,0.9923731084818979
7,4_8C_80PER_4_8C,150,32,182,0.991792169018435,0.9917587902935924,0.9929576007070418,0.5597142925974559,0.44028570740254414,0.9922866093845195
7,4_8C_80PER_4_8C,150,33,183,0.991339878916676,0.991651608085392,0.9928963157843684,0.5597142925974559,0.44028570740254414,0.9921996350951452
7,4_8C_80PER_4_8C,150,34,184,0.991285753159905,0.9915435748032256,0.9928350308616948,0.5597142925974559,0.44028570740254414,0.992112184447508
7,4_8C_80PER_4_8C,150,35,185,0.991362144073076,0.991434688369694,0.9927737459390212,0.5597142925974559,0.44028570740254414,0.9920242562788579
7,4_8C_80PER_4_8C,150,36,186,0.990830202470389,0.9913249467136273,0.9927124610163478,0.5597142925974559,0.44028570740254414,0.9919358494299317
7,4_8C_80PER_4_8C,150,37,187,0.990961464417532,0.991214347770034,0.9926511760936744,0.5597142925974559,0.44028570740254414,0.991846962744924
7,4_8C_80PER_4_8C,150,38,188,0.991018478123459,0.9911028894800497,0.9925898911710008,0.5597142925974559,0.44028570740254414,0.9917575950714589
7,4_8C_80PER_4_8C,150,39,189,0.990864205742715,0.9909905697908844,0.9925286062483272,0.5597142925974559,0.44028570740254414,0.9916677452605605
7,4_8C_80PER_4_8C,150,40,190,0.990826569244031,0.9908773866557744,0.992467321325654,0.5597142925974559,0.44028570740254414,0.9915774121666261
7,4_8C_80PER_4_8C,150,41,191,0.990565163265547,0.9907633380339324,0.9924060364029804,0.5597142925974559,0.44028570740254414,0.9914865946473976
7,4_8C_80PER_4_8C,150,42,192,0.990448061585236,0.9906484218904976,0.9923447514803068,0.5597142925974559,0.44028570740254414,0.9913952915639346
7,4_8C_80PER_4_8C,150,43,193,0.990580907246433,0.9905326361964888,0.9922834665576332,0.5597142925974559,0.44028570740254414,0.9913035017805871
7,4_8C_80PER_4_8C,150,44,194,0.990143522688707,0.9904159789287572,0.99222218163496,0.5597142925974559,0.44028570740254414,0.99121122416497
7,4_8C_80PER_4_8C,150,45,195,0.99019858004198,0.990298448069938,0.9921608967122864,0.5597142925974559,0.44028570740254414,0.9911184575879353
7,4_8C_80PER_4_8C,150,46,196,0.989906990336829,0.9901800416084054,0.9920996117896128,0.5597142925974559,0.44028570740254414,0.9910252009235472
7,4_8C_80PER_4_8C,150,47,197,0.989875688694359,0.9900607575382268,0.9920383268669394,0.5597142925974559,0.44028570740254414,0.9909314530490565
7,4_8C_80PER_4_8C,150,48,198,0.989850815067754,0.9899405938591176,0.9919770419442658,0.5597142925974559,0.44028570740254414,0.9908372128448757
7,4_8C_80PER_4_8C,150,49,199,0.989802278889995,0.9898195485763966,0.9919157570215924,0.5597142925974559,0.44028570740254414,0.9907424791945527
7,4_8C_80PER_4_8C,150,50,200,0.989379147758751,0.9896976197009424,0.9918544720989187,0.5597142925974559,0.44028570740254414,0.9906472509847483
8,4_8C_80PER_4_8C,150,1,151,0.989457867705935,0.989462904918202,0.989736868831267,0.6498684171479222,0.3501315828520778,0.9895588283367278
8,4_8C_80PER_4_8C,150,2,152,0.989236259920936,0.98930719192724,0.9896128163536247,0.6498684171479222,0.3501315828520778,0.9894142006914084
8,4_8C_80PER_4_8C,150,3,153,0.989206227216066,0.9891502630338204,0.9894887638759824,0.6498684171479222,0.3501315828520778,0.9892687828694833
8,4_8C_80PER_4_8C,150,4,154,0.988993200203887,0.988992116783594,0.9893647113983404,0.6498684171479222,0.3501315828520778,0.9891225739258173
8,4_8C_80PER_4_8C,150,5,155,0.988854881876802,0.988832751729963,0.989240658920698,0.6498684171479222,0.3501315828520778,0.9889755729203118
8,4_8C_80PER_4_8C,150,6,156,0.988506241346361,0.9886721664339916,0.9891166064430555,0.6498684171479222,0.3501315828520778,0.9888277789178479
8,4_8C_80PER_4_8C,150,7,157,0.988633926976691,0.9885103594643144,0.9889925539654134,0.6498684171479222,0.3501315828520778,0.9886791909882268
8,4_8C_80PER_4_8C,150,8,158,0.98860464042598,0.98834732939705,0.9888685014877712,0.6498684171479222,0.3501315828520778,0.9885298082061125
8,4_8C_80PER_4_8C,150,9,159,0.988262062398074,0.9881830748157135,0.9887444490101288,0.6498684171479222,0.3501315828520778,0.9883796296509764
8,4_8C_80PER_4_8C,150,10,160,0.988243035467039,0.9880175943111325,0.9886203965324868,0.6498684171479222,0.3501315828520778,0.988228654407042
8,4_8C_80PER_4_8C,150,11,161,0.988172244091275,0.987850886481362,0.9884963440548444,0.6498684171479222,0.3501315828520778,0.9880768815632293
8,4_8C_80PER_4_8C,150,12,162,0.987614493857985,0.9876829499316054,0.9883722915772022,0.6498684171479222,0.3501315828520778,0.9879243102131041
8,4_8C_80PER_4_8C,150,13,163,0.98767232080525,0.9875137832741312,0.98824823909956,0.6498684171479222,0.3501315828520778,0.9877709394548235
8,4_8C_80PER_4_8C,150,14,164,0.987618224628777,0.9873433851281956,0.9881241866219176,0.6498684171479222,0.3501315828520778,0.9876167683910857
8,4_8C_80PER_4_8C,150,15,165,0.987205041763647,0.9871717541199636,0.9880001341442756,0.6498684171479222,0.3501315828520778,0.9874617961290789
8,4_8C_80PER_4_8C,150,16,166,0.987176035020745,0.986998888882434,0.9878760816666332,0.6498684171479222,0.3501315828520778,0.9873060217804321
8,4_8C_80PER_4_8C,150,17,167,0.987278537948235,0.9868247880553628,0.987752029188991,0.6498684171479222,0.3501315828520778,0.9871494444611656
8,4_8C_80PER_4_8C,150,18,168,0.986784583895475,0.9866494502851908,0.9876279767113488,0.6498684171479222,0.3501315828520778,0.986992063291644
8,4_8C_80PER_4_8C,150,19,169,0.9867144454046,0.98647287422497,0.9875039242337064,0.6498684171479222,0.3501315828520778,0.9868338773965285
8,4_8C_80PER_4_8C,150,20,170,0.986751753112512,0.9862950585342926,0.987379871756064,0.6498684171479222,0.3501315828520778,0.9866748859047303
8,4_8C_80PER_4_8C,150,21,171,0.986495449159154,0.9861160018792208,0.987255819278422,0.6498684171479222,0.3501315828520778,0.9865150879493654
8,4_8C_80PER_4_8C,150,22,172,0.986412999124668,0.9859357029322174,0.9871317668007796,0.6498684171479222,0.3501315828520778,0.9863544826677093
8,4_8C_80PER_4_8C,150,23,173,0.986013247034387,0.9857541603720794,0.9870077143231374,0.6498684171479222,0.3501315828520778,0.9861930692011538
8,4_8C_80PER_4_8C,150,24,174,0.985933035462376,0.985571372883869,0.9868836618454953,0.6498684171479222,0.3501315828520778,0.9860308466951625
8,4_8C_80PER_4_8C,150,25,175,0.985875115245841,0.9853873391588496,0.9867596093678528,0.6498684171479222,0.3501315828520778,0.9858678142992285
8,4_8C_80PER_4_8C,150,26,176,0.985359429453223,0.9852020578944204,0.9866355568902108,0.6498684171479222,0.3501315828520778,0.9857039711668334
8,4_8C_80PER_4_8C,150,27,177,0.985388156388315,0.9850155277940532,0.9865115044125684,0.6498684171479222,0.3501315828520778,0.9855393164554036
8,4_8C_80PER_4_8C,150,28,178,0.985216540931919,0.9848277475672298,0.9863874519349262,0.6498684171479222,0.3501315828520778,0.9853738493262727
8,4_8C_80PER_4_8C,150,29,179,0.984859039820848,0.98463871592938,0.986263399457284,0.6498684171479222,0.3501315828520778,0.9852075689446388
8,4_8C_80PER_4_8C,150,30,180,0.984899238876124,0.9844484316018212,0.9861393469796416,0.6498684171479222,0.3501315828520778,0.9850404744795265
8,4_8C_80PER_4_8C,150,31,181,0.984992601415175,0.9842568933116992,0.9860152945019994,0.6498684171479222,0.3501315828520778,0.984872565103748
8,4_8C_80PER_4_8C,150,32,182,0.984540431995277,0.9840640997919288,0.9858912420243572,0.6498684171479222,0.3501315828520778,0.9847038399938648
8,4_8C_80PER_4_8C,150,33,183,0.984602176251872,0.9838700497811368,0.9857671895467148,0.6498684171479222,0.3501315828520778,0.9845342983301502
8,4_8C_80PER_4_8C,150,34,184,0.984477195430365,0.9836747420236036,0.9856431370690726,0.6498684171479222,0.3501315828520778,0.9843639392965519
8,4_8C_80PER_4_8C,150,35,185,0.984149820293434,0.983478175269209,0.9855190845914304,0.6498684171479222,0.3501315828520778,0.9841927620806559
8,4_8C_80PER_4_8C,150,36,186,0.984170899148405,0.983280348273376,0.985395032113788,0.6498684171479222,0.3501315828520778,0.9840207658736511
8,4_8C_80PER_4_8C,150,37,187,0.983982961569796,0.9830812597970164,0.9852709796361458,0.6498684171479222,0.3501315828520778,0.9838479498702933
8,4_8C_80PER_4_8C,150,38,188,0.983657172010452,0.9828809086064776,0.9851469271585036,0.6498684171479222,0.3501315828520778,0.9836743132688706
8,4_8C_80PER_4_8C,150,39,189,0.983471845971397,0.9826792934734896,0.9850228746808614,0.6498684171479222,0.3501315828520778,0.9834998552711691
8,4_8C_80PER_4_8C,150,40,190,0.983278032428793,0.9824764131751136,0.9848988222032192,0.6498684171479222,0.3501315828520778,0.9833245750824394
8,4_8C_80PER_4_8C,150,41,191,0.983258725689948,0.9822722664936904,0.9847747697255768,0.6498684171479222,0.3501315828520778,0.9831484719113632
8,4_8C_80PER_4_8C,150,42,192,0.983043087138214,0.9820668522167894,0.9846507172479346,0.6498684171479222,0.3501315828520778,0.9829715449700204
8,4_8C_80PER_4_8C,150,43,193,0.982417716684333,0.9818601691371605,0.9845266647702924,0.6498684171479222,0.3501315828520778,0.9827937934738571
8,4_8C_80PER_4_8C,150,44,194,0.98245315900685,0.9816522160526836,0.98440261229265,0.6498684171479222,0.3501315828520778,0.9826152166416534
8,4_8C_80PER_4_8C,150,45,195,0.982313534909988,0.9814429917663214,0.984278559815008,0.6498684171479222,0.3501315828520778,0.9824358136954929
8,4_8C_80PER_4_8C,150,46,196,0.981842058751246,0.9812324950860716,0.9841545073373656,0.6498684171479222,0.3501315828520778,0.9822555838607303
8,4_8C_80PER_4_8C,150,47,197,0.98200201554892,0.98102072482492,0.9840304548597232,0.6498684171479222,0.3501315828520778,0.982074526365963
8,4_8C_80PER_4_8C,150,48,198,0.981906974163013,0.980807679800794,0.983906402382081,0.6498684171479222,0.3501315828520778,0.9818926404429995
8,4_8C_80PER_4_8C,150,49,199,0.98130398833388,0.9805933588365174,0.9837823499044388,0.6498684171479222,0.3501315828520778,0.9817099253268298
8,4_8C_80PER_4_8C,150,50,200,0.98137636528723,0.9803777607597662,0.9836582974267966,0.6498684171479222,0.3501315828520778,0.9815263802555978
12,5_6C_19PER_4_6C_NEWSTRUCTURE,150,1,151,0.996482833131289,0.9964186916386312,0.9963402282828268,0.6814442813933163,0.31855571860668375,0.9963936966879386
12,5_6C_19PER_4_6C_NEWSTRUCTURE,150,2,152,0.996409658754397,0.9963941213406518,0.9963109561925642,0.6814442813933163,0.31855571860668375,0.9963676286071397
12,5_6C_19PER_4_6C_NEWSTRUCTURE,150,3,153,0.996456780043372,0.996369588294474,0.9962816841023014,0.6814442813933163,0.31855571860668375,0.9963415859113679
12,5_6C_19PER_4_6C_NEWSTRUCTURE,150,4,154,0.99638943704356,0.9963450922006922,0.9962524120120388,0.6814442813933163,0.31855571860668375,0.9963155683965952
12,5_6C_19PER_4_6C_NEWSTRUCTURE,150,5,155,0.996424801523908,0.9963206327642338,0.996223139921776,0.6814442813933163,0.31855571860668375,0.9962895758617456
12,5_6C_19PER_4_6C_NEWSTRUCTURE,150,6,156,0.996451042720763,0.9962962096942696,0.9961938678315132,0.6814442813933163,0.31855571860668375,0.9962636081086356
12,5_6C_19PER_4_6C_NEWSTRUCTURE,150,7,157,0.996355295271308,0.9962718227041262,0.9961645957412506,0.6814442813933163,0.31855571860668375,0.9962376649419133
12,5_6C_19PER_4_6C_NEWSTRUCTURE,150,8,158,0.996347112532504,0.9962474715112002,0.996135323650988,0.6814442813933163,0.31855571860668375,0.9962117461690001
12,5_6C_19PER_4_6C_NEWSTRUCTURE,150,9,159,0.996344573061841,0.9962231558368752,0.9961060515607252,0.6814442813933163,0.31855571860668375,0.9961858516000343
12,5_6C_19PER_4_6C_NEWSTRUCTURE,150,10,160,0.996145930023287,0.9961988754064404,0.9960767794704624,0.6814442813933163,0.31855571860668375,0.9961599810478159
12,5_6C_19PER_4_6C_NEWSTRUCTURE,150,11,161,0.996166716060939,0.996174629949013,0.9960475073801998,0.6814442813933163,0.31855571860668375,0.9961341343277536
12,5_6C_19PER_4_6C_NEWSTRUCTURE,150,12,162,0.996166433897532,0.9961504191974594,0.996018235289937,0.6814442813933163,0.31855571860668375,0.9961083112578104
12,5_6C_19PER_4_6C_NEWSTRUCTURE,150,13,163,0.996140286755146,0.9961262428883229,0.9959889631996744,0.6814442813933163,0.31855571860668375,0.9960825116584553
12,5_6C_19PER_4_6C_NEWSTRUCTURE,150,14,164,0.995988859060037,0.9961021007617488,0.9959596911094116,0.6814442813933163,0.31855571860668375,0.996056735352612
12,5_6C_19PER_4_6C_NEWSTRUCTURE,150,15,165,0.996067770759538,0.9960779925614148,0.9959304190191488,0.6814442813933163,0.31855571860668375,0.996030982165611
12,5_6C_19PER_4_6C_NEWSTRUCTURE,150,16,166,0.995803759865021,0.9960539180344616,0.995901146928886,0.6814442813933163,0.31855571860668375,0.9960052519251427
12,5_6C_19PER_4_6C_NEWSTRUCTURE,150,17,167,0.995679702020394,0.9960298769314248,0.9958718748386234,0.6814442813933163,0.31855571860668375,0.995979544461211
12,5_6C_19PER_4_6C_NEWSTRUCTURE,150,18,168,0.995571727489968,0.9960058690061704,0.9958426027483608,0.6814442813933163,0.31855571860668375,0.9959538596060896
12,5_6C_19PER_4_6C_NEWSTRUCTURE,150,19,169,0.995597874632353,0.9959818940158298,0.995813330658098,0.6814442813933163,0.31855571860668375,0.9959281971942768
12,5_6C_19PER_4_6C_NEWSTRUCTURE,150,20,170,0.995482281689937,0.9959579517207384,0.9957840585678353,0.6814442813933163,0.31855571860668375,0.9959025570624547
12,5_6C_19PER_4_6C_NEWSTRUCTURE,150,21,171,0.995465351885515,0.995934041884374,0.9957547864775724,0.6814442813933163,0.31855571860668375,0.9958769390494462
12,5_6C_19PER_4_6C_NEWSTRUCTURE,150,22,172,0.995549906853157,0.9959101642732976,0.9957255143873098,0.6814442813933163,0.31855571860668375,0.9958513429961762
12,5_6C_19PER_4_6C_NEWSTRUCTURE,150,23,173,0.995522442948205,0.9958863186570958,0.9956962422970472,0.6814442813933163,0.31855571860668375,0.9958257687456304
12,5_6C_19PER_4_6C_NEWSTRUCTURE,150,24,174,0.995476638421796,0.995862504808324,0.9956669702067844,0.6814442813933163,0.31855571860668375,0.9958002161428181
12,5_6C_19PER_4_6C_NEWSTRUCTURE,150,25,175,0.995380232591059,0.9958387225024516,0.9956376981165216,0.6814442813933163,0.31855571860668375,0.9957746850347342
12,5_6C_19PER_4_6C_NEWSTRUCTURE,150,26,176,0.995259466652847,0.995814971517808,0.995608426026259,0.6814442813933163,0.31855571860668375,0.9957491752703226
12,5_6C_19PER_4_6C_NEWSTRUCTURE,150,27,177,0.995289093810586,0.9957912516355306,0.9955791539359964,0.6814442813933163,0.31855571860668375,0.9957236867004406
12,5_6C_19PER_4_6C_NEWSTRUCTURE,150,28,178,0.995406567842382,0.9957675626395128,0.9955498818457336,0.6814442813933163,0.31855571860668375,0.9956982191778235
12,5_6C_19PER_4_6C_NEWSTRUCTURE,150,29,179,0.995331606430579,0.995743904316355,0.9955206097554709,0.6814442813933163,0.31855571860668375,0.9956727725570516
12,5_6C_19PER_4_6C_NEWSTRUCTURE,150,30,180,0.995321260438988,0.9957202764553144,0.995491337665208,0.6814442813933163,0.31855571860668375,0.9956473466945152
12,5_6C_19PER_4_6C_NEWSTRUCTURE,150,31,181,0.995198707465865,0.9956966788482589,0.9954620655749452,0.6814442813933163,0.31855571860668375,0.9956219414483838
12,5_6C_19PER_4_6C_NEWSTRUCTURE,150,32,182,0.995196167995202,0.9956731112896194,0.9954327934846826,0.6814442813933163,0.31855571860668375,0.9955965566785738
12,5_6C_19PER_4_6C_NEWSTRUCTURE,150,33,183,0.995244229828867,0.9956495735763452,0.99540352139442,0.6814442813933163,0.31855571860668375,0.9955711922467173
12,5_6C_19PER_4_6C_NEWSTRUCTURE,150,34,184,0.995160709460384,0.9956260655078584,0.9953742493041572,0.6814442813933163,0.31855571860668375,0.9955458480161314
12,5_6C_19PER_4_6C_NEWSTRUCTURE,150,35,185,0.994975798374306,0.9956025868860118,0.9953449772138944,0.6814442813933163,0.31855571860668375,0.9955205238517904
12,5_6C_19PER_4_6C_NEWSTRUCTURE,150,36,186,0.994985015712269,0.9955791375150456,0.9953157051236318,0.6814442813933163,0.31855571860668375,0.9954952196202944
12,5_6C_19PER_4_6C_NEWSTRUCTURE,150,37,187,0.994963947511211,0.9955557172015466,0.9952864330333692,0.6814442813933163,0.31855571860668375,0.9954699351898434
12,5_6C_19PER_4_6C_NEWSTRUCTURE,150,38,188,0.994847696187512,0.9955323257544066,0.9952571609431063,0.6814442813933163,0.31855571860668375,0.9954446704302076
12,5_6C_19PER_4_6C_NEWSTRUCTURE,150,39,189,0.994770289359515,0.9955089629847844,0.9952278888528436,0.6814442813933163,0.31855571860668375,0.9954194252127022
12,5_6C_19PER_4_6C_NEWSTRUCTURE,150,40,190,0.994636920122455,0.9954856287060658,0.9951986167625808,0.6814442813933163,0.31855571860668375,0.9953941994101603
12,5_6C_19PER_4_6C_NEWSTRUCTURE,150,41,191,0.994576160935473,0.995462322733826,0.9951693446723182,0.6814442813933163,0.31855571860668375,0.9953689928969063
12,5_6C_19PER_4_6C_NEWSTRUCTURE,150,42,192,0.994580863658924,0.995439044885793,0.9951400725820556,0.6814442813933163,0.31855571860668375,0.9953438055487325
12,5_6C_19PER_4_6C_NEWSTRUCTURE,150,43,193,0.994681878158643,0.9954157949818114,0.9951108004917928,0.6814442813933163,0.31855571860668375,0.9953186372428724
12,5_6C_19PER_4_6C_NEWSTRUCTURE,150,44,194,0.994531485062693,0.9953925728438062,0.99508152840153,0.6814442813933163,0.31855571860668375,0.9952934878579782
12,5_6C_19PER_4_6C_NEWSTRUCTURE,150,45,195,0.994483611337965,0.9953693782957492,0.9950522563112674,0.6814442813933163,0.31855571860668375,0.9952683572740966
12,5_6C_19PER_4_6C_NEWSTRUCTURE,150,46,196,0.994324941448742,0.9953462111636244,0.9950229842210048,0.6814442813933163,0.31855571860668375,0.9952432453726452
12,5_6C_19PER_4_6C_NEWSTRUCTURE,150,47,197,0.994224021003492,0.9953230712753952,0.994993712130742,0.6814442813933163,0.31855571860668375,0.9952181520363905
12,5_6C_19PER_4_6C_NEWSTRUCTURE,150,48,198,0.994372062737717,0.9952999584609716,0.9949644400404792,0.6814442813933163,0.31855571860668375,0.995193077149426
12,5_6C_19PER_4_6C_NEWSTRUCTURE,150,49,199,0.994132035732798,0.9952768725521792,0.9949351679502164,0.6814442813933163,0.31855571860668375,0.9951680205971497
12,5_6C_19PER_4_6C_NEWSTRUCTURE,150,50,200,0.994167588322084,0.9952538133827272,0.9949058958599536,0.6814442813933163,0.31855571860668375,0.9951429822662441
13,5_6C_36PER_4_3C_NEWSTRUCTURE,150,1,151,0.997067292631245,0.9969515822328832,0.9969210545149226,0.6696328540105708,0.3303671459894292,0.996941496877827
13,5_6C_36PER_4_3C_NEWSTRUCTURE,150,2,152,0.997209944082508,0.9969255862378816,0.99689349909371,0.6696328540105708,0.3303671459894292,0.9969149856996387
13,5_6C_36PER_4_3C_NEWSTRUCTURE,150,3,153,0.997094227477635,0.9968995698842138,0.9968659436724974,0.6696328540105708,0.3303671459894292,0.9968884608886186
13,5_6C_36PER_4_3C_NEWSTRUCTURE,150,4,154,0.99716705479749,0.9968735332891572,0.9968383882512848,0.6696328540105708,0.3303671459894292,0.9968619225232995
13,5_6C_36PER_4_3C_NEWSTRUCTURE,150,5,155,0.99703256826482,0.996847476568556,0.996810832830072,0.6696328540105708,0.3303671459894292,0.9968353706812546
13,5_6C_36PER_4_3C_NEWSTRUCTURE,150,6,156,0.997126324054169,0.996821399836848,0.9967832774088594,0.6696328540105708,0.3303671459894292,0.9968088054391153
13,5_6C_36PER_4_3C_NEWSTRUCTURE,150,7,157,0.997023183300921,0.99679530320709,0.9967557219876468,0.6696328540105708,0.3303671459894292,0.9967822268725877
13,5_6C_36PER_4_3C_NEWSTRUCTURE,150,8,158,0.996962744133412,0.9967691867909848,0.996728166566434,0.6696328540105708,0.3303671459894292,0.9967556350564721
13,5_6C_36PER_4_3C_NEWSTRUCTURE,150,9,159,0.996989209731607,0.9967430506989038,0.9967006111452216,0.6696328540105708,0.3303671459894292,0.9967290300646767
13,5_6C_36PER_4_3C_NEWSTRUCTURE,150,10,160,0.997031911317347,0.9967168950399128,0.9966730557240088,0.6696328540105708,0.3303671459894292,0.9967024119702355
13,5_6C_36PER_4_3C_NEWSTRUCTURE,150,11,161,0.996838956459586,0.9966907199217948,0.9966455003027962,0.6696328540105708,0.3303671459894292,0.9966757808453235
13,5_6C_36PER_4_3C_NEWSTRUCTURE,150,12,162,0.996814649403088,0.9966645254510726,0.9966179448815836,0.6696328540105708,0.3303671459894292,0.996649136761272
13,5_6C_36PER_4_3C_NEWSTRUCTURE,150,13,163,0.996840927302005,0.9966383117330324,0.9965903894603708,0.6696328540105708,0.3303671459894292,0.9966224797885839
13,5_6C_36PER_4_3C_NEWSTRUCTURE,150,14,164,0.996726712291356,0.9966120788717444,0.9965628340391582,0.6696328540105708,0.3303671459894292,0.9965958099969481
13,5_6C_36PER_4_3C_NEWSTRUCTURE,150,15,165,0.996630797960309,0.9965858269700848,0.9965352786179456,0.6696328540105708,0.3303671459894292,0.9965691274552542
13,5_6C_36PER_4_3C_NEWSTRUCTURE,150,16,166,0.996385944252188,0.9965595561297568,0.996507723196733,0.6696328540105708,0.3303671459894292,0.9965424322316054
13,5_6C_36PER_4_3C_NEWSTRUCTURE,150,17,167,0.996404620330347,0.9965332664513104,0.9964801677755204,0.6696328540105708,0.3303671459894292,0.9965157243933338
13,5_6C_36PER_4_3C_NEWSTRUCTURE,150,18,168,0.996402367939011,0.9965069580341628,0.9964526123543076,0.6696328540105708,0.3303671459894292,0.9964890040070121
13,5_6C_36PER_4_3C_NEWSTRUCTURE,150,19,169,0.996418697776195,0.9964806309766177,0.996425056933095,0.6696328540105708,0.3303671459894292,0.9964622711384681
13,5_6C_36PER_4_3C_NEWSTRUCTURE,150,20,170,0.996213917863922,0.996454285375884,0.9963975015118824,0.6696328540105708,0.3303671459894292,0.9964355258527956
13,5_6C_36PER_4_3C_NEWSTRUCTURE,150,21,171,0.996315650872586,0.9964279213280948,0.9963699460906698,0.6696328540105708,0.3303671459894292,0.9964087682143686
13,5_6C_36PER_4_3C_NEWSTRUCTURE,150,22,172,0.996222082782514,0.9964015389283256,0.9963423906694572,0.6696328540105708,0.3303671459894292,0.996381998286853
13,5_6C_36PER_4_3C_NEWSTRUCTURE,150,23,173,0.99632175109912,0.9963751382706116,0.9963148352482444,0.6696328540105708,0.3303671459894292,0.9963552161332176
13,5_6C_36PER_4_3C_NEWSTRUCTURE,150,24,174,0.996159297374031,0.9963487194479648,0.9962872798270318,0.6696328540105708,0.3303671459894292,0.9963284218157464
13,5_6C_36PER_4_3C_NEWSTRUCTURE,150,25,175,0.996006885560313,0.9963222825523916,0.9962597244058192,0.6696328540105708,0.3303671459894292,0.99630161539605
13,5_6C_36PER_4_3C_NEWSTRUCTURE,150,26,176,0.99606291379479,0.9962958276749092,0.9962321689846064,0.6696328540105708,0.3303671459894292,0.9962747969350765
13,5_6C_36PER_4_3C_NEWSTRUCTURE,150,27,177,0.99602115070544,0.996269354905562,0.9962046135633938,0.6696328540105708,0.3303671459894292,0.9962479664931223
13,5_6C_36PER_4_3C_NEWSTRUCTURE,150,28,178,0.996115657291901,0.9962428643334366,0.9961770581421812,0.6696328540105708,0.3303671459894292,0.9962211241298431
13,5_6C_36PER_4_3C_NEWSTRUCTURE,150,29,179,0.996179287347135,0.996216356046678,0.9961495027209686,0.6696328540105708,0.3303671459894292,0.9961942699042635
13,5_6C_36PER_4_3C_NEWSTRUCTURE,150,30,180,0.995962494681072,0.9961898301325046,0.996121947299756,0.6696328540105708,0.3303671459894292,0.9961674038747879
13,5_6C_36PER_4_3C_NEWSTRUCTURE,150,31,181,0.995958365296956,0.9961632866772232,0.9960943918785432,0.6696328540105708,0.3303671459894292,0.9961405260992098
13,5_6C_36PER_4_3C_NEWSTRUCTURE,150,32,182,0.995964747072407,0.9961367257662432,0.9960668364573306,0.6696328540105708,0.3303671459894292,0.9961136366347225
13,5_6C_36PER_4_3C_NEWSTRUCTURE,150,33,183,0.995950857325837,0.9961101474840914,0.996039281036118,0.6696328540105708,0.3303671459894292,0.996086735537928
13,5_6C_36PER_4_3C_NEWSTRUCTURE,150,34,184,0.995901304716451,0.9960835519144248,0.9960117256149054,0.6696328540105708,0.3303671459894292,0.9960598228648456
13,5_6C_36PER_4_3C_NEWSTRUCTURE,150,35,185,0.995739507938835,0.9960569391400452,0.9959841701936928,0.6696328540105708,0.3303671459894292,0.996032898670922
13,5_6C_36PER_4_3C_NEWSTRUCTURE,150,36,186,0.995798727061037,0.9960303092429124,0.99595661477248,0.6696328540105708,0.3303671459894292,0.9960059630110404
13,5_6C_36PER_4_3C_NEWSTRUCTURE,150,37,187,0.995748048255983,0.9960036623041568,0.9959290593512674,0.6696328540105708,0.3303671459894292,0.9959790159395283
13,5_6C_36PER_4_3C_NEWSTRUCTURE,150,38,188,0.995801448700567,0.9959769984040924,0.9959015039300548,0.6696328540105708,0.3303671459894292,0.9959520575101666
13,5_6C_36PER_4_3C_NEWSTRUCTURE,150,39,189,0.995629891560496,0.99595031762223,0.995873948508842,0.6696328540105708,0.3303671459894292,0.9959250877761983
13,5_6C_36PER_4_3C_NEWSTRUCTURE,150,40,190,0.995560724376562,0.995923620037288,0.9958463930876296,0.6696328540105708,0.3303671459894292,0.9958981067903359
13,5_6C_36PER_4_3C_NEWSTRUCTURE,150,41,191,0.9955812774475,0.9958969057272056,0.9958188376664168,0.6696328540105708,0.3303671459894292,0.9958711146047698
13,5_6C_36PER_4_3C_NEWSTRUCTURE,150,42,192,0.99557658496555,0.995870174769154,0.9957912822452042,0.6696328540105708,0.3303671459894292,0.9958441112711768
13,5_6C_36PER_4_3C_NEWSTRUCTURE,150,43,193,0.995535197274756,0.9958434272395486,0.9957637268239916,0.6696328540105708,0.3303671459894292,0.995817096840727
13,5_6C_36PER_4_3C_NEWSTRUCTURE,150,44,194,0.995576866514467,0.9958166632140592,0.9957361714027788,0.6696328540105708,0.3303671459894292,0.9957900713640909
13,5_6C_36PER_4_3C_NEWSTRUCTURE,150,45,195,0.995374432843169,0.995789882767622,0.9957086159815663,0.6696328540105708,0.3303671459894292,0.9957630348914491
13,5_6C_36PER_4_3C_NEWSTRUCTURE,150,46,196,0.995158954072051,0.9957630859744502,0.9956810605603535,0.6696328540105708,0.3303671459894292,0.9957359874724965
13,5_6C_36PER_4_3C_NEWSTRUCTURE,150,47,197,0.995199121717538,0.9957362729080442,0.995653505139141,0.6696328540105708,0.3303671459894292,0.9957089291564517
13,5_6C_36PER_4_3C_NEWSTRUCTURE,150,48,198,0.995221176382701,0.9957094436412028,0.9956259497179284,0.6696328540105708,0.3303671459894292,0.9956818599920632
13,5_6C_36PER_4_3C_NEWSTRUCTURE,150,49,199,0.99523234448974,0.9956825982460328,0.9955983942967156,0.6696328540105708,0.3303671459894292,0.9956547800276159
13,5_6C_36PER_4_3C_NEWSTRUCTURE,150,50,200,0.995225399616455,0.9956557367939588,0.9955708388755032,0.6696328540105708,0.3303671459894292,0.9956276893109381
15,5_6C_36PER_4_3C_NEWSTRUCTURE,150,1,151,0.99619270630644,0.9961328159388786,0.9961341018111536,0.6651082809042983,0.3348917190957017,0.9961332465668553
15,5_6C_36PER_4_3C_NEWSTRUCTURE,150,2,152,0.996221262669396,0.9960914602458288,0.9960945462013576,0.6651082809042983,0.3348917190957017,0.9960924937067809
15,5_6C_36PER_4_3C_NEWSTRUCTURE,150,3,153,0.996260919013965,0.9960499558243904,0.9960549905915616,0.6651082809042983,0.3348917190957017,0.9960516419262235
15,5_6C_36PER_4_3C_NEWSTRUCTURE,150,4,154,0.996222401129048,0.9960083031170156,0.9960154349817656,0.6651082809042983,0.3348917190957017,0.996010691519462
15,5_6C_36PER_4_3C_NEWSTRUCTURE,150,5,155,0.996159406361599,0.9959665025619714,0.9959758793719696,0.6651082809042983,0.3348917190957017,0.9959696427779914
15,5_6C_36PER_4_3C_NEWSTRUCTURE,150,6,156,0.996149919197826,0.9959245545934046,0.9959363237621736,0.6651082809042983,0.3348917190957017,0.995928495990566
15,5_6C_36PER_4_3C_NEWSTRUCTURE,150,7,157,0.996126770518221,0.9958824596414078,0.9958967681523776,0.6651082809042983,0.3348917190957017,0.9958872514432442
15,5_6C_36PER_4_3C_NEWSTRUCTURE,150,8,158,0.996102009020775,0.9958402181320822,0.9958572125425816,0.6651082809042983,0.3348917190957017,0.9958459094194294
15,5_6C_36PER_4_3C_NEWSTRUCTURE,150,9,159,0.996029432217915,0.9957978304876004,0.9958176569327858,0.6651082809042983,0.3348917190957017,0.995804470199912
15,5_6C_36PER_4_3C_NEWSTRUCTURE,150,10,160,0.996014537370792,0.9957552971262664,0.9957781013229898,0.6651082809042983,0.3348917190957017,0.9957629340629097
15,5_6C_36PER_4_3C_NEWSTRUCTURE,150,11,161,0.996003722004091,0.9957126184625756,0.9957385457131938,0.6651082809042983,0.3348917190957017,0.9957213012841066
15,5_6C_36PER_4_3C_NEWSTRUCTURE,150,12,162,0.995812081295886,0.9956697949072724,0.9956989901033978,0.6651082809042983,0.3348917190957017,0.9956795721366922
15,5_6C_36PER_4_3C_NEWSTRUCTURE,150,13,163,0.995651368741579,0.995626826867408,0.9956594344936018,0.6651082809042983,0.3348917190957017,0.9956377468913997
15,5_6C_36PER_4_3C_NEWSTRUCTURE,150,14,164,0.9957022199394,0.9955837147463954,0.995619878883806,0.6651082809042983,0.3348917190957017,0.9955958258165425
15,5_6C_36PER_4_3C_NEWSTRUCTURE,150,15,165,0.995475192110323,0.9955404589440638,0.99558032327401,0.6651082809042983,0.3348917190957017,0.99555380917805
15,5_6C_36PER_4_3C_NEWSTRUCTURE,150,16,166,0.995345787196465,0.9954970598567128,0.995540767664214,0.6651082809042983,0.3348917190957017,0.9955116972395047
15,5_6C_36PER_4_3C_NEWSTRUCTURE,150,17,167,0.995301197526734,0.9954535178771636,0.995501212054418,0.6651082809042983,0.3348917190957017,0.9954694902621752
15,5_6C_36PER_4_3C_NEWSTRUCTURE,150,18,168,0.995284405246857,0.9954098333948116,0.995461656444622,0.6651082809042983,0.3348917190957017,0.9954271885050514
15,5_6C_36PER_4_3C_NEWSTRUCTURE,150,19,169,0.995270553987749,0.9953660067956752,0.995422100834826,0.6651082809042983,0.3348917190957017,0.9953847922248775
15,5_6C_36PER_4_3C_NEWSTRUCTURE,150,20,170,0.995354800002049,0.9953220384624454,0.99538254522503,0.6651082809042983,0.3348917190957017,0.9953423016761842
15,5_6C_36PER_4_3C_NEWSTRUCTURE,150,21,171,0.995224541243452,0.9952779287745344,0.9953429896152342,0.6651082809042983,0.3348917190957017,0.9952997171113221
15,5_6C_36PER_4_3C_NEWSTRUCTURE,150,22,172,0.995244464287375,0.9952336781081216,0.9953034340054382,0.6651082809042983,0.3348917190957017,0.9952570387804909
15,5_6C_36PER_4_3C_NEWSTRUCTURE,150,23,173,0.994894482815806,0.9951892868362016,0.9952638783956422,0.6651082809042983,0.3348917190957017,0.9952142669317727
15,5_6C_36PER_4_3C_NEWSTRUCTURE,150,24,174,0.995022559526735,0.9951447553286272,0.9952243227858464,0.6651082809042983,0.3348917190957017,0.9951714018111595
15,5_6C_36PER_4_3C_NEWSTRUCTURE,150,25,175,0.994901313573722,0.995100083952156,0.9951847671760504,0.6651082809042983,0.3348917190957017,0.9951284436625846
15,5_6C_36PER_4_3C_NEWSTRUCTURE,150,26,176,0.99490472895268,0.9950552730704916,0.9951452115662544,0.6651082809042983,0.3348917190957017,0.9950853927279504
15,5_6C_36PER_4_3C_NEWSTRUCTURE,150,27,177,0.994985274973109,0.995010323044329,0.9951056559564584,0.6651082809042983,0.3348917190957017,0.9950422492471585
15,5_6C_36PER_4_3C_NEWSTRUCTURE,150,28,178,0.994975123707872,0.9949652342313936,0.9950661003466624,0.6651082809042983,0.3348917190957017,0.9949990134581345
15,5_6C_36PER_4_3C_NEWSTRUCTURE,150,29,179,0.994849988017712,0.9949200069864844,0.9950265447368664,0.6651082809042983,0.3348917190957017,0.9949556855968584
15,5_6C_36PER_4_3C_NEWSTRUCTURE,150,30,180,0.994911844325509,0.9948746416615124,0.9949869891270704,0.6651082809042983,0.3348917190957017,0.9949122658973892
15,5_6C_36PER_4_3C_NEWSTRUCTURE,150,31,181,0.994797808616963,0.9948291386055416,0.9949474335172744,0.6651082809042983,0.3348917190957017,0.994868754591892
15,5_6C_36PER_4_3C_NEWSTRUCTURE,150,32,182,0.994692690842363,0.9947834981648266,0.9949078779074784,0.6651082809042983,0.3348917190957017,0.9948251519106639
15,5_6C_36PER_4_3C_NEWSTRUCTURE,150,33,183,0.994805398347981,0.9947377206828512,0.9948683222976824,0.6651082809042983,0.3348917190957017,0.9947814580821587
15,5_6C_36PER_4_3C_NEWSTRUCTURE,150,34,184,0.994436632292143,0.9946918065003651,0.9948287666878866,0.6651082809042983,0.3348917190957017,0.9947376733330118
15,5_6C_36PER_4_3C_NEWSTRUCTURE,150,35,185,0.994391947750774,0.9946457559554212,0.9947892110780906,0.6651082809042983,0.3348917190957017,0.994693797888065
15,5_6C_36PER_4_3C_NEWSTRUCTURE,150,36,186,0.994449914321424,0.99459956938341,0.9947496554682946,0.6651082809042983,0.3348917190957017,0.9946498319703894
15,5_6C_36PER_4_3C_NEWSTRUCTURE,150,37,187,0.994287494077638,0.994553247117096,0.9947100998584988,0.6651082809042983,0.3348917190957017,0.9946057758013094
15,5_6C_36PER_4_3C_NEWSTRUCTURE,150,38,188,0.994339104248561,0.9945067894866524,0.9946705442487028,0.6651082809042983,0.3348917190957017,0.9945616296004256
15,5_6C_36PER_4_3C_NEWSTRUCTURE,150,39,189,0.994219186498476,0.9944601968196938,0.9946309886389068,0.6651082809042983,0.3348917190957017,0.9945173935856375
15,5_6C_36PER_4_3C_NEWSTRUCTURE,150,40,190,0.99429366073409,0.9944134694413108,0.9945914330291108,0.6651082809042983,0.3348917190957017,0.9944730679731656
15,5_6C_36PER_4_3C_NEWSTRUCTURE,150,41,191,0.994091963632286,0.9943666076741012,0.9945518774193148,0.6651082809042983,0.3348917190957017,0.9944286529775722
15,5_6C_36PER_4_3C_NEWSTRUCTURE,150,42,192,0.993986561242773,0.9943196118382036,0.9945123218095188,0.6651082809042983,0.3348917190957017,0.9943841488117842
15,5_6C_36PER_4_3C_NEWSTRUCTURE,150,43,193,0.993959427954383,0.994272482251328,0.9944727661997228,0.6651082809042983,0.3348917190957017,0.9943395556871133
15,5_6C_36PER_4_3C_NEWSTRUCTURE,150,44,194,0.994041871407567,0.9942252192287864,0.994433210589927,0.6651082809042983,0.3348917190957017,0.9942948738132757
15,5_6C_36PER_4_3C_NEWSTRUCTURE,150,45,195,0.993792833358538,0.9941778230835244,0.994393654980131,0.6651082809042983,0.3348917190957017,0.9942501033984148
15,5_6C_36PER_4_3C_NEWSTRUCTURE,150,46,196,0.993812187172633,0.9941302941261498,0.994354099370335,0.6651082809042983,0.3348917190957017,0.9942052446491176
15,5_6C_36PER_4_3C_NEWSTRUCTURE,150,47,197,0.993727182185232,0.9940826326649626,0.9943145437605392,0.6651082809042983,0.3348917190957017,0.9941602977704376
15,5_6C_36PER_4_3C_NEWSTRUCTURE,150,48,198,0.99370137709977,0.9940348390059832,0.9942749881507432,0.6651082809042983,0.3348917190957017,0.9941152629659114
15,5_6C_36PER_4_3C_NEWSTRUCTURE,150,49,199,0.99373183089548,0.993986913452982,0.994235432540947,0.6651082809042983,0.3348917190957017,0.9940701404375787
15,5_6C_36PER_4_3C_NEWSTRUCTURE,150,50,200,0.993553282473281,0.9939388563075052,0.9941958769311512,0.6651082809042983,0.3348917190957017,0.994024930386001
17,4_8C_80PER_4_8C_NEWSTRUCTURE,150,1,151,0.998274192539305,0.9982725755384354,0.9982455129945516,0.669552125811174,0.33044787418882604,0.9982636327783388
17,4_8C_80PER_4_8C_NEWSTRUCTURE,150,2,152,0.998308929059994,0.998259556280674,0.9982310756429932,0.669552125811174,0.33044787418882604,0.9982501449144967
17,4_8C_80PER_4_8C_NEWSTRUCTURE,150,3,153,0.998238895752153,0.998246534518597,0.9982166382914348,0.669552125811174,0.33044787418882604,0.9982366553738851
17,4_8C_80PER_4_8C_NEWSTRUCTURE,150,4,154,0.997177004049793,0.9982335102680956,0.9982022009398762,0.669552125811174,0.33044787418882604,0.9982231641671433
17,4_8C_80PER_4_8C_NEWSTRUCTURE,150,5,155,0.998216111582669,0.9982204835448576,0.9981877635883176,0.669552125811174,0.33044787418882604,0.9982096713047754
17,4_8C_80PER_4_8C_NEWSTRUCTURE,150,6,156,0.998126282193144,0.9982074543643716,0.9981733262367593,0.669552125811174,0.33044787418882604,0.998196176797152
17,4_8C_80PER_4_8C_NEWSTRUCTURE,150,7,157,0.99813431267911,0.99819442274193,0.9981588888852008,0.669552125811174,0.33044787418882604,0.9981826806545122
17,4_8C_80PER_4_8C_NEWSTRUCTURE,150,8,158,0.997965298962853,0.9981813886926342,0.9981444515336424,0.669552125811174,0.33044787418882604,0.9981691828869668
17,4_8C_80PER_4_8C_NEWSTRUCTURE,150,9,159,0.998033558093563,0.998168352231396,0.998130014182084,0.669552125811174,0.33044787418882604,0.9981556835045003
17,4_8C_80PER_4_8C_NEWSTRUCTURE,150,10,160,0.997959976431458,0.998155313372943,0.9981155768305254,0.669552125811174,0.33044787418882604,0.9981421825169735
17,4_8C_80PER_4_8C_NEWSTRUCTURE,150,11,161,0.99684196470508,0.9981422721318216,0.998101139478967,0.669552125811174,0.33044787418882604,0.998128679934126
17,4_8C_80PER_4_8C_NEWSTRUCTURE,150,12,162,0.998033091204844,0.9981292285223996,0.9980867021274084,0.669552125811174,0.33044787418882604,0.9981151757655777
17,4_8C_80PER_4_8C_NEWSTRUCTURE,150,13,163,0.997959509542738,0.9981161825588702,0.99807226477585,0.669552125811174,0.33044787418882604,0.998101670020832
17,4_8C_80PER_4_8C_NEWSTRUCTURE,150,14,164,0.997989950687213,0.9981031342552552,0.9980578274242916,0.669552125811174,0.33044787418882604,0.998088162709277
17,4_8C_80PER_4_8C_NEWSTRUCTURE,150,15,165,0.99810966095475,0.9980900836254072,0.9980433900727332,0.669552125811174,0.33044787418882604,0.9980746538401877
17,4_8C_80PER_4_8C_NEWSTRUCTURE,150,16,166,0.997943448570807,0.9980770306830142,0.9980289527211746,0.669552125811174,0.33044787418882604,0.9980611434227289
17,4_8C_80PER_4_8C_NEWSTRUCTURE,150,17,167,0.997961750608589,0.9980639754416012,0.9980145153696162,0.669552125811174,0.33044787418882604,0.9980476314659565
17,4_8C_80PER_4_8C_NEWSTRUCTURE,150,18,168,0.998041775335016,0.9980509179145336,0.9980000780180576,0.669552125811174,0.33044787418882604,0.9980341179788191
17,4_8C_80PER_4_8C_NEWSTRUCTURE,150,19,169,0.99807959332125,0.9980378581150202,0.9979856406664992,0.669552125811174,0.33044787418882604,0.9980206029701608
17,4_8C_80PER_4_8C_NEWSTRUCTURE,150,20,170,0.997959229409507,0.9980247960561154,0.9979712033149408,0.669552125811174,0.33044787418882604,0.9980070864487223
17,4_8C_80PER_4_8C_NEWSTRUCTURE,150,21,171,0.998139261699531,0.9980117317507226,0.9979567659633825,0.669552125811174,0.33044787418882604,0.9979935684231429
17,4_8C_80PER_4_8C_NEWSTRUCTURE,150,22,172,0.998103404645916,0.9979986652115962,0.997942328611824,0.669552125811174,0.33044787418882604,0.9979800489019623
17,4_8C_80PER_4_8C_NEWSTRUCTURE,150,23,173,0.998047658132875,0.9979855964513444,0.9979278912602654,0.669552125811174,0.33044787418882604,0.9979665278936227
17,4_8C_80PER_4_8C_NEWSTRUCTURE,150,24,174,0.998023753430465,0.9979725254824324,0.9979134539087068,0.669552125811174,0.33044787418882604,0.9979530054064698
17,4_8C_80PER_4_8C_NEWSTRUCTURE,150,25,175,0.998029075961861,0.9979594523171836,0.9978990165571484,0.669552125811174,0.33044787418882604,0.997939481448755
17,4_8C_80PER_4_8C_NEWSTRUCTURE,150,26,176,0.998005171259451,0.9979463769677824,0.99788457920559,0.669552125811174,0.33044787418882604,0.9979259560286363
17,4_8C_80PER_4_8C_NEWSTRUCTURE,150,27,177,0.997941394260444,0.9979332994462774,0.9978701418540316,0.669552125811174,0.33044787418882604,0.997912429154181
17,4_8C_80PER_4_8C_NEWSTRUCTURE,150,28,178,0.997871360952602,0.9979202197645826,0.9978557045024732,0.669552125811174,0.33044787418882604,0.9978989008333657
17,4_8C_80PER_4_8C_NEWSTRUCTURE,150,29,179,0.997884807347708,0.99790713793448,0.9978412671509146,0.669552125811174,0.33044787418882604,0.9978853710740797
17,4_8C_80PER_4_8C_NEWSTRUCTURE,150,30,180,0.997895078899525,0.9978940539676224,0.9978268297993562,0.669552125811174,0.33044787418882604,0.9978718398841248
17,4_8C_80PER_4_8C_NEWSTRUCTURE,150,31,181,0.997796658757572,0.9978809678755348,0.9978123924477976,0.669552125811174,0.33044787418882604,0.9978583072712175
17,4_8C_80PER_4_8C_NEWSTRUCTURE,150,32,182,0.997728306249119,0.997867879669616,0.9977979550962393,0.669552125811174,0.33044787418882604,0.99784477324299
17,4_8C_80PER_4_8C_NEWSTRUCTURE,150,33,183,0.997724851272599,0.9978547893611424,0.9977835177446808,0.669552125811174,0.33044787418882604,0.9978312378069927
17,4_8C_80PER_4_8C_NEWSTRUCTURE,150,34,184,0.997672186225102,0.9978416969612685,0.9977690803931224,0.669552125811174,0.33044787418882604,0.9978177009706937
17,4_8C_80PER_4_8C_NEWSTRUCTURE,150,35,185,0.997766591124072,0.9978286024810288,0.997754643041564,0.669552125811174,0.33044787418882604,0.9978041627414815
17,4_8C_80PER_4_8C_NEWSTRUCTURE,150,36,186,0.997730080426251,0.9978155059313412,0.9977402056900054,0.669552125811174,0.33044787418882604,0.9977906231266658
17,4_8C_80PER_4_8C_NEWSTRUCTURE,150,37,187,0.99763959739252,0.9978024073230072,0.997725768338447,0.669552125811174,0.33044787418882604,0.9977770821334793
17,4_8C_80PER_4_8C_NEWSTRUCTURE,150,38,188,0.997586185323073,0.9977893066667152,0.9977113309868884,0.669552125811174,0.33044787418882604,0.997763539769078
17,4_8C_80PER_4_8C_NEWSTRUCTURE,150,39,189,0.99748010820613,0.9977762039730402,0.99769689363533,0.669552125811174,0.33044787418882604,0.9977499960405427
17,4_8C_80PER_4_8C_NEWSTRUCTURE,150,40,190,0.997562280620663,0.9977630992524484,0.9976824562837716,0.669552125811174,0.33044787418882604,0.9977364509548808
17,4_8C_80PER_4_8C_NEWSTRUCTURE,150,41,191,0.997509148684448,0.9977499925152968,0.9976680189322132,0.669552125811174,0.33044787418882604,0.9977229045190272
17,4_8C_80PER_4_8C_NEWSTRUCTURE,150,42,192,0.997375805266318,0.9977368837718352,0.9976535815806546,0.669552125811174,0.33044787418882604,0.9977093567398443
17,4_8C_80PER_4_8C_NEWSTRUCTURE,150,43,193,0.997436874310756,0.9977237730322088,0.9976391442290962,0.669552125811174,0.33044787418882604,0.9976958076241251
17,4_8C_80PER_4_8C_NEWSTRUCTURE,150,44,194,0.997554436890185,0.9977106603064584,0.9976247068775376,0.669552125811174,0.33044787418882604,0.9976822571785924
17,4_8C_80PER_4_8C_NEWSTRUCTURE,150,45,195,0.997481041983568,0.997697545604524,0.9976102695259792,0.669552125811174,0.33044787418882604,0.9976687054099013
17,4_8C_80PER_4_8C_NEWSTRUCTURE,150,46,196,0.99754323156093,0.997684428936244,0.9975958321744208,0.669552125811174,0.33044787418882604,0.9976551523246395
17,4_8C_80PER_4_8C_NEWSTRUCTURE,150,47,197,0.997578248214851,0.9976713103113584,0.9975813948228625,0.669552125811174,0.33044787418882604,0.9976415979293283
17,4_8C_80PER_4_8C_NEWSTRUCTURE,150,48,198,0.997511109617067,0.9976581897395096,0.997566957471304,0.669552125811174,0.33044787418882604,0.9976280422304237
17,4_8C_80PER_4_8C_NEWSTRUCTURE,150,49,199,0.997506534107622,0.997645067230244,0.9975525201197454,0.669552125811174,0.33044787418882604,0.9976144852343174
17,4_8C_80PER_4_8C_NEWSTRUCTURE,150,50,200,0.996334456667591,0.9976319427930136,0.9975380827681868,0.669552125811174,0.33044787418882604,0.9976009269473383
18,5C_67PER_4C_NEWSTRUCTURE,150,1,151,0.996740944072617,0.9969115740845392,0.9969146969900452,0.6671188046324797,0.33288119536752026,0.9969126136410571
18,5C_67PER_4C_NEWSTRUCTURE,150,2,152,0.996717457910177,0.9968783656252908,0.9968824339360468,0.6671188046324797,0.33288119536752026,0.9968797198894384
18,5C_67PER_4C_NEWSTRUCTURE,150,3,153,0.99673748196899,0.9968450996548328,0.9968501708820484,0.6671188046324797,0.33288119536752026,0.9968467877710103
18,5C_67PER_4C_NEWSTRUCTURE,150,4,154,0.996729154206213,0.996811776450435,0.99681790782805,0.6671188046324797,0.33288119536752026,0.9968138174707447
18,5C_67PER_4C_NEWSTRUCTURE,150,5,155,0.996624729675206,0.996778396286238,0.9967856447740514,0.6671188046324797,0.33288119536752026,0.9967808091715259
18,5C_67PER_4C_NEWSTRUCTURE,150,6,156,0.996660941407733,0.9967449594333072,0.9967533817200528,0.6671188046324797,0.33288119536752026,0.9967477630541868
18,5C_67PER_4C_NEWSTRUCTURE,150,7,157,0.996644566593283,0.9967114661596872,0.9967211186660544,0.6671188046324797,0.33288119536752026,0.996714679297545
18,5C_67PER_4C_NEWSTRUCTURE,150,8,158,0.996503930329749,0.9966779167304544,0.996688855612056,0.6671188046324797,0.33288119536752026,0.996681558078438
18,5C_67PER_4C_NEWSTRUCTURE,150,9,159,0.996456209441924,0.9966443114077688,0.9966565925580574,0.6671188046324797,0.33288119536752026,0.9966483995717572
18,5C_67PER_4C_NEWSTRUCTURE,150,10,160,0.996416816316876,0.9966106504509236,0.996624329504059,0.6671188046324797,0.33288119536752026,0.9966152039504828
18,5C_67PER_4C_NEWSTRUCTURE,150,11,161,0.996264670898043,0.9965769341163956,0.9965920664500604,0.6671188046324797,0.33288119536752026,0.9965819713857146
18,5C_67PER_4C_NEWSTRUCTURE,150,12,162,0.996247641091016,0.996543162657891,0.996559803396062,0.6671188046324797,0.33288119536752026,0.9965487020467052
18,5C_67PER_4C_NEWSTRUCTURE,150,13,163,0.996187007492366,0.9965093363263944,0.9965275403420636,0.6671188046324797,0.33288119536752026,0.9965153961008908
18,5C_67PER_4C_NEWSTRUCTURE,150,14,164,0.996149205063579,0.996475455370213,0.996495277288065,0.6671188046324797,0.33288119536752026,0.9964820537139221
18,5C_67PER_4C_NEWSTRUCTURE,150,15,165,0.996155848559727,0.9964415200350224,0.9964630142340666,0.6671188046324797,0.33288119536752026,0.9964486750496937
18,5C_67PER_4C_NEWSTRUCTURE,150,16,166,0.996088665035299,0.9964075305639092,0.996430751180068,0.6671188046324797,0.33288119536752026,0.9964152602703733
18,5C_67PER_4C_NEWSTRUCTURE,150,17,167,0.996128900293661,0.9963734871974153,0.9963984881260696,0.6671188046324797,0.33288119536752026,0.996381809536431
18,5C_67PER_4C_NEWSTRUCTURE,150,18,168,0.996154257863467,0.9963393901735774,0.9963662250720712,0.6671188046324797,0.33288119536752026,0.9963483230066655
18,5C_67PER_4C_NEWSTRUCTURE,150,19,169,0.99615191860426,0.99630523972797,0.9963339620180726,0.6671188046324797,0.33288119536752026,0.9963148008382331
18,5C_67PER_4C_NEWSTRUCTURE,150,20,170,0.996195990247722,0.9962710360937445,0.996301698964074,0.6671188046324797,0.33288119536752026,0.9962812431866731
18,5C_67PER_4C_NEWSTRUCTURE,150,21,171,0.996128058160347,0.9962367795016672,0.9962694359100756,0.6671188046324797,0.33288119536752026,0.9962476502059345
18,5C_67PER_4C_NEWSTRUCTURE,150,22,172,0.996141064441538,0.99620247018016,0.9962371728560772,0.6671188046324797,0.33288119536752026,0.9962140220484017
18,5C_67PER_4C_NEWSTRUCTURE,150,23,173,0.996091659287084,0.9961681083553344,0.9962049098020788,0.6671188046324797,0.33288119536752026,0.9961803588649178
18,5C_67PER_4C_NEWSTRUCTURE,150,24,174,0.996013902311038,0.9961336942510316,0.99617264674808,0.6671188046324797,0.33288119536752026,0.9961466608048116
18,5C_67PER_4C_NEWSTRUCTURE,150,25,175,0.995991071141177,0.9960992280888552,0.9961403836940816,0.6671188046324797,0.33288119536752026,0.9961129280159191
18,5C_67PER_4C_NEWSTRUCTURE,150,26,176,0.995880751676968,0.996064710088208,0.9961081206400832,0.6671188046324797,0.33288119536752026,0.9960791606446078
18,5C_67PER_4C_NEWSTRUCTURE,150,27,177,0.995921735498277,0.9960301404663264,0.9960758575860847,0.6671188046324797,0.33288119536752026,0.9960453588358004
18,5C_67PER_4C_NEWSTRUCTURE,150,28,178,0.995929033987003,0.9959955194383124,0.9960435945320862,0.6671188046324797,0.33288119536752026,0.9960115227329953
18,5C_67PER_4C_NEWSTRUCTURE,150,29,179,0.995960754341852,0.9959608472171682,0.9960113314780876,0.6671188046324797,0.33288119536752026,0.9959776524782903
18,5C_67PER_4C_NEWSTRUCTURE,150,30,180,0.995891418698953,0.9959261240138264,0.9959790684240892,0.6671188046324797,0.33288119536752026,0.9959437482124027
18,5C_67PER_4C_NEWSTRUCTURE,150,31,181,0.995835931470559,0.995891350037184,0.9959468053700908,0.6671188046324797,0.33288119536752026,0.9959098100746915
18,5C_67PER_4C_NEWSTRUCTURE,150,32,182,0.995738711857911,0.9958565254941304,0.9959145423160924,0.6671188046324797,0.33288119536752026,0.9958758382031765
18,5C_67PER_4C_NEWSTRUCTURE,150,33,183,0.995727670554453,0.9958216505895804,0.9958822792620938,0.6671188046324797,0.33288119536752026,0.9958418327345602
18,5C_67PER_4C_NEWSTRUCTURE,150,34,184,0.995704090821645,0.9957867255265008,0.9958500162080952,0.6671188046324797,0.33288119536752026,0.9958077938042456
18,5C_67PER_4C_NEWSTRUCTURE,150,35,185,0.995633725904694,0.9957517505059424,0.9958177531540968,0.6671188046324797,0.33288119536752026,0.9957737215463575
18,5C_67PER_4C_NEWSTRUCTURE,150,36,186,0.995638778704582,0.995716725727066,0.9957854901000984,0.6671188046324797,0.33288119536752026,0.9957396160937597
18,5C_67PER_4C_NEWSTRUCTURE,150,37,187,0.995619503208715,0.9956816513871718,0.9957532270460998,0.6671188046324797,0.33288119536752026,0.9957054775780749
18,5C_67PER_4C_NEWSTRUCTURE,150,38,188,0.995588437846444,0.9956465276817256,0.9957209639921014,0.6671188046324797,0.33288119536752026,0.9956713061297022
18,5C_67PER_4C_NEWSTRUCTURE,150,39,189,0.99543807026461,0.9956113548043858,0.9956887009381028,0.6671188046324797,0.33288119536752026,0.9956371018778345
18,5C_67PER_4C_NEWSTRUCTURE,150,40,190,0.995467170649146,0.9955761329470304,0.9956564378841044,0.6671188046324797,0.33288119536752026,0.9956028649504775
18,5C_67PER_4C_NEWSTRUCTURE,150,41,191,0.995367331066186,0.995540862299781,0.995624174830106,0.6671188046324797,0.33288119536752026,0.9955685954744646
18,5C_67PER_4C_NEWSTRUCTURE,150,42,192,0.995287702682775,0.99550554305103,0.9955919117761074,0.6671188046324797,0.33288119536752026,0.9955342935754761
18,5C_67PER_4C_NEWSTRUCTURE,150,43,193,0.995197500847747,0.995470175387464,0.995559648722109,0.6671188046324797,0.33288119536752026,0.9954999593780541
18,5C_67PER_4C_NEWSTRUCTURE,150,44,194,0.995219864165768,0.9954347594940874,0.9955273856681104,0.6671188046324797,0.33288119536752026,0.9954655930056185
18,5C_67PER_4C_NEWSTRUCTURE,150,45,195,0.995124328819748,0.9953992955542482,0.995495122614112,0.6671188046324797,0.33288119536752026,0.9954311945804843
18,5C_67PER_4C_NEWSTRUCTURE,150,46,196,0.99494139874975,0.9953637837496594,0.9954628595601136,0.6671188046324797,0.33288119536752026,0.9953967642238754
18,5C_67PER_4C_NEWSTRUCTURE,150,47,197,0.994932509564763,0.9953282242604226,0.995430596506115,0.6671188046324797,0.33288119536752026,0.995362302055941
18,5C_67PER_4C_NEWSTRUCTURE,150,48,198,0.994978171904486,0.9952926172650504,0.9953983334521164,0.6671188046324797,0.33288119536752026,0.9953278081957706
18,5C_67PER_4C_NEWSTRUCTURE,150,49,199,0.995018594303586,0.9952569629404884,0.995366070398118,0.6671188046324797,0.33288119536752026,0.9952932827614076
18,5C_67PER_4C_NEWSTRUCTURE,150,50,200,0.995046291132598,0.9952212614621364,0.9953338073441196,0.6671188046324797,0.33288119536752026,0.9952587258698646
19,5_3C_54PER_4C_NEWSTRUCTURE,150,1,151,0.998355088321304,0.9983623089721808,0.9983241860887204,0.669518065976472,0.330481934023528,0.9983497100479244
19,5_3C_54PER_4C_NEWSTRUCTURE,150,2,152,0.998390211322146,0.9983460831985922,0.9983064915074,0.669518065976472,0.330481934023528,0.9983329988599158
19,5_3C_54PER_4C_NEWSTRUCTURE,150,3,153,0.998164567003739,0.9983298311343236,0.9982887969260796,0.669518065976472,0.330481934023528,0.998316270069822
19,5_3C_54PER_4C_NEWSTRUCTURE,150,4,154,0.998225123901743,0.9983135529090296,0.9982711023447594,0.669518065976472,0.330481934023528,0.9982995237644491
19,5_3C_54PER_4C_NEWSTRUCTURE,150,5,155,0.99821981352761,0.998297248650887,0.998253407763439,0.669518065976472,0.330481934023528,0.9982827600296138
19,5_3C_54PER_4C_NEWSTRUCTURE,150,6,156,0.99821860238965,0.998280918486621,0.9982357131821186,0.669518065976472,0.330481934023528,0.9982659789501609
19,5_3C_54PER_4C_NEWSTRUCTURE,150,7,157,0.998192330012362,0.998264562541531,0.9982180186007982,0.669518065976472,0.330481934023528,0.9982491806099805
19,5_3C_54PER_4C_NEWSTRUCTURE,150,8,158,0.998142393862624,0.9982481809395152,0.9982003240194778,0.669518065976472,0.330481934023528,0.9982323650920248
19,5_3C_54PER_4C_NEWSTRUCTURE,150,9,159,0.998087426832128,0.9982317738030956,0.9981826294381576,0.669518065976472,0.330481934023528,0.9982155324783246
19,5_3C_54PER_4C_NEWSTRUCTURE,150,10,160,0.998067769131392,0.9982153412534418,0.9981649348568372,0.669518065976472,0.330481934023528,0.9981986828500048
19,5_3C_54PER_4C_NEWSTRUCTURE,150,11,161,0.998101960487649,0.9981988834103934,0.9981472402755168,0.669518065976472,0.330481934023528,0.9981818162873004
19,5_3C_54PER_4C_NEWSTRUCTURE,150,12,162,0.997993889715827,0.9981824003924842,0.9981295456941964,0.669518065976472,0.330481934023528,0.9981649328695719
19,5_3C_54PER_4C_NEWSTRUCTURE,150,13,163,0.998018298803946,0.9981658923169632,0.998111851112876,0.669518065976472,0.330481934023528,0.9981480326753196
19,5_3C_54PER_4C_NEWSTRUCTURE,150,14,164,0.997953549505311,0.9981493592998169,0.9980941565315556,0.669518065976472,0.330481934023528,0.9981311157821985
19,5_3C_54PER_4C_NEWSTRUCTURE,150,15,165,0.997931190035279,0.9981328014557904,0.9980764619502352,0.669518065976472,0.330481934023528,0.9981141822670327
19,5_3C_54PER_4C_NEWSTRUCTURE,150,16,166,0.997919823971346,0.9981162188984084,0.9980587673689147,0.669518065976472,0.330481934023528,0.9980972322058288
19,5_3C_54PER_4C_NEWSTRUCTURE,150,17,167,0.998006932740013,0.9980996117399952,0.9980410727875944,0.669518065976472,0.330481934023528,0.99808026567379
19,5_3C_54PER_4C_NEWSTRUCTURE,150,18,168,0.997987275039276,0.998082980091694,0.998023378206274,0.669518065976472,0.330481934023528,0.9980632827453291
19,5_3C_54PER_4C_NEWSTRUCTURE,150,19,169,0.997961561648739,0.9980663240634872,0.9980056836249538,0.669518065976472,0.330481934023528,0.9980462834940806
19,5_3C_54PER_4C_NEWSTRUCTURE,150,20,170,0.99801196362077,0.9980496437642152,0.9979879890436334,0.669518065976472,0.330481934023528,0.9980292679929157
19,5_3C_54PER_4C_NEWSTRUCTURE,150,21,171,0.99794628267755,0.998032939301594,0.997970294462313,0.669518065976472,0.330481934023528,0.9980122363139519
19,5_3C_54PER_4C_NEWSTRUCTURE,150,22,172,0.9979055698092,0.9980162107822342,0.9979525998809926,0.669518065976472,0.330481934023528,0.997995188528567
19,5_3C_54PER_4C_NEWSTRUCTURE,150,23,173,0.997922712069558,0.9979994583116588,0.9979349052996722,0.669518065976472,0.330481934023528,0.9979781247074104
19,5_3C_54PER_4C_NEWSTRUCTURE,150,24,174,0.997898768803732,0.99798268199432,0.997917210718352,0.669518065976472,0.330481934023528,0.997961044920415
19,5_3C_54PER_4C_NEWSTRUCTURE,150,25,175,0.997928115608149,0.9979658819336163,0.9978995161370317,0.669518065976472,0.330481934023528,0.997943949236808
19,5_3C_54PER_4C_NEWSTRUCTURE,150,26,176,0.997967058351788,0.9979490582319092,0.9978818215557111,0.669518065976472,0.330481934023528,0.997926837725122
19,5_3C_54PER_4C_NEWSTRUCTURE,150,27,177,0.997882371859042,0.9979322109905392,0.9978641269743908,0.669518065976472,0.330481934023528,0.9979097104532064
19,5_3C_54PER_4C_NEWSTRUCTURE,150,28,178,0.997912184485751,0.997915340309842,0.9978464323930704,0.669518065976472,0.330481934023528,0.9978925674882377
19,5_3C_54PER_4C_NEWSTRUCTURE,150,29,179,0.997869515163774,0.9978984462891644,0.99782873781175,0.669518065976472,0.330481934023528,0.9978754088967307
19,5_3C_54PER_4C_NEWSTRUCTURE,150,30,180,0.997882371859042,0.9978815290268784,0.9978110432304296,0.669518065976472,0.330481934023528,0.9978582347445468
19,5_3C_54PER_4C_NEWSTRUCTURE,150,31,181,0.997877713636118,0.9978645886203972,0.9977933486491092,0.669518065976472,0.330481934023528,0.9978410450969062
19,5_3C_54PER_4C_NEWSTRUCTURE,150,32,182,0.997746538078597,0.9978476251661892,0.9977756540677888,0.669518065976472,0.330481934023528,0.9978238400183961
19,5_3C_54PER_4C_NEWSTRUCTURE,150,33,183,0.997662410572601,0.9978306387597924,0.9977579594864684,0.669518065976472,0.330481934023528,0.9978066195729809
19,5_3C_54PER_4C_NEWSTRUCTURE,150,34,184,0.997804113713929,0.9978136294958292,0.9977402649051482,0.669518065976472,0.330481934023528,0.997789383824012
19,5_3C_54PER_4C_NEWSTRUCTURE,150,35,185,0.997755202373234,0.9977965974680184,0.9977225703238278,0.669518065976472,0.330481934023528,0.9977721328342362
19,5_3C_54PER_4C_NEWSTRUCTURE,150,36,186,0.997746165420763,0.9977795427691908,0.9977048757425074,0.669518065976472,0.330481934023528,0.9977548666658047
19,5_3C_54PER_4C_NEWSTRUCTURE,150,37,187,0.997632877439267,0.9977624654913,0.997687181161187,0.669518065976472,0.330481934023528,0.9977375853802826
19,5_3C_54PER_4C_NEWSTRUCTURE,150,38,188,0.99752331603611,0.9977453657254371,0.9976694865798666,0.669518065976472,0.330481934023528,0.997720289038657
19,5_3C_54PER_4C_NEWSTRUCTURE,150,39,189,0.997426611328221,0.997728243561844,0.9976517919985464,0.669518065976472,0.330481934023528,0.9977029777013462
19,5_3C_54PER_4C_NEWSTRUCTURE,150,40,190,0.997408071600986,0.9977110990899224,0.997634097417226,0.669518065976472,0.330481934023528,0.9976856514282066
19,5_3C_54PER_4C_NEWSTRUCTURE,150,41,191,0.997302982091835,0.9976939323982498,0.9976164028359056,0.669518065976472,0.330481934023528,0.9976683102785422
19,5_3C_54PER_4C_NEWSTRUCTURE,150,42,192,0.997324503081741,0.9976767435745892,0.9975987082545852,0.669518065976472,0.330481934023528,0.9976509543111122
19,5_3C_54PER_4C_NEWSTRUCTURE,150,43,193,0.997358880766915,0.9976595327059016,0.9975810136732648,0.669518065976472,0.330481934023528,0.9976335835841381
19,5_3C_54PER_4C_NEWSTRUCTURE,150,44,194,0.997272330984999,0.9976422998783564,0.9975633190919444,0.669518065976472,0.330481934023528,0.9976161981553122
19,5_3C_54PER_4C_NEWSTRUCTURE,150,45,195,0.997211401429162,0.9976250451773452,0.997545624510624,0.669518065976472,0.330481934023528,0.9975987980818057
19,5_3C_54PER_4C_NEWSTRUCTURE,150,46,196,0.997232456596775,0.9976077686874888,0.9975279299293036,0.669518065976472,0.330481934023528,0.9975813834202737
19,5_3C_54PER_4C_NEWSTRUCTURE,150,47,197,0.997278666168175,0.9975904704926524,0.9975102353479832,0.669518065976472,0.330481934023528,0.9975639542268655
19,5_3C_54PER_4C_NEWSTRUCTURE,150,48,198,0.997309317275011,0.9975731506759524,0.9974925407666628,0.669518065976472,0.330481934023528,0.9975465105572289
19,5_3C_54PER_4C_NEWSTRUCTURE,150,49,199,0.997287703120646,0.9975558093197696,0.9974748461853424,0.669518065976472,0.330481934023528,0.9975290524665195
19,5_3C_54PER_4C_NEWSTRUCTURE,150,50,200,0.997354502037367,0.9975384465057578,0.9974571516040224,0.669518065976472,0.330481934023528,0.9975115800094061
20,4_8C_80PER_4_8C_NEWSTRUCTURE,150,1,151,0.99745756059526,0.9975262243507867,0.997558113628858,0.6638399616284777,0.3361600383715223,0.9975369442517268
20,4_8C_80PER_4_8C_NEWSTRUCTURE,150,2,152,0.997507701402666,0.9975021429871274,0.997535870179166,0.6638399616284777,0.3361600383715223,0.9975134807212973
20,4_8C_80PER_4_8C_NEWSTRUCTURE,150,3,153,0.997387983182736,0.997478053893658,0.997513626729474,0.6638399616284777,0.3361600383715223,0.9974900120595109
20,4_8C_80PER_4_8C_NEWSTRUCTURE,150,4,154,0.997164696965486,0.9974539571184446,0.997491383279782,0.6638399616284777,0.3361600383715223,0.9974665382982759
20,4_8C_80PER_4_8C_NEWSTRUCTURE,150,5,155,0.997277748523757,0.9974298527089436,0.99746913983009,0.6638399616284777,0.3361600383715223,0.9974430594690957
20,4_8C_80PER_4_8C_NEWSTRUCTURE,150,6,156,0.997179814325022,0.9974057407120132,0.9974468963803982,0.6638399616284777,0.3361600383715223,0.9974195756030767
20,4_8C_80PER_4_8C_NEWSTRUCTURE,150,7,157,0.997070330839188,0.9973816211739264,0.997424652930706,0.6638399616284777,0.3361600383715223,0.9973960867309366
20,4_8C_80PER_4_8C_NEWSTRUCTURE,150,8,158,0.997112020948717,0.9973574941403808,0.9974024094810142,0.6638399616284777,0.3361600383715223,0.9973725928830115
20,4_8C_80PER_4_8C_NEWSTRUCTURE,150,9,159,0.99716328851584,0.9973333596565088,0.9973801660313224,0.6638399616284777,0.3361600383715223,0.9973490940892622
20,4_8C_80PER_4_8C_NEWSTRUCTURE,150,10,160,0.997023758104219,0.9973092177668904,0.9973579225816304,0.6638399616284777,0.3361600383715223,0.9973255903792823
20,4_8C_80PER_4_8C_NEWSTRUCTURE,150,11,161,0.995893805901366,0.99728506851556,0.9973356791319384,0.6638399616284777,0.3361600383715223,0.9973020817823037
20,4_8C_80PER_4_8C_NEWSTRUCTURE,150,12,162,0.996921035176687,0.9972609119460192,0.9973134356822464,0.6638399616284777,0.3361600383715223,0.9972785683272047
20,4_8C_80PER_4_8C_NEWSTRUCTURE,150,13,163,0.996882631449666,0.997236748101246,0.9972911922325544,0.6638399616284777,0.3361600383715223,0.9972550500425157
20,4_8C_80PER_4_8C_NEWSTRUCTURE,150,14,164,0.996946575063606,0.997212577023703,0.9972689487828624,0.6638399616284777,0.3361600383715223,0.9972315269564251
20,4_8C_80PER_4_8C_NEWSTRUCTURE,150,15,165,0.996933241740288,0.997188398755348,0.9972467053331706,0.6638399616284777,0.3361600383715223,0.9972079990967861
20,4_8C_80PER_4_8C_NEWSTRUCTURE,150,16,166,0.996917748794179,0.997164213337642,0.9972244618834788,0.6638399616284777,0.3361600383715223,0.9971844664911222
20,4_8C_80PER_4_8C_NEWSTRUCTURE,150,17,167,0.996972208847167,0.9971400208115592,0.9972022184337868,0.6638399616284777,0.3361600383715223,0.9971609291666338
20,4_8C_80PER_4_8C_NEWSTRUCTURE,150,18,168,0.996907889646656,0.9971158212175948,0.9971799749840948,0.6638399616284777,0.3361600383715223,0.9971373871502032
20,4_8C_80PER_4_8C_NEWSTRUCTURE,150,19,169,0.996710800592826,0.9970916145957732,0.9971577315344028,0.6638399616284777,0.3361600383715223,0.9971138404683999
20,4_8C_80PER_4_8C_NEWSTRUCTURE,150,20,170,0.996850049314517,0.9970674009856576,0.9971354880847108,0.6638399616284777,0.3361600383715223,0.9970902891474879
20,4_8C_80PER_4_8C_NEWSTRUCTURE,150,21,171,0.996871739439069,0.9970431804263556,0.9971132446350188,0.6638399616284777,0.3361600383715223,0.9970667332134283
20,4_8C_80PER_4_8C_NEWSTRUCTURE,150,22,172,0.996880471826876,0.9970189529565294,0.997091001185327,0.6638399616284777,0.3361600383715223,0.9970431726918867
20,4_8C_80PER_4_8C_NEWSTRUCTURE,150,23,173,0.995683477420862,0.9969947186144028,0.997068757735635,0.6638399616284777,0.3361600383715223,0.9970196076082373
20,4_8C_80PER_4_8C_NEWSTRUCTURE,150,24,174,0.996572209147636,0.9969704774377676,0.997046514285943,0.6638399616284777,0.3361600383715223,0.9969960379875678
20,4_8C_80PER_4_8C_NEWSTRUCTURE,150,25,175,0.996879251170516,0.9969462294639924,0.9970242708362512,0.6638399616284777,0.3361600383715223,0.9969724638546855
20,4_8C_80PER_4_8C_NEWSTRUCTURE,150,26,176,0.996811739484139,0.9969219747300287,0.9970020273865592,0.6638399616284777,0.3361600383715223,0.9969488852341197
20,4_8C_80PER_4_8C_NEWSTRUCTURE,150,27,177,0.996819814595444,0.9968977132724184,0.9969797839368671,0.6638399616284777,0.3361600383715223,0.9969253021501286
20,4_8C_80PER_4_8C_NEWSTRUCTURE,150,28,178,0.995650144112568,0.9968734451273008,0.9969575404871752,0.6638399616284777,0.3361600383715223,0.9969017146267031
20,4_8C_80PER_4_8C_NEWSTRUCTURE,150,29,179,0.996732960200593,0.996849170330418,0.9969352970374832,0.6638399616284777,0.3361600383715223,0.9968781226875698
20,4_8C_80PER_4_8C_NEWSTRUCTURE,150,30,180,0.996622819438258,0.9968248889171236,0.9969130535877914,0.6638399616284777,0.3361600383715223,0.9968545263561983
20,4_8C_80PER_4_8C_NEWSTRUCTURE,150,31,181,0.996660565888777,0.9968006009223876,0.9968908101380994,0.6638399616284777,0.3361600383715223,0.9968309256558028
20,4_8C_80PER_4_8C_NEWSTRUCTURE,150,32,182,0.996578594119366,0.9967763063808024,0.9968685666884076,0.6638399616284777,0.3361600383715223,0.9968073206093472
20,4_8C_80PER_4_8C_NEWSTRUCTURE,150,33,183,0.996549580056654,0.99675200532659,0.9968463232387156,0.6638399616284777,0.3361600383715223,0.9967837112395492
20,4_8C_80PER_4_8C_NEWSTRUCTURE,150,34,184,0.996536622319908,0.9967276977936074,0.9968240797890237,0.6638399616284777,0.3361600383715223,0.9967600975688848
20,4_8C_80PER_4_8C_NEWSTRUCTURE,150,35,185,0.996464697491307,0.9967033838153524,0.9968018363393316,0.6638399616284777,0.3361600383715223,0.996736479619591
20,4_8C_80PER_4_8C_NEWSTRUCTURE,150,36,186,0.996168829168955,0.9966790634249691,0.9967795928896396,0.6638399616284777,0.3361600383715223,0.9967128574136703
20,4_8C_80PER_4_8C_NEWSTRUCTURE,150,37,187,0.996295307947187,0.9966547366552552,0.9967573494399478,0.6638399616284777,0.3361600383715223,0.9966892309728947
20,4_8C_80PER_4_8C_NEWSTRUCTURE,150,38,188,0.996220754012579,0.996630403538664,0.9967351059902556,0.6638399616284777,0.3361600383715223,0.9966656003188086
20,4_8C_80PER_4_8C_NEWSTRUCTURE,150,39,189,0.996186481737854,0.9966060641073138,0.9967128625405638,0.6638399616284777,0.3361600383715223,0.9966419654727331
20,4_8C_80PER_4_8C_NEWSTRUCTURE,150,40,190,0.996147702424261,0.9965817183929904,0.996690619090872,0.6638399616284777,0.3361600383715223,0.9966183264557689
20,4_8C_80PER_4_8C_NEWSTRUCTURE,150,41,191,0.994932773759419,0.9965573664271532,0.99666837564118,0.6638399616284777,0.3361600383715223,0.9965946832888001
20,4_8C_80PER_4_8C_NEWSTRUCTURE,150,42,192,0.996061223615982,0.9965330082409402,0.996646132191488,0.6638399616284777,0.3361600383715223,0.9965710359924971
20,4_8C_80PER_4_8C_NEWSTRUCTURE,150,43,193,0.995990425547098,0.9965086438651732,0.996623888741796,0.6638399616284777,0.3361600383715223,0.996547384587321
20,4_8C_80PER_4_8C_NEWSTRUCTURE,150,44,194,0.99587990919819,0.9964842733303618,0.996601645292104,0.6638399616284777,0.3361600383715223,0.9965237290935248
20,4_8C_80PER_4_8C_NEWSTRUCTURE,150,45,195,0.995889017172569,0.9964598966667092,0.996579401842412,0.6638399616284777,0.3361600383715223,0.9965000695311591
20,4_8C_80PER_4_8C_NEWSTRUCTURE,150,46,196,0.995841974954385,0.9964355139041162,0.9965571583927202,0.6638399616284777,0.3361600383715223,0.996476405920073
20,4_8C_80PER_4_8C_NEWSTRUCTURE,150,47,197,0.995878125161972,0.9964111250721857,0.9965349149430284,0.6638399616284777,0.3361600383715223,0.9964527382799182
20,4_8C_80PER_4_8C_NEWSTRUCTURE,150,48,198,0.996030895000267,0.9963867302002276,0.9965126714933364,0.6638399616284777,0.3361600383715223,0.9964290666301516
20,4_8C_80PER_4_8C_NEWSTRUCTURE,150,49,199,0.99597465091106,0.9963623293172628,0.9964904280436444,0.6638399616284777,0.3361600383715223,0.9964053909900386
20,4_8C_80PER_4_8C_NEWSTRUCTURE,150,50,200,0.996036810488781,0.9963379224520272,0.9964681845939524,0.6638399616284777,0.3361600383715223,0.9963817113786553
21,5_6C_19PER_4_6C_NEWSTRUCTURE,150,1,151,0.995672795985135,0.9956135927625992,0.9956366558191876,0.6665408412811359,0.3334591587188641,0.9956212833500466
21,5_6C_19PER_4_6C_NEWSTRUCTURE,150,2,152,0.995670274413321,0.9955684350479986,0.9955943030276798,0.6665408412811359,0.3334591587188641,0.9955770609627409
21,5_6C_19PER_4_6C_NEWSTRUCTURE,150,3,153,0.995595000825114,0.9955231815209812,0.995551950236172,0.6665408412811359,0.3334591587188641,0.9955327747125462
21,5_6C_19PER_4_6C_NEWSTRUCTURE,150,4,154,0.995482837575193,0.995477832606481,0.9955095974446642,0.6665408412811359,0.3334591587188641,0.9954884248826984
21,5_6C_19PER_4_6C_NEWSTRUCTURE,150,5,155,0.99545892933874,0.9954323887247976,0.9954672446531564,0.6665408412811359,0.3334591587188641,0.9954440117533444
21,5_6C_19PER_4_6C_NEWSTRUCTURE,150,6,156,0.995364323699964,0.9953868502916758,0.9954248918616484,0.6665408412811359,0.3334591587188641,0.9953995356015952
21,5_6C_19PER_4_6C_NEWSTRUCTURE,150,7,157,0.995259631773934,0.9953412177183846,0.9953825390701406,0.6665408412811359,0.3334591587188641,0.9953549967015782
21,5_6C_19PER_4_6C_NEWSTRUCTURE,150,8,158,0.995280271306185,0.9952954914117929,0.9953401862786329,0.6665408412811359,0.3334591587188641,0.9953103953244884
21,5_6C_19PER_4_6C_NEWSTRUCTURE,150,9,159,0.995215270788328,0.9952496717744445,0.995297833487125,0.6665408412811359,0.3334591587188641,0.9952657317386373
21,5_6C_19PER_4_6C_NEWSTRUCTURE,150,10,160,0.995050528096521,0.9952037592046312,0.9952554806956172,0.6665408412811359,0.3334591587188641,0.995221006209503
21,5_6C_19PER_4_6C_NEWSTRUCTURE,150,11,161,0.994977309122384,0.9951577540964636,0.9952131279041092,0.6665408412811359,0.3334591587188641,0.9951762189997762
21,5_6C_19PER_4_6C_NEWSTRUCTURE,150,12,162,0.994948731308499,0.9951116568399409,0.9951707751126015,0.6665408412811359,0.3334591587188641,0.9951313703694071
21,5_6C_19PER_4_6C_NEWSTRUCTURE,150,13,163,0.994915297134084,0.995065467821019,0.9951284223210936,0.6665408412811359,0.3334591587188641,0.9950864605756514
21,5_6C_19PER_4_6C_NEWSTRUCTURE,150,14,164,0.99477577016041,0.9950191874216774,0.995086069529586,0.6665408412811359,0.3334591587188641,0.9950414898731139
21,5_6C_19PER_4_6C_NEWSTRUCTURE,150,15,165,0.994816582267168,0.994972816019983,0.995043716738078,0.6665408412811359,0.3334591587188641,0.9949964585137916
21,5_6C_19PER_4_6C_NEWSTRUCTURE,150,16,166,0.99486738726963,0.9949263539901548,0.9950013639465702,0.6665408412811359,0.3334591587188641,0.9949513667471166
21,5_6C_19PER_4_6C_NEWSTRUCTURE,150,17,167,0.994846841128928,0.9948798017026258,0.9949590111550624,0.6665408412811359,0.3334591587188641,0.9949062148199979
21,5_6C_19PER_4_6C_NEWSTRUCTURE,150,18,168,0.994904276931344,0.9948331595241032,0.9949166583635546,0.6665408412811359,0.3334591587188641,0.9948610029768608
21,5_6C_19PER_4_6C_NEWSTRUCTURE,150,19,169,0.994858701855606,0.9947864278176288,0.9948743055720468,0.6665408412811359,0.3334591587188641,0.9948157314596872
21,5_6C_19PER_4_6C_NEWSTRUCTURE,150,20,170,0.99482741568681,0.994739606942636,0.9948319527805388,0.6665408412811359,0.3334591587188641,0.9947704005080542
21,5_6C_19PER_4_6C_NEWSTRUCTURE,150,21,171,0.994744297208517,0.9946926972550074,0.994789599989031,0.6665408412811359,0.3334591587188641,0.9947250103591725
21,5_6C_19PER_4_6C_NEWSTRUCTURE,150,22,172,0.994802853709517,0.994645699107131,0.9947472471975232,0.6665408412811359,0.3334591587188641,0.9946795612479227
21,5_6C_19PER_4_6C_NEWSTRUCTURE,150,23,173,0.994617845051654,0.9945986128479531,0.9947048944060154,0.6665408412811359,0.3334591587188641,0.9946340534068919
21,5_6C_19PER_4_6C_NEWSTRUCTURE,150,24,174,0.994590014370158,0.9945514388230332,0.9946625416145076,0.6665408412811359,0.3334591587188641,0.9945884870664096
21,5_6C_19PER_4_6C_NEWSTRUCTURE,150,25,175,0.99453407283252,0.9945041773745952,0.9946201888229996,0.6665408412811359,0.3334591587188641,0.9945428624545818
21,5_6C_19PER_4_6C_NEWSTRUCTURE,150,26,176,0.994543785553579,0.994456828841579,0.994577836031492,0.6665408412811359,0.3334591587188641,0.9944971797973263
21,5_6C_19PER_4_6C_NEWSTRUCTURE,150,27,177,0.994483454613155,0.99440939355969,0.994535483239984,0.6665408412811359,0.3334591587188641,0.9944514393184041
21,5_6C_19PER_4_6C_NEWSTRUCTURE,150,28,178,0.994464869694975,0.9943618718614484,0.9944931304484764,0.6665408412811359,0.3334591587188641,0.9944056412394533
21,5_6C_19PER_4_6C_NEWSTRUCTURE,150,29,179,0.994384179396947,0.9943142640762378,0.9944507776569684,0.6665408412811359,0.3334591587188641,0.9943597857800219
21,5_6C_19PER_4_6C_NEWSTRUCTURE,150,30,180,0.994191325848997,0.9942665705303506,0.9944084248654608,0.6665408412811359,0.3334591587188641,0.9943138731575971
21,5_6C_19PER_4_6C_NEWSTRUCTURE,150,31,181,0.994292935853922,0.9942187915470356,0.9943660720739528,0.6665408412811359,0.3334591587188641,0.9942679035876371
21,5_6C_19PER_4_6C_NEWSTRUCTURE,150,32,182,0.994196088817978,0.994170927446542,0.994323719282445,0.6665408412811359,0.3334591587188641,0.9942218772836013
21,5_6C_19PER_4_6C_NEWSTRUCTURE,150,33,183,0.994158171849229,0.9941229785461644,0.9942813664909372,0.6665408412811359,0.3334591587188641,0.9941757944569796
21,5_6C_19PER_4_6C_NEWSTRUCTURE,150,34,184,0.994095879686283,0.994074945160285,0.9942390136994294,0.6665408412811359,0.3334591587188641,0.9941296553173204
21,5_6C_19PER_4_6C_NEWSTRUCTURE,150,35,185,0.994037323185283,0.9940268276004176,0.9941966609079216,0.6665408412811359,0.3334591587188641,0.9940834600722603
21,5_6C_19PER_4_6C_NEWSTRUCTURE,150,36,186,0.993985304092689,0.9939786261752478,0.9941543081164136,0.6665408412811359,0.3334591587188641,0.9940372089275511
21,5_6C_19PER_4_6C_NEWSTRUCTURE,150,37,187,0.99392805507337,0.993930341190674,0.9941119553249058,0.6665408412811359,0.3334591587188641,0.9939909020870865
21,5_6C_19PER_4_6C_NEWSTRUCTURE,150,38,188,0.993831955169815,0.9938819729498476,0.994069602533398,0.6665408412811359,0.3334591587188641,0.9939445397529291
21,5_6C_19PER_4_6C_NEWSTRUCTURE,150,39,189,0.99373725613949,0.9938335217532124,0.9940272497418902,0.6665408412811359,0.3334591587188641,0.9938981221253371
21,5_6C_19PER_4_6C_NEWSTRUCTURE,150,40,190,0.993703074832687,0.9937849878985427,0.9939848969503824,0.6665408412811359,0.3334591587188641,0.9938516494027895
21,5_6C_19PER_4_6C_NEWSTRUCTURE,150,41,191,0.993552154090078,0.9937363716809806,0.9939425441588744,0.6665408412811359,0.3334591587188641,0.9938051217820101
21,5_6C_19PER_4_6C_NEWSTRUCTURE,150,42,192,0.993494064546822,0.9936876733930736,0.9939001913673668,0.6665408412811359,0.3334591587188641,0.9937585394579942
21,5_6C_19PER_4_6C_NEWSTRUCTURE,150,43,193,0.99346735456391,0.9936388933248104,0.9938578385758589,0.6665408412811359,0.3334591587188641,0.9937119026240305
21,5_6C_19PER_4_6C_NEWSTRUCTURE,150,44,194,0.993279637551135,0.9935900317636563,0.9938154857843512,0.6665408412811359,0.3334591587188641,0.993665211471727
21,5_6C_19PER_4_6C_NEWSTRUCTURE,150,45,195,0.993193437151737,0.993541088994589,0.9937731329928432,0.6665408412811359,0.3334591587188641,0.9936184661910327
21,5_6C_19PER_4_6C_NEWSTRUCTURE,150,46,196,0.993312698159355,0.9934920653001316,0.9937307802013354,0.6665408412811359,0.3334591587188641,0.9935716669702607
21,5_6C_19PER_4_6C_NEWSTRUCTURE,150,47,197,0.993319235567761,0.9934429609603864,0.9936884274098275,0.6665408412811359,0.3334591587188641,0.9935248139961108
21,5_6C_19PER_4_6C_NEWSTRUCTURE,150,48,198,0.993386944440527,0.993393776253069,0.9936460746183198,0.6665408412811359,0.3334591587188641,0.9934779074536917
21,5_6C_19PER_4_6C_NEWSTRUCTURE,150,49,199,0.993317274345239,0.9933445114535387,0.993603721826812,0.6665408412811359,0.3334591587188641,0.9934309475265417
21,5_6C_19PER_4_6C_NEWSTRUCTURE,150,50,200,0.993320823224087,0.993295166834832,0.993561369035304,0.6665408412811359,0.3334591587188641,0.9933839343966505
22,5_6C_36PER_4_3C_NEWSTRUCTURE,150,1,151,0.997898774586956,0.997952215092613,0.9979095637051416,0.6720732769279371,0.32792672307206294,0.997938228562885
22,5_6C_36PER_4_3C_NEWSTRUCTURE,150,2,152,0.99793963097397,0.997935774051904,0.9978907363124092,0.6720732769279371,0.32792672307206294,0.9979210049735769
22,5_6C_36PER_4_3C_NEWSTRUCTURE,150,3,153,0.997891439008378,0.9979193477746582,0.9978719089196768,0.6720732769279371,0.32792672307206294,0.9979037913063978
22,5_6C_36PER_4_3C_NEWSTRUCTURE,150,4,154,0.997820404608229,0.997902936151253,0.9978530815269444,0.6720732769279371,0.32792672307206294,0.9978865874876734
22,5_6C_36PER_4_3C_NEWSTRUCTURE,150,5,155,0.997819104632279,0.9978865390735868,0.9978342541342118,0.6720732769279371,0.32792672307206294,0.9978693934447516
22,5_6C_36PER_4_3C_NEWSTRUCTURE,150,6,156,0.997724670665021,0.9978701564350472,0.9978154267414792,0.6720732769279371,0.32792672307206294,0.9978522091059807
22,5_6C_36PER_4_3C_NEWSTRUCTURE,150,7,157,0.997651779156371,0.9978537881304812,0.9977965993487468,0.6720732769279371,0.32792672307206294,0.9978350344006905
22,5_6C_36PER_4_3C_NEWSTRUCTURE,150,8,158,0.997581859021322,0.9978374340561664,0.9977777719560142,0.6720732769279371,0.32792672307206294,0.9978178692591719
22,5_6C_36PER_4_3C_NEWSTRUCTURE,150,9,159,0.997589844587875,0.9978210941097824,0.9977589445632816,0.6720732769279371,0.32792672307206294,0.997800713612658
22,5_6C_36PER_4_3C_NEWSTRUCTURE,150,10,160,0.997542859742809,0.9978047681903828,0.9977401171705492,0.6720732769279371,0.32792672307206294,0.9977835673933055
22,5_6C_36PER_4_3C_NEWSTRUCTURE,150,11,161,0.997538216971557,0.9977884561983694,0.9977212897778168,0.6720732769279371,0.32792672307206294,0.9977664305341771
22,5_6C_36PER_4_3C_NEWSTRUCTURE,150,12,162,0.997551123875637,0.9977721580354646,0.9977024623850842,0.6720732769279371,0.32792672307206294,0.9977493029692229
22,5_6C_36PER_4_3C_NEWSTRUCTURE,150,13,163,0.997462632655582,0.9977558736046862,0.9976836349923516,0.6720732769279371,0.32792672307206294,0.9977321846332641
22,5_6C_36PER_4_3C_NEWSTRUCTURE,150,14,164,0.997450654305752,0.9977396028103234,0.9976648075996192,0.6720732769279371,0.32792672307206294,0.9977150754619757
22,5_6C_36PER_4_3C_NEWSTRUCTURE,150,15,165,0.997403019472711,0.9977233455579112,0.9976459802068868,0.6720732769279371,0.32792672307206294,0.9976979753918704
22,5_6C_36PER_4_3C_NEWSTRUCTURE,150,16,166,0.997415833521366,0.9977071017542078,0.9976271528141542,0.6720732769279371,0.32792672307206294,0.9976808843602829
22,5_6C_36PER_4_3C_NEWSTRUCTURE,150,17,167,0.997449540040652,0.9976908713071706,0.9976083254214216,0.6720732769279371,0.32792672307206294,0.9976638023053539
22,5_6C_36PER_4_3C_NEWSTRUCTURE,150,18,168,0.997491324981916,0.9976746541259344,0.9975894980286892,0.6720732769279371,0.32792672307206294,0.9976467291660152
22,5_6C_36PER_4_3C_NEWSTRUCTURE,150,19,169,0.997492810668717,0.9976584501207888,0.9975706706359566,0.6720732769279371,0.32792672307206294,0.9976296648819749
22,5_6C_36PER_4_3C_NEWSTRUCTURE,150,20,170,0.997541095489733,0.9976422592031576,0.9975518432432242,0.6720732769279371,0.32792672307206294,0.9976126093937032
22,5_6C_36PER_4_3C_NEWSTRUCTURE,150,21,171,0.997470618222134,0.997626081285577,0.9975330158504916,0.6720732769279371,0.32792672307206294,0.9975955626424181
22,5_6C_36PER_4_3C_NEWSTRUCTURE,150,22,172,0.997438583100498,0.9976099162816756,0.9975141884577592,0.6720732769279371,0.32792672307206294,0.9975785245700719
22,5_6C_36PER_4_3C_NEWSTRUCTURE,150,23,173,0.997456039920404,0.997593764106155,0.9974953610650268,0.6720732769279371,0.32792672307206294,0.9975614951193374
22,5_6C_36PER_4_3C_NEWSTRUCTURE,150,24,174,0.997380919881554,0.997577624674769,0.9974765336722942,0.6720732769279371,0.32792672307206294,0.9975444742335953
22,5_6C_36PER_4_3C_NEWSTRUCTURE,150,25,175,0.99739911954486,0.997561497904306,0.9974577062795617,0.6720732769279371,0.32792672307206294,0.9975274618569213
22,5_6C_36PER_4_3C_NEWSTRUCTURE,150,26,176,0.997382034146654,0.9975453837125702,0.9974388788868292,0.6720732769279371,0.32792672307206294,0.9975104579340737
22,5_6C_36PER_4_3C_NEWSTRUCTURE,150,27,177,0.997437933112523,0.9975292820183624,0.9974200514940966,0.6720732769279371,0.32792672307206294,0.9974934624104805
22,5_6C_36PER_4_3C_NEWSTRUCTURE,150,28,178,0.99747275389691,0.997513192741464,0.997401224101364,0.6720732769279371,0.32792672307206294,0.9974764752322292
22,5_6C_36PER_4_3C_NEWSTRUCTURE,150,29,179,0.997333192193087,0.9974971158026186,0.9973823967086316,0.6720732769279371,0.32792672307206294,0.9974594963460537
22,5_6C_36PER_4_3C_NEWSTRUCTURE,150,30,180,0.997353806097444,0.9974810511235152,0.9973635693158992,0.6720732769279371,0.32792672307206294,0.997442525699323
22,5_6C_36PER_4_3C_NEWSTRUCTURE,150,31,181,0.997260114973587,0.9974649986267724,0.9973447419231666,0.6720732769279371,0.32792672307206294,0.9974255632400315
22,5_6C_36PER_4_3C_NEWSTRUCTURE,150,32,182,0.997228544129076,0.997448958235922,0.997325914530434,0.6720732769279371,0.32792672307206294,0.9974086089167866
22,5_6C_36PER_4_3C_NEWSTRUCTURE,150,33,183,0.997215172947872,0.9974329298753924,0.9973070871377016,0.6720732769279371,0.32792672307206294,0.9973916626787991
22,5_6C_36PER_4_3C_NEWSTRUCTURE,150,34,184,0.997213687261071,0.9974169134704948,0.997288259744969,0.6720732769279371,0.32792672307206294,0.9973747244758722
22,5_6C_36PER_4_3C_NEWSTRUCTURE,150,35,185,0.997141724306672,0.9974009089474072,0.9972694323522364,0.6720732769279371,0.32792672307206294,0.9973577942583922
22,5_6C_36PER_4_3C_NEWSTRUCTURE,150,36,186,0.997153795511926,0.9973849162331592,0.997250604959504,0.6720732769279371,0.32792672307206294,0.9973408719773178
22,5_6C_36PER_4_3C_NEWSTRUCTURE,150,37,187,0.997077189786275,0.9973689352556192,0.9972317775667716,0.6720732769279371,0.32792672307206294,0.9973239575841713
22,5_6C_36PER_4_3C_NEWSTRUCTURE,150,38,188,0.996966598975062,0.9973529659434792,0.9972129501740392,0.6720732769279371,0.32792672307206294,0.9973070510310282
22,5_6C_36PER_4_3C_NEWSTRUCTURE,150,39,189,0.9969322424678,0.9973370082262406,0.9971941227813066,0.6720732769279371,0.32792672307206294,0.9972901522705087
22,5_6C_36PER_4_3C_NEWSTRUCTURE,150,40,190,0.996865850838902,0.9973210620342025,0.997175295388574,0.6720732769279371,0.32792672307206294,0.9972732612557682
22,5_6C_36PER_4_3C_NEWSTRUCTURE,150,41,191,0.996790637944627,0.9973051272984468,0.9971564679958416,0.6720732769279371,0.32792672307206294,0.9972563779404893
22,5_6C_36PER_4_3C_NEWSTRUCTURE,150,42,192,0.996775595365771,0.9972892039508268,0.997137640603109,0.6720732769279371,0.32792672307206294,0.9972395022788719
22,5_6C_36PER_4_3C_NEWSTRUCTURE,150,43,193,0.996698525362995,0.9972732919239524,0.9971188132103764,0.6720732769279371,0.32792672307206294,0.997222634225625
22,5_6C_36PER_4_3C_NEWSTRUCTURE,150,44,194,0.996647826300928,0.9972573911511812,0.997099985817644,0.6720732769279371,0.32792672307206294,0.9972057737359603
22,5_6C_36PER_4_3C_NEWSTRUCTURE,150,45,195,0.99661096269719,0.9972415015666032,0.9970811584249116,0.6720732769279371,0.32792672307206294,0.9971889207655812
22,5_6C_36PER_4_3C_NEWSTRUCTURE,150,46,196,0.996655347590355,0.9972256231050308,0.997062331032179,0.6720732769279371,0.32792672307206294,0.997172075270677
22,5_6C_36PER_4_3C_NEWSTRUCTURE,150,47,197,0.996757395702465,0.9972097557019862,0.9970435036394464,0.6720732769279371,0.32792672307206294,0.9971552372079135
22,5_6C_36PER_4_3C_NEWSTRUCTURE,150,48,198,0.996798437800329,0.9971938992936916,0.997024676246714,0.6720732769279371,0.32792672307206294,0.997138406534428
22,5_6C_36PER_4_3C_NEWSTRUCTURE,150,49,199,0.996746995894862,0.9971780538170562,0.9970058488539816,0.6720732769279371,0.32792672307206294,0.9971215832078184
22,5_6C_36PER_4_3C_NEWSTRUCTURE,150,50,200,0.996783116655199,0.9971622192096667,0.996987021461249,0.6720732769279371,0.32792672307206294,0.9971047671861385
23,5_6C_19PER_4_6C_NEWSTRUCTURE,150,1,151,0.995706985693474,0.9957317146950242,0.9957765676770992,0.6627426870531489,0.33725731294685113,0.9957468416912364
23,5_6C_19PER_4_6C_NEWSTRUCTURE,150,2,152,0.995680154354058,0.9956866700078332,0.9957352923991,0.6627426870531489,0.33725731294685113,0.9957030682648609
23,5_6C_19PER_4_6C_NEWSTRUCTURE,150,3,153,0.995598725445935,0.9956415243769275,0.9956940171211008,0.6627426870531489,0.33725731294685113,0.9956592279387766
23,5_6C_19PER_4_6C_NEWSTRUCTURE,150,4,154,0.995498879207273,0.9955962782380808,0.9956527418431016,0.6627426870531489,0.33725731294685113,0.9956153210017894
23,5_6C_19PER_4_6C_NEWSTRUCTURE,150,5,155,0.995435774140703,0.995550932022364,0.9956114665651022,0.6627426870531489,0.33725731294685113,0.9955713477395884
23,5_6C_19PER_4_6C_NEWSTRUCTURE,150,6,156,0.99539454549721,0.9955054861562272,0.9955701912871028,0.6627426870531489,0.33725731294685113,0.9955273084348002
23,5_6C_19PER_4_6C_NEWSTRUCTURE,150,7,157,0.995252442236193,0.9954599410615782,0.9955289160091036,0.6627426870531489,0.33725731294685113,0.9954832033670412
23,5_6C_19PER_4_6C_NEWSTRUCTURE,150,8,158,0.995248515698718,0.9954142971558592,0.9954876407311044,0.6627426870531489,0.33725731294685113,0.9954390328129683
23,5_6C_19PER_4_6C_NEWSTRUCTURE,150,9,159,0.995180549204797,0.9953685548521234,0.9954463654531052,0.6627426870531489,0.33725731294685113,0.9953947970463293
23,5_6C_19PER_4_6C_NEWSTRUCTURE,150,10,160,0.995079394120309,0.9953227145591064,0.995405090175106,0.6627426870531489,0.33725731294685113,0.9953504963380108
23,5_6C_19PER_4_6C_NEWSTRUCTURE,150,11,161,0.995037698031879,0.9952767766813,0.9953638148971066,0.6627426870531489,0.33725731294685113,0.9953061309560866
23,5_6C_19PER_4_6C_NEWSTRUCTURE,150,12,162,0.994958512859457,0.9952307416190214,0.9953225396191072,0.6627426870531489,0.33725731294685113,0.9952617011658642
23,5_6C_19PER_4_6C_NEWSTRUCTURE,150,13,163,0.99484193209203,0.9951846097684816,0.995281264341108,0.6627426870531489,0.33725731294685113,0.9952172072299296
23,5_6C_19PER_4_6C_NEWSTRUCTURE,150,14,164,0.994807341166651,0.9951383815218536,0.9952399890631088,0.6627426870531489,0.33725731294685113,0.9951726494081925
23,5_6C_19PER_4_6C_NEWSTRUCTURE,150,15,165,0.994776022355835,0.9950920572673364,0.9951987137851096,0.6627426870531489,0.33725731294685113,0.9951280279579289
23,5_6C_19PER_4_6C_NEWSTRUCTURE,150,16,166,0.994756202690482,0.9950456373892208,0.9951574385071102,0.6627426870531489,0.33725731294685113,0.9950833431338246
23,5_6C_19PER_4_6C_NEWSTRUCTURE,150,17,167,0.994744890522993,0.9949991222679502,0.995116163229111,0.6627426870531489,0.33725731294685113,0.995038595188016
23,5_6C_19PER_4_6C_NEWSTRUCTURE,150,18,168,0.994780229360273,0.994952512280184,0.9950748879511118,0.6627426870531489,0.33725731294685113,0.9949937843701311
23,5_6C_19PER_4_6C_NEWSTRUCTURE,150,19,169,0.994765832056196,0.9949058077988564,0.9950336126731124,0.6627426870531489,0.33725731294685113,0.9949489109273295
23,5_6C_19PER_4_6C_NEWSTRUCTURE,150,20,170,0.994763494831508,0.9948590091932344,0.9949923373951132,0.6627426870531489,0.33725731294685113,0.99490397510434
23,5_6C_19PER_4_6C_NEWSTRUCTURE,150,21,171,0.99477546142191,0.9948121168289767,0.994951062117114,0.6627426870531489,0.33725731294685113,0.9948589771435006
23,5_6C_19PER_4_6C_NEWSTRUCTURE,150,22,172,0.994702072566713,0.9947651310681898,0.9949097868391148,0.6627426870531489,0.33725731294685113,0.9948139172847942
23,5_6C_19PER_4_6C_NEWSTRUCTURE,150,23,173,0.994689171086436,0.9947180522694812,0.9948685115611154,0.6627426870531489,0.33725731294685113,0.9947687957658856
23,5_6C_19PER_4_6C_NEWSTRUCTURE,150,24,174,0.994622419949353,0.9946708807880154,0.9948272362831162,0.6627426870531489,0.33725731294685113,0.9947236128221575
23,5_6C_19PER_4_6C_NEWSTRUCTURE,150,25,175,0.994544450133769,0.9946236169755652,0.9947859610051168,0.6627426870531489,0.33725731294685113,0.9946783686867448
23,5_6C_19PER_4_6C_NEWSTRUCTURE,150,26,176,0.994508830829527,0.9945762611805642,0.9947446857271176,0.6627426870531489,0.33725731294685113,0.9946330635905691
23,5_6C_19PER_4_6C_NEWSTRUCTURE,150,27,177,0.994420296758354,0.9945288137481566,0.9947034104491184,0.6627426870531489,0.33725731294685113,0.9945876977623723
23,5_6C_19PER_4_6C_NEWSTRUCTURE,150,28,178,0.994504997781039,0.9944812750202472,0.9946621351711192,0.6627426870531489,0.33725731294685113,0.9945422714287495
23,5_6C_19PER_4_6C_NEWSTRUCTURE,150,29,179,0.994422166538104,0.9944336453355488,0.99462085989312,0.6627426870531489,0.33725731294685113,0.9944967848141797
23,5_6C_19PER_4_6C_NEWSTRUCTURE,150,30,180,0.994335595735668,0.994385925029632,0.9945795846151204,0.6627426870531489,0.33725731294685113,0.9944512381410602
23,5_6C_19PER_4_6C_NEWSTRUCTURE,150,31,181,0.994232383893455,0.9943381144349686,0.9945383093371212,0.6627426870531489,0.33725731294685113,0.9944056316297343
23,5_6C_19PER_4_6C_NEWSTRUCTURE,150,32,182,0.994233786228268,0.9942902138809796,0.994497034059122,0.6627426870531489,0.33725731294685113,0.9943599654985231
23,5_6C_19PER_4_6C_NEWSTRUCTURE,150,33,183,0.994185452421725,0.994242223694079,0.9944557587811228,0.6627426870531489,0.33725731294685113,0.9943142399637552
23,5_6C_19PER_4_6C_NEWSTRUCTURE,150,34,184,0.994154414077871,0.9941941441977172,0.9944144835031236,0.6627426870531489,0.33725731294685113,0.9942684552397951
23,5_6C_19PER_4_6C_NEWSTRUCTURE,150,35,185,0.99406466464986,0.9941459757124244,0.9943732082251242,0.6627426870531489,0.33725731294685113,0.9942226115390715
23,5_6C_19PER_4_6C_NEWSTRUCTURE,150,36,186,0.994027362543843,0.9940977185558524,0.994331932947125,0.6627426870531489,0.33725731294685113,0.9941767090721065
23,5_6C_19PER_4_6C_NEWSTRUCTURE,150,37,187,0.993969212393611,0.9940493730428156,0.9942906576691256,0.6627426870531489,0.33725731294685113,0.9941307480475403
23,5_6C_19PER_4_6C_NEWSTRUCTURE,150,38,188,0.99390461150324,0.994000939485332,0.9942493823911264,0.6627426870531489,0.33725731294685113,0.9940847286721609
23,5_6C_19PER_4_6C_NEWSTRUCTURE,150,39,189,0.993800651749127,0.9939524181926618,0.9942081071131272,0.6627426870531489,0.33725731294685113,0.9940386511509283
23,5_6C_19PER_4_6C_NEWSTRUCTURE,150,40,190,0.99365742662026,0.9939038094713476,0.994166831835128,0.6627426870531489,0.33725731294685113,0.9939925156870011
23,5_6C_19PER_4_6C_NEWSTRUCTURE,150,41,191,0.993552064531335,0.9938551136252516,0.9941255565571286,0.6627426870531489,0.33725731294685113,0.993946322481762
23,5_6C_19PER_4_6C_NEWSTRUCTURE,150,42,192,0.99355561711286,0.9938063309555925,0.9940842812791294,0.6627426870531489,0.33725731294685113,0.9939000717348412
23,5_6C_19PER_4_6C_NEWSTRUCTURE,150,43,193,0.993461006257498,0.9937574617609832,0.9940430060011302,0.6627426870531489,0.33725731294685113,0.9938537636441427
23,5_6C_19PER_4_6C_NEWSTRUCTURE,150,44,194,0.993383223419889,0.9937085063374668,0.9940017307231308,0.6627426870531489,0.33725731294685113,0.9938073984058663
23,5_6C_19PER_4_6C_NEWSTRUCTURE,150,45,195,0.99322690983277,0.99365946497855,0.9939604554451316,0.6627426870531489,0.33725731294685113,0.9937609762145319
23,5_6C_19PER_4_6C_NEWSTRUCTURE,150,46,196,0.993196525911828,0.9936103379752405,0.9939191801671324,0.6627426870531489,0.33725731294685113,0.9937144972630025
23,5_6C_19PER_4_6C_NEWSTRUCTURE,150,47,197,0.993233080105945,0.9935611256160786,0.9938779048891332,0.6627426870531489,0.33725731294685113,0.9936679617425063
23,5_6C_19PER_4_6C_NEWSTRUCTURE,150,48,198,0.993322923022944,0.993511828187172,0.9938366296111338,0.6627426870531489,0.33725731294685113,0.9936213698426587
23,5_6C_19PER_4_6C_NEWSTRUCTURE,150,49,199,0.993276926441088,0.9934624459722275,0.9937953543331346,0.6627426870531489,0.33725731294685113,0.9935747217514846
23,5_6C_19PER_4_6C_NEWSTRUCTURE,150,50,200,0.993317781128631,0.9934129792525844,0.9937540790551352,0.6627426870531489,0.33725731294685113,0.9935280176554394
26,5_3C_54PER_4C_NEWSTRUCTURE,150,1,151,0.995900195594036,0.9958763170052376,0.99594220393716,0.6830964719397637,0.31690352806023625,0.995897196806417
26,5_3C_54PER_4C_NEWSTRUCTURE,150,2,152,0.995968386915124,0.995836631123236,0.9959102641216444,0.6830964719397637,0.31690352806023625,0.9958599656802133
26,5_3C_54PER_4C_NEWSTRUCTURE,150,3,153,0.995933028452338,0.995796646944752,0.9958783243061288,0.6830964719397637,0.31690352806023625,0.995822530788735
26,5_3C_54PER_4C_NEWSTRUCTURE,150,4,154,0.995936863629518,0.9957563641992914,0.9958463844906134,0.6830964719397637,0.31690352806023625,0.9957848919472083
26,5_3C_54PER_4C_NEWSTRUCTURE,150,5,155,0.995918342529963,0.9957157826178784,0.9958144446750978,0.6830964719397637,0.31690352806023625,0.9957470489718969
26,5_3C_54PER_4C_NEWSTRUCTURE,150,6,156,0.995883171148991,0.9956749019330384,0.9957825048595824,0.6830964719397637,0.31690352806023625,0.9957090016800898
26,5_3C_54PER_4C_NEWSTRUCTURE,150,7,157,0.99571853915295,0.9956337218787809,0.9957505650440668,0.6830964719397637,0.31690352806023625,0.9956707498900896
26,5_3C_54PER_4C_NEWSTRUCTURE,150,8,158,0.995787946505826,0.995592242190579,0.9957186252285511,0.6830964719397637,0.31690352806023625,0.9956322934211994
26,5_3C_54PER_4C_NEWSTRUCTURE,150,9,159,0.99568682878553,0.9955504626053552,0.9956866854130356,0.6830964719397637,0.31690352806023625,0.9955936320937114
26,5_3C_54PER_4C_NEWSTRUCTURE,150,10,160,0.995735563597995,0.9955083828614626,0.9956547455975202,0.6830964719397637,0.31690352806023625,0.9955547657288958
26,5_3C_54PER_4C_NEWSTRUCTURE,150,11,161,0.995666436867839,0.9954660026986686,0.9956228057820048,0.6830964719397637,0.31690352806023625,0.9955156941489886
26,5_3C_54PER_4C_NEWSTRUCTURE,150,12,162,0.995607599637435,0.9954233218581384,0.9955908659664892,0.6830964719397637,0.31690352806023625,0.9954764171771805
26,5_3C_54PER_4C_NEWSTRUCTURE,150,13,163,0.995583933788004,0.9953803400824192,0.9955589261509736,0.6830964719397637,0.31690352806023625,0.9954369346376065
26,5_3C_54PER_4C_NEWSTRUCTURE,150,14,164,0.995480290463224,0.995337057115424,0.995526986335458,0.6830964719397637,0.31690352806023625,0.9953972463553344
26,5_3C_54PER_4C_NEWSTRUCTURE,150,15,165,0.995496192417387,0.995293472702416,0.9954950465199426,0.6830964719397637,0.31690352806023625,0.9953573521563547
26,5_3C_54PER_4C_NEWSTRUCTURE,150,16,166,0.995476081122416,0.995249586589994,0.9954631067044272,0.6830964719397637,0.31690352806023625,0.9953172518675697
26,5_3C_54PER_4C_NEWSTRUCTURE,150,17,167,0.995438197055145,0.9952053985260766,0.9954311668889116,0.6830964719397637,0.31690352806023625,0.9952769453167833
26,5_3C_54PER_4C_NEWSTRUCTURE,150,18,168,0.99538918161996,0.9951609082598872,0.995399227073396,0.6830964719397637,0.31690352806023625,0.9952364323326913
26,5_3C_54PER_4C_NEWSTRUCTURE,150,19,169,0.995389929947215,0.9951161155419412,0.9953672872578806,0.6830964719397637,0.31690352806023625,0.9951957127448714
26,5_3C_54PER_4C_NEWSTRUCTURE,150,20,170,0.995255511664083,0.9950710201240291,0.9953353474423652,0.6830964719397637,0.31690352806023625,0.9951547863837725
26,5_3C_54PER_4C_NEWSTRUCTURE,150,21,171,0.995304901262896,0.995025621759205,0.9953034076268495,0.6830964719397637,0.31690352806023625,0.9951136530807068
26,5_3C_54PER_4C_NEWSTRUCTURE,150,22,172,0.995307239785567,0.9949799202017708,0.995271467811334,0.6830964719397637,0.31690352806023625,0.995072312667839
26,5_3C_54PER_4C_NEWSTRUCTURE,150,23,173,0.995118287153747,0.9949339152072644,0.9952395279958184,0.6830964719397637,0.31690352806023625,0.9950307649781774
26,5_3C_54PER_4C_NEWSTRUCTURE,150,24,174,0.995066746114077,0.9948876065324448,0.995207588180303,0.6830964719397637,0.31690352806023625,0.9949890098455656
26,5_3C_54PER_4C_NEWSTRUCTURE,150,25,175,0.994994345452181,0.9948409939352802,0.9951756483647874,0.6830964719397637,0.31690352806023625,0.994947047104672
26,5_3C_54PER_4C_NEWSTRUCTURE,150,26,176,0.994928399112858,0.9947940771749342,0.995143708549272,0.6830964719397637,0.31690352806023625,0.9949048765909825
26,5_3C_54PER_4C_NEWSTRUCTURE,150,27,177,0.994903517231638,0.9947468560117536,0.9951117687337564,0.6830964719397637,0.31690352806023625,0.9948624981407904
26,5_3C_54PER_4C_NEWSTRUCTURE,150,28,178,0.994842622101284,0.994699330207256,0.9950798289182408,0.6830964719397637,0.31690352806023625,0.9948199115911894
26,5_3C_54PER_4C_NEWSTRUCTURE,150,29,179,0.994753103453437,0.9946514995241168,0.9950478891027252,0.6830964719397637,0.31690352806023625,0.9947771167800642
26,5_3C_54PER_4C_NEWSTRUCTURE,150,30,180,0.994768350621252,0.9946033637261584,0.9950159492872098,0.6830964719397637,0.31690352806023625,0.9947341135460823
26,5_3C_54PER_4C_NEWSTRUCTURE,150,31,181,0.994716809581582,0.994554922578337,0.9949840094716944,0.6830964719397637,0.31690352806023625,0.9946909017286862
26,5_3C_54PER_4C_NEWSTRUCTURE,150,32,182,0.994760493185077,0.9945061758467316,0.9949520696561788,0.6830964719397637,0.31690352806023625,0.9946474811680857
26,5_3C_54PER_4C_NEWSTRUCTURE,150,33,183,0.994810911733865,0.994457123298532,0.9949201298406632,0.6830964719397637,0.31690352806023625,0.9946038517052482
26,5_3C_54PER_4C_NEWSTRUCTURE,150,34,184,0.994741130217361,0.9944077647020284,0.9948881900251476,0.6830964719397637,0.31690352806023625,0.9945600131818944
26,5_3C_54PER_4C_NEWSTRUCTURE,150,35,185,0.994791829388869,0.9943580998265992,0.9948562502096322,0.6830964719397637,0.31690352806023625,0.9945159654404869
26,5_3C_54PER_4C_NEWSTRUCTURE,150,36,186,0.994733085699373,0.9943081284427008,0.9948243103941168,0.6830964719397637,0.31690352806023625,0.9944717083242256
26,5_3C_54PER_4C_NEWSTRUCTURE,150,37,187,0.994773495371128,0.9942578503218552,0.9947923705786011,0.6830964719397637,0.31690352806023625,0.9944272416770377
26,5_3C_54PER_4C_NEWSTRUCTURE,150,38,188,0.994740007726479,0.9942072652366424,0.9947604307630856,0.6830964719397637,0.31690352806023625,0.9943825653435736
26,5_3C_54PER_4C_NEWSTRUCTURE,150,39,189,0.994646934524171,0.9941563729606868,0.9947284909475702,0.6830964719397637,0.31690352806023625,0.9943376791691969
26,5_3C_54PER_4C_NEWSTRUCTURE,150,40,190,0.994689495636784,0.9941051732686484,0.9946965511320548,0.6830964719397637,0.31690352806023625,0.9942925829999787
26,5_3C_54PER_4C_NEWSTRUCTURE,150,41,191,0.994705865295482,0.9940536659362124,0.9946646113165392,0.6830964719397637,0.31690352806023625,0.9942472766826901
26,5_3C_54PER_4C_NEWSTRUCTURE,150,42,192,0.994625233033784,0.9940018507400792,0.9946326715010236,0.6830964719397637,0.31690352806023625,0.9942017600647961
26,5_3C_54PER_4C_NEWSTRUCTURE,150,43,193,0.994725976590453,0.9939497274579542,0.994600731685508,0.6830964719397637,0.31690352806023625,0.9941560329944481
26,5_3C_54PER_4C_NEWSTRUCTURE,150,44,194,0.99460371862521,0.9938972958685388,0.9945687918699926,0.6830964719397637,0.31690352806023625,0.9941100953204779
26,5_3C_54PER_4C_NEWSTRUCTURE,150,45,195,0.994567050589729,0.9938445557515198,0.9945368520544772,0.6830964719397637,0.31690352806023625,0.9940639468923901
26,5_3C_54PER_4C_NEWSTRUCTURE,150,46,196,0.994562934789828,0.9937915068875608,0.9945049122389616,0.6830964719397637,0.31690352806023625,0.9940175875603567
26,5_3C_54PER_4C_NEWSTRUCTURE,150,47,197,0.994509897095648,0.9937381490582928,0.994472972423446,0.6830964719397637,0.31690352806023625,0.993971017175211
26,5_3C_54PER_4C_NEWSTRUCTURE,150,48,198,0.99449979467771,0.9936844820463046,0.9944410326079304,0.6830964719397637,0.31690352806023625,0.9939242355884397
26,5_3C_54PER_4C_NEWSTRUCTURE,150,49,199,0.994392877421189,0.9936305056351336,0.994409092792415,0.6830964719397637,0.31690352806023625,0.9938772426521785
26,5_3C_54PER_4C_NEWSTRUCTURE,150,50,200,0.994344142608725,0.993576219609258,0.9943771529768994,0.6830964719397637,0.31690352806023625,0.9938300382192047
27,5_6C_19PER_4_6C_NEWSTRUCTURE,150,1,151,0.995686040642009,0.9956661717634954,0.9956571517942524,0.6753523335176,0.32464766648239995,0.9956632434515289
27,5_6C_19PER_4_6C_NEWSTRUCTURE,150,2,152,0.995586148458287,0.9956391835439832,0.995628038899536,0.6753523335176,0.32464766648239995,0.9956355654611697
27,5_6C_19PER_4_6C_NEWSTRUCTURE,150,3,153,0.995585120568651,0.9956122854943144,0.9955989260048193,0.6753523335176,0.32464766648239995,0.9956079483672244
27,5_6C_19PER_4_6C_NEWSTRUCTURE,150,4,154,0.995510832181318,0.9955854767268132,0.9955698131101028,0.6753523335176,0.32464766648239995,0.9955803915701995
27,5_6C_19PER_4_6C_NEWSTRUCTURE,150,5,155,0.995669594407832,0.9955587563682412,0.995540700215386,0.6753523335176,0.32464766648239995,0.9955528944803511
27,5_6C_19PER_4_6C_NEWSTRUCTURE,150,6,156,0.995624367263846,0.9955321235594694,0.9955115873206696,0.6753523335176,0.32464766648239995,0.9955254565174647
27,5_6C_19PER_4_6C_NEWSTRUCTURE,150,7,157,0.995472333042223,0.9955055774551635,0.995482474425953,0.6753523335176,0.32464766648239995,0.9954980771106416
27,5_6C_19PER_4_6C_NEWSTRUCTURE,150,8,158,0.995332633496232,0.9954791172234748,0.9954533615312364,0.6753523335176,0.32464766648239995,0.9954707556980911
27,5_6C_19PER_4_6C_NEWSTRUCTURE,150,9,159,0.995372627747526,0.9954527420457416,0.9954242486365196,0.6753523335176,0.32464766648239995,0.9954434917269276
27,5_6C_19PER_4_6C_NEWSTRUCTURE,150,10,160,0.995279370124182,0.9954264511161984,0.9953951357418032,0.6753523335176,0.32464766648239995,0.9954162846529759
27,5_6C_19PER_4_6C_NEWSTRUCTURE,150,11,161,0.995152379031874,0.9954002436416935,0.9953660228470864,0.6753523335176,0.32464766648239995,0.9953891339405792
27,5_6C_19PER_4_6C_NEWSTRUCTURE,150,12,162,0.995201811178916,0.9953741188414156,0.99533690995237,0.6753523335176,0.32464766648239995,0.9953620390624145
27,5_6C_19PER_4_6C_NEWSTRUCTURE,150,13,163,0.995137521354407,0.995348075946625,0.9953077970576532,0.6753523335176,0.32464766648239995,0.9953349994993117
27,5_6C_19PER_4_6C_NEWSTRUCTURE,150,14,164,0.994998008697442,0.995322114200396,0.9952786841629369,0.6753523335176,0.32464766648239995,0.9953080147400797
27,5_6C_19PER_4_6C_NEWSTRUCTURE,150,15,165,0.994914469303384,0.9952962328573638,0.99524957126822,0.6753523335176,0.32464766648239995,0.9952810842813338
27,5_6C_19PER_4_6C_NEWSTRUCTURE,150,16,166,0.994797757107436,0.9952704311834782,0.9952204583735036,0.6753523335176,0.32464766648239995,0.9952542076273325
27,5_6C_19PER_4_6C_NEWSTRUCTURE,150,17,167,0.994742998623188,0.9952447084557666,0.995191345478787,0.6753523335176,0.32464766648239995,0.9952273842898136
27,5_6C_19PER_4_6C_NEWSTRUCTURE,150,18,168,0.994711601267033,0.9952190639621,0.9951622325840704,0.6753523335176,0.32464766648239995,0.9952006137878397
27,5_6C_19PER_4_6C_NEWSTRUCTURE,150,19,169,0.994661141230354,0.9951934970009676,0.9951331196893536,0.6753523335176,0.32464766648239995,0.9951738956476436
27,5_6C_19PER_4_6C_NEWSTRUCTURE,150,20,170,0.994592179180226,0.9951680068812568,0.9951040067946372,0.6753523335176,0.32464766648239995,0.9951472294024811
27,5_6C_19PER_4_6C_NEWSTRUCTURE,150,21,171,0.994554801375279,0.995142592922038,0.9950748938999204,0.6753523335176,0.32464766648239995,0.9951206145924845
27,5_6C_19PER_4_6C_NEWSTRUCTURE,150,22,172,0.994548073370389,0.9951172544523578,0.995045781005204,0.6753523335176,0.32464766648239995,0.9950940507645238
27,5_6C_19PER_4_6C_NEWSTRUCTURE,150,23,173,0.994430707062854,0.9950919908110334,0.9950166681104874,0.6753523335176,0.32464766648239995,0.9950675374720681
27,5_6C_19PER_4_6C_NEWSTRUCTURE,150,24,174,0.994433230064688,0.9950668013464564,0.9949875552157708,0.6753523335176,0.32464766648239995,0.9950410742750515
27,5_6C_19PER_4_6C_NEWSTRUCTURE,150,25,175,0.994458740416564,0.9950416854164004,0.994958442321054,0.6753523335176,0.32464766648239995,0.9950146607397454
27,5_6C_19PER_4_6C_NEWSTRUCTURE,150,26,176,0.994534804249632,0.9950166423878304,0.9949293294263376,0.6753523335176,0.32464766648239995,0.9949882964386281
27,5_6C_19PER_4_6C_NEWSTRUCTURE,150,27,177,0.994509013564219,0.9949916716367238,0.994900216531621,0.6753523335176,0.32464766648239995,0.9949619809502642
27,5_6C_19PER_4_6C_NEWSTRUCTURE,150,28,178,0.994429211950656,0.9949667725478886,0.9948711036369045,0.6753523335176,0.32464766648239995,0.9949357138591827
27,5_6C_19PER_4_6C_NEWSTRUCTURE,150,29,179,0.99444042529214,0.9949419445147916,0.9948419907421876,0.6753523335176,0.32464766648239995,0.9949094947557595
27,5_6C_19PER_4_6C_NEWSTRUCTURE,150,30,180,0.994539943697813,0.9949171869393876,0.9948128778474712,0.6753523335176,0.32464766648239995,0.994883323236104
27,5_6C_19PER_4_6C_NEWSTRUCTURE,150,31,181,0.994426502059797,0.9948924992319556,0.9947837649527546,0.6753523335176,0.32464766648239995,0.9948571989019463
27,5_6C_19PER_4_6C_NEWSTRUCTURE,150,32,182,0.994305771749818,0.9948678808109364,0.994754652058038,0.6753523335176,0.32464766648239995,0.9948311213605292
27,5_6C_19PER_4_6C_NEWSTRUCTURE,150,33,183,0.994320255649235,0.9948433311027758,0.9947255391633214,0.6753523335176,0.32464766648239995,0.9948050902245014
27,5_6C_19PER_4_6C_NEWSTRUCTURE,150,34,184,0.99421232723745,0.9948188495417718,0.9946964262686048,0.6753523335176,0.32464766648239995,0.9947791051118149
27,5_6C_19PER_4_6C_NEWSTRUCTURE,150,35,185,0.994225035691132,0.9947944355699244,0.994667313373888,0.6753523335176,0.32464766648239995,0.994753165645623
27,5_6C_19PER_4_6C_NEWSTRUCTURE,150,36,186,0.99428652218027,0.9947700886367908,0.9946382004791716,0.6753523335176,0.32464766648239995,0.994727271454183
27,5_6C_19PER_4_6C_NEWSTRUCTURE,150,37,187,0.994225222580156,0.9947458081993412,0.994609087584455,0.6753523335176,0.32464766648239995,0.9947014221707583
27,5_6C_19PER_4_6C_NEWSTRUCTURE,150,38,188,0.994124209062286,0.994721593721822,0.9945799746897384,0.6753523335176,0.32464766648239995,0.9946756174335265
27,5_6C_19PER_4_6C_NEWSTRUCTURE,150,39,189,0.994076085138417,0.9946974446756182,0.9945508617950218,0.6753523335176,0.32464766648239995,0.9946498568854862
27,5_6C_19PER_4_6C_NEWSTRUCTURE,150,40,190,0.994036838443222,0.994673360539123,0.9945217489003052,0.6753523335176,0.32464766648239995,0.9946241401743692
27,5_6C_19PER_4_6C_NEWSTRUCTURE,150,41,191,0.993975165065059,0.9946493407976068,0.9944926360055886,0.6753523335176,0.32464766648239995,0.9945984669525514
27,5_6C_19PER_4_6C_NEWSTRUCTURE,150,42,192,0.993952084270504,0.9946253849430926,0.994463523110872,0.6753523335176,0.32464766648239995,0.9945728368769696
27,5_6C_19PER_4_6C_NEWSTRUCTURE,150,43,193,0.993842941080058,0.9946014924742312,0.9944344102161554,0.6753523335176,0.32464766648239995,0.9945472496090363
27,5_6C_19PER_4_6C_NEWSTRUCTURE,150,44,194,0.993806871498284,0.994577662896182,0.9944052973214388,0.6753523335176,0.32464766648239995,0.9945217048145597
27,5_6C_19PER_4_6C_NEWSTRUCTURE,150,45,195,0.993845183748355,0.9945538957204948,0.9943761844267222,0.6753523335176,0.32464766648239995,0.994496202163664
27,5_6C_19PER_4_6C_NEWSTRUCTURE,150,46,196,0.993695579084053,0.9945301904649956,0.9943470715320056,0.6753523335176,0.32464766648239995,0.9944707413307117
27,5_6C_19PER_4_6C_NEWSTRUCTURE,150,47,197,0.993687729745014,0.9945065466536742,0.994317958637289,0.6753523335176,0.32464766648239995,0.9944453219942282
27,5_6C_19PER_4_6C_NEWSTRUCTURE,150,48,198,0.993673058956572,0.9944829638165738,0.9942888457425724,0.6753523335176,0.32464766648239995,0.9944199438368271
27,5_6C_19PER_4_6C_NEWSTRUCTURE,150,49,199,0.993545039974628,0.9944594414896846,0.9942597328478558,0.6753523335176,0.32464766648239995,0.9943946065451386
27,5_6C_19PER_4_6C_NEWSTRUCTURE,150,50,200,0.993470751587295,0.9944359792148392,0.9942306199531392,0.6753523335176,0.32464766648239995,0.9943693098097377
28,5_6C_36PER_4_3C_NEWSTRUCTURE,150,1,151,0.995834992783777,0.9955924088820292,0.9955613150380996,0.672004166773915,0.32799583322608505,0.9955822102307813
28,5_6C_36PER_4_3C_NEWSTRUCTURE,150,2,152,0.995800538914388,0.9955614036539522,0.9955276680338188,0.672004166773915,0.32799583322608505,0.9955503385111171
28,5_6C_36PER_4_3C_NEWSTRUCTURE,150,3,153,0.995796534816054,0.9955304633513072,0.995494021029538,0.672004166773915,0.32799583322608505,0.9955185104216139
28,5_6C_36PER_4_3C_NEWSTRUCTURE,150,4,154,0.995703043775876,0.9954995874151128,0.9954603740252572,0.672004166773915,0.32799583322608505,0.9954867255866335
28,5_6C_36PER_4_3C_NEWSTRUCTURE,150,5,155,0.99561132198845,0.9954687752947944,0.9954267270209762,0.672004166773915,0.32799583322608505,0.9954549836361877
28,5_6C_36PER_4_3C_NEWSTRUCTURE,150,6,156,0.995578823608946,0.9954380264480056,0.9953930800166954,0.672004166773915,0.32799583322608505,0.9954232842058175
28,5_6C_36PER_4_3C_NEWSTRUCTURE,150,7,157,0.995408044159059,0.9954073403404528,0.9953594330124144,0.672004166773915,0.32799583322608505,0.9953916269364752
28,5_6C_36PER_4_3C_NEWSTRUCTURE,150,8,158,0.995340346961639,0.9953767164457248,0.9953257860081336,0.672004166773915,0.32799583322608505,0.9953600114744104
28,5_6C_36PER_4_3C_NEWSTRUCTURE,150,9,159,0.995368748124243,0.9953461542451278,0.9952921390038528,0.672004166773915,0.32799583322608505,0.9953284374710589
28,5_6C_36PER_4_3C_NEWSTRUCTURE,150,10,160,0.995349193225401,0.9953156532275248,0.9952584919995718,0.672004166773915,0.32799583322608505,0.9952969045829342
28,5_6C_36PER_4_3C_NEWSTRUCTURE,150,11,161,0.995236519760644,0.9952852128891782,0.9952248449952912,0.672004166773915,0.32799583322608505,0.9952654124715226
28,5_6C_36PER_4_3C_NEWSTRUCTURE,150,12,162,0.995170498697411,0.9952548327335982,0.9951911979910102,0.672004166773915,0.32799583322608505,0.9952339608031809
28,5_6C_36PER_4_3C_NEWSTRUCTURE,150,13,163,0.995103453329953,0.995224512271394,0.9951575509867292,0.672004166773915,0.32799583322608505,0.9952025492490364
28,5_6C_36PER_4_3C_NEWSTRUCTURE,150,14,164,0.994985006514109,0.9951942510201296,0.9951239039824484,0.672004166773915,0.32799583322608505,0.9951711774848904
28,5_6C_36PER_4_3C_NEWSTRUCTURE,150,15,165,0.994968431409377,0.9951640485041828,0.9950902569781676,0.672004166773915,0.32799583322608505,0.9951398451911224
28,5_6C_36PER_4_3C_NEWSTRUCTURE,150,16,166,0.99491228091413,0.9951339042546096,0.9950566099738868,0.672004166773915,0.32799583322608505,0.9951085520526002
28,5_6C_36PER_4_3C_NEWSTRUCTURE,150,17,167,0.994889466865481,0.9951038178090088,0.995022962969606,0.672004166773915,0.32799583322608505,0.9950772977585884
28,5_6C_36PER_4_3C_NEWSTRUCTURE,150,18,168,0.994832757658839,0.9950737887113936,0.994989315965325,0.672004166773915,0.32799583322608505,0.995046082002662
28,5_6C_36PER_4_3C_NEWSTRUCTURE,150,19,169,0.994810595440151,0.9950438165120646,0.994955668961044,0.672004166773915,0.32799583322608505,0.9950149044826209
28,5_6C_36PER_4_3C_NEWSTRUCTURE,150,20,170,0.994678646432251,0.9950139007674864,0.9949220219567632,0.672004166773915,0.32799583322608505,0.9949837649004074
28,5_6C_36PER_4_3C_NEWSTRUCTURE,150,21,171,0.994682091819189,0.9949840410401668,0.9948883749524824,0.672004166773915,0.32799583322608505,0.9949526629620253
28,5_6C_36PER_4_3C_NEWSTRUCTURE,150,22,172,0.994501162445618,0.9949542368985416,0.9948547279482016,0.672004166773915,0.32799583322608505,0.9949215983774614
28,5_6C_36PER_4_3C_NEWSTRUCTURE,150,23,173,0.994483376799528,0.9949244879168572,0.9948210809439209,0.672004166773915,0.32799583322608505,0.9948905708606075
28,5_6C_36PER_4_3C_NEWSTRUCTURE,150,24,174,0.994600054362619,0.9948947936750624,0.99478743393964,0.672004166773915,0.32799583322608505,0.9948595801291876
28,5_6C_36PER_4_3C_NEWSTRUCTURE,150,25,175,0.994581989360831,0.9948651537586976,0.994753786935359,0.672004166773915,0.32799583322608505,0.9948286259046828
28,5_6C_36PER_4_3C_NEWSTRUCTURE,150,26,176,0.99465769475492,0.9948355677587898,0.994720139931078,0.672004166773915,0.32799583322608505,0.994797707912262
28,5_6C_36PER_4_3C_NEWSTRUCTURE,150,27,177,0.994701181125202,0.994806035271749,0.9946864929267972,0.672004166773915,0.32799583322608505,0.9947668258807107
28,5_6C_36PER_4_3C_NEWSTRUCTURE,150,28,178,0.994666168544418,0.9947765558992672,0.9946528459225163,0.672004166773915,0.32799583322608505,0.9947359795423644
28,5_6C_36PER_4_3C_NEWSTRUCTURE,150,29,179,0.994572305029976,0.9947471292482204,0.9946191989182356,0.672004166773915,0.32799583322608505,0.9947051686330421
28,5_6C_36PER_4_3C_NEWSTRUCTURE,150,30,180,0.994503583528331,0.9947177549305724,0.9945855519139548,0.672004166773915,0.32799583322608505,0.9946743928919819
28,5_6C_36PER_4_3C_NEWSTRUCTURE,150,31,181,0.994480676361116,0.9946884325632808,0.9945519049096738,0.672004166773915,0.32799583322608505,0.9946436520617775
28,5_6C_36PER_4_3C_NEWSTRUCTURE,150,32,182,0.994450785301458,0.9946591617682056,0.9945182579053928,0.672004166773915,0.32799583322608505,0.9946129458883175
28,5_6C_36PER_4_3C_NEWSTRUCTURE,150,33,183,0.994419590581877,0.9946299421720208,0.994484610901112,0.672004166773915,0.32799583322608505,0.9945822741207252
28,5_6C_36PER_4_3C_NEWSTRUCTURE,150,34,184,0.994340532919415,0.9946007734061256,0.9944509638968312,0.672004166773915,0.32799583322608505,0.9945516365112994
28,5_6C_36PER_4_3C_NEWSTRUCTURE,150,35,185,0.994385881661016,0.9945716551065604,0.9944173168925504,0.672004166773915,0.32799583322608505,0.9945210328154577
28,5_6C_36PER_4_3C_NEWSTRUCTURE,150,36,186,0.994328893098676,0.9945425869139236,0.9943836698882697,0.672004166773915,0.32799583322608505,0.9944904627916804
28,5_6C_36PER_4_3C_NEWSTRUCTURE,150,37,187,0.994309058844136,0.994513568473289,0.9943500228839888,0.672004166773915,0.32799583322608505,0.994459926201456
28,5_6C_36PER_4_3C_NEWSTRUCTURE,150,38,188,0.994157368700261,0.9944845994341288,0.9943163758797078,0.672004166773915,0.32799583322608505,0.9944294228092282
28,5_6C_36PER_4_3C_NEWSTRUCTURE,150,39,189,0.994153737076191,0.9944556794502334,0.9942827288754268,0.672004166773915,0.32799583322608505,0.9943989523823427
28,5_6C_36PER_4_3C_NEWSTRUCTURE,150,40,190,0.994184373084377,0.994426808179638,0.994249081871146,0.672004166773915,0.32799583322608505,0.994368514690998
28,5_6C_36PER_4_3C_NEWSTRUCTURE,150,41,191,0.994169380995264,0.9943979852845468,0.9942154348668653,0.672004166773915,0.32799583322608505,0.9943381095081936
28,5_6C_36PER_4_3C_NEWSTRUCTURE,150,42,192,0.994042646627055,0.9943692104312618,0.9941817878625844,0.672004166773915,0.32799583322608505,0.9943077366096831
28,5_6C_36PER_4_3C_NEWSTRUCTURE,150,43,193,0.993948317519783,0.9943404832901108,0.9941481408583036,0.672004166773915,0.32799583322608505,0.9942773957739255
28,5_6C_36PER_4_3C_NEWSTRUCTURE,150,44,194,0.993889745941823,0.9943118035353792,0.9941144938540226,0.672004166773915,0.32799583322608505,0.994247086782039
28,5_6C_36PER_4_3C_NEWSTRUCTURE,150,45,195,0.99393472220916,0.9942831708452422,0.9940808468497416,0.672004166773915,0.32799583322608505,0.9942168094177564
28,5_6C_36PER_4_3C_NEWSTRUCTURE,150,46,196,0.993845793978712,0.9942545849016988,0.9940471998454607,0.672004166773915,0.32799583322608505,0.9941865634673794
28,5_6C_36PER_4_3C_NEWSTRUCTURE,150,47,197,0.993793926937497,0.9942260453905064,0.99401355284118,0.672004166773915,0.32799583322608505,0.9941563487197358
28,5_6C_36PER_4_3C_NEWSTRUCTURE,150,48,198,0.993654714681455,0.994197552001118,0.9939799058368992,0.672004166773915,0.32799583322608505,0.9941261649661366
28,5_6C_36PER_4_3C_NEWSTRUCTURE,150,49,199,0.993601916454582,0.9941691044266204,0.9939462588326184,0.672004166773915,0.32799583322608505,0.994096012000335
28,5_6C_36PER_4_3C_NEWSTRUCTURE,150,50,200,0.993482445334513,0.994140702363674,0.9939126118283376,0.672004166773915,0.32799583322608505,0.9940658896184853
29,5C_67PER_4C_NEWSTRUCTURE,150,1,151,0.997063881662475,0.9970729491346704,0.9970951517472272,0.6647318131711956,0.33526818682880444,0.9970803929643252
29,5C_67PER_4C_NEWSTRUCTURE,150,2,152,0.997065941373691,0.9970421220287172,0.9970664256384796,0.6647318131711956,0.33526818682880444,0.9970502702558957
29,5C_67PER_4C_NEWSTRUCTURE,150,3,153,0.997016508304522,0.9970112297857924,0.997037699529732,0.6647318131711956,0.33526818682880444,0.9970201042488489
29,5C_67PER_4C_NEWSTRUCTURE,150,4,154,0.997012763375039,0.996980272695347,0.9970089734209844,0.6647318131711956,0.33526818682880444,0.9969898951355921
29,5C_67PER_4C_NEWSTRUCTURE,150,5,155,0.996895640705474,0.9969492510436724,0.9969802473122368,0.6647318131711956,0.33526818682880444,0.9969596431064325
29,5C_67PER_4C_NEWSTRUCTURE,150,6,156,0.996782543835102,0.9969181651139556,0.9969515212034892,0.6647318131711956,0.33526818682880444,0.9969293483496132
29,5C_67PER_4C_NEWSTRUCTURE,150,7,157,0.99663471274378,0.9968870151863322,0.9969227950947416,0.6647318131711956,0.33526818682880444,0.9968990110513495
29,5C_67PER_4C_NEWSTRUCTURE,150,8,158,0.996719441773322,0.996855801537938,0.9968940689859938,0.6647318131711956,0.33526818682880444,0.9968686313958621
29,5C_67PER_4C_NEWSTRUCTURE,150,9,159,0.996575261988245,0.9968245244429612,0.9968653428772462,0.6647318131711956,0.33526818682880444,0.9968382095654131
29,5C_67PER_4C_NEWSTRUCTURE,150,10,160,0.996504482821026,0.9967931841726908,0.9968366167684984,0.6647318131711956,0.33526818682880444,0.9968077457403366
29,5C_67PER_4C_NEWSTRUCTURE,150,11,161,0.996430801333457,0.9967617809955658,0.9968078906597508,0.6647318131711956,0.33526818682880444,0.9967772400990723
29,5C_67PER_4C_NEWSTRUCTURE,150,12,162,0.996404961320028,0.996730315177223,0.9967791645510032,0.6647318131711956,0.33526818682880444,0.996746692818198
29,5C_67PER_4C_NEWSTRUCTURE,150,13,163,0.996415915238764,0.9966987869805428,0.9967504384422556,0.6647318131711956,0.33526818682880444,0.9967161040724584
29,5C_67PER_4C_NEWSTRUCTURE,150,14,164,0.996335867371075,0.9966671966656944,0.996721712333508,0.6647318131711956,0.33526818682880444,0.996685474034796
29,5C_67PER_4C_NEWSTRUCTURE,150,15,165,0.996297107350931,0.9966355444901814,0.9966929862247602,0.6647318131711956,0.33526818682880444,0.996654802876382
29,5C_67PER_4C_NEWSTRUCTURE,150,16,166,0.996291209086997,0.9966038307088836,0.9966642601160126,0.6647318131711956,0.33526818682880444,0.9966240907666428
29,5C_67PER_4C_NEWSTRUCTURE,150,17,167,0.996259845302581,0.9965720555741,0.9966355340072648,0.6647318131711956,0.33526818682880444,0.9965933378732899
29,5C_67PER_4C_NEWSTRUCTURE,150,18,168,0.996261062404662,0.9965402193355904,0.9966068078985172,0.6647318131711956,0.33526818682880444,0.9965625443623464
29,5C_67PER_4C_NEWSTRUCTURE,150,19,169,0.996379683046021,0.996508322240616,0.9965780817897696,0.6647318131711956,0.33526818682880444,0.9965317103981748
29,5C_67PER_4C_NEWSTRUCTURE,150,20,170,0.996330249976852,0.9964763645339786,0.996549355681022,0.6647318131711956,0.33526818682880444,0.9965008361435024
29,5C_67PER_4C_NEWSTRUCTURE,150,21,171,0.996314895765973,0.9964443464580598,0.9965206295722744,0.6647318131711956,0.33526818682880444,0.9964699217594482
29,5C_67PER_4C_NEWSTRUCTURE,150,22,172,0.996343918969463,0.9964122682528588,0.9964919034635268,0.6647318131711956,0.33526818682880444,0.9964389674055472
29,5C_67PER_4C_NEWSTRUCTURE,150,23,173,0.996374814637694,0.9963801301560294,0.9964631773547792,0.6647318131711956,0.33526818682880444,0.9964079732397755
29,5C_67PER_4C_NEWSTRUCTURE,150,24,174,0.996243180366383,0.9963479324029167,0.9964344512460316,0.6647318131711956,0.33526818682880444,0.9963769394185744
29,5C_67PER_4C_NEWSTRUCTURE,150,25,175,0.996270237481895,0.9963156752265924,0.9964057251372838,0.6647318131711956,0.33526818682880444,0.996345866096874
29,5C_67PER_4C_NEWSTRUCTURE,150,26,176,0.996208727015144,0.99628335885789,0.9963769990285362,0.6647318131711956,0.33526818682880444,0.9963147534281169
29,5C_67PER_4C_NEWSTRUCTURE,150,27,177,0.99611866146109,0.9962509835254376,0.9963482729197884,0.6647318131711956,0.33526818682880444,0.9962836015642793
29,5C_67PER_4C_NEWSTRUCTURE,150,28,178,0.996169873371763,0.996218549455694,0.9963195468110408,0.6647318131711956,0.33526818682880444,0.9962524106558956
29,5C_67PER_4C_NEWSTRUCTURE,150,29,179,0.996109767253569,0.9961860568729785,0.9962908207022932,0.6647318131711956,0.33526818682880444,0.9962211808520781
29,5C_67PER_4C_NEWSTRUCTURE,150,30,180,0.996053499688094,0.9961535059995044,0.9962620945935456,0.6647318131711956,0.33526818682880444,0.9961899123005389
29,5C_67PER_4C_NEWSTRUCTURE,150,31,181,0.995980754432897,0.9961208970554104,0.996233368484798,0.6647318131711956,0.33526818682880444,0.9961586051476112
29,5C_67PER_4C_NEWSTRUCTURE,150,32,182,0.99590126830463,0.9960882302587908,0.9962046423760502,0.6647318131711956,0.33526818682880444,0.9961272595382692
29,5C_67PER_4C_NEWSTRUCTURE,150,33,183,0.995898459607518,0.9960555058257264,0.9961759162673026,0.6647318131711956,0.33526818682880444,0.996095875616149
29,5C_67PER_4C_NEWSTRUCTURE,150,34,184,0.99580118506421,0.9960227239703132,0.9961471901585548,0.6647318131711956,0.33526818682880444,0.9960644535235665
29,5C_67PER_4C_NEWSTRUCTURE,150,35,185,0.995789014043392,0.9959898849046912,0.9961184640498072,0.6647318131711956,0.33526818682880444,0.9960329934015382
29,5C_67PER_4C_NEWSTRUCTURE,150,36,186,0.99576645084326,0.995956988839074,0.9960897379410596,0.6647318131711956,0.33526818682880444,0.9960014953897999
29,5C_67PER_4C_NEWSTRUCTURE,150,37,187,0.99570653197154,0.9959240359817756,0.996061011832312,0.6647318131711956,0.33526818682880444,0.9959699596268243
29,5C_67PER_4C_NEWSTRUCTURE,150,38,188,0.995735648798266,0.995891026539237,0.9960322857235644,0.6647318131711956,0.33526818682880444,0.9959383862498393
29,5C_67PER_4C_NEWSTRUCTURE,150,39,189,0.995610942646499,0.9958579607160548,0.9960035596148168,0.6647318131711956,0.33526818682880444,0.9959067753948471
29,5C_67PER_4C_NEWSTRUCTURE,150,40,190,0.995561884070278,0.9958248387150058,0.9959748335060692,0.6647318131711956,0.33526818682880444,0.9958751271966395
29,5C_67PER_4C_NEWSTRUCTURE,150,41,191,0.995509642303997,0.995791660737073,0.9959461073973214,0.6647318131711956,0.33526818682880444,0.9958434417888162
29,5C_67PER_4C_NEWSTRUCTURE,150,42,192,0.99546554575934,0.9957584269814714,0.9959173812885738,0.6647318131711956,0.33526818682880444,0.9958117193038023
29,5C_67PER_4C_NEWSTRUCTURE,150,43,193,0.99532052336513,0.995725137645672,0.9958886551798262,0.6647318131711956,0.33526818682880444,0.9957799598728627
29,5C_67PER_4C_NEWSTRUCTURE,150,44,194,0.995256578694216,0.995691792925426,0.9958599290710785,0.6647318131711956,0.33526818682880444,0.9957481636261193
29,5C_67PER_4C_NEWSTRUCTURE,150,45,195,0.995252740141497,0.9956583930147892,0.9958312029623309,0.6647318131711956,0.33526818682880444,0.9957163306925674
29,5C_67PER_4C_NEWSTRUCTURE,150,46,196,0.995208362727129,0.9956249381061452,0.9958024768535833,0.6647318131711956,0.33526818682880444,0.9956844612000906
29,5C_67PER_4C_NEWSTRUCTURE,150,47,197,0.995031133939369,0.9955914283902276,0.9957737507448357,0.6647318131711956,0.33526818682880444,0.9956525552754754
29,5C_67PER_4C_NEWSTRUCTURE,150,48,198,0.995167355749295,0.995557864056143,0.995745024636088,0.6647318131711956,0.33526818682880444,0.995620613044427
29,5C_67PER_4C_NEWSTRUCTURE,150,49,199,0.995264349422892,0.9955242452913928,0.9957162985273402,0.6647318131711956,0.33526818682880444,0.9955886346315836
29,5C_67PER_4C_NEWSTRUCTURE,150,50,200,0.995218754906443,0.9954905722818956,0.9956875724185926,0.6647318131711956,0.33526818682880444,0.995556620160531
30,3_7C_31PER_5_9C_NEWSTRUCTURE,150,1,151,0.978599260201702,0.9785851335976148,0.9785801514411078,0.668998462245141,0.33100153775485897,0.9785834844961496
30,3_7C_31PER_5_9C_NEWSTRUCTURE,150,2,152,0.978481172441161,0.9784401575874356,0.9784329647416672,0.668998462245141,0.33100153775485897,0.9784377767444254
30,3_7C_31PER_5_9C_NEWSTRUCTURE,150,3,153,0.978404911327975,0.9782953048179246,0.9782857780422268,0.668998462245141,0.33100153775485897,0.9782921514405188
30,3_7C_31PER_5_9C_NEWSTRUCTURE,150,4,154,0.978238540457737,0.9781505743798354,0.978138591342786,0.668998462245141,0.33100153775485897,0.9781466079761452
30,3_7C_31PER_5_9C_NEWSTRUCTURE,150,5,155,0.978232083995394,0.9780059653764884,0.9779914046433456,0.668998462245141,0.33100153775485897,0.9780011457514273
30,3_7C_31PER_5_9C_NEWSTRUCTURE,150,6,156,0.978045127303191,0.9778614769235175,0.9778442179439052,0.668998462245141,0.33100153775485897,0.9778557641747259
30,3_7C_31PER_5_9C_NEWSTRUCTURE,150,7,157,0.977882312165837,0.977717108148622,0.9776970312444646,0.668998462245141,0.33100153775485897,0.9777104626624725
30,3_7C_31PER_5_9C_NEWSTRUCTURE,150,8,158,0.977775733751213,0.9775728581913268,0.977549844545024,0.668998462245141,0.33100153775485897,0.9775652406390112
30,3_7C_31PER_5_9C_NEWSTRUCTURE,150,9,159,0.977571185538423,0.9774287262027492,0.9774026578455834,0.668998462245141,0.33100153775485897,0.9774200975364405
30,3_7C_31PER_5_9C_NEWSTRUCTURE,150,10,160,0.977488187247139,0.9772847113453692,0.977255471146143,0.668998462245141,0.33100153775485897,0.977275032794461
30,3_7C_31PER_5_9C_NEWSTRUCTURE,150,11,161,0.977483321507402,0.9771408127928088,0.9771082844467024,0.668998462245141,0.33100153775485897,0.977130045860227
30,3_7C_31PER_5_9C_NEWSTRUCTURE,150,12,162,0.977394802472956,0.9769970297296142,0.976961097747262,0.668998462245141,0.33100153775485897,0.9769851361882012
30,3_7C_31PER_5_9C_NEWSTRUCTURE,150,13,163,0.977193248561542,0.976853361351046,0.9768139110478212,0.668998462245141,0.33100153775485897,0.9768403032400137
30,3_7C_31PER_5_9C_NEWSTRUCTURE,150,14,164,0.976985238187785,0.9767098068628728,0.9766667243483808,0.668998462245141,0.33100153775485897,0.9766955464843257
30,3_7C_31PER_5_9C_NEWSTRUCTURE,150,15,165,0.976890169119077,0.9765663654811716,0.9765195376489404,0.668998462245141,0.33100153775485897,0.9765508653966934
30,3_7C_31PER_5_9C_NEWSTRUCTURE,150,16,166,0.976722862529659,0.9764230364321312,0.9763723509494996,0.668998462245141,0.33100153775485897,0.9764062594594383
30,3_7C_31PER_5_9C_NEWSTRUCTURE,150,17,167,0.976460299727696,0.9762798189518628,0.9762251642500592,0.668998462245141,0.33100153775485897,0.9762617281615202
30,3_7C_31PER_5_9C_NEWSTRUCTURE,150,18,168,0.976282045223869,0.9761367122862138,0.9760779775506186,0.668998462245141,0.33100153775485897,0.9761172709984122
30,3_7C_31PER_5_9C_NEWSTRUCTURE,150,19,169,0.976045963274706,0.9759937156905856,0.9759307908511782,0.668998462245141,0.33100153775485897,0.9759728874719787
30,3_7C_31PER_5_9C_NEWSTRUCTURE,150,20,170,0.975882586705844,0.9758508284297585,0.9757836041517376,0.668998462245141,0.33100153775485897,0.9758285770903592
30,3_7C_31PER_5_9C_NEWSTRUCTURE,150,21,171,0.975652025499845,0.9757080497777172,0.975636417452297,0.668998462245141,0.33100153775485897,0.9756843393678502
30,3_7C_31PER_5_9C_NEWSTRUCTURE,150,22,172,0.975433909358942,0.9755653790174844,0.9754892307528564,0.668998462245141,0.33100153775485897,0.9755401738247953
30,3_7C_31PER_5_9C_NEWSTRUCTURE,150,23,173,0.975253689844836,0.975422815440954,0.975342044053416,0.668998462245141,0.33100153775485897,0.9753960799874722
30,3_7C_31PER_5_9C_NEWSTRUCTURE,150,24,174,0.975026871515557,0.9752803583487336,0.9751948573539756,0.668998462245141,0.33100153775485897,0.9752520573879893
30,3_7C_31PER_5_9C_NEWSTRUCTURE,150,25,175,0.974903075868018,0.9751380070499855,0.9750476706545348,0.668998462245141,0.33100153775485897,0.975108105564176
30,3_7C_31PER_5_9C_NEWSTRUCTURE,150,26,176,0.974764870145103,0.9749957608622748,0.9749004839550944,0.668998462245141,0.33100153775485897,0.9749642240594856
30,3_7C_31PER_5_9C_NEWSTRUCTURE,150,27,177,0.97459447568239,0.9748536191114195,0.9747532972556538,0.668998462245141,0.33100153775485897,0.9748204124228907
30,3_7C_31PER_5_9C_NEWSTRUCTURE,150,28,178,0.974371306657913,0.9747115811313456,0.9746061105562132,0.668998462245141,0.33100153775485897,0.9746766702087889
30,3_7C_31PER_5_9C_NEWSTRUCTURE,150,29,179,0.9743058063153,0.9745696462639436,0.9744589238567728,0.668998462245141,0.33100153775485897,0.9745329969769061
30,3_7C_31PER_5_9C_NEWSTRUCTURE,150,30,180,0.974080765852463,0.9744278138589302,0.9743117371573322,0.668998462245141,0.33100153775485897,0.9743893922922038
30,3_7C_31PER_5_9C_NEWSTRUCTURE,150,31,181,0.973997486845426,0.9742860832737112,0.9741645504578916,0.668998462245141,0.33100153775485897,0.9742458557247873
30,3_7C_31PER_5_9C_NEWSTRUCTURE,150,32,182,0.973808471571027,0.9741444538732495,0.9740173637584512,0.668998462245141,0.33100153775485897,0.9741023868498179
30,3_7C_31PER_5_9C_NEWSTRUCTURE,150,33,183,0.973851701797152,0.9740029250299352,0.9738701770590108,0.668998462245141,0.33100153775485897,0.9739589852474254
30,3_7C_31PER_5_9C_NEWSTRUCTURE,150,34,184,0.973731742598251,0.973861496123458,0.97372299035957,0.668998462245141,0.33100153775485897,0.9738156505026231
30,3_7C_31PER_5_9C_NEWSTRUCTURE,150,35,185,0.973544598762212,0.9737201665406836,0.9735758036601296,0.668998462245141,0.33100153775485897,0.9736723822052255
30,3_7C_31PER_5_9C_NEWSTRUCTURE,150,36,186,0.973437271772244,0.9735789356755322,0.973428616960689,0.668998462245141,0.33100153775485897,0.9735291799497658
30,3_7C_31PER_5_9C_NEWSTRUCTURE,150,37,187,0.973432312460589,0.97343780292886,0.9732814302612484,0.668998462245141,0.33100153775485897,0.9733860433354177
30,3_7C_31PER_5_9C_NEWSTRUCTURE,150,38,188,0.973229542114241,0.9732967677083432,0.973134243561808,0.668998462245141,0.33100153775485897,0.9732429719659177
30,3_7C_31PER_5_9C_NEWSTRUCTURE,150,39,189,0.973041275415186,0.9731558294283638,0.9729870568623674,0.668998462245141,0.33100153775485897,0.9730999654494881
30,3_7C_31PER_5_9C_NEWSTRUCTURE,150,40,190,0.972945925630724,0.9730149875098998,0.9728398701629268,0.668998462245141,0.33100153775485897,0.9729570233987642
30,3_7C_31PER_5_9C_NEWSTRUCTURE,150,41,191,0.972768138986487,0.9728742413804156,0.9726926834634864,0.668998462245141,0.33100153775485897,0.9728141454307204
30,3_7C_31PER_5_9C_NEWSTRUCTURE,150,42,192,0.972739318835737,0.9727335904737564,0.9725454967640458,0.668998462245141,0.33100153775485897,0.9726713311666002
30,3_7C_31PER_5_9C_NEWSTRUCTURE,150,43,193,0.972686918561646,0.9725930342300436,0.9723983100646052,0.668998462245141,0.33100153775485897,0.9725285802318455
30,3_7C_31PER_5_9C_NEWSTRUCTURE,150,44,194,0.972470486715267,0.9724525720955742,0.9722511233651648,0.668998462245141,0.33100153775485897,0.97238589225603
30,3_7C_31PER_5_9C_NEWSTRUCTURE,150,45,195,0.972184905221472,0.9723122035227196,0.9721039366657244,0.668998462245141,0.33100153775485897,0.9722432668727908
30,3_7C_31PER_5_9C_NEWSTRUCTURE,150,46,196,0.972108644108286,0.9721719279698297,0.9719567499662836,0.668998462245141,0.33100153775485897,0.9721007037197649
30,3_7C_31PER_5_9C_NEWSTRUCTURE,150,47,197,0.971765515884909,0.9720317449011362,0.9718095632668432,0.668998462245141,0.33100153775485897,0.9719582024385244
30,3_7C_31PER_5_9C_NEWSTRUCTURE,150,48,198,0.971731642850586,0.9718916537866604,0.9716623765674026,0.668998462245141,0.33100153775485897,0.9718157626745139
30,3_7C_31PER_5_9C_NEWSTRUCTURE,150,49,199,0.971585577086558,0.9717516541021204,0.971515189867962,0.668998462245141,0.33100153775485897,0.97167338407699
30,3_7C_31PER_5_9C_NEWSTRUCTURE,150,50,200,0.971521106035042,0.9716117453288434,0.9713680031685216,0.668998462245141,0.33100153775485897,0.9715310662989611
31,5C_67PER_4C_NEWSTRUCTURE,150,1,151,0.997455592744144,0.997420033575816,0.9975268176249482,0.6742457940476667,0.3257542059523333,0.9974548189289494
31,5C_67PER_4C_NEWSTRUCTURE,150,2,152,0.997411069184759,0.9973791389200638,0.9974967810681404,0.6742457940476667,0.3257542059523333,0.997417461344597
31,5C_67PER_4C_NEWSTRUCTURE,150,3,153,0.997523519712949,0.9973378837573036,0.9974667445113328,0.6742457940476667,0.3257542059523333,0.9973798606899107
31,5C_67PER_4C_NEWSTRUCTURE,150,4,154,0.997491458944759,0.9972962672969002,0.9974367079545248,0.6742457940476667,0.3257542059523333,0.9973420164318082
31,5C_67PER_4C_NEWSTRUCTURE,150,5,155,0.997454260842795,0.9972542887516528,0.9974066713977172,0.6742457940476667,0.3257542059523333,0.9973039280395224
31,5C_67PER_4C_NEWSTRUCTURE,150,6,156,0.997303470582913,0.9972119473377572,0.9973766348409092,0.6742457940476667,0.3257542059523333,0.9972655949845768
31,5C_67PER_4C_NEWSTRUCTURE,150,7,157,0.99716989990476,0.9971692422747684,0.9973465982841014,0.6742457940476667,0.3257542059523333,0.9972270167407596
31,5C_67PER_4C_NEWSTRUCTURE,150,8,158,0.997133272617659,0.9971261727855674,0.9973165617272935,0.6742457940476667,0.3257542059523333,0.9971881927841015
31,5C_67PER_4C_NEWSTRUCTURE,150,9,159,0.997142500791292,0.9970827380963232,0.997286525170486,0.6742457940476667,0.3257542059523333,0.9971491225928505
31,5C_67PER_4C_NEWSTRUCTURE,150,10,160,0.997174181016239,0.99703893743646,0.997256488613678,0.6742457940476667,0.3257542059523333,0.9971098056474486
31,5C_67PER_4C_NEWSTRUCTURE,150,11,161,0.99711300868999,0.9969947700386228,0.9972264520568704,0.6742457940476667,0.3257542059523333,0.9970702414305105
31,5C_67PER_4C_NEWSTRUCTURE,150,12,162,0.997151633829115,0.9969502351386436,0.9971964155000624,0.6742457940476667,0.3257542059523333,0.9970304294267986
31,5C_67PER_4C_NEWSTRUCTURE,150,13,163,0.997102163207576,0.996905331975508,0.9971663789432548,0.6742457940476667,0.3257542059523333,0.9969903691232027
31,5C_67PER_4C_NEWSTRUCTURE,150,14,164,0.997050980141446,0.9968600597913244,0.9971363423864468,0.6742457940476667,0.3257542059523333,0.9969500600087169
31,5C_67PER_4C_NEWSTRUCTURE,150,15,165,0.996967926578748,0.996814417831291,0.9971063058296392,0.6742457940476667,0.3257542059523333,0.99690950157442
31,5C_67PER_4C_NEWSTRUCTURE,150,16,166,0.996973729863198,0.996768405343664,0.9970762692728312,0.6742457940476667,0.3257542059523333,0.9968686933134512
31,5C_67PER_4C_NEWSTRUCTURE,150,17,167,0.996860613384334,0.9967220215797286,0.9970462327160234,0.6742457940476667,0.3257542059523333,0.9968276347209932
31,5C_67PER_4C_NEWSTRUCTURE,150,18,168,0.996871268595127,0.9966752657937664,0.9970161961592156,0.6742457940476667,0.3257542059523333,0.9967863252942483
31,5C_67PER_4C_NEWSTRUCTURE,150,19,169,0.996781840933115,0.9966281372430276,0.996986159602408,0.6742457940476667,0.3257542059523333,0.9967447645324208
31,5C_67PER_4C_NEWSTRUCTURE,150,20,170,0.996683470504902,0.9965806351877003,0.9969561230456,0.6742457940476667,0.3257542059523333,0.9967029519366952
31,5C_67PER_4C_NEWSTRUCTURE,150,21,171,0.996592235262488,0.9965327588908824,0.9969260864887924,0.6742457940476667,0.3257542059523333,0.9966608870102187
31,5C_67PER_4C_NEWSTRUCTURE,150,22,172,0.996590998496949,0.9964845076185522,0.9968960499319844,0.6742457940476667,0.3257542059523333,0.9966185692580801
31,5C_67PER_4C_NEWSTRUCTURE,150,23,173,0.996511940638299,0.9964358806395414,0.9968660133751768,0.6742457940476667,0.3257542059523333,0.9965759981872924
31,5C_67PER_4C_NEWSTRUCTURE,150,24,174,0.996551326863908,0.9963868772255068,0.9968359768183688,0.6742457940476667,0.3257542059523333,0.996533173306773
31,5C_67PER_4C_NEWSTRUCTURE,150,25,175,0.996509657378843,0.996337496650904,0.9968059402615612,0.6742457940476667,0.3257542059523333,0.996490094127327
31,5C_67PER_4C_NEWSTRUCTURE,150,26,176,0.996458474312713,0.9962877381929588,0.9967759037047532,0.6742457940476667,0.3257542059523333,0.9964467601616267
31,5C_67PER_4C_NEWSTRUCTURE,150,27,177,0.996405864209423,0.996237601131644,0.9967458671479456,0.6742457940476667,0.3257542059523333,0.9964031709241967
31,5C_67PER_4C_NEWSTRUCTURE,150,28,178,0.996405769073612,0.99618708474965,0.9967158305911376,0.6742457940476667,0.3257542059523333,0.9963593259313944
31,5C_67PER_4C_NEWSTRUCTURE,150,29,179,0.996375230478393,0.9961361883323618,0.99668579403433,0.6742457940476667,0.3257542059523333,0.9963152247013933
31,5C_67PER_4C_NEWSTRUCTURE,150,30,180,0.996442491496523,0.9960849111678324,0.996655757477522,0.6742457940476667,0.3257542059523333,0.9962708667541662
31,5C_67PER_4C_NEWSTRUCTURE,150,31,181,0.99633089719063,0.9960332525467588,0.9966257209207144,0.6742457940476667,0.3257542059523333,0.9962262516114686
31,5C_67PER_4C_NEWSTRUCTURE,150,32,182,0.996245274961044,0.995981211762457,0.9965956843639066,0.6742457940476667,0.3257542059523333,0.9961813787968217
31,5C_67PER_4C_NEWSTRUCTURE,150,33,183,0.996232812169849,0.9959287881108388,0.9965656478070988,0.6742457940476667,0.3257542059523333,0.996136247835497
31,5C_67PER_4C_NEWSTRUCTURE,150,34,184,0.996264206987364,0.9958759808903868,0.9965356112502908,0.6742457940476667,0.3257542059523333,0.9960908582544994
31,5C_67PER_4C_NEWSTRUCTURE,150,35,185,0.996140054754465,0.9958227894021324,0.9965055746934832,0.6742457940476667,0.3257542059523333,0.9960452095825524
31,5C_67PER_4C_NEWSTRUCTURE,150,36,186,0.996179250708453,0.9957692129496314,0.9964755381366752,0.6742457940476667,0.3257542059523333,0.995999301350081
31,5C_67PER_4C_NEWSTRUCTURE,150,37,187,0.996135488235553,0.9957152508389427,0.9964455015798676,0.6742457940476667,0.3257542059523333,0.9959531330891989
31,5C_67PER_4C_NEWSTRUCTURE,150,38,188,0.996135202828121,0.9956609023786052,0.9964154650230596,0.6742457940476667,0.3257542059523333,0.9959067043336908
31,5C_67PER_4C_NEWSTRUCTURE,150,39,189,0.996010384644547,0.9956061668796152,0.996385428466252,0.6742457940476667,0.3257542059523333,0.9958600146189993
31,5C_67PER_4C_NEWSTRUCTURE,150,40,190,0.996041684326252,0.9955510436554056,0.996355391909444,0.6742457940476667,0.3257542059523333,0.9958130634822091
31,5C_67PER_4C_NEWSTRUCTURE,150,41,191,0.996027889633707,0.9954955320218244,0.9963253553526364,0.6742457940476667,0.3257542059523333,0.9957658504620339
31,5C_67PER_4C_NEWSTRUCTURE,150,42,192,0.995809457812453,0.9954396312971128,0.9962953187958286,0.6742457940476667,0.3257542059523333,0.9957183750988002
31,5C_67PER_4C_NEWSTRUCTURE,150,43,193,0.995826201715128,0.9953833408018852,0.9962652822390208,0.6742457940476667,0.3257542059523333,0.9956706369344358
31,5C_67PER_4C_NEWSTRUCTURE,150,44,194,0.995782629513849,0.995326659859108,0.9962352456822128,0.6742457940476667,0.3257542059523333,0.995622635512453
31,5C_67PER_4C_NEWSTRUCTURE,150,45,195,0.995744384917968,0.9952695877940796,0.9962052091254052,0.6742457940476667,0.3257542059523333,0.9955743703779376
31,5C_67PER_4C_NEWSTRUCTURE,150,46,196,0.995679692566725,0.9952121239344108,0.9961751725685972,0.6742457940476667,0.3257542059523333,0.9955258410775337
31,5C_67PER_4C_NEWSTRUCTURE,150,47,197,0.995386769405731,0.9951542676100046,0.9961451360117896,0.6742457940476667,0.3257542059523333,0.9954770471594314
31,5C_67PER_4C_NEWSTRUCTURE,150,48,198,0.995495890180548,0.9950960181530362,0.9961150994549818,0.6742457940476667,0.3257542059523333,0.9954279881733523
31,5C_67PER_4C_NEWSTRUCTURE,150,49,199,0.995356135674702,0.9950373748979352,0.996085062898174,0.6742457940476667,0.3257542059523333,0.9953786636705387
31,5C_67PER_4C_NEWSTRUCTURE,150,50,200,0.995277553495104,0.9949783371813656,0.996055026341366,0.6742457940476667,0.3257542059523333,0.995329073203739
32,5_3C_54PER_4C_NEWSTRUCTURE,150,1,151,0.99763663095318,0.997429704452792,0.9975167378818915,0.7032412175318195,0.29675878246818055,0.9974555323872456
32,5_3C_54PER_4C_NEWSTRUCTURE,150,2,152,0.997650990806409,0.9973878000021854,0.9974855828514084,0.7032412175318195,0.29675878246818055,0.9974168179214671
32,5_3C_54PER_4C_NEWSTRUCTURE,150,3,153,0.997486931829647,0.997345485782455,0.9974544278209252,0.7032412175318195,0.29675878246818055,0.997377815289151
32,5_3C_54PER_4C_NEWSTRUCTURE,150,4,154,0.997509457089614,0.9973027605041328,0.9974232727904422,0.7032412175318195,0.29675878246818055,0.9973385235834904
32,5_3C_54PER_4C_NEWSTRUCTURE,150,5,155,0.997416540392249,0.9972596228821334,0.9973921177599592,0.7032412175318195,0.29675878246818055,0.9972989419007603
32,5_3C_54PER_4C_NEWSTRUCTURE,150,6,156,0.997315833709145,0.9972160716357108,0.997360962729476,0.7032412175318195,0.29675878246818055,0.9972590693402871
32,5_3C_54PER_4C_NEWSTRUCTURE,150,7,157,0.997339485232111,0.9971721054884156,0.9973298076989928,0.7032412175318195,0.29675878246818055,0.9972189050044191
32,5_3C_54PER_4C_NEWSTRUCTURE,150,8,158,0.997481206659405,0.9971277231680528,0.9972986526685096,0.7032412175318195,0.29675878246818055,0.9971784479984962
32,5_3C_54PER_4C_NEWSTRUCTURE,150,9,159,0.997371677582814,0.997082923406642,0.9972674976380266,0.7032412175318195,0.29675878246818055,0.9971376974308226
32,5_3C_54PER_4C_NEWSTRUCTURE,150,10,160,0.997317335393143,0.9970377049403758,0.9972363426075436,0.7032412175318195,0.29675878246818055,0.9970966524126368
32,5_3C_54PER_4C_NEWSTRUCTURE,150,11,161,0.997184717925086,0.9969920665095796,0.9972051875770604,0.7032412175318195,0.29675878246818055,0.9970553120580835
32,5_3C_54PER_4C_NEWSTRUCTURE,150,12,162,0.997076972098242,0.996946006858674,0.9971740325465772,0.7032412175318195,0.29675878246818055,0.9970136754841876
32,5_3C_54PER_4C_NEWSTRUCTURE,150,13,163,0.99711310636944,0.996899524736134,0.9971428775160942,0.7032412175318195,0.29675878246818055,0.9969717418108253
32,5_3C_54PER_4C_NEWSTRUCTURE,150,14,164,0.997033047841306,0.9968526188944532,0.9971117224856112,0.7032412175318195,0.29675878246818055,0.9969295101606983
32,5_3C_54PER_4C_NEWSTRUCTURE,150,15,165,0.997055009969774,0.9968052880901048,0.997080567455128,0.7032412175318195,0.29675878246818055,0.9968869796593077
32,5_3C_54PER_4C_NEWSTRUCTURE,150,16,166,0.996922767922716,0.9967575310835056,0.9970494124246448,0.7032412175318195,0.29675878246818055,0.9968441494349273
32,5_3C_54PER_4C_NEWSTRUCTURE,150,17,167,0.996782642034669,0.9967093466389784,0.9970182573941616,0.7032412175318195,0.29675878246818055,0.9968010186185778
32,5_3C_54PER_4C_NEWSTRUCTURE,150,18,168,0.996875277166285,0.9966607335247188,0.9969871023636786,0.7032412175318195,0.29675878246818055,0.9967575863440041
32,5_3C_54PER_4C_NEWSTRUCTURE,150,19,169,0.996837922776839,0.996611690512757,0.9969559473331956,0.7032412175318195,0.29675878246818055,0.9967138517476468
32,5_3C_54PER_4C_NEWSTRUCTURE,150,20,170,0.996809953912379,0.9965622163789256,0.9969247923027124,0.7032412175318195,0.29675878246818055,0.9966698139686209
32,5_3C_54PER_4C_NEWSTRUCTURE,150,21,171,0.996956180391667,0.9965123099028236,0.9968936372722292,0.7032412175318195,0.29675878246818055,0.9966254721486902
32,5_3C_54PER_4C_NEWSTRUCTURE,150,22,172,0.997049472510032,0.9964619698677843,0.996862482241746,0.7032412175318195,0.29675878246818055,0.9965808254322447
32,5_3C_54PER_4C_NEWSTRUCTURE,150,23,173,0.996879594507778,0.9964111950608412,0.996831327211263,0.7032412175318195,0.29675878246818055,0.9965358729662761
32,5_3C_54PER_4C_NEWSTRUCTURE,150,24,174,0.9969340305527,0.9963599842726948,0.99680017218078,0.7032412175318195,0.29675878246818055,0.9964906139003553
32,5_3C_54PER_4C_NEWSTRUCTURE,150,25,175,0.996966786034902,0.996308336297682,0.9967690171502968,0.7032412175318195,0.29675878246818055,0.9964450473866104
32,5_3C_54PER_4C_NEWSTRUCTURE,150,26,176,0.996897990136752,0.9962562499337432,0.9967378621198136,0.7032412175318195,0.29675878246818055,0.9963991725797032
32,5_3C_54PER_4C_NEWSTRUCTURE,150,27,177,0.996861292734055,0.9962037239823917,0.9967067070893306,0.7032412175318195,0.29675878246818055,0.996352988636809
32,5_3C_54PER_4C_NEWSTRUCTURE,150,28,178,0.996738717777733,0.9961507572486814,0.9966755520588476,0.7032412175318195,0.29675878246818055,0.9963064947175919
32,5_3C_54PER_4C_NEWSTRUCTURE,150,29,179,0.996806856689134,0.9960973485411788,0.9966443970283644,0.7032412175318195,0.29675878246818055,0.996259689984187
32,5_3C_54PER_4C_NEWSTRUCTURE,150,30,180,0.996590144917199,0.9960434966719308,0.9966132419978811,0.7032412175318195,0.29675878246818055,0.9962125736011769
32,5_3C_54PER_4C_NEWSTRUCTURE,150,31,181,0.996747164750221,0.9959892004564372,0.996582086967398,0.7032412175318195,0.29675878246818055,0.9961651447355717
32,5_3C_54PER_4C_NEWSTRUCTURE,150,32,182,0.996700424835788,0.9959344587136192,0.996550931936915,0.7032412175318195,0.29675878246818055,0.9961174025567887
32,5_3C_54PER_4C_NEWSTRUCTURE,150,33,183,0.996689631482054,0.9958792702657928,0.996519776906432,0.7032412175318195,0.29675878246818055,0.9960693462366317
32,5_3C_54PER_4C_NEWSTRUCTURE,150,34,184,0.996621492570653,0.9958236339386396,0.9964886218759488,0.7032412175318195,0.29675878246818055,0.9960209749492716
32,5_3C_54PER_4C_NEWSTRUCTURE,150,35,185,0.99673402501524,0.9957675485611784,0.9964574668454655,0.7032412175318195,0.29675878246818055,0.995972287871226
32,5_3C_54PER_4C_NEWSTRUCTURE,150,36,186,0.996565085565485,0.9957110129657388,0.9964263118149824,0.7032412175318195,0.29675878246818055,0.9959232841813412
32,5_3C_54PER_4C_NEWSTRUCTURE,150,37,187,0.996467663816126,0.9956540259879334,0.9963951567844994,0.7032412175318195,0.29675878246818055,0.995873963060772
32,5_3C_54PER_4C_NEWSTRUCTURE,150,38,188,0.996447484937406,0.9955965864666304,0.9963640017540164,0.7032412175318195,0.29675878246818055,0.9958243236929625
32,5_3C_54PER_4C_NEWSTRUCTURE,150,39,189,0.99647188730237,0.995538693243928,0.9963328467235332,0.7032412175318195,0.29675878246818055,0.9957743652636284
32,5_3C_54PER_4C_NEWSTRUCTURE,150,40,190,0.996465692855879,0.9954803451651284,0.9963016916930502,0.7032412175318195,0.29675878246818055,0.9957240869607389
32,5_3C_54PER_4C_NEWSTRUCTURE,150,41,191,0.996445326266659,0.9954215410787114,0.996270536662567,0.7032412175318195,0.29675878246818055,0.9956734879744973
32,5_3C_54PER_4C_NEWSTRUCTURE,150,42,192,0.996373151579513,0.9953622798363092,0.996239381632084,0.7032412175318195,0.29675878246818055,0.995622567497324
32,5_3C_54PER_4C_NEWSTRUCTURE,150,43,193,0.996330353585576,0.9953025602926818,0.9962082266016008,0.7032412175318195,0.29675878246818055,0.995571324723839
32,5_3C_54PER_4C_NEWSTRUCTURE,150,44,194,0.996213034523246,0.9952423813056916,0.9961770715711176,0.7032412175318195,0.29675878246818055,0.9955197588508442
32,5_3C_54PER_4C_NEWSTRUCTURE,150,45,195,0.99614095369135,0.9951817417362792,0.9961459165406346,0.7032412175318195,0.29675878246818055,0.9954678690773062
32,5_3C_54PER_4C_NEWSTRUCTURE,150,46,196,0.996138513454854,0.9951206404484398,0.9961147615101514,0.7032412175318195,0.29675878246818055,0.9954156546043393
32,5_3C_54PER_4C_NEWSTRUCTURE,150,47,197,0.995926776011161,0.9950590763091984,0.9960836064796684,0.7032412175318195,0.29675878246818055,0.9953631146351891
32,5_3C_54PER_4C_NEWSTRUCTURE,150,48,198,0.995740661050681,0.9949970481885876,0.9960524514491852,0.7032412175318195,0.29675878246818055,0.9953102483752155
32,5_3C_54PER_4C_NEWSTRUCTURE,150,49,199,0.995567216548933,0.9949345549596232,0.996021296418702,0.7032412175318195,0.29675878246818055,0.9952570550318771
32,5_3C_54PER_4C_NEWSTRUCTURE,150,50,200,0.99576891148089,0.994871595498282,0.995990141388219,0.7032412175318195,0.29675878246818055,0.9952035338147145
33,5_6C_19PER_4_6C_NEWSTRUCTURE,150,1,151,0.997256949301898,0.997178355052665,0.9972395505004203,0.668876114273829,0.331123885726171,0.9971986183271145
33,5_6C_19PER_4_6C_NEWSTRUCTURE,150,2,152,0.997172919554996,0.997141847997864,0.9972094597514862,0.668876114273829,0.331123885726171,0.9971642358644441
33,5_6C_19PER_4_6C_NEWSTRUCTURE,150,3,153,0.997095303583023,0.9971051269406228,0.9971793690025522,0.668876114273829,0.331123885726171,0.9971297102606531
33,5_6C_19PER_4_6C_NEWSTRUCTURE,150,4,154,0.997104227095968,0.9970681920374788,0.997149278253618,0.668876114273829,0.331123885726171,0.9970950416204456
33,5_6C_19PER_4_6C_NEWSTRUCTURE,150,5,155,0.997047339700941,0.9970310434438346,0.997119187504684,0.668876114273829,0.331123885726171,0.9970602300477668
33,5_6C_19PER_4_6C_NEWSTRUCTURE,150,6,156,0.997107294553543,0.9969936813139766,0.99708909675575,0.668876114273829,0.331123885726171,0.9970252756458149
33,5_6C_19PER_4_6C_NEWSTRUCTURE,150,7,157,0.997137225503214,0.9969561058010878,0.9970590060068156,0.668876114273829,0.331123885726171,0.9969901785170504
33,5_6C_19PER_4_6C_NEWSTRUCTURE,150,8,158,0.997028098376153,0.996918317057264,0.9970289152578816,0.668876114273829,0.331123885726171,0.9969549387632068
33,5_6C_19PER_4_6C_NEWSTRUCTURE,150,9,159,0.997043528617288,0.9968803152335272,0.9969988245089476,0.668876114273829,0.331123885726171,0.996919556485299
33,5_6C_19PER_4_6C_NEWSTRUCTURE,150,10,160,0.996905957792713,0.9968421004798412,0.9969687337600134,0.668876114273829,0.331123885726171,0.996884031783634
33,5_6C_19PER_4_6C_NEWSTRUCTURE,150,11,161,0.996813376345905,0.9968036729451256,0.9969386430110794,0.668876114273829,0.331123885726171,0.996848364757821
33,5_6C_19PER_4_6C_NEWSTRUCTURE,150,12,162,0.996751655381366,0.9967650327772674,0.9969085522621453,0.668876114273829,0.331123885726171,0.9968125555067775
33,5_6C_19PER_4_6C_NEWSTRUCTURE,150,13,163,0.996707595536198,0.9967261801231372,0.9968784615132112,0.668876114273829,0.331123885726171,0.9967766041287422
33,5_6C_19PER_4_6C_NEWSTRUCTURE,150,14,164,0.996638810123911,0.9966871151286008,0.996848370764277,0.668876114273829,0.331123885726171,0.9967405107212811
33,5_6C_19PER_4_6C_NEWSTRUCTURE,150,15,165,0.996493803038549,0.9966478379385332,0.9968182800153428,0.668876114273829,0.331123885726171,0.9967042753812977
33,5_6C_19PER_4_6C_NEWSTRUCTURE,150,16,166,0.996445095530389,0.9966083486968298,0.9967881892664088,0.668876114273829,0.331123885726171,0.9966678982050401
33,5_6C_19PER_4_6C_NEWSTRUCTURE,150,17,167,0.996414420954639,0.9965686475464204,0.9967580985174748,0.668876114273829,0.331123885726171,0.9966313792881105
33,5_6C_19PER_4_6C_NEWSTRUCTURE,150,18,168,0.996528846417512,0.9965287346292812,0.9967280077685404,0.668876114273829,0.331123885726171,0.9965947187254736
33,5_6C_19PER_4_6C_NEWSTRUCTURE,150,19,169,0.996650708141172,0.9964886100864456,0.9966979170196064,0.668876114273829,0.331123885726171,0.9965579166114633
33,5_6C_19PER_4_6C_NEWSTRUCTURE,150,20,170,0.996752491960705,0.9964482740580176,0.9966678262706724,0.668876114273829,0.331123885726171,0.9965209730397917
33,5_6C_19PER_4_6C_NEWSTRUCTURE,150,21,171,0.996573556935498,0.9964077266831828,0.9966377355217384,0.668876114273829,0.331123885726171,0.9964838881035567
33,5_6C_19PER_4_6C_NEWSTRUCTURE,150,22,172,0.996632489302242,0.9963669681002189,0.9966076447728042,0.668876114273829,0.331123885726171,0.996446661895249
33,5_6C_19PER_4_6C_NEWSTRUCTURE,150,23,173,0.996628957078368,0.9963259984465076,0.99657755402387,0.668876114273829,0.331123885726171,0.99640929450676
33,5_6C_19PER_4_6C_NEWSTRUCTURE,150,24,174,0.996566027721451,0.9962848178585472,0.996547463274936,0.668876114273829,0.331123885726171,0.9963717860293901
33,5_6C_19PER_4_6C_NEWSTRUCTURE,150,25,175,0.996522897408881,0.9962434264719596,0.9965173725260018,0.668876114273829,0.331123885726171,0.9963341365538534
33,5_6C_19PER_4_6C_NEWSTRUCTURE,150,26,176,0.996400942731961,0.9962018244215042,0.9964872817770676,0.668876114273829,0.331123885726171,0.9962963461702874
33,5_6C_19PER_4_6C_NEWSTRUCTURE,150,27,177,0.996343590570635,0.9961600118410872,0.9964571910281336,0.668876114273829,0.331123885726171,0.996258414968259
33,5_6C_19PER_4_6C_NEWSTRUCTURE,150,28,178,0.996268484336678,0.996117988863771,0.9964271002791996,0.668876114273829,0.331123885726171,0.99622034303677
33,5_6C_19PER_4_6C_NEWSTRUCTURE,150,29,179,0.996236694321811,0.9960757556217856,0.9963970095302654,0.668876114273829,0.331123885726171,0.9961821304642662
33,5_6C_19PER_4_6C_NEWSTRUCTURE,150,30,180,0.996308175378633,0.996033312246538,0.9963669187813312,0.668876114273829,0.331123885726171,0.9961437773386423
33,5_6C_19PER_4_6C_NEWSTRUCTURE,150,31,181,0.996211318081872,0.9959906588686204,0.9963368280323972,0.668876114273829,0.331123885726171,0.9961052837472488
33,5_6C_19PER_4_6C_NEWSTRUCTURE,150,32,182,0.996313566667705,0.9959477956178224,0.9963067372834632,0.668876114273829,0.331123885726171,0.9960666497768984
33,5_6C_19PER_4_6C_NEWSTRUCTURE,150,33,183,0.996247569853213,0.9959047226231382,0.996276646534529,0.668876114273829,0.331123885726171,0.9960278755138724
33,5_6C_19PER_4_6C_NEWSTRUCTURE,150,34,184,0.996117342336166,0.9958614400127768,0.9962465557855948,0.668876114273829,0.331123885726171,0.9959889610439268
33,5_6C_19PER_4_6C_NEWSTRUCTURE,150,35,185,0.996111579234056,0.9958179479141708,0.9962164650366608,0.668876114273829,0.331123885726171,0.9959499064522981
33,5_6C_19PER_4_6C_NEWSTRUCTURE,150,36,186,0.995958206355307,0.9957742464539848,0.9961863742877268,0.668876114273829,0.331123885726171,0.9959107118237094
33,5_6C_19PER_4_6C_NEWSTRUCTURE,150,37,187,0.995879010177917,0.9957303357581252,0.9961562835387926,0.668876114273829,0.331123885726171,0.9958713772423762
33,5_6C_19PER_4_6C_NEWSTRUCTURE,150,38,188,0.995837553024025,0.995686215951748,0.9961261927898584,0.668876114273829,0.331123885726171,0.9958319027920126
33,5_6C_19PER_4_6C_NEWSTRUCTURE,150,39,189,0.995958299308567,0.9956418871592668,0.9960961020409244,0.668876114273829,0.331123885726171,0.9957922885558359
33,5_6C_19PER_4_6C_NEWSTRUCTURE,150,40,190,0.995763748135706,0.9955973495043632,0.9960660112919902,0.668876114273829,0.331123885726171,0.9957525346165736
33,5_6C_19PER_4_6C_NEWSTRUCTURE,150,41,191,0.995874641374704,0.995552603109992,0.996035920543056,0.668876114273829,0.331123885726171,0.9957126410564674
33,5_6C_19PER_4_6C_NEWSTRUCTURE,150,42,192,0.995752128978225,0.9955076480983912,0.996005829794122,0.668876114273829,0.331123885726171,0.9956726079572793
33,5_6C_19PER_4_6C_NEWSTRUCTURE,150,43,193,0.995683715378977,0.99546248459109,0.995975739045188,0.668876114273829,0.331123885726171,0.9956324354002972
33,5_6C_19PER_4_6C_NEWSTRUCTURE,150,44,194,0.995549026105458,0.9954171127089152,0.995945648296254,0.668876114273829,0.331123885726171,0.9955921234663394
33,5_6C_19PER_4_6C_NEWSTRUCTURE,150,45,195,0.995510636409141,0.9953715325720004,0.9959155575473198,0.668876114273829,0.331123885726171,0.9955516722357602
33,5_6C_19PER_4_6C_NEWSTRUCTURE,150,46,196,0.995275650568246,0.9953257442997924,0.9958854667983856,0.668876114273829,0.331123885726171,0.9955110817884549
33,5_6C_19PER_4_6C_NEWSTRUCTURE,150,47,197,0.995205191997282,0.9952797480110592,0.9958553760494516,0.668876114273829,0.331123885726171,0.9954703522038646
33,5_6C_19PER_4_6C_NEWSTRUCTURE,150,48,198,0.995149420041373,0.9952335438238968,0.9958252853005174,0.668876114273829,0.331123885726171,0.9954294835609807
33,5_6C_19PER_4_6C_NEWSTRUCTURE,150,49,199,0.995137243164333,0.995187131855737,0.9957951945515832,0.668876114273829,0.331123885726171,0.9953884759383508
33,5_6C_19PER_4_6C_NEWSTRUCTURE,150,50,200,0.995258547168434,0.9951405122233544,0.9957651038026492,0.668876114273829,0.331123885726171,0.9953473294140824
34,5_6C_36PER_4_3C_NEWSTRUCTURE,150,1,151,0.996610276493288,0.9964313216082522,0.9964749785907971,0.6778514939880081,0.32214850601199185,0.996445385639956
34,5_6C_36PER_4_3C_NEWSTRUCTURE,150,2,152,0.996551842703001,0.9963844272263912,0.9964343648701371,0.6778514939880081,0.32214850601199185,0.9964005145637177
34,5_6C_36PER_4_3C_NEWSTRUCTURE,150,3,153,0.99647274101261,0.9963372711082052,0.9963937511494771,0.6778514939880081,0.32214850601199185,0.9963554660691205
34,5_6C_36PER_4_3C_NEWSTRUCTURE,150,4,154,0.996388660237196,0.996289853517857,0.996353137428817,0.6778514939880081,0.32214850601199185,0.9963102403352273
34,5_6C_36PER_4_3C_NEWSTRUCTURE,150,5,155,0.996351270127012,0.996242174717524,0.996312523708157,0.6778514939880081,0.32214850601199185,0.9962648375397558
34,5_6C_36PER_4_3C_NEWSTRUCTURE,150,6,156,0.996309464601805,0.9961942349674262,0.996271909987497,0.6778514939880081,0.32214850601199185,0.9962192578590965
34,5_6C_36PER_4_3C_NEWSTRUCTURE,150,7,157,0.996260143476562,0.9961460345258536,0.996231296266837,0.6778514939880081,0.32214850601199185,0.9961735014683315
34,5_6C_36PER_4_3C_NEWSTRUCTURE,150,8,158,0.99623318126143,0.996097573649192,0.996190682546177,0.6778514939880081,0.32214850601199185,0.9961275685412522
34,5_6C_36PER_4_3C_NEWSTRUCTURE,150,9,159,0.996226793001398,0.9960488525919504,0.996150068825517,0.6778514939880081,0.32214850601199185,0.996081459250378
34,5_6C_36PER_4_3C_NEWSTRUCTURE,150,10,160,0.996140739380974,0.9959998716067848,0.996109455104857,0.6778514939880081,0.32214850601199185,0.9960351737669724
34,5_6C_36PER_4_3C_NEWSTRUCTURE,150,11,161,0.99607507182565,0.9959506309445252,0.996068841384197,0.6778514939880081,0.32214850601199185,0.9959887122610604
34,5_6C_36PER_4_3C_NEWSTRUCTURE,150,12,162,0.996072253475636,0.9959011308541974,0.996028227663537,0.6778514939880081,0.32214850601199185,0.995942074901445
34,5_6C_36PER_4_3C_NEWSTRUCTURE,150,13,163,0.99598187838519,0.99585137158305,0.995987613942877,0.6778514939880081,0.32214850601199185,0.9958952618557239
34,5_6C_36PER_4_3C_NEWSTRUCTURE,150,14,164,0.995920062574886,0.9958013533765758,0.995947000222217,0.6778514939880081,0.32214850601199185,0.9958482732903045
34,5_6C_36PER_4_3C_NEWSTRUCTURE,150,15,165,0.995808643804337,0.995751076478536,0.995906386501557,0.6778514939880081,0.32214850601199185,0.9958011093704209
34,5_6C_36PER_4_3C_NEWSTRUCTURE,150,16,166,0.99576871717914,0.9957005411309828,0.995865772780897,0.6778514939880081,0.32214850601199185,0.9957537702601487
34,5_6C_36PER_4_3C_NEWSTRUCTURE,150,17,167,0.995577726993198,0.9956497475742804,0.995825159060237,0.6778514939880081,0.32214850601199185,0.9957062561224186
34,5_6C_36PER_4_3C_NEWSTRUCTURE,150,18,168,0.995634093993476,0.995598696047129,0.995784545339577,0.6778514939880081,0.32214850601199185,0.9956585671190346
34,5_6C_36PER_4_3C_NEWSTRUCTURE,150,19,169,0.995617183893393,0.9955473867865844,0.995743931618917,0.6778514939880081,0.32214850601199185,0.9956107034106847
34,5_6C_36PER_4_3C_NEWSTRUCTURE,150,20,170,0.995637757848494,0.9954958200280796,0.9957033178982572,0.6778514939880081,0.32214850601199185,0.995562665156958
34,5_6C_36PER_4_3C_NEWSTRUCTURE,150,21,171,0.995660586483607,0.9954439960054452,0.9956627041775972,0.6778514939880081,0.32214850601199185,0.9955144525163566
34,5_6C_36PER_4_3C_NEWSTRUCTURE,150,22,172,0.995691494388759,0.9953919149509306,0.9956220904569372,0.6778514939880081,0.32214850601199185,0.9954660656463112
34,5_6C_36PER_4_3C_NEWSTRUCTURE,150,23,173,0.995704083018821,0.9953395770952226,0.9955814767362772,0.6778514939880081,0.32214850601199185,0.9954175047031932
34,5_6C_36PER_4_3C_NEWSTRUCTURE,150,24,174,0.995666317128635,0.9952869826674654,0.9955408630156172,0.6778514939880081,0.32214850601199185,0.9953687698423282
34,5_6C_36PER_4_3C_NEWSTRUCTURE,150,25,175,0.995611077468363,0.9952341318952798,0.995500249294957,0.6778514939880081,0.32214850601199185,0.9953198612180096
34,5_6C_36PER_4_3C_NEWSTRUCTURE,150,26,176,0.995529627152961,0.995181025004782,0.995459635574297,0.6778514939880081,0.32214850601199185,0.9952707789835105
34,5_6C_36PER_4_3C_NEWSTRUCTURE,150,27,177,0.995522111552924,0.9951276622206024,0.995419021853637,0.6778514939880081,0.32214850601199185,0.9952215232910968
34,5_6C_36PER_4_3C_NEWSTRUCTURE,150,28,178,0.995414356637393,0.9950740437659024,0.995378408132977,0.6778514939880081,0.32214850601199185,0.9951720942920387
34,5_6C_36PER_4_3C_NEWSTRUCTURE,150,29,179,0.995432488022482,0.995020169862394,0.995337794412317,0.6778514939880081,0.32214850601199185,0.9951224921366244
34,5_6C_36PER_4_3C_NEWSTRUCTURE,150,30,180,0.995325202831953,0.9949660407303564,0.995297180691657,0.6778514939880081,0.32214850601199185,0.9950727169741702
34,5_6C_36PER_4_3C_NEWSTRUCTURE,150,31,181,0.995321538976935,0.9949116565886524,0.995256566970997,0.6778514939880081,0.32214850601199185,0.9950227689530328
34,5_6C_36PER_4_3C_NEWSTRUCTURE,150,32,182,0.995310077686879,0.9948570176547472,0.995215953250337,0.6778514939880081,0.32214850601199185,0.994972648220621
34,5_6C_36PER_4_3C_NEWSTRUCTURE,150,33,183,0.995345119172051,0.9948021241447232,0.995175339529677,0.6778514939880081,0.32214850601199185,0.9949223549234067
34,5_6C_36PER_4_3C_NEWSTRUCTURE,150,34,184,0.995334315496998,0.9947469762732974,0.995134725809017,0.6778514939880081,0.32214850601199185,0.9948718892069364
34,5_6C_36PER_4_3C_NEWSTRUCTURE,150,35,185,0.995118429885934,0.9946915742538368,0.995094112088357,0.6778514939880081,0.32214850601199185,0.9948212512158408
34,5_6C_36PER_4_3C_NEWSTRUCTURE,150,36,186,0.995129233560987,0.9946359182983742,0.995053498367697,0.6778514939880081,0.32214850601199185,0.9947704410938469
34,5_6C_36PER_4_3C_NEWSTRUCTURE,150,37,187,0.99505886875564,0.9945800086176244,0.995012884647037,0.6778514939880081,0.32214850601199185,0.994719458983788
34,5_6C_36PER_4_3C_NEWSTRUCTURE,150,38,188,0.995094004185813,0.9945238454209988,0.994972270926377,0.6778514939880081,0.32214850601199185,0.9946683050276142
34,5_6C_36PER_4_3C_NEWSTRUCTURE,150,39,189,0.994944725580077,0.99446742891662,0.994931657205717,0.6778514939880081,0.32214850601199185,0.994616979366401
34,5_6C_36PER_4_3C_NEWSTRUCTURE,150,40,190,0.994816208819444,0.9944107593113376,0.994891043485057,0.6778514939880081,0.32214850601199185,0.9945654821403624
34,5_6C_36PER_4_3C_NEWSTRUCTURE,150,41,191,0.994830300569513,0.9943538368107414,0.994850429764397,0.6778514939880081,0.32214850601199185,0.9945138134888576
34,5_6C_36PER_4_3C_NEWSTRUCTURE,150,42,192,0.994759090259162,0.9942966616191768,0.994809816043737,0.6778514939880081,0.32214850601199185,0.9944619735504023
34,5_6C_36PER_4_3C_NEWSTRUCTURE,150,43,193,0.994758432644159,0.994239233939758,0.994769202323077,0.6778514939880081,0.32214850601199185,0.9944099624626778
34,5_6C_36PER_4_3C_NEWSTRUCTURE,150,44,194,0.99469774417386,0.9941815539743823,0.994728588602417,0.6778514939880081,0.32214850601199185,0.9943577803625405
34,5_6C_36PER_4_3C_NEWSTRUCTURE,150,45,195,0.994619957713476,0.9941236219237434,0.9946879748817568,0.6778514939880081,0.32214850601199185,0.9943054273860308
34,5_6C_36PER_4_3C_NEWSTRUCTURE,150,46,196,0.994494353247857,0.9940654379873444,0.9946473611610968,0.6778514939880081,0.32214850601199185,0.9942529036683825
34,5_6C_36PER_4_3C_NEWSTRUCTURE,150,47,197,0.994386692277326,0.9940070023635112,0.9946067474404368,0.6778514939880081,0.32214850601199185,0.9942002093440309
34,5_6C_36PER_4_3C_NEWSTRUCTURE,150,48,198,0.994317360866984,0.9939483152494056,0.9945661337197768,0.6778514939880081,0.32214850601199185,0.9941473445466223
34,5_6C_36PER_4_3C_NEWSTRUCTURE,150,49,199,0.994235816606582,0.9938893768410384,0.9945255199991168,0.6778514939880081,0.32214850601199185,0.9940943094090231
34,5_6C_36PER_4_3C_NEWSTRUCTURE,150,50,200,0.994051590460674,0.9938301873332804,0.9944849062784568,0.6778514939880081,0.32214850601199185,0.9940411040633268
35,3_7C_31PER_5_9C_NEWSTRUCTURE,150,1,151,0.970892900483852,0.9706513184631628,0.970788924049256,0.7104782453407054,0.28952175465929464,0.9706911582738993
35,3_7C_31PER_5_9C_NEWSTRUCTURE,150,2,152,0.970628437297099,0.970416221054754,0.9705647469505346,0.7104782453407054,0.28952175465929464,0.9704592225327127
35,3_7C_31PER_5_9C_NEWSTRUCTURE,150,3,153,0.970329966272394,0.9701808967424984,0.9703405698518134,0.7104782453407054,0.28952175465929464,0.9702271255812792
35,3_7C_31PER_5_9C_NEWSTRUCTURE,150,4,154,0.970158312185303,0.9699453467925938,0.970116392753092,0.7104782453407054,0.28952175465929464,0.9699948683192047
35,3_7C_31PER_5_9C_NEWSTRUCTURE,150,5,155,0.969962434638218,0.9697095724559928,0.9698922156543708,0.7104782453407054,0.28952175465929464,0.9697624516352639
35,3_7C_31PER_5_9C_NEWSTRUCTURE,150,6,156,0.96985879622703,0.9694735749686824,0.9696680385556496,0.7104782453407054,0.28952175465929464,0.9695298764075985
35,3_7C_31PER_5_9C_NEWSTRUCTURE,150,7,157,0.969602977490706,0.9692373555519574,0.9694438614569284,0.7104782453407054,0.28952175465929464,0.9692971435039122
35,3_7C_31PER_5_9C_NEWSTRUCTURE,150,8,158,0.969403015203309,0.9690009154126896,0.969219684358207,0.7104782453407054,0.28952175465929464,0.9690642537816607
35,3_7C_31PER_5_9C_NEWSTRUCTURE,150,9,159,0.969191273664777,0.968764255743586,0.9689955072594858,0.7104782453407054,0.28952175465929464,0.9688312080882369
35,3_7C_31PER_5_9C_NEWSTRUCTURE,150,10,160,0.968948374107116,0.9685273777234448,0.9687713301607646,0.7104782453407054,0.28952175465929464,0.968598007261151
35,3_7C_31PER_5_9C_NEWSTRUCTURE,150,11,161,0.968750026717051,0.9682902825174028,0.9685471530620432,0.7104782453407054,0.28952175465929464,0.9683646521282073
35,3_7C_31PER_5_9C_NEWSTRUCTURE,150,12,162,0.968468464617362,0.9680529712771776,0.968322975963322,0.7104782453407054,0.28952175465929464,0.9681311435076763
35,3_7C_31PER_5_9C_NEWSTRUCTURE,150,13,163,0.968247793646519,0.9678154451413052,0.9680987988646008,0.7104782453407054,0.28952175465929464,0.9678974822084631
35,3_7C_31PER_5_9C_NEWSTRUCTURE,150,14,164,0.967990170024941,0.9675777052353688,0.9678746217658796,0.7104782453407054,0.28952175465929464,0.9676636690302696
35,3_7C_31PER_5_9C_NEWSTRUCTURE,150,15,165,0.967792962562405,0.9673397526722262,0.9676504446671582,0.7104782453407054,0.28952175465929464,0.9674297047637574
35,3_7C_31PER_5_9C_NEWSTRUCTURE,150,16,166,0.967488506918173,0.9671015885522286,0.967426267568437,0.7104782453407054,0.28952175465929464,0.9671955901907023
35,3_7C_31PER_5_9C_NEWSTRUCTURE,150,17,167,0.967257101629764,0.9668632139634368,0.9672020904697156,0.7104782453407054,0.28952175465929464,0.9669613260841474
35,3_7C_31PER_5_9C_NEWSTRUCTURE,150,18,168,0.966855752145557,0.9666246299818309,0.9669779133709944,0.7104782453407054,0.28952175465929464,0.9667269132085534
35,3_7C_31PER_5_9C_NEWSTRUCTURE,150,19,169,0.966694452400189,0.966385837671514,0.9667537362722732,0.7104782453407054,0.28952175465929464,0.9664923523199425
35,3_7C_31PER_5_9C_NEWSTRUCTURE,150,20,170,0.966482710861657,0.9661468380849164,0.966529559173552,0.7104782453407054,0.28952175465929464,0.9662576441660433
35,3_7C_31PER_5_9C_NEWSTRUCTURE,150,21,171,0.966331100500286,0.9659076322629878,0.9663053820748309,0.7104782453407054,0.28952175465929464,0.966022789486428
35,3_7C_31PER_5_9C_NEWSTRUCTURE,150,22,172,0.96597610806893,0.9656682212353914,0.9660812049761096,0.7104782453407054,0.28952175465929464,0.9657877890126499
35,3_7C_31PER_5_9C_NEWSTRUCTURE,150,23,173,0.965862400297901,0.96542860602069,0.965857027877388,0.7104782453407054,0.28952175465929464,0.9655526434683757
35,3_7C_31PER_5_9C_NEWSTRUCTURE,150,24,174,0.965614941030124,0.9651887876265304,0.9656328507786668,0.7104782453407054,0.28952175465929464,0.9653173535695165
35,3_7C_31PER_5_9C_NEWSTRUCTURE,150,25,175,0.965391800216301,0.9649487670498204,0.9654086736799457,0.7104782453407054,0.28952175465929464,0.9650819200243537
35,3_7C_31PER_5_9C_NEWSTRUCTURE,150,26,176,0.965245414522772,0.9647085452769064,0.9651844965812244,0.7104782453407054,0.28952175465929464,0.9648463435336649
35,3_7C_31PER_5_9C_NEWSTRUCTURE,150,27,177,0.965015149161892,0.9644681232837432,0.9649603194825032,0.7104782453407054,0.28952175465929464,0.9646106247908448
35,3_7C_31PER_5_9C_NEWSTRUCTURE,150,28,178,0.964866958583108,0.9642275020360616,0.964736142383782,0.7104782453407054,0.28952175465929464,0.9643747644820242
35,3_7C_31PER_5_9C_NEWSTRUCTURE,150,29,179,0.96352041918935,0.9639866824895336,0.9645119652850608,0.7104782453407054,0.28952175465929464,0.964138763286187
35,3_7C_31PER_5_9C_NEWSTRUCTURE,150,30,180,0.964415072311778,0.9637456655899308,0.9642877881863394,0.7104782453407054,0.28952175465929464,0.9639026218752835
35,3_7C_31PER_5_9C_NEWSTRUCTURE,150,31,181,0.964172267748078,0.9635044522732836,0.964063611087618,0.7104782453407054,0.28952175465929464,0.9636663409143429
35,3_7C_31PER_5_9C_NEWSTRUCTURE,150,32,182,0.963967935738485,0.9632630434660332,0.9638394339888968,0.7104782453407054,0.28952175465929464,0.9634299210615818
35,3_7C_31PER_5_9C_NEWSTRUCTURE,150,33,183,0.96379960644002,0.9630214400851826,0.9636152568901756,0.7104782453407054,0.28952175465929464,0.9631933629685103
35,3_7C_31PER_5_9C_NEWSTRUCTURE,150,34,184,0.963621302775676,0.962779643038444,0.9633910797914544,0.7104782453407054,0.28952175465929464,0.9629566672800387
35,3_7C_31PER_5_9C_NEWSTRUCTURE,150,35,185,0.963393127281933,0.9625376532243828,0.9631669026927332,0.7104782453407054,0.28952175465929464,0.962719834634578
35,3_7C_31PER_5_9C_NEWSTRUCTURE,150,36,186,0.963144718074548,0.962295471532558,0.9629427255940118,0.7104782453407054,0.28952175465929464,0.9624828656641404
35,3_7C_31PER_5_9C_NEWSTRUCTURE,150,37,187,0.96307356759794,0.9620530988436624,0.9627185484952906,0.7104782453407054,0.28952175465929464,0.9622457609944393
35,3_7C_31PER_5_9C_NEWSTRUCTURE,150,38,188,0.96279694518421,0.961810536029655,0.9624943713965692,0.7104782453407054,0.28952175465929464,0.9620085212449822
35,3_7C_31PER_5_9C_NEWSTRUCTURE,150,39,189,0.962736149049324,0.9615677839538967,0.962270194297848,0.7104782453407054,0.28952175465929464,0.9617711470291683
35,3_7C_31PER_5_9C_NEWSTRUCTURE,150,40,190,0.962498759141387,0.9613248434712782,0.9620460171991267,0.7104782453407054,0.28952175465929464,0.9615336389543792
35,3_7C_31PER_5_9C_NEWSTRUCTURE,150,41,191,0.962251109885689,0.9610817154283474,0.9618218401004056,0.7104782453407054,0.28952175465929464,0.9612959976220683
35,3_7C_31PER_5_9C_NEWSTRUCTURE,150,42,192,0.96208354053891,0.9608384006634348,0.9615976630016844,0.7104782453407054,0.28952175465929464,0.9610582236278515
35,3_7C_31PER_5_9C_NEWSTRUCTURE,150,43,193,0.961854890075364,0.9605949000067752,0.961373485902963,0.7104782453407054,0.28952175465929464,0.9608203175615924
35,3_7C_31PER_5_9C_NEWSTRUCTURE,150,44,194,0.961717623802067,0.960351214280628,0.9611493088042418,0.7104782453407054,0.28952175465929464,0.9605822800074886
35,3_7C_31PER_5_9C_NEWSTRUCTURE,150,45,195,0.961385239933371,0.9601073442993932,0.9609251317055204,0.7104782453407054,0.28952175465929464,0.9603441115441533
35,3_7C_31PER_5_9C_NEWSTRUCTURE,150,46,196,0.961140250508574,0.959863290869728,0.9607009546067992,0.7104782453407054,0.28952175465929464,0.9601058127446993
35,3_7C_31PER_5_9C_NEWSTRUCTURE,150,47,197,0.96099709460971,0.9596190547906592,0.960476777508078,0.7104782453407054,0.28952175465929464,0.9598673841768175
35,3_7C_31PER_5_9C_NEWSTRUCTURE,150,48,198,0.960765309345458,0.959374636853693,0.9602526004093568,0.7104782453407054,0.28952175465929464,0.9596288264028556
35,3_7C_31PER_5_9C_NEWSTRUCTURE,150,49,199,0.960477192662476,0.9591300378429236,0.9600284233106354,0.7104782453407054,0.28952175465929464,0.9593901399798959
35,3_7C_31PER_5_9C_NEWSTRUCTURE,150,50,200,0.960114030750495,0.9588852585351404,0.9598042462119142,0.7104782453407054,0.28952175465929464,0.9591513254598303
36,5_3C_54PER_4C_NEWSTRUCTURE,150,1,151,0.997241452755927,0.997354275878765,0.9973888133715278,0.6627822259083241,0.33721777409167586,0.9973659225351972
36,5_3C_54PER_4C_NEWSTRUCTURE,150,2,152,0.997257119431732,0.9973215861187492,0.9973601299208508,0.6627822259083241,0.33721777409167586,0.9973345837738989
36,5_3C_54PER_4C_NEWSTRUCTURE,150,3,153,0.997153887228656,0.9972887255939747,0.9973314464701738,0.6627822259083241,0.33721777409167586,0.9973031318327539
36,5_3C_54PER_4C_NEWSTRUCTURE,150,4,154,0.99707769869215,0.9972556945372562,0.9973027630194968,0.6627822259083241,0.33721777409167586,0.9972715668660672
36,5_3C_54PER_4C_NEWSTRUCTURE,150,5,155,0.997142976508006,0.9972224931795776,0.9972740795688196,0.6627822259083241,0.33721777409167586,0.9972398890269312
36,5_3C_54PER_4C_NEWSTRUCTURE,150,6,156,0.99708124234501,0.9971891217501172,0.9972453961181428,0.6627822259083241,0.33721777409167586,0.9972080984672412
36,5_3C_54PER_4C_NEWSTRUCTURE,150,7,157,0.997011768098135,0.9971555804762754,0.9972167126674656,0.6627822259083241,0.33721777409167586,0.9971761953377138
36,5_3C_54PER_4C_NEWSTRUCTURE,150,8,158,0.99698770856029,0.997121869583697,0.9971880292167888,0.6627822259083241,0.33721777409167586,0.9971441797879028
36,5_3C_54PER_4C_NEWSTRUCTURE,150,9,159,0.996851557687218,0.9970879892962978,0.9971593457661116,0.6627822259083241,0.33721777409167586,0.9971120519662154
36,5_3C_54PER_4C_NEWSTRUCTURE,150,10,160,0.996894081521548,0.997053939836288,0.9971306623154348,0.6627822259083241,0.33721777409167586,0.9970798120199287
36,5_3C_54PER_4C_NEWSTRUCTURE,150,11,161,0.996810898933342,0.997019721424196,0.9971019788647576,0.6627822259083241,0.33721777409167586,0.9970474600952046
36,5_3C_54PER_4C_NEWSTRUCTURE,150,12,162,0.996823581480423,0.9969853342788908,0.9970732954140806,0.6627822259083241,0.33721777409167586,0.997014996337106
36,5_3C_54PER_4C_NEWSTRUCTURE,150,13,163,0.996742077464625,0.9969507786176058,0.9970446119634035,0.6627822259083241,0.33721777409167586,0.9969824208896113
36,5_3C_54PER_4C_NEWSTRUCTURE,150,14,164,0.99674720643587,0.9969160546559604,0.9970159285127266,0.6627822259083241,0.33721777409167586,0.996949733895629
36,5_3C_54PER_4C_NEWSTRUCTURE,150,15,165,0.996633343274212,0.9968811626079814,0.9969872450620496,0.6627822259083241,0.33721777409167586,0.9969169354970124
36,5_3C_54PER_4C_NEWSTRUCTURE,150,16,166,0.996605273813394,0.9968461026861254,0.9969585616113724,0.6627822259083241,0.33721777409167586,0.9968840258345739
36,5_3C_54PER_4C_NEWSTRUCTURE,150,17,167,0.996587369041045,0.9968108751012984,0.9969298781606956,0.6627822259083241,0.33721777409167586,0.9968510050480983
36,5_3C_54PER_4C_NEWSTRUCTURE,150,18,168,0.996594456346766,0.996775480062878,0.9969011947100184,0.6627822259083241,0.33721777409167586,0.9968178732763574
36,5_3C_54PER_4C_NEWSTRUCTURE,150,19,169,0.996593244044472,0.996739917778732,0.9968725112593416,0.6627822259083241,0.33721777409167586,0.9967846306571222
36,5_3C_54PER_4C_NEWSTRUCTURE,150,20,170,0.996647704393701,0.9967041884552388,0.9968438278086644,0.6627822259083241,0.33721777409167586,0.9967512773271766
36,5_3C_54PER_4C_NEWSTRUCTURE,150,21,171,0.99663642065696,0.9966682922973068,0.9968151443579876,0.6627822259083241,0.33721777409167586,0.9967178134223303
36,5_3C_54PER_4C_NEWSTRUCTURE,150,22,172,0.996561257914702,0.9966322295083938,0.9967864609073104,0.6627822259083241,0.33721777409167586,0.9966842390774315
36,5_3C_54PER_4C_NEWSTRUCTURE,150,23,173,0.996590539677815,0.996596000290525,0.9967577774566334,0.6627822259083241,0.33721777409167586,0.9966505544263788
36,5_3C_54PER_4C_NEWSTRUCTURE,150,24,174,0.996539995997537,0.9965596048443114,0.9967290940059564,0.6627822259083241,0.33721777409167586,0.9966167596021339
36,5_3C_54PER_4C_NEWSTRUCTURE,150,25,175,0.996453269756471,0.9965230433689684,0.9967004105552794,0.6627822259083241,0.33721777409167586,0.996582854736733
36,5_3C_54PER_4C_NEWSTRUCTURE,150,26,176,0.996462315396668,0.9964863160623328,0.9966717271046024,0.6627822259083241,0.33721777409167586,0.9965488399612991
36,5_3C_54PER_4C_NEWSTRUCTURE,150,27,177,0.996359549463705,0.9964494231208804,0.9966430436539252,0.6627822259083241,0.33721777409167586,0.9965147154060522
36,5_3C_54PER_4C_NEWSTRUCTURE,150,28,178,0.996372138756764,0.9964123647397428,0.9966143602032485,0.6627822259083241,0.33721777409167586,0.9964804812003227
36,5_3C_54PER_4C_NEWSTRUCTURE,150,29,179,0.996397130834834,0.9963751411127248,0.9965856767525711,0.6627822259083241,0.33721777409167586,0.9964461374725608
36,5_3C_54PER_4C_NEWSTRUCTURE,150,30,180,0.996338474054586,0.99633775243232,0.9965569933018944,0.6627822259083241,0.33721777409167586,0.9964116843503479
36,5_3C_54PER_4C_NEWSTRUCTURE,150,31,181,0.996329241906344,0.9963001988897272,0.9965283098512172,0.6627822259083241,0.33721777409167586,0.9963771219604067
36,5_3C_54PER_4C_NEWSTRUCTURE,150,32,182,0.99621976168375,0.9962624806748664,0.9964996264005402,0.6627822259083241,0.33721777409167586,0.9963424504286136
36,5_3C_54PER_4C_NEWSTRUCTURE,150,33,183,0.996179848962055,0.996224597976394,0.9964709429498632,0.6627822259083241,0.33721777409167586,0.9963076698800059
36,5_3C_54PER_4C_NEWSTRUCTURE,150,34,184,0.996186283489618,0.9961865509817184,0.9964422594991862,0.6627822259083241,0.33721777409167586,0.9962727804387952
36,5_3C_54PER_4C_NEWSTRUCTURE,150,35,185,0.99611531717838,0.9961483398770152,0.9964135760485092,0.6627822259083241,0.33721777409167586,0.996237782228375
36,5_3C_54PER_4C_NEWSTRUCTURE,150,36,186,0.996027192126973,0.9961099648472408,0.996384892597832,0.6627822259083241,0.33721777409167586,0.9962026753713311
36,5_3C_54PER_4C_NEWSTRUCTURE,150,37,187,0.995962473835253,0.996071426076149,0.9963562091471552,0.6627822259083241,0.33721777409167586,0.9961674599894526
36,5_3C_54PER_4C_NEWSTRUCTURE,150,38,188,0.995987745675391,0.9960327237463028,0.996327525696478,0.6627822259083241,0.33721777409167586,0.9961321362037387
36,5_3C_54PER_4C_NEWSTRUCTURE,150,39,189,0.995909692058432,0.99599385803909,0.9962988422458012,0.6627822259083241,0.33721777409167586,0.9960967041344102
36,5_3C_54PER_4C_NEWSTRUCTURE,150,40,190,0.995872483703393,0.9959548291347372,0.996270158795124,0.6627822259083241,0.33721777409167586,0.9960611639009179
36,5_3C_54PER_4C_NEWSTRUCTURE,150,41,191,0.995833317013879,0.9959156372123216,0.9962414753444472,0.6627822259083241,0.33721777409167586,0.9960255156219512
36,5_3C_54PER_4C_NEWSTRUCTURE,150,42,192,0.995813453907054,0.9958762824497858,0.99621279189377,0.6627822259083241,0.33721777409167586,0.995989759415447
36,5_3C_54PER_4C_NEWSTRUCTURE,150,43,193,0.995779136426719,0.9958367650239508,0.996184108443093,0.6627822259083241,0.33721777409167586,0.9959538953985994
36,5_3C_54PER_4C_NEWSTRUCTURE,150,44,194,0.995545162083884,0.9957970851105284,0.996155424992416,0.6627822259083241,0.33721777409167586,0.9959179236878668
36,5_3C_54PER_4C_NEWSTRUCTURE,150,45,195,0.995450322742847,0.9957572428841338,0.996126741541739,0.6627822259083241,0.33721777409167586,0.9958818443989813
36,5_3C_54PER_4C_NEWSTRUCTURE,150,46,196,0.995546933910315,0.995717238518298,0.996098058091062,0.6627822259083241,0.33721777409167586,0.995845657646956
36,5_3C_54PER_4C_NEWSTRUCTURE,150,47,197,0.995453773141685,0.995677072185481,0.9960693746403848,0.6627822259083241,0.33721777409167586,0.9958093635460943
36,5_3C_54PER_4C_NEWSTRUCTURE,150,48,198,0.995299157972128,0.995636744057082,0.996040691189708,0.6627822259083241,0.33721777409167586,0.9957729622099969
36,5_3C_54PER_4C_NEWSTRUCTURE,150,49,199,0.995303820673261,0.9955962543034536,0.996012007739031,0.6627822259083241,0.33721777409167586,0.99573645375157
36,5_3C_54PER_4C_NEWSTRUCTURE,150,50,200,0.995357534990308,0.9955556030939112,0.995983324288354,0.6627822259083241,0.33721777409167586,0.9956998382830331
37,5C_67PER_4C_NEWSTRUCTURE,150,1,151,0.99646557339787,0.9965144332350152,0.9965559747325607,0.6674966537995881,0.3325033462004119,0.9965282459219553
37,5C_67PER_4C_NEWSTRUCTURE,150,2,152,0.99646482075166,0.9964805909503326,0.9965247015100116,0.6674966537995881,0.3325033462004119,0.9964952578590286
37,5C_67PER_4C_NEWSTRUCTURE,150,3,153,0.996529830568048,0.9964467162983812,0.9964934282874623,0.6674966537995881,0.3325033462004119,0.9964622481910583
37,5C_67PER_4C_NEWSTRUCTURE,150,4,154,0.996420038302166,0.9964128094600612,0.9964621550649132,0.6674966537995881,0.3325033462004119,0.9964292170387947
37,5C_67PER_4C_NEWSTRUCTURE,150,5,155,0.996342045338655,0.9963788706140928,0.9964308818423638,0.6674966537995881,0.3325033462004119,0.9963961645215329
37,5C_67PER_4C_NEWSTRUCTURE,150,6,156,0.996368858359886,0.9963448999370564,0.9963996086198146,0.6674966537995881,0.3325033462004119,0.9963630907571397
37,5C_67PER_4C_NEWSTRUCTURE,150,7,157,0.996330567483953,0.9963108976034322,0.9963683353972652,0.6674966537995881,0.3325033462004119,0.99632999586208
37,5C_67PER_4C_NEWSTRUCTURE,150,8,158,0.996310246036283,0.9962768637856384,0.996337062174716,0.6674966537995881,0.3325033462004119,0.9962968799514427
37,5C_67PER_4C_NEWSTRUCTURE,150,9,159,0.996346090812034,0.9962427986540682,0.9963057889521668,0.6674966537995881,0.3325033462004119,0.9962637431389642
37,5C_67PER_4C_NEWSTRUCTURE,150,10,160,0.996329438514638,0.996208702377126,0.9962745157296176,0.6674966537995881,0.3325033462004119,0.9962305855370541
37,5C_67PER_4C_NEWSTRUCTURE,150,11,161,0.996298297777699,0.9961745751212632,0.9962432425070684,0.6674966537995881,0.3325033462004119,0.9961974072568183
37,5C_67PER_4C_NEWSTRUCTURE,150,12,162,0.996219364006426,0.9961404170510132,0.996211969284519,0.6674966537995881,0.3325033462004119,0.996164208408082
37,5C_67PER_4C_NEWSTRUCTURE,150,13,163,0.996200924174281,0.9961062283290244,0.9961806960619698,0.6674966537995881,0.3325033462004119,0.9961309890994127
37,5C_67PER_4C_NEWSTRUCTURE,150,14,164,0.996051900224703,0.996072009116094,0.9961494228394204,0.6674966537995881,0.3325033462004119,0.9960977494381419
37,5C_67PER_4C_NEWSTRUCTURE,150,15,165,0.996075232257212,0.9960377595711994,0.9961181496168712,0.6674966537995881,0.3325033462004119,0.9960644895303865
37,5C_67PER_4C_NEWSTRUCTURE,150,16,166,0.996056039778857,0.9960034798515306,0.996086876394322,0.6674966537995881,0.3325033462004119,0.9960312094810703
37,5C_67PER_4C_NEWSTRUCTURE,150,17,167,0.99607504409566,0.9959691701125204,0.9960556031717728,0.6674966537995881,0.3325033462004119,0.9959979093939442
37,5C_67PER_4C_NEWSTRUCTURE,150,18,168,0.995872582265172,0.9959348305078743,0.9960243299492236,0.6674966537995881,0.3325033462004119,0.995964589371606
37,5C_67PER_4C_NEWSTRUCTURE,150,19,169,0.995904099325215,0.9959004611896008,0.9959930567266744,0.6674966537995881,0.3325033462004119,0.995931249515521
37,5C_67PER_4C_NEWSTRUCTURE,150,20,170,0.995726757061985,0.9958660623080392,0.995961783504125,0.6674966537995881,0.3325033462004119,0.99589788992604
37,5C_67PER_4C_NEWSTRUCTURE,150,21,171,0.995645659432858,0.995831634011887,0.9959305102815758,0.6674966537995881,0.3325033462004119,0.9958645107024184
37,5C_67PER_4C_NEWSTRUCTURE,150,22,172,0.995624491258202,0.9957971764482296,0.9958992370590264,0.6674966537995881,0.3325033462004119,0.9958311119428349
37,5C_67PER_4C_NEWSTRUCTURE,150,23,173,0.995597395994643,0.9957626897625648,0.9958679638364772,0.6674966537995881,0.3325033462004119,0.9957976937444089
37,5C_67PER_4C_NEWSTRUCTURE,150,24,174,0.995472833046889,0.99572817409883,0.995836690613928,0.6674966537995881,0.3325033462004119,0.9957642562032181
37,5C_67PER_4C_NEWSTRUCTURE,150,25,175,0.995502186249078,0.9956936295994276,0.9958054173913788,0.6674966537995881,0.3325033462004119,0.9957307994143159
37,5C_67PER_4C_NEWSTRUCTURE,150,26,176,0.995410175249907,0.9956590564052504,0.9957741441688296,0.6674966537995881,0.3325033462004119,0.9956973234717472
37,5C_67PER_4C_NEWSTRUCTURE,150,27,177,0.995461731515291,0.995624454655706,0.9957428709462802,0.6674966537995881,0.3325033462004119,0.9956638284685666
37,5C_67PER_4C_NEWSTRUCTURE,150,28,178,0.995414408884838,0.9955898244887396,0.995711597723731,0.6674966537995881,0.3325033462004119,0.9956303144968519
37,5C_67PER_4C_NEWSTRUCTURE,150,29,179,0.99535015171466,0.9955551660408596,0.9956803245011816,0.6674966537995881,0.3325033462004119,0.995596781647722
37,5C_67PER_4C_NEWSTRUCTURE,150,30,180,0.995393334790958,0.9955204794471588,0.9956490512786323,0.6674966537995881,0.3325033462004119,0.9955632300113509
37,5C_67PER_4C_NEWSTRUCTURE,150,31,181,0.995360782842376,0.9954857648413378,0.9956177780560832,0.6674966537995881,0.3325033462004119,0.9955296596769834
37,5C_67PER_4C_NEWSTRUCTURE,150,32,182,0.995387501782831,0.995451022355726,0.995586504833534,0.6674966537995881,0.3325033462004119,0.9954960707329487
37,5C_67PER_4C_NEWSTRUCTURE,150,33,183,0.995444608814014,0.995416252121304,0.9955552316109848,0.6674966537995881,0.3325033462004119,0.995462463266676
37,5C_67PER_4C_NEWSTRUCTURE,150,34,184,0.99539004196379,0.995381454267725,0.9955239583884354,0.6674966537995881,0.3325033462004119,0.9954288373647086
37,5C_67PER_4C_NEWSTRUCTURE,150,35,185,0.99536369934644,0.9953466289233336,0.9954926851658862,0.6674966537995881,0.3325033462004119,0.9953951931127158
37,5C_67PER_4C_NEWSTRUCTURE,150,36,186,0.995348270099135,0.9953117762151882,0.9954614119433368,0.6674966537995881,0.3325033462004119,0.9953615305955088
37,5C_67PER_4C_NEWSTRUCTURE,150,37,187,0.995291068987175,0.9952768962690792,0.9954301387207876,0.6674966537995881,0.3325033462004119,0.9953278498970523
37,5C_67PER_4C_NEWSTRUCTURE,150,38,188,0.995279591132473,0.9952419892095488,0.9953988654982384,0.6674966537995881,0.3325033462004119,0.9952941511004776
37,5C_67PER_4C_NEWSTRUCTURE,150,39,189,0.995251555061151,0.9952070551599108,0.9953675922756892,0.6674966537995881,0.3325033462004119,0.9952604342880965
37,5C_67PER_4C_NEWSTRUCTURE,150,40,190,0.995237913348595,0.9951720942422672,0.99533631905314,0.6674966537995881,0.3325033462004119,0.9952266995414114
37,5C_67PER_4C_NEWSTRUCTURE,150,41,191,0.995166506039421,0.995137106577529,0.9953050458305908,0.6674966537995881,0.3325033462004119,0.9951929469411304
37,5C_67PER_4C_NEWSTRUCTURE,150,42,192,0.995234150117544,0.9951020922854312,0.9952737726080414,0.6674966537995881,0.3325033462004119,0.9951591765671759
37,5C_67PER_4C_NEWSTRUCTURE,150,43,193,0.995175161470836,0.9950670514845532,0.995242499385492,0.6674966537995881,0.3325033462004119,0.9951253884986992
37,5C_67PER_4C_NEWSTRUCTURE,150,44,194,0.995149007015039,0.9950319842923332,0.9952112261629428,0.6674966537995881,0.3325033462004119,0.99509158281409
37,5C_67PER_4C_NEWSTRUCTURE,150,45,195,0.995029148106097,0.9949968908250868,0.9951799529403936,0.6674966537995881,0.3325033462004119,0.9950577595909889
37,5C_67PER_4C_NEWSTRUCTURE,150,46,196,0.994974299013544,0.9949617711980226,0.9951486797178444,0.6674966537995881,0.3325033462004119,0.9950239189062967
37,5C_67PER_4C_NEWSTRUCTURE,150,47,197,0.994941088499528,0.9949266255252592,0.9951174064952952,0.6674966537995881,0.3325033462004119,0.9949900608361875
37,5C_67PER_4C_NEWSTRUCTURE,150,48,198,0.994931868583456,0.9948914539198396,0.995086133272746,0.6674966537995881,0.3325033462004119,0.9949561854561171
37,5C_67PER_4C_NEWSTRUCTURE,150,49,199,0.994850959115882,0.994856256493748,0.9950548600501966,0.6674966537995881,0.3325033462004119,0.9949222928408344
37,5C_67PER_4C_NEWSTRUCTURE,150,50,200,0.994815396582459,0.9948210333579244,0.9950235868276474,0.6674966537995881,0.3325033462004119,0.9948883830643918
38,5_3C_54PER_4C_NEWSTRUCTURE,150,1,151,0.995728747965405,0.9956331224903188,0.9956795736155116,0.6685305166165765,0.3314694833834235,0.9956485196207889
38,5_3C_54PER_4C_NEWSTRUCTURE,150,2,152,0.9957684932162,0.9955934955392844,0.9956426685046008,0.6685305166165765,0.3314694833834235,0.9956097948766943
38,5_3C_54PER_4C_NEWSTRUCTURE,150,3,153,0.995708640438998,0.995553832374937,0.99560576339369,0.6685305166165765,0.3314694833834235,0.9955710459228946
38,5_3C_54PER_4C_NEWSTRUCTURE,150,4,154,0.995644935285242,0.9955141332011984,0.9955688582827792,0.6685305166165765,0.3314694833834235,0.9955322728957181
38,5_3C_54PER_4C_NEWSTRUCTURE,150,5,155,0.995640519146265,0.9954743982195244,0.9955319531718682,0.6685305166165765,0.3314694833834235,0.9954934759298439
38,5_3C_54PER_4C_NEWSTRUCTURE,150,6,156,0.99559081409267,0.9954346276289512,0.9954950480609572,0.6685305166165765,0.3314694833834235,0.9954546551583341
38,5_3C_54PER_4C_NEWSTRUCTURE,150,7,157,0.995472142102708,0.995394821626138,0.9954581429500464,0.6685305166165765,0.3314694833834235,0.995415810712661
38,5_3C_54PER_4C_NEWSTRUCTURE,150,8,158,0.99547890725178,0.9953549804054131,0.9954212378391356,0.6685305166165765,0.3314694833834235,0.9953769427227395
38,5_3C_54PER_4C_NEWSTRUCTURE,150,9,159,0.995442168733905,0.995315104158814,0.9953843327282248,0.6685305166165765,0.3314694833834235,0.9953380513169519
38,5_3C_54PER_4C_NEWSTRUCTURE,150,10,160,0.995343416349543,0.9952751930761292,0.9953474276173138,0.6685305166165765,0.3314694833834235,0.9952991366221782
38,5_3C_54PER_4C_NEWSTRUCTURE,150,11,161,0.995311845653876,0.995235247344939,0.995310522506403,0.6685305166165765,0.3314694833834235,0.995260198763821
38,5_3C_54PER_4C_NEWSTRUCTURE,150,12,162,0.995263456045934,0.9951952671506537,0.995273617395492,0.6685305166165765,0.3314694833834235,0.9952212378658332
38,5_3C_54PER_4C_NEWSTRUCTURE,150,13,163,0.995120260390588,0.9951552526765526,0.9952367122845812,0.6685305166165765,0.3314694833834235,0.9951822540507425
38,5_3C_54PER_4C_NEWSTRUCTURE,150,14,164,0.995128434945716,0.9951152041038218,0.9951998071736704,0.6685305166165765,0.3314694833834235,0.9951432474396772
38,5_3C_54PER_4C_NEWSTRUCTURE,150,15,165,0.995062944544288,0.9950751216115902,0.9951629020627594,0.6685305166165765,0.3314694833834235,0.9951042181523904
38,5_3C_54PER_4C_NEWSTRUCTURE,150,16,166,0.995001682361029,0.995035005376965,0.9951259969518486,0.6685305166165765,0.3314694833834235,0.9950651663072839
38,5_3C_54PER_4C_NEWSTRUCTURE,150,17,167,0.994894473540327,0.994994855575067,0.9950890918409376,0.6685305166165765,0.3314694833834235,0.9950260920214311
38,5_3C_54PER_4C_NEWSTRUCTURE,150,18,168,0.995066702960439,0.9949546723790644,0.9950521867300268,0.6685305166165765,0.3314694833834235,0.9949869954106003
38,5_3C_54PER_4C_NEWSTRUCTURE,150,19,169,0.994789895610931,0.9949144559602064,0.995015281619116,0.6685305166165765,0.3314694833834235,0.994947876589277
38,5_3C_54PER_4C_NEWSTRUCTURE,150,20,170,0.99470514332673,0.9948742064878552,0.994978376508205,0.6685305166165765,0.3314694833834235,0.9949087356706845
38,5_3C_54PER_4C_NEWSTRUCTURE,150,21,171,0.994725908575963,0.994833924129518,0.9949414713972942,0.6685305166165765,0.3314694833834235,0.9948695727668071
38,5_3C_54PER_4C_NEWSTRUCTURE,150,22,172,0.994716230654375,0.9947936090508784,0.9949045662863832,0.6685305166165765,0.3314694833834235,0.9948303879884088
38,5_3C_54PER_4C_NEWSTRUCTURE,150,23,173,0.994656095995962,0.9947532614158264,0.9948676611754724,0.6685305166165765,0.3314694833834235,0.9947911814450554
38,5_3C_54PER_4C_NEWSTRUCTURE,150,24,174,0.994689733820512,0.9947128813864876,0.9948307560645616,0.6685305166165765,0.3314694833834235,0.9947519532451328
38,5_3C_54PER_4C_NEWSTRUCTURE,150,25,175,0.994660981936958,0.9946724691232534,0.9947938509536506,0.6685305166165765,0.3314694833834235,0.9947127034958672
38,5_3C_54PER_4C_NEWSTRUCTURE,150,26,176,0.994570592028531,0.994632024784808,0.9947569458427398,0.6685305166165765,0.3314694833834235,0.9946734323033444
38,5_3C_54PER_4C_NEWSTRUCTURE,150,27,177,0.99448659142756,0.9945915485281578,0.9947200407318288,0.6685305166165765,0.3314694833834235,0.9946341397725275
38,5_3C_54PER_4C_NEWSTRUCTURE,150,28,178,0.994464134891059,0.9945510405086568,0.994683135620918,0.6685305166165765,0.3314694833834235,0.9945948260072754
38,5_3C_54PER_4C_NEWSTRUCTURE,150,29,179,0.994394698152673,0.994510500880034,0.9946462305100072,0.6685305166165765,0.3314694833834235,0.994555491110361
38,5_3C_54PER_4C_NEWSTRUCTURE,150,30,180,0.994438201819618,0.9944699297944198,0.9946093253990962,0.6685305166165765,0.3314694833834235,0.9945161351834878
38,5_3C_54PER_4C_NEWSTRUCTURE,150,31,181,0.994431342710143,0.9944293274023708,0.9945724202881854,0.6685305166165765,0.3314694833834235,0.9944767583273075
38,5_3C_54PER_4C_NEWSTRUCTURE,150,32,182,0.994469678554882,0.9943886938528947,0.9945355151772745,0.6685305166165765,0.3314694833834235,0.9944373606414365
38,5_3C_54PER_4C_NEWSTRUCTURE,150,33,183,0.994354483099859,0.9943480292934752,0.9944986100663636,0.6685305166165765,0.3314694833834235,0.994397942224472
38,5_3C_54PER_4C_NEWSTRUCTURE,150,34,184,0.994343019930599,0.9943073338700948,0.9944617049554528,0.6685305166165765,0.3314694833834235,0.9943585031740078
38,5_3C_54PER_4C_NEWSTRUCTURE,150,35,185,0.994355234783089,0.9942666077272594,0.9944247998445418,0.6685305166165765,0.3314694833834235,0.9943190435866504
38,5_3C_54PER_4C_NEWSTRUCTURE,150,36,186,0.994344335376252,0.9942258510080204,0.994387894733631,0.6685305166165765,0.3314694833834235,0.9942795635580342
38,5_3C_54PER_4C_NEWSTRUCTURE,150,37,187,0.994341516564139,0.994185063853997,0.99435098962272,0.6685305166165765,0.3314694833834235,0.9942400631828355
38,5_3C_54PER_4C_NEWSTRUCTURE,150,38,188,0.994257703883975,0.9941442464053988,0.9943140845118092,0.6685305166165765,0.3314694833834235,0.9942005425547895
38,5_3C_54PER_4C_NEWSTRUCTURE,150,39,189,0.994175394570273,0.9941033988010464,0.9942771794008984,0.6685305166165765,0.3314694833834235,0.9941610017667014
38,5_3C_54PER_4C_NEWSTRUCTURE,150,40,190,0.994105675950675,0.9940625211783932,0.9942402742899874,0.6685305166165765,0.3314694833834235,0.9941214409104632
38,5_3C_54PER_4C_NEWSTRUCTURE,150,41,191,0.994142790310164,0.9940216136735456,0.9942033691790764,0.6685305166165765,0.3314694833834235,0.994081860077066
38,5_3C_54PER_4C_NEWSTRUCTURE,150,42,192,0.994130293576463,0.9939806764212826,0.9941664640681656,0.6685305166165765,0.3314694833834235,0.9940422593566139
38,5_3C_54PER_4C_NEWSTRUCTURE,150,43,193,0.994072038126125,0.9939397095550774,0.9941295589572549,0.6685305166165765,0.3314694833834235,0.9940026388383378
38,5_3C_54PER_4C_NEWSTRUCTURE,150,44,194,0.994101447732505,0.9938987132071144,0.994092653846344,0.6685305166165765,0.3314694833834235,0.9939629986106069
38,5_3C_54PER_4C_NEWSTRUCTURE,150,45,195,0.993924520292206,0.9938576875083104,0.994055748735433,0.6685305166165765,0.3314694833834235,0.993923338760943
38,5_3C_54PER_4C_NEWSTRUCTURE,150,46,196,0.9939941449514,0.9938166325883316,0.994018843624522,0.6685305166165765,0.3314694833834235,0.9938836593760321
38,5_3C_54PER_4C_NEWSTRUCTURE,150,47,197,0.993901124151667,0.9937755485756128,0.9939819385136112,0.6685305166165765,0.3314694833834235,0.9938439605417366
38,5_3C_54PER_4C_NEWSTRUCTURE,150,48,198,0.99383939216639,0.9937344355973744,0.9939450334027004,0.6685305166165765,0.3314694833834235,0.9938042423431075
38,5_3C_54PER_4C_NEWSTRUCTURE,150,49,199,0.993832627017318,0.9936932937796412,0.9939081282917896,0.6685305166165765,0.3314694833834235,0.9937645048643959
38,5_3C_54PER_4C_NEWSTRUCTURE,150,50,200,0.993827835036726,0.9936521232472588,0.9938712231808786,0.6685305166165765,0.3314694833834235,0.9937247481890651
39,5_6C_19PER_4_6C_NEWSTRUCTURE,150,1,151,0.996382868209618,0.9963794120703524,0.996364451727005,0.6686753748203924,0.3313246251796076,0.9963744553402003
39,5_6C_19PER_4_6C_NEWSTRUCTURE,150,2,152,0.996306748694283,0.996348079701028,0.9963326478826736,0.6686753748203924,0.3313246251796076,0.9963429667595959
39,5_6C_19PER_4_6C_NEWSTRUCTURE,150,3,153,0.996381460327091,0.9963167198289768,0.996300844038342,0.6686753748203924,0.3313246251796076,0.9963114597885953
39,5_6C_19PER_4_6C_NEWSTRUCTURE,150,4,154,0.996326552908507,0.9962853326100524,0.9962690401940104,0.6686753748203924,0.3313246251796076,0.996279934531414
39,5_6C_19PER_4_6C_NEWSTRUCTURE,150,5,155,0.996272771795946,0.9962539181982188,0.9962372363496788,0.6686753748203924,0.3313246251796076,0.996248391091004
39,5_6C_19PER_4_6C_NEWSTRUCTURE,150,6,156,0.996295016339885,0.9962224767455848,0.9962054325053472,0.6686753748203924,0.3313246251796076,0.9962168295690766
39,5_6C_19PER_4_6C_NEWSTRUCTURE,150,7,157,0.996272114784099,0.9961910084024383,0.9961736286610158,0.6686753748203924,0.3313246251796076,0.9961852500661257
39,5_6C_19PER_4_6C_NEWSTRUCTURE,150,8,158,0.996252122852205,0.99615951331728,0.9961418248166842,0.6686753748203924,0.3313246251796076,0.9961536526814502
39,5_6C_19PER_4_6C_NEWSTRUCTURE,150,9,159,0.996195807551093,0.9961279916368546,0.9961100209723528,0.6686753748203924,0.3313246251796076,0.9961220375131743
39,5_6C_19PER_4_6C_NEWSTRUCTURE,150,10,160,0.996148596556995,0.996096443506184,0.9960782171280212,0.6686753748203924,0.3313246251796076,0.9960904046582708
39,5_6C_19PER_4_6C_NEWSTRUCTURE,150,11,161,0.996094158432587,0.9960648690685971,0.9960464132836896,0.6686753748203924,0.3313246251796076,0.9960587542125803
39,5_6C_19PER_4_6C_NEWSTRUCTURE,150,12,162,0.995940886954729,0.9960332684657603,0.996014609439358,0.6686753748203924,0.3313246251796076,0.9960270862708314
39,5_6C_19PER_4_6C_NEWSTRUCTURE,150,13,163,0.995963225357504,0.9960016418377076,0.9959828055950264,0.6686753748203924,0.3313246251796076,0.9959954009266614
39,5_6C_19PER_4_6C_NEWSTRUCTURE,150,14,164,0.995892174219268,0.9959699893228672,0.9959510017506948,0.6686753748203924,0.3313246251796076,0.9959636982726341
39,5_6C_19PER_4_6C_NEWSTRUCTURE,150,15,165,0.995821123081033,0.9959383110580928,0.9959191979063632,0.6686753748203924,0.3313246251796076,0.99593197840026
39,5_6C_19PER_4_6C_NEWSTRUCTURE,150,16,166,0.995779731334716,0.995906607178688,0.9958873940620316,0.6686753748203924,0.3313246251796076,0.9959002414000133
39,5_6C_19PER_4_6C_NEWSTRUCTURE,150,17,167,0.995701828501512,0.9958748778184348,0.9958555902177002,0.6686753748203924,0.3313246251796076,0.9958684873613508
39,5_6C_19PER_4_6C_NEWSTRUCTURE,150,18,168,0.995697604853928,0.9958431231096192,0.9958237863733688,0.6686753748203924,0.3313246251796076,0.9958367163727289
39,5_6C_19PER_4_6C_NEWSTRUCTURE,150,19,169,0.995661563061217,0.9958113431830568,0.9957919825290372,0.6686753748203924,0.3313246251796076,0.9958049285216204
39,5_6C_19PER_4_6C_NEWSTRUCTURE,150,20,170,0.995623362515297,0.9957795381681174,0.9957601786847056,0.6686753748203924,0.3313246251796076,0.9957731238945322
39,5_6C_19PER_4_6C_NEWSTRUCTURE,150,21,171,0.995512515230943,0.99574770819275,0.995728374840374,0.6686753748203924,0.3313246251796076,0.9957413025770206
39,5_6C_19PER_4_6C_NEWSTRUCTURE,150,22,172,0.995377358508275,0.9957158533835064,0.9956965709960424,0.6686753748203924,0.3313246251796076,0.9957094646537074
39,5_6C_19PER_4_6C_NEWSTRUCTURE,150,23,173,0.995452257858753,0.995683973865564,0.9956647671517108,0.6686753748203924,0.3313246251796076,0.9956776102082956
39,5_6C_19PER_4_6C_NEWSTRUCTURE,150,24,174,0.995308559982084,0.9956520697627498,0.9956329633073792,0.6686753748203924,0.3313246251796076,0.9956457393235856
39,5_6C_19PER_4_6C_NEWSTRUCTURE,150,25,175,0.995357742011722,0.995620141197561,0.9956011594630476,0.6686753748203924,0.3313246251796076,0.9956138520814881
39,5_6C_19PER_4_6C_NEWSTRUCTURE,150,26,176,0.995186825072849,0.9955881882911882,0.9955693556187162,0.6686753748203924,0.3313246251796076,0.9955819485630403
39,5_6C_19PER_4_6C_NEWSTRUCTURE,150,27,177,0.99523028171354,0.995556211163536,0.9955375517743846,0.6686753748203924,0.3313246251796076,0.9955500288484194
39,5_6C_19PER_4_6C_NEWSTRUCTURE,150,28,178,0.995215639735251,0.9955242099332442,0.9955057479300532,0.6686753748203924,0.3313246251796076,0.9955180930169568
39,5_6C_19PER_4_6C_NEWSTRUCTURE,150,29,179,0.995236945690838,0.9954921847177076,0.9954739440857217,0.6686753748203924,0.3313246251796076,0.9954861411471518
39,5_6C_19PER_4_6C_NEWSTRUCTURE,150,30,180,0.995321606360175,0.9954601356330964,0.99544214024139,0.6686753748203924,0.3313246251796076,0.9954541733166844
39,5_6C_19PER_4_6C_NEWSTRUCTURE,150,31,181,0.995262099858667,0.9954280627943758,0.9954103363970584,0.6686753748203924,0.3313246251796076,0.9954221896024289
39,5_6C_19PER_4_6C_NEWSTRUCTURE,150,32,182,0.995251306092621,0.9953959663153248,0.9953785325527268,0.6686753748203924,0.3313246251796076,0.9953901900804666
39,5_6C_19PER_4_6C_NEWSTRUCTURE,150,33,183,0.995196117097532,0.9953638463085552,0.9953467287083952,0.6686753748203924,0.3313246251796076,0.9953581748260982
39,5_6C_19PER_4_6C_NEWSTRUCTURE,150,34,184,0.995233848349277,0.9953317028855296,0.9953149248640636,0.6686753748203924,0.3313246251796076,0.9953261439138561
39,5_6C_19PER_4_6C_NEWSTRUCTURE,150,35,185,0.995256749905062,0.9952995361565792,0.9952831210197322,0.6686753748203924,0.3313246251796076,0.9952940974175161
39,5_6C_19PER_4_6C_NEWSTRUCTURE,150,36,186,0.995136329019519,0.9952673462309216,0.9952513171754006,0.6686753748203924,0.3313246251796076,0.9952620354101092
39,5_6C_19PER_4_6C_NEWSTRUCTURE,150,37,187,0.994933875512023,0.995235133216678,0.9952195133310692,0.6686753748203924,0.3313246251796076,0.9952299579639333
39,5_6C_19PER_4_6C_NEWSTRUCTURE,150,38,188,0.9949850285772,0.9952028972208904,0.9951877094867376,0.6686753748203924,0.3313246251796076,0.9951978651505649
39,5_6C_19PER_4_6C_NEWSTRUCTURE,150,39,189,0.995025669452835,0.9951706383495368,0.995155905642406,0.6686753748203924,0.3313246251796076,0.9951657570408687
39,5_6C_19PER_4_6C_NEWSTRUCTURE,150,40,190,0.995001829308698,0.9951383567075484,0.9951241017980744,0.6686753748203924,0.3313246251796076,0.9951336337050098
39,5_6C_19PER_4_6C_NEWSTRUCTURE,150,41,191,0.994991129401487,0.9951060523988254,0.9950922979537428,0.6686753748203924,0.3313246251796076,0.9951014952124639
39,5_6C_19PER_4_6C_NEWSTRUCTURE,150,42,192,0.994967852410361,0.995073725526252,0.9950604941094112,0.6686753748203924,0.3313246251796076,0.9950693416320266
39,5_6C_19PER_4_6C_NEWSTRUCTURE,150,43,193,0.994941947371849,0.9950413761917118,0.9950286902650798,0.6686753748203924,0.3313246251796076,0.9950371730318255
39,5_6C_19PER_4_6C_NEWSTRUCTURE,150,44,194,0.994843958747916,0.9950090044961027,0.994996886420748,0.6686753748203924,0.3313246251796076,0.9950049894793279
39,5_6C_19PER_4_6C_NEWSTRUCTURE,150,45,195,0.994725039603735,0.9949766105393516,0.9949650825764166,0.6686753748203924,0.3313246251796076,0.994972791041353
39,5_6C_19PER_4_6C_NEWSTRUCTURE,150,46,196,0.994802003848588,0.994944194420428,0.994933278732085,0.6686753748203924,0.3313246251796076,0.9949405777840792
39,5_6C_19PER_4_6C_NEWSTRUCTURE,150,47,197,0.994655114771522,0.994911756237359,0.9949014748877536,0.6686753748203924,0.3313246251796076,0.9949083497730546
39,5_6C_19PER_4_6C_NEWSTRUCTURE,150,48,198,0.994656898089391,0.9948792960872422,0.994869671043422,0.6686753748203924,0.3313246251796076,0.9948761070732062
39,5_6C_19PER_4_6C_NEWSTRUCTURE,150,49,199,0.994561068218666,0.99484681406626,0.9948378671990904,0.6686753748203924,0.3313246251796076,0.9948438497488484
39,5_6C_19PER_4_6C_NEWSTRUCTURE,150,50,200,0.994534412309474,0.9948143102696918,0.9948060633547589,0.6686753748203924,0.3313246251796076,0.9948115778636928
40,5_6C_36PER_4_3C_NEWSTRUCTURE,150,1,151,0.995347465898702,0.9953092680387674,0.9953326253096348,0.6666103790404974,0.33338962095950264,0.9953170551104485
40,5_6C_36PER_4_3C_NEWSTRUCTURE,150,2,152,0.995399700246501,0.9952692942964864,0.995294043549492,0.6666103790404974,0.33338962095950264,0.9952775454405649
40,5_6C_36PER_4_3C_NEWSTRUCTURE,150,3,153,0.995328325875953,0.995229303516478,0.9952554617893492,0.6666103790404974,0.33338962095950264,0.9952380244131555
40,5_6C_36PER_4_3C_NEWSTRUCTURE,150,4,154,0.995177468553791,0.995189295802911,0.9952168800292064,0.6666103790404974,0.33338962095950264,0.9951984920976601
40,5_6C_36PER_4_3C_NEWSTRUCTURE,150,5,155,0.995110619902908,0.9951492712586446,0.9951782982690632,0.6666103790404974,0.33338962095950264,0.9951589485626456
40,5_6C_36PER_4_3C_NEWSTRUCTURE,150,6,156,0.995159837104264,0.9951092299852532,0.9951397165089204,0.6666103790404974,0.33338962095950264,0.9951193938758229
40,5_6C_36PER_4_3C_NEWSTRUCTURE,150,7,157,0.995083277013267,0.9950691720830508,0.9951011347487776,0.6666103790404974,0.33338962095950264,0.9950798281040623
40,5_6C_36PER_4_3C_NEWSTRUCTURE,150,8,158,0.995068568424356,0.9950290976511148,0.9950625529886348,0.6666103790404974,0.33338962095950264,0.9950402513134097
40,5_6C_36PER_4_3C_NEWSTRUCTURE,150,9,159,0.99502038836709,0.9949890067873094,0.9950239712284916,0.6666103790404974,0.33338962095950264,0.9950006635691022
40,5_6C_36PER_4_3C_NEWSTRUCTURE,150,10,160,0.994993799764059,0.9949488995883063,0.9949853894683488,0.6666103790404974,0.33338962095950264,0.9949610649355826
40,5_6C_36PER_4_3C_NEWSTRUCTURE,150,11,161,0.994853596740275,0.9949087761496084,0.994946807708206,0.6666103790404974,0.33338962095950264,0.9949214554765138
40,5_6C_36PER_4_3C_NEWSTRUCTURE,150,12,162,0.994885653921235,0.99486863656557,0.9949082259480632,0.6666103790404974,0.33338962095950264,0.9948818352547935
40,5_6C_36PER_4_3C_NEWSTRUCTURE,150,13,163,0.994704719420467,0.9948284809294184,0.9948696441879202,0.6666103790404974,0.33338962095950264,0.9948422043325678
40,5_6C_36PER_4_3C_NEWSTRUCTURE,150,14,164,0.994726782303833,0.9947883093332736,0.9948310624277772,0.6666103790404974,0.33338962095950264,0.994802562771245
40,5_6C_36PER_4_3C_NEWSTRUCTURE,150,15,165,0.99466172508365,0.9947481218681684,0.9947924806676344,0.6666103790404974,0.33338962095950264,0.9947629106315086
40,5_6C_36PER_4_3C_NEWSTRUCTURE,150,16,166,0.994568476401389,0.9947079186240676,0.9947538989074916,0.6666103790404974,0.33338962095950264,0.9947232479733299
40,5_6C_36PER_4_3C_NEWSTRUCTURE,150,17,167,0.994589784998145,0.9946676996898868,0.9947153171473486,0.6666103790404974,0.33338962095950264,0.994683574855981
40,5_6C_36PER_4_3C_NEWSTRUCTURE,150,18,168,0.99446278199005,0.9946274651535116,0.9946767353872058,0.6666103790404974,0.33338962095950264,0.9946438913380475
40,5_6C_36PER_4_3C_NEWSTRUCTURE,150,19,169,0.994398196198999,0.994587215101814,0.9946381536270628,0.6666103790404974,0.33338962095950264,0.9946041974774389
40,5_6C_36PER_4_3C_NEWSTRUCTURE,150,20,170,0.994435627672061,0.9945469496206724,0.99459957186692,0.6666103790404974,0.33338962095950264,0.9945644933314028
40,5_6C_36PER_4_3C_NEWSTRUCTURE,150,21,171,0.994231687429663,0.9945066687949864,0.9945609901067772,0.6666103790404974,0.33338962095950264,0.9945247789565343
40,5_6C_36PER_4_3C_NEWSTRUCTURE,150,22,172,0.994224710278513,0.9944663727086944,0.9945224083466342,0.6666103790404974,0.33338962095950264,0.9944850544087873
40,5_6C_36PER_4_3C_NEWSTRUCTURE,150,23,173,0.994168515926008,0.9944260614447908,0.9944838265864914,0.6666103790404974,0.33338962095950264,0.994445319743487
40,5_6C_36PER_4_3C_NEWSTRUCTURE,150,24,174,0.994233950289495,0.9943857350853412,0.9944452448263484,0.6666103790404974,0.33338962095950264,0.9944055750153391
40,5_6C_36PER_4_3C_NEWSTRUCTURE,150,25,175,0.994032744336062,0.9943453937114984,0.9944066630662056,0.6666103790404974,0.33338962095950264,0.9943658202784407
40,5_6C_36PER_4_3C_NEWSTRUCTURE,150,26,176,0.99403019861875,0.9943050374035176,0.9943680813060628,0.6666103790404974,0.33338962095950264,0.994326055586291
40,5_6C_36PER_4_3C_NEWSTRUCTURE,150,27,177,0.994008324307037,0.994264666240771,0.9943294995459198,0.6666103790404974,0.33338962095950264,0.9942862809918
40,5_6C_36PER_4_3C_NEWSTRUCTURE,150,28,178,0.993979849987479,0.9942242803017632,0.9942909177857768,0.6666103790404974,0.33338962095950264,0.9942464965473002
40,5_6C_36PER_4_3C_NEWSTRUCTURE,150,29,179,0.993838421247952,0.9941838796641448,0.994252336025634,0.6666103790404974,0.33338962095950264,0.9942067023045539
40,5_6C_36PER_4_3C_NEWSTRUCTURE,150,30,180,0.993866612710031,0.9941434644047268,0.9942137542654912,0.6666103790404974,0.33338962095950264,0.9941668983147643
40,5_6C_36PER_4_3C_NEWSTRUCTURE,150,31,181,0.993852092692773,0.9941030345994948,0.9941751725053484,0.6666103790404974,0.33338962095950264,0.9941270846285841
40,5_6C_36PER_4_3C_NEWSTRUCTURE,150,32,182,0.993903007039003,0.9940625903236212,0.9941365907452052,0.6666103790404974,0.33338962095950264,0.9940872612961239
40,5_6C_36PER_4_3C_NEWSTRUCTURE,150,33,183,0.9937684611648,0.9940221316514786,0.9940980089850624,0.6666103790404974,0.33338962095950264,0.9940474283669615
40,5_6C_36PER_4_3C_NEWSTRUCTURE,150,34,184,0.993826352662179,0.993981658656654,0.9940594272249196,0.6666103790404974,0.33338962095950264,0.9940075858901506
40,5_6C_36PER_4_3C_NEWSTRUCTURE,150,35,185,0.993800518345759,0.9939411714119596,0.9940208454647766,0.6666103790404974,0.33338962095950264,0.9939677339142285
40,5_6C_36PER_4_3C_NEWSTRUCTURE,150,36,186,0.993608458117482,0.9939006699894456,0.9939822637046338,0.6666103790404974,0.33338962095950264,0.9939278724872249
40,5_6C_36PER_4_3C_NEWSTRUCTURE,150,37,187,0.993666443900688,0.9938601544604132,0.9939436819444908,0.6666103790404974,0.33338962095950264,0.9938880016566695
40,5_6C_36PER_4_3C_NEWSTRUCTURE,150,38,188,0.993566595210582,0.9938196248954246,0.993905100184348,0.6666103790404974,0.33338962095950264,0.9938481214696002
40,5_6C_36PER_4_3C_NEWSTRUCTURE,150,39,189,0.993622600991434,0.9937790813643166,0.9938665184242051,0.6666103790404974,0.33338962095950264,0.9938082319725706
40,5_6C_36PER_4_3C_NEWSTRUCTURE,150,40,190,0.993400557870377,0.9937385239362098,0.9938279366640622,0.6666103790404974,0.33338962095950264,0.9937683332116575
40,5_6C_36PER_4_3C_NEWSTRUCTURE,150,41,191,0.993409703595533,0.9936979526795212,0.9937893549039192,0.6666103790404974,0.33338962095950264,0.9937284252324681
40,5_6C_36PER_4_3C_NEWSTRUCTURE,150,42,192,0.993448926499296,0.9936573676619742,0.9937507731437764,0.6666103790404974,0.33338962095950264,0.9936885080801477
40,5_6C_36PER_4_3C_NEWSTRUCTURE,150,43,193,0.993418943606516,0.9936167689506098,0.9937121913836336,0.6666103790404974,0.33338962095950264,0.9936485817993868
40,5_6C_36PER_4_3C_NEWSTRUCTURE,150,44,194,0.99341677503251,0.9935761566117964,0.9936736096234908,0.6666103790404974,0.33338962095950264,0.9936086464344267
40,5_6C_36PER_4_3C_NEWSTRUCTURE,150,45,195,0.993406215019959,0.99353553071124,0.9936350278633478,0.6666103790404974,0.33338962095950264,0.9935687020290678
40,5_6C_36PER_4_3C_NEWSTRUCTURE,150,46,196,0.99336303211149,0.9934948913139952,0.9935964461032047,0.6666103790404974,0.33338962095950264,0.9935287486266764
40,5_6C_36PER_4_3C_NEWSTRUCTURE,150,47,197,0.993250926263958,0.9934542384844732,0.993557864343062,0.6666103790404974,0.33338962095950264,0.9934887862701898
40,5_6C_36PER_4_3C_NEWSTRUCTURE,150,48,198,0.993164183303715,0.9934135722864532,0.9935192825829192,0.6666103790404974,0.33338962095950264,0.9934488150021235
40,5_6C_36PER_4_3C_NEWSTRUCTURE,150,49,199,0.993059903179771,0.9933728927830898,0.9934807008227762,0.6666103790404974,0.33338962095950264,0.9934088348645773
40,5_6C_36PER_4_3C_NEWSTRUCTURE,150,50,200,0.993010874550068,0.9933322000369248,0.9934421190626334,0.6666103790404974,0.33338962095950264,0.993368845899242
41,4_8C_80PER_4_8C_NEWSTRUCTURE,150,1,151,0.951655884452244,0.951590219591588,0.9515626788385216,0.67129296526288,0.32870703473712004,0.9515811667523131
41,4_8C_80PER_4_8C_NEWSTRUCTURE,150,2,152,0.951515405003614,0.9515594682504632,0.951529688819168,0.67129296526288,0.32870703473712004,0.9515496795419061
41,4_8C_80PER_4_8C_NEWSTRUCTURE,150,3,153,0.95156759607385,0.9515287654727824,0.9514966987998142,0.67129296526288,0.32870703473712004,0.9515182249317972
41,4_8C_80PER_4_8C_NEWSTRUCTURE,150,4,154,0.95148021694755,0.9514981108651892,0.9514637087804604,0.67129296526288,0.32870703473712004,0.9514868026579293
41,4_8C_80PER_4_8C_NEWSTRUCTURE,150,5,155,0.95152640695396,0.9514675040400454,0.9514307187611069,0.67129296526288,0.32870703473712004,0.9514554124600836
41,4_8C_80PER_4_8C_NEWSTRUCTURE,150,6,156,0.95151094966835,0.9514369446153113,0.9513977287417532,0.67129296526288,0.32870703473712004,0.9514240540817993
41,4_8C_80PER_4_8C_NEWSTRUCTURE,150,7,157,0.951526225103541,0.951406432214429,0.9513647387223996,0.67129296526288,0.32870703473712004,0.9513927272702961
41,4_8C_80PER_4_8C_NEWSTRUCTURE,150,8,158,0.95137919903983,0.9513759664662098,0.9513317487030456,0.67129296526288,0.32870703473712004,0.9513614317763974
41,4_8C_80PER_4_8C_NEWSTRUCTURE,150,9,159,0.95124908506508,0.9513455470047242,0.951298758683692,0.67129296526288,0.32870703473712004,0.9513301673544574
41,4_8C_80PER_4_8C_NEWSTRUCTURE,150,10,160,0.951280363337137,0.9513151734691944,0.9512657686643384,0.67129296526288,0.32870703473712004,0.9512989337622884
41,4_8C_80PER_4_8C_NEWSTRUCTURE,150,11,161,0.951251085419688,0.9512848455038904,0.9512327786449848,0.67129296526288,0.32870703473712004,0.9512677307610914
41,4_8C_80PER_4_8C_NEWSTRUCTURE,150,12,162,0.951159432808543,0.9512545627580288,0.9511997886256308,0.67129296526288,0.32870703473712004,0.9512365581153879
41,4_8C_80PER_4_8C_NEWSTRUCTURE,150,13,163,0.951066325394047,0.9512243248856732,0.9511667986062772,0.67129296526288,0.32870703473712004,0.9512054155929535
41,4_8C_80PER_4_8C_NEWSTRUCTURE,150,14,164,0.951088329294739,0.9511941315456378,0.9511338085869236,0.67129296526288,0.32870703473712004,0.9511743029647524
41,4_8C_80PER_4_8C_NEWSTRUCTURE,150,15,165,0.951001041093648,0.9511639824013948,0.95110081856757,0.67129296526288,0.32870703473712004,0.9511432200048756
41,4_8C_80PER_4_8C_NEWSTRUCTURE,150,16,166,0.950900114111138,0.9511338771209822,0.951067828548216,0.67129296526288,0.32870703473712004,0.9511121664904796
41,4_8C_80PER_4_8C_NEWSTRUCTURE,150,17,167,0.950782638740504,0.951103815376914,0.9510348385288624,0.67129296526288,0.32870703473712004,0.9510811422017253
41,4_8C_80PER_4_8C_NEWSTRUCTURE,150,18,168,0.950745995881088,0.9510737968460952,0.9510018485095088,0.67129296526288,0.32870703473712004,0.9510501469217216
41,4_8C_80PER_4_8C_NEWSTRUCTURE,150,19,169,0.950741358695405,0.9510438212097356,0.9509688584901552,0.67129296526288,0.32870703473712004,0.9510191804364665
41,4_8C_80PER_4_8C_NEWSTRUCTURE,150,20,170,0.950638067657448,0.9510138881532676,0.9509358684708014,0.67129296526288,0.32870703473712004,0.9509882425347931
41,4_8C_80PER_4_8C_NEWSTRUCTURE,150,21,171,0.950646705552348,0.950983997366267,0.9509028784514476,0.67129296526288,0.32870703473712004,0.9509573330083156
41,4_8C_80PER_4_8C_NEWSTRUCTURE,150,22,172,0.950515773250713,0.9509541485423728,0.950869888432094,0.67129296526288,0.32870703473712004,0.9509264516513765
41,4_8C_80PER_4_8C_NEWSTRUCTURE,150,23,173,0.950576965916685,0.9509243413792118,0.9508368984127404,0.67129296526288,0.32870703473712004,0.9508955982609943
41,4_8C_80PER_4_8C_NEWSTRUCTURE,150,24,174,0.950499861339056,0.9508945755783236,0.9508039083933866,0.67129296526288,0.32870703473712004,0.9508647726368149
41,4_8C_80PER_4_8C_NEWSTRUCTURE,150,25,175,0.950477675587945,0.950864850845088,0.9507709183740328,0.67129296526288,0.32870703473712004,0.9508339745810619
41,4_8C_80PER_4_8C_NEWSTRUCTURE,150,26,176,0.950446670091516,0.9508351668886535,0.9507379283546792,0.67129296526288,0.32870703473712004,0.9508032038984886
41,4_8C_80PER_4_8C_NEWSTRUCTURE,150,27,177,0.950445306213374,0.9508055234218686,0.9507049383353255,0.67129296526288,0.32870703473712004,0.9507724603963322
41,4_8C_80PER_4_8C_NEWSTRUCTURE,150,28,178,0.950526047799383,0.9507759201612138,0.9506719483159718,0.67129296526288,0.32870703473712004,0.9507417438842681
41,4_8C_80PER_4_8C_NEWSTRUCTURE,150,29,179,0.950479130391297,0.950746356826735,0.9506389582966182,0.67129296526288,0.32870703473712004,0.9507110541743653
41,4_8C_80PER_4_8C_NEWSTRUCTURE,150,30,180,0.950472038224958,0.95071683314198,0.9506059682772644,0.67129296526288,0.32870703473712004,0.9506803910810429
41,4_8C_80PER_4_8C_NEWSTRUCTURE,150,31,181,0.95052659335064,0.9506873488339348,0.9505729782579108,0.67129296526288,0.32870703473712004,0.9506497544210287
41,4_8C_80PER_4_8C_NEWSTRUCTURE,150,32,182,0.950408026877492,0.9506579036329622,0.950539988238557,0.67129296526288,0.32870703473712004,0.9506191440133174
41,4_8C_80PER_4_8C_NEWSTRUCTURE,150,33,183,0.950438941448711,0.9506284972727422,0.9505069982192034,0.67129296526288,0.32870703473712004,0.9505885596791301
41,4_8C_80PER_4_8C_NEWSTRUCTURE,150,34,184,0.95036383722569,0.9505991294902124,0.9504740081998496,0.67129296526288,0.32870703473712004,0.9505580012418748
41,4_8C_80PER_4_8C_NEWSTRUCTURE,150,35,185,0.950276639949809,0.9505698000255116,0.950441018180496,0.67129296526288,0.32870703473712004,0.9505274685271086
41,4_8C_80PER_4_8C_NEWSTRUCTURE,150,36,186,0.950231359195494,0.9505405086219232,0.9504080281611422,0.67129296526288,0.32870703473712004,0.9504969613624993
41,4_8C_80PER_4_8C_NEWSTRUCTURE,150,37,187,0.95026454689695,0.9505112550258206,0.9503750381417886,0.67129296526288,0.32870703473712004,0.9504664795777893
41,4_8C_80PER_4_8C_NEWSTRUCTURE,150,38,188,0.950238633212251,0.9504820389866137,0.9503420481224348,0.67129296526288,0.32870703473712004,0.9504360230047592
41,4_8C_80PER_4_8C_NEWSTRUCTURE,150,39,189,0.950301189756366,0.9504528602566964,0.9503090581030812,0.67129296526288,0.32870703473712004,0.9504055914771927
41,4_8C_80PER_4_8C_NEWSTRUCTURE,150,40,190,0.950216811161979,0.9504237185913958,0.9502760680837274,0.67129296526288,0.32870703473712004,0.9503751848308428
41,4_8C_80PER_4_8C_NEWSTRUCTURE,150,41,191,0.950139161033092,0.9503946137489224,0.9502430780643738,0.67129296526288,0.32870703473712004,0.9503448029033976
41,4_8C_80PER_4_8C_NEWSTRUCTURE,150,42,192,0.950158073476662,0.9503655454903208,0.95021008804502,0.67129296526288,0.32870703473712004,0.9503144455344482
41,4_8C_80PER_4_8C_NEWSTRUCTURE,150,43,193,0.950131977941544,0.9503365135794216,0.9501770980256664,0.67129296526288,0.32870703473712004,0.9502841125654558
41,4_8C_80PER_4_8C_NEWSTRUCTURE,150,44,194,0.950063511258814,0.950307517782795,0.9501441080063128,0.67129296526288,0.32870703473712004,0.9502538038397205
41,4_8C_80PER_4_8C_NEWSTRUCTURE,150,45,195,0.949947945317579,0.9502785578697058,0.950111117986959,0.67129296526288,0.32870703473712004,0.9502235192023514
41,4_8C_80PER_4_8C_NEWSTRUCTURE,150,46,196,0.949957037838526,0.9502496336120674,0.9500781279676052,0.67129296526288,0.32870703473712004,0.9501932585002355
41,4_8C_80PER_4_8C_NEWSTRUCTURE,150,47,197,0.949869476861807,0.9502207447843988,0.9500451379482516,0.67129296526288,0.32870703473712004,0.9501630215820094
41,4_8C_80PER_4_8C_NEWSTRUCTURE,150,48,198,0.949803374234523,0.9501918911637814,0.950012147928898,0.67129296526288,0.32870703473712004,0.9501328082980289
41,4_8C_80PER_4_8C_NEWSTRUCTURE,150,49,199,0.949698082841959,0.9501630725298176,0.9499791579095442,0.67129296526288,0.32870703473712004,0.9501026185003427
41,4_8C_80PER_4_8C_NEWSTRUCTURE,150,50,200,0.949732816271975,0.9501342886645892,0.9499461678901904,0.67129296526288,0.32870703473712004,0.950072452042664
42,5C_67PER_4C_NEWSTRUCTURE,150,1,151,0.997577509894593,0.9974813355090764,0.997521945389929,0.6675787608494436,0.33242123915055644,0.9974948350959911
42,5C_67PER_4C_NEWSTRUCTURE,150,2,152,0.997577136988669,0.9974574939052868,0.9975007983471512,0.6675787608494436,0.33242123915055644,0.997471889221512
42,5C_67PER_4C_NEWSTRUCTURE,150,3,153,0.997497055441602,0.997433609137936,0.9974796513043735,0.6675787608494436,0.33242123915055644,0.9974489145319563
42,5C_67PER_4C_NEWSTRUCTURE,150,4,154,0.997495377364946,0.9974096814117624,0.997458504261596,0.6675787608494436,0.33242123915055644,0.997425911164003
42,5C_67PER_4C_NEWSTRUCTURE,150,5,155,0.997417067121015,0.9973857109292084,0.997437357218818,0.6675787608494436,0.33242123915055644,0.9974028792527978
42,5C_67PER_4C_NEWSTRUCTURE,150,6,156,0.997418279065267,0.9973616978904624,0.9974162101760404,0.6675787608494436,0.33242123915055644,0.9973798189319831
42,5C_67PER_4C_NEWSTRUCTURE,150,7,157,0.997452120277822,0.997337642493496,0.9973950631332628,0.6675787608494436,0.33242123915055644,0.9973567303337201
42,5C_67PER_4C_NEWSTRUCTURE,150,8,158,0.997448484445069,0.997313544934104,0.997373916090485,0.6675787608494436,0.33242123915055644,0.9973336135887172
42,5C_67PER_4C_NEWSTRUCTURE,150,9,159,0.997397396333552,0.997289405405942,0.9973527690477072,0.6675787608494436,0.33242123915055644,0.9973104688262547
42,5C_67PER_4C_NEWSTRUCTURE,150,10,160,0.997386115929366,0.9972652241005622,0.9973316220049296,0.6675787608494436,0.33242123915055644,0.997287296174209
42,5C_67PER_4C_NEWSTRUCTURE,150,11,161,0.997361224458974,0.9972410012074496,0.997310474962152,0.6675787608494436,0.33242123915055644,0.9972640957590763
42,5C_67PER_4C_NEWSTRUCTURE,150,12,162,0.99727722739971,0.9972167369140578,0.997289327919374,0.6675787608494436,0.33242123915055644,0.9972408677059962
42,5C_67PER_4C_NEWSTRUCTURE,150,13,163,0.997281702270792,0.9971924314058418,0.9972681808765964,0.6675787608494436,0.33242123915055644,0.997217612138775
42,5C_67PER_4C_NEWSTRUCTURE,150,14,164,0.997249539134892,0.9971680848662928,0.9972470338338186,0.6675787608494436,0.33242123915055644,0.9971943291799075
42,5C_67PER_4C_NEWSTRUCTURE,150,15,165,0.997164796263781,0.9971436974769698,0.997225886791041,0.6675787608494436,0.33242123915055644,0.9971710189505982
42,5C_67PER_4C_NEWSTRUCTURE,150,16,166,0.997104758410101,0.9971192694175324,0.9972047397482632,0.6675787608494436,0.33242123915055644,0.9971476815707845
42,5C_67PER_4C_NEWSTRUCTURE,150,17,167,0.997031295943175,0.9970948008657712,0.9971835927054856,0.6675787608494436,0.33242123915055644,0.9971243171591555
42,5C_67PER_4C_NEWSTRUCTURE,150,18,168,0.9970189900477,0.9970702919976392,0.9971624456627076,0.6675787608494436,0.33242123915055644,0.9971009258331734
42,5C_67PER_4C_NEWSTRUCTURE,150,19,169,0.996949909225376,0.9970457429872804,0.99714129861993,0.6675787608494436,0.33242123915055644,0.9970775077090936
42,5C_67PER_4C_NEWSTRUCTURE,150,20,170,0.996910567650448,0.9970211540070608,0.9971201515771524,0.6675787608494436,0.33242123915055644,0.9970540629019835
42,5C_67PER_4C_NEWSTRUCTURE,150,21,171,0.996833096444846,0.996996525227595,0.9970990045343746,0.6675787608494436,0.33242123915055644,0.997030591525742
42,5C_67PER_4C_NEWSTRUCTURE,150,22,172,0.996868336054614,0.9969718568177752,0.9970778574915968,0.6675787608494436,0.33242123915055644,0.9970070936931178
42,5C_67PER_4C_NEWSTRUCTURE,150,23,173,0.996795899078978,0.9969471489447989,0.9970567104488192,0.6675787608494436,0.33242123915055644,0.9969835695157284
42,5C_67PER_4C_NEWSTRUCTURE,150,24,174,0.996765600472696,0.9969224017741938,0.9970355634060416,0.6675787608494436,0.33242123915055644,0.996960019104077
42,5C_67PER_4C_NEWSTRUCTURE,150,25,175,0.996706961016228,0.9968976154698468,0.9970144163632636,0.6675787608494436,0.33242123915055644,0.9969364425675703
42,5C_67PER_4C_NEWSTRUCTURE,150,26,176,0.996677314995312,0.9968727901940266,0.996993269320486,0.6675787608494436,0.33242123915055644,0.996912840014536
42,5C_67PER_4C_NEWSTRUCTURE,150,27,177,0.996711249434348,0.996847926107411,0.9969721222777084,0.6675787608494436,0.33242123915055644,0.996889211552239
42,5C_67PER_4C_NEWSTRUCTURE,150,28,178,0.996673213030153,0.9968230233691102,0.9969509752349306,0.6675787608494436,0.33242123915055644,0.9968655572868979
42,5C_67PER_4C_NEWSTRUCTURE,150,29,179,0.996771939873395,0.9967980821366914,0.9969298281921528,0.6675787608494436,0.33242123915055644,0.9968418773237011
42,5C_67PER_4C_NEWSTRUCTURE,150,30,180,0.996799534911732,0.9967731025662018,0.9969086811493753,0.6675787608494436,0.33242123915055644,0.9968181717668225
42,5C_67PER_4C_NEWSTRUCTURE,150,31,181,0.99668141696047,0.996748084812192,0.9968875341065974,0.6675787608494436,0.33242123915055644,0.9967944407194369
42,5C_67PER_4C_NEWSTRUCTURE,150,32,182,0.996819205699196,0.9967230290277388,0.9968663870638196,0.6675787608494436,0.33242123915055644,0.9967706842837349
42,5C_67PER_4C_NEWSTRUCTURE,150,33,183,0.99677464344134,0.9966979353644668,0.996845240021042,0.6675787608494436,0.33242123915055644,0.9967469025609381
42,5C_67PER_4C_NEWSTRUCTURE,150,34,184,0.996781262521482,0.99667280397257,0.9968240929782642,0.6675787608494436,0.33242123915055644,0.9967230956513127
42,5C_67PER_4C_NEWSTRUCTURE,150,35,185,0.996781169295001,0.9966476350008332,0.9968029459354866,0.6675787608494436,0.33242123915055644,0.9966992636541843
42,5C_67PER_4C_NEWSTRUCTURE,150,36,186,0.99668570537859,0.9966224285966528,0.9967817988927088,0.6675787608494436,0.33242123915055644,0.9966754066679515
42,5C_67PER_4C_NEWSTRUCTURE,150,37,187,0.996599191204342,0.9965971849060578,0.9967606518499312,0.6675787608494436,0.33242123915055644,0.9966515247901002
42,5C_67PER_4C_NEWSTRUCTURE,150,38,188,0.996566002577153,0.996571904073728,0.9967395048071532,0.6675787608494436,0.33242123915055644,0.9966276181172158
42,5C_67PER_4C_NEWSTRUCTURE,150,39,189,0.996542043371569,0.9965465862430154,0.9967183577643756,0.6675787608494436,0.33242123915055644,0.9966036867449968
42,5C_67PER_4C_NEWSTRUCTURE,150,40,190,0.996593411162529,0.9965212315559624,0.996697210721598,0.6675787608494436,0.33242123915055644,0.9965797307682676
42,5C_67PER_4C_NEWSTRUCTURE,150,41,191,0.996524610019647,0.9964958401533206,0.9966760636788202,0.6675787608494436,0.33242123915055644,0.9965557502809912
42,5C_67PER_4C_NEWSTRUCTURE,150,42,192,0.996529737476094,0.9964704121745698,0.9966549166360424,0.6675787608494436,0.33242123915055644,0.9965317453762813
42,5C_67PER_4C_NEWSTRUCTURE,150,43,193,0.996455715650284,0.9964449477579354,0.9966337695932648,0.6675787608494436,0.33242123915055644,0.9965077161464142
42,5C_67PER_4C_NEWSTRUCTURE,150,44,194,0.996442291037038,0.9964194470404066,0.996612622550487,0.6675787608494436,0.33242123915055644,0.996483662682841
42,5C_67PER_4C_NEWSTRUCTURE,150,45,195,0.996357548165927,0.9963939101577536,0.9965914755077092,0.6675787608494436,0.33242123915055644,0.996459585076199
42,5C_67PER_4C_NEWSTRUCTURE,150,46,196,0.996346267761742,0.9963683372445442,0.9965703284649317,0.6675787608494436,0.33242123915055644,0.9964354834163229
42,5C_67PER_4C_NEWSTRUCTURE,150,47,197,0.996294433838379,0.9963427284341618,0.996549181422154,0.6675787608494436,0.33242123915055644,0.9964113577922565
42,5C_67PER_4C_NEWSTRUCTURE,150,48,198,0.996270194953352,0.9963170838588205,0.9965280343793762,0.6675787608494436,0.33242123915055644,0.9963872082922631
42,5C_67PER_4C_NEWSTRUCTURE,150,49,199,0.996337877378464,0.9962914036495812,0.9965068873365984,0.6675787608494436,0.33242123915055644,0.9963630350038363
42,5C_67PER_4C_NEWSTRUCTURE,150,50,200,0.996301705503886,0.9962656879363688,0.9964857402938208,0.6675787608494436,0.33242123915055644,0.996338838013711
43,5_3C_54PER_4C_NEWSTRUCTURE,150,1,151,0.996179116026029,0.9963293465245652,0.9963624550611052,0.6681478375593136,0.3318521624406864,0.9963403336640113
43,5_3C_54PER_4C_NEWSTRUCTURE,150,2,152,0.996245021210438,0.9962943648033789,0.996329452342651,0.6681478375593136,0.3318521624406864,0.9963060086791611
43,5_3C_54PER_4C_NEWSTRUCTURE,150,3,153,0.99605491375931,0.996259359457876,0.996296449624197,0.6681478375593136,0.3318521624406864,0.996271667909775
43,5_3C_54PER_4C_NEWSTRUCTURE,150,4,154,0.996051014606985,0.9962243306266684,0.9962634469057428,0.6681478375593136,0.3318521624406864,0.9962373114484657
43,5_3C_54PER_4C_NEWSTRUCTURE,150,5,155,0.996107314562497,0.9961892784466582,0.9962304441872888,0.6681478375593136,0.3318521624406864,0.9962029393867049
43,5_3C_54PER_4C_NEWSTRUCTURE,150,6,156,0.996065279798416,0.996154203053072,0.9961974414688346,0.6681478375593136,0.3318521624406864,0.9961685518148433
43,5_3C_54PER_4C_NEWSTRUCTURE,150,7,157,0.996072031989026,0.9961191045794912,0.9961644387503804,0.6681478375593136,0.3318521624406864,0.9961341488221331
43,5_3C_54PER_4C_NEWSTRUCTURE,150,8,158,0.996096187713181,0.9960839831578818,0.9961314360319264,0.6681478375593136,0.3318521624406864,0.9960997304967476
43,5_3C_54PER_4C_NEWSTRUCTURE,150,9,159,0.996038936744908,0.9960488389186244,0.9960984333134724,0.6681478375593136,0.3318521624406864,0.9960652969257997
43,5_3C_54PER_4C_NEWSTRUCTURE,150,10,160,0.996096663219562,0.9960136719905438,0.9960654305950182,0.6681478375593136,0.3318521624406864,0.9960308481953635
43,5_3C_54PER_4C_NEWSTRUCTURE,150,11,161,0.996006602310999,0.995978482500936,0.996032427876564,0.6681478375593136,0.3318521624406864,0.9959963843904918
43,5_3C_54PER_4C_NEWSTRUCTURE,150,12,162,0.995927858454304,0.9959432705755966,0.99599942515811,0.6681478375593136,0.3318521624406864,0.9959619055952347
43,5_3C_54PER_4C_NEWSTRUCTURE,150,13,163,0.995889627741271,0.9959080363388474,0.9959664224396558,0.6681478375593136,0.3318521624406864,0.9959274118926571
43,5_3C_54PER_4C_NEWSTRUCTURE,150,14,164,0.995898186856129,0.9958727799135624,0.9959334197212016,0.6681478375593136,0.3318521624406864,0.9958929033648575
43,5_3C_54PER_4C_NEWSTRUCTURE,150,15,165,0.99596751568648,0.9958375014211936,0.9959004170027476,0.6681478375593136,0.3318521624406864,0.9958583800929834
43,5_3C_54PER_4C_NEWSTRUCTURE,150,16,166,0.995874982144735,0.9958022009817958,0.9958674142842936,0.6681478375593136,0.3318521624406864,0.9958238421572496
43,5_3C_54PER_4C_NEWSTRUCTURE,150,17,167,0.995837512241912,0.9957668787140516,0.9958344115658394,0.6681478375593136,0.3318521624406864,0.9957892896369531
43,5_3C_54PER_4C_NEWSTRUCTURE,150,18,168,0.995826004987491,0.9957315347352944,0.9958014088473852,0.6681478375593136,0.3318521624406864,0.9957547226104904
43,5_3C_54PER_4C_NEWSTRUCTURE,150,19,169,0.995777408235352,0.9956961691615316,0.9957684061289312,0.6681478375593136,0.3318521624406864,0.9957201411553713
43,5_3C_54PER_4C_NEWSTRUCTURE,150,20,170,0.995785586945105,0.9956607821074688,0.9957354034104772,0.6681478375593136,0.3318521624406864,0.9956855453482363
43,5_3C_54PER_4C_NEWSTRUCTURE,150,21,171,0.995595194190149,0.9956253736865296,0.9957024006920228,0.6681478375593136,0.3318521624406864,0.9956509352648688
43,5_3C_54PER_4C_NEWSTRUCTURE,150,22,172,0.995602516988416,0.99558994401088,0.9956693979735688,0.6681478375593136,0.3318521624406864,0.9956163109802127
43,5_3C_54PER_4C_NEWSTRUCTURE,150,23,173,0.995524629043207,0.9955544931914472,0.9956363952551148,0.6681478375593136,0.3318521624406864,0.9955816725683837
43,5_3C_54PER_4C_NEWSTRUCTURE,150,24,174,0.99544769211076,0.995519021337942,0.9956033925366604,0.6681478375593136,0.3318521624406864,0.9955470201026845
43,5_3C_54PER_4C_NEWSTRUCTURE,150,25,175,0.995339371757165,0.9954835285588788,0.9955703898182064,0.6681478375593136,0.3318521624406864,0.995512353655619
43,5_3C_54PER_4C_NEWSTRUCTURE,150,26,176,0.995431334691253,0.995448014961594,0.9955373870997524,0.6681478375593136,0.3318521624406864,0.9954776732989038
43,5_3C_54PER_4C_NEWSTRUCTURE,150,27,177,0.995331288148688,0.9954124806522676,0.9955043843812982,0.6681478375593136,0.3318521624406864,0.9954429791034828
43,5_3C_54PER_4C_NEWSTRUCTURE,150,28,178,0.995281074674853,0.9953769257359406,0.995471381662844,0.6681478375593136,0.3318521624406864,0.9954082711395388
43,5_3C_54PER_4C_NEWSTRUCTURE,150,29,179,0.995239325214601,0.9953413503165338,0.99543837894439,0.6681478375593136,0.3318521624406864,0.9953735494765066
43,5_3C_54PER_4C_NEWSTRUCTURE,150,30,180,0.995204518147511,0.9953057544968664,0.995405376225936,0.6681478375593136,0.3318521624406864,0.9953388141830842
43,5_3C_54PER_4C_NEWSTRUCTURE,150,31,181,0.995182074246327,0.9952701383786732,0.9953723735074818,0.6681478375593136,0.3318521624406864,0.9953040653272457
43,5_3C_54PER_4C_NEWSTRUCTURE,150,32,182,0.995130529354626,0.9952345020626224,0.9953393707890276,0.6681478375593136,0.3318521624406864,0.9952693029762524
43,5_3C_54PER_4C_NEWSTRUCTURE,150,33,183,0.995008038910877,0.9951988456483328,0.9953063680705736,0.6681478375593136,0.3318521624406864,0.9952345271966643
43,5_3C_54PER_4C_NEWSTRUCTURE,150,34,184,0.995068142917437,0.9951631692343887,0.9952733653521194,0.6681478375593136,0.3318521624406864,0.9951997380543502
43,5_3C_54PER_4C_NEWSTRUCTURE,150,35,185,0.995030958318442,0.9951274729183592,0.9952403626336652,0.6681478375593136,0.3318521624406864,0.9951649356145009
43,5_3C_54PER_4C_NEWSTRUCTURE,150,36,186,0.995040373344786,0.9950917567968116,0.9952073599152113,0.6681478375593136,0.3318521624406864,0.9951301199416374
43,5_3C_54PER_4C_NEWSTRUCTURE,150,37,187,0.995103900997289,0.9950560209653272,0.9951743571967572,0.6681478375593136,0.3318521624406864,0.9950952910996222
43,5_3C_54PER_4C_NEWSTRUCTURE,150,38,188,0.995087543577782,0.9950202655185184,0.995141354478303,0.6681478375593136,0.3318521624406864,0.9950604491516706
43,5_3C_54PER_4C_NEWSTRUCTURE,150,39,189,0.995134713810778,0.994984490550042,0.9951083517598488,0.6681478375593136,0.3318521624406864,0.995025594160359
43,5_3C_54PER_4C_NEWSTRUCTURE,150,40,190,0.995059108296198,0.9949486961526136,0.9950753490413948,0.6681478375593136,0.3318521624406864,0.994990726187635
43,5_3C_54PER_4C_NEWSTRUCTURE,150,41,191,0.99508535624843,0.994912882418024,0.9950423463229406,0.6681478375593136,0.3318521624406864,0.9949558452948286
43,5_3C_54PER_4C_NEWSTRUCTURE,150,42,192,0.99503828111671,0.9948770494371508,0.9950093436044866,0.6681478375593136,0.3318521624406864,0.9949209515426594
43,5_3C_54PER_4C_NEWSTRUCTURE,150,43,193,0.994955162601309,0.9948411972999738,0.9949763408860324,0.6681478375593136,0.3318521624406864,0.9948860449912473
43,5_3C_54PER_4C_NEWSTRUCTURE,150,44,194,0.994857398489373,0.9948053260955876,0.9949433381675784,0.6681478375593136,0.3318521624406864,0.9948511257001207
43,5_3C_54PER_4C_NEWSTRUCTURE,150,45,195,0.994787213747536,0.9947694359122156,0.9949103354491242,0.6681478375593136,0.3318521624406864,0.9948161937282256
43,5_3C_54PER_4C_NEWSTRUCTURE,150,46,196,0.994775706493116,0.9947335268372224,0.99487733273067,0.6681478375593136,0.3318521624406864,0.9947812491339347
43,5_3C_54PER_4C_NEWSTRUCTURE,150,47,197,0.994828202397579,0.9946975989571262,0.994844330012216,0.6681478375593136,0.3318521624406864,0.9947462919750549
43,5_3C_54PER_4C_NEWSTRUCTURE,150,48,198,0.994733386425206,0.9946616523576124,0.994811327293762,0.6681478375593136,0.3318521624406864,0.9947113223088369
43,5_3C_54PER_4C_NEWSTRUCTURE,150,49,199,0.994653025846815,0.9946256871235446,0.9947783245753078,0.6681478375593136,0.3318521624406864,0.9946763401919816
43,5_3C_54PER_4C_NEWSTRUCTURE,150,50,200,0.994722830183547,0.9945897033389772,0.9947453218568536,0.6681478375593136,0.3318521624406864,0.9946413456806502
44,5_6C_19PER_4_6C_NEWSTRUCTURE,150,1,151,0.996256839063632,0.9962682924493236,0.9962998134116108,0.6631336552495727,0.3368663447504273,0.9962789108006723
44,5_6C_19PER_4_6C_NEWSTRUCTURE,150,2,152,0.996155789416295,0.9962288731942472,0.9962632558536264,0.6631336552495727,0.3368663447504273,0.996240455555035
44,5_6C_19PER_4_6C_NEWSTRUCTURE,150,3,153,0.996146483448773,0.996189372762821,0.996226698295642,0.6631336552495727,0.3368663447504273,0.9962019464786284
44,5_6C_19PER_4_6C_NEWSTRUCTURE,150,4,154,0.996068745720077,0.9961497915200848,0.9961901407376575,0.6631336552495727,0.3368663447504273,0.9961633838135221
44,5_6C_19PER_4_6C_NEWSTRUCTURE,150,5,155,0.995992323986789,0.9961101298270744,0.9961535831796732,0.6631336552495727,0.3368663447504273,0.9961247677991315
44,5_6C_19PER_4_6C_NEWSTRUCTURE,150,6,156,0.996017233899854,0.996070388040892,0.9961170256216888,0.6631336552495727,0.3368663447504273,0.996086098672263
44,5_6C_19PER_4_6C_NEWSTRUCTURE,150,7,157,0.995899076312224,0.996030566514773,0.9960804680637044,0.6631336552495727,0.3368663447504273,0.9960473766671589
44,5_6C_19PER_4_6C_NEWSTRUCTURE,150,8,158,0.995832148545802,0.9959906655981524,0.9960439105057202,0.6631336552495727,0.3368663447504273,0.9960086020155412
44,5_6C_19PER_4_6C_NEWSTRUCTURE,150,9,159,0.995799906658326,0.9959506856367304,0.996007352947736,0.6631336552495727,0.3368663447504273,0.9959697749466557
44,5_6C_19PER_4_6C_NEWSTRUCTURE,150,10,160,0.995735986881406,0.9959106269725344,0.9959707953897516,0.6631336552495727,0.3368663447504273,0.9959308956873117
44,5_6C_19PER_4_6C_NEWSTRUCTURE,150,11,161,0.995700267006068,0.9958704899439814,0.9959342378317672,0.6631336552495727,0.3368663447504273,0.9958919644619253
44,5_6C_19PER_4_6C_NEWSTRUCTURE,150,12,162,0.995609745321989,0.9958302748859384,0.9958976802737828,0.6631336552495727,0.3368663447504273,0.9958529814925581
44,5_6C_19PER_4_6C_NEWSTRUCTURE,150,13,163,0.995532195592637,0.9957899821297812,0.9958611227157984,0.6631336552495727,0.3368663447504273,0.9958139469989562
44,5_6C_19PER_4_6C_NEWSTRUCTURE,150,14,164,0.995501175700897,0.9957496120034516,0.995824565157814,0.6631336552495727,0.3368663447504273,0.9957748611985893
44,5_6C_19PER_4_6C_NEWSTRUCTURE,150,15,165,0.995430205948581,0.9957091648315144,0.9957880075998298,0.6631336552495727,0.3368663447504273,0.9957357243066868
44,5_6C_19PER_4_6C_NEWSTRUCTURE,150,16,166,0.995425881963672,0.9956686409352118,0.9957514500418454,0.6631336552495727,0.3368663447504273,0.9956965365362755
44,5_6C_19PER_4_6C_NEWSTRUCTURE,150,17,167,0.995411406014193,0.9956280406325182,0.995714892483861,0.6631336552495727,0.3368663447504273,0.9956572980982149
44,5_6C_19PER_4_6C_NEWSTRUCTURE,150,18,168,0.995373148147713,0.9955873642381918,0.9956783349258768,0.6631336552495727,0.3368663447504273,0.9956180092012317
44,5_6C_19PER_4_6C_NEWSTRUCTURE,150,19,169,0.995306408380635,0.9955466120638264,0.9956417773678924,0.6631336552495727,0.3368663447504273,0.9955786700519542
44,5_6C_19PER_4_6C_NEWSTRUCTURE,150,20,170,0.995367226168381,0.9955057844179024,0.995605219809908,0.6631336552495727,0.3368663447504273,0.9955392808549461
44,5_6C_19PER_4_6C_NEWSTRUCTURE,150,21,171,0.995338462268767,0.995464881605835,0.9955686622519236,0.6631336552495727,0.3368663447504273,0.9954998418127388
44,5_6C_19PER_4_6C_NEWSTRUCTURE,150,22,172,0.995364500177894,0.9954239039300232,0.9955321046939392,0.6631336552495727,0.3368663447504273,0.9954603531258628
44,5_6C_19PER_4_6C_NEWSTRUCTURE,150,23,173,0.995255930556802,0.9953828516898968,0.9954955471359548,0.6631336552495727,0.3368663447504273,0.9954208149928804
44,5_6C_19PER_4_6C_NEWSTRUCTURE,150,24,174,0.995207426726081,0.9953417251819626,0.9954589895779706,0.6631336552495727,0.3368663447504273,0.9953812276104153
44,5_6C_19PER_4_6C_NEWSTRUCTURE,150,25,175,0.99522481666539,0.995300524699849,0.9954224320199864,0.6631336552495727,0.3368663447504273,0.995341591173182
44,5_6C_19PER_4_6C_NEWSTRUCTURE,150,26,176,0.995121041027567,0.9952592505343512,0.995385874462002,0.6631336552495727,0.3368663447504273,0.9953019058740169
44,5_6C_19PER_4_6C_NEWSTRUCTURE,150,27,177,0.995065205222434,0.995217902973474,0.9953493169040176,0.6631336552495727,0.3368663447504273,0.9952621719039055
44,5_6C_19PER_4_6C_NEWSTRUCTURE,150,28,178,0.995076673182411,0.9951764823024736,0.9953127593460332,0.6631336552495727,0.3368663447504273,0.9952223894520109
44,5_6C_19PER_4_6C_NEWSTRUCTURE,150,29,179,0.995084475155182,0.9951349888039008,0.9952762017880488,0.6631336552495727,0.3368663447504273,0.995182558705702
44,5_6C_19PER_4_6C_NEWSTRUCTURE,150,30,180,0.995017547388759,0.99509342275764,0.9952396442300644,0.6631336552495727,0.3368663447504273,0.9951426798505796
44,5_6C_19PER_4_6C_NEWSTRUCTURE,150,31,181,0.994916121742735,0.9950517844409494,0.99520308667208,0.6631336552495727,0.3368663447504273,0.995102753070503
44,5_6C_19PER_4_6C_NEWSTRUCTURE,150,32,182,0.994856055952365,0.995010074128501,0.9951665291140958,0.6631336552495727,0.3368663447504273,0.9950627785476163
44,5_6C_19PER_4_6C_NEWSTRUCTURE,150,33,183,0.994791572177413,0.9949682920924174,0.9951299715561116,0.6631336552495727,0.3368663447504273,0.9950227564623734
44,5_6C_19PER_4_6C_NEWSTRUCTURE,150,34,184,0.99473235238409,0.9949264386023106,0.9950934139981272,0.6631336552495727,0.3368663447504273,0.9949826869935625
44,5_6C_19PER_4_6C_NEWSTRUCTURE,150,35,185,0.994643992692465,0.9948845139253174,0.9950568564401427,0.6631336552495727,0.3368663447504273,0.9949425703183317
44,5_6C_19PER_4_6C_NEWSTRUCTURE,150,36,186,0.994616920786946,0.9948425183261368,0.9950202988821584,0.6631336552495727,0.3368663447504273,0.9949024066122114
44,5_6C_19PER_4_6C_NEWSTRUCTURE,150,37,187,0.994611938804334,0.9948004520670636,0.994983741324174,0.6631336552495727,0.3368663447504273,0.9948621960491384
44,5_6C_19PER_4_6C_NEWSTRUCTURE,150,38,188,0.994582610906688,0.9947583154080252,0.9949471837661896,0.6631336552495727,0.3368663447504273,0.994821938801479
44,5_6C_19PER_4_6C_NEWSTRUCTURE,150,39,189,0.994523579112709,0.9947161086066127,0.9949106262082054,0.6631336552495727,0.3368663447504273,0.9947816350400509
44,5_6C_19PER_4_6C_NEWSTRUCTURE,150,40,190,0.994456651346287,0.9946738319181166,0.994874068650221,0.6631336552495727,0.3368663447504273,0.9947412849341455
44,5_6C_19PER_4_6C_NEWSTRUCTURE,150,41,191,0.994273257986329,0.994631485595558,0.9948375110922366,0.6631336552495727,0.3368663447504273,0.9947008886515496
44,5_6C_19PER_4_6C_NEWSTRUCTURE,150,42,192,0.994278803966974,0.994589069889721,0.9948009535342522,0.6631336552495727,0.3368663447504273,0.9946604463585667
44,5_6C_19PER_4_6C_NEWSTRUCTURE,150,43,193,0.994229078140517,0.994546585049184,0.994764395976268,0.6631336552495727,0.3368663447504273,0.9946199582200375
44,5_6C_19PER_4_6C_NEWSTRUCTURE,150,44,194,0.994139966451517,0.99450403132035,0.9947278384182836,0.6631336552495727,0.3368663447504273,0.9945794243993602
44,5_6C_19PER_4_6C_NEWSTRUCTURE,150,45,195,0.993977723017747,0.994461408947478,0.9946912808602992,0.6631336552495727,0.3368663447504273,0.9945388450585109
44,5_6C_19PER_4_6C_NEWSTRUCTURE,150,46,196,0.994016920880946,0.9944187181727112,0.9946547233023147,0.6631336552495727,0.3368663447504273,0.9944982203580631
44,5_6C_19PER_4_6C_NEWSTRUCTURE,150,47,197,0.993900455287411,0.9943759592361064,0.9946181657443304,0.6631336552495727,0.3368663447504273,0.9944575504572066
44,5_6C_19PER_4_6C_NEWSTRUCTURE,150,48,198,0.993887389333011,0.9943331323756628,0.9945816081863462,0.6631336552495727,0.3368663447504273,0.9944168355137666
44,5_6C_19PER_4_6C_NEWSTRUCTURE,150,49,199,0.993821119564293,0.9942902378273502,0.9945450506283618,0.6631336552495727,0.3368663447504273,0.9943760756842226
44,5_6C_19PER_4_6C_NEWSTRUCTURE,150,50,200,0.993874511377955,0.9942472758251354,0.9945084930703776,0.6631336552495727,0.3368663447504273,0.9943352711237259
45,5_6C_36PER_4_3C_NEWSTRUCTURE,150,1,151,0.998276492633596,0.9981760101622856,0.9982453397294778,0.6644305398219977,0.33556946017800227,0.9981992750477227
45,5_6C_36PER_4_3C_NEWSTRUCTURE,150,2,152,0.998154488674487,0.9981478305919618,0.9982237051304867,0.6644305398219977,0.33556946017800227,0.9981732917698958
45,5_6C_36PER_4_3C_NEWSTRUCTURE,150,3,153,0.998150317598962,0.9981194357396876,0.9982020705314956,0.6644305398219977,0.33556946017800227,0.9981471654521665
45,5_6C_36PER_4_3C_NEWSTRUCTURE,150,4,154,0.998181979854084,0.9980908253839816,0.9981804359325046,0.6644305398219977,0.33556946017800227,0.9981208959473757
45,5_6C_36PER_4_3C_NEWSTRUCTURE,150,5,155,0.998117138589103,0.9980619993045792,0.9981588013335134,0.6644305398219977,0.33556946017800227,0.9980944831091727
45,5_6C_36PER_4_3C_NEWSTRUCTURE,150,6,156,0.998094292470886,0.998032957282419,0.9981371667345224,0.6644305398219977,0.33556946017800227,0.9980679267920067
45,5_6C_36PER_4_3C_NEWSTRUCTURE,150,7,157,0.998052771309977,0.9980036990996278,0.9981155321355312,0.6644305398219977,0.33556946017800227,0.998041226851116
45,5_6C_36PER_4_3C_NEWSTRUCTURE,150,8,158,0.998006889479201,0.9979742245395072,0.9980938975365402,0.6644305398219977,0.33556946017800227,0.9980143831425194
45,5_6C_36PER_4_3C_NEWSTRUCTURE,150,9,159,0.997920150067714,0.9979445333865188,0.9980722629375492,0.6644305398219977,0.33556946017800227,0.9979873955230069
45,5_6C_36PER_4_3C_NEWSTRUCTURE,150,10,160,0.997938256327379,0.9979146254262724,0.998050628338558,0.6644305398219977,0.33556946017800227,0.9979602638501307
45,5_6C_36PER_4_3C_NEWSTRUCTURE,150,11,161,0.99789483922305,0.9978845004455108,0.9980289937395668,0.6644305398219977,0.33556946017800227,0.9979329879821965
45,5_6C_36PER_4_3C_NEWSTRUCTURE,150,12,162,0.997894080845682,0.9978541582320982,0.9980073591405758,0.6644305398219977,0.33556946017800227,0.9979055677782549
45,5_6C_36PER_4_3C_NEWSTRUCTURE,150,13,163,0.99778942476887,0.9978235985750072,0.9979857245415849,0.6644305398219977,0.33556946017800227,0.9978780030980925
45,5_6C_36PER_4_3C_NEWSTRUCTURE,150,14,164,0.997756719744867,0.9977928212643052,0.9979640899425936,0.6644305398219977,0.33556946017800227,0.9978502938022239
45,5_6C_36PER_4_3C_NEWSTRUCTURE,150,15,165,0.997654528394502,0.9977618260911436,0.9979424553436026,0.6644305398219977,0.33556946017800227,0.9978224397518836
45,5_6C_36PER_4_3C_NEWSTRUCTURE,150,16,166,0.997612533247738,0.997730612847744,0.9979208207446116,0.6644305398219977,0.33556946017800227,0.9977944408090174
45,5_6C_36PER_4_3C_NEWSTRUCTURE,150,17,167,0.997595943742808,0.9976991813273878,0.9978991861456205,0.6644305398219977,0.33556946017800227,0.997766296836275
45,5_6C_36PER_4_3C_NEWSTRUCTURE,150,18,168,0.997538212265654,0.9976675313244032,0.9978775515466292,0.6644305398219977,0.33556946017800227,0.997738007697002
45,5_6C_36PER_4_3C_NEWSTRUCTURE,150,19,169,0.997516124524806,0.9976356626341552,0.9978559169476382,0.6644305398219977,0.33556946017800227,0.9977095732552326
45,5_6C_36PER_4_3C_NEWSTRUCTURE,150,20,170,0.997471759448766,0.9976035750530324,0.9978342823486472,0.6644305398219977,0.33556946017800227,0.997680993375681
45,5_6C_36PER_4_3C_NEWSTRUCTURE,150,21,171,0.997398481235564,0.9975712683784368,0.997812647749656,0.6644305398219977,0.33556946017800227,0.997652267923735
45,5_6C_36PER_4_3C_NEWSTRUCTURE,150,22,172,0.99732596139973,0.997538742408773,0.997791013150665,0.6644305398219977,0.33556946017800227,0.9976233967654484
45,5_6C_36PER_4_3C_NEWSTRUCTURE,150,23,173,0.9973361994942,0.9975059969434378,0.997769378551674,0.6644305398219977,0.33556946017800227,0.9975943797675344
45,5_6C_36PER_4_3C_NEWSTRUCTURE,150,24,174,0.997329658489399,0.997473031782808,0.9977477439526828,0.6644305398219977,0.33556946017800227,0.9975652167973572
45,5_6C_36PER_4_3C_NEWSTRUCTURE,150,25,175,0.997337431857423,0.9974398467282318,0.9977261093536915,0.6644305398219977,0.33556946017800227,0.9975359077229264
45,5_6C_36PER_4_3C_NEWSTRUCTURE,150,26,176,0.997349471098144,0.9974064415820172,0.9977044747547006,0.6644305398219977,0.33556946017800227,0.9975064524128897
45,5_6C_36PER_4_3C_NEWSTRUCTURE,150,27,177,0.99738795874958,0.9973728161474232,0.9976828401557096,0.6644305398219977,0.33556946017800227,0.9974768507365261
45,5_6C_36PER_4_3C_NEWSTRUCTURE,150,28,178,0.997343498876369,0.9973389702286478,0.9976612055567184,0.6644305398219977,0.33556946017800227,0.9974471025637387
45,5_6C_36PER_4_3C_NEWSTRUCTURE,150,29,179,0.997365871008731,0.997304903630821,0.9976395709577274,0.6644305398219977,0.33556946017800227,0.9974172077650502
45,5_6C_36PER_4_3C_NEWSTRUCTURE,150,30,180,0.997364638645508,0.9972706161599928,0.9976179363587362,0.6644305398219977,0.33556946017800227,0.9973871662115941
45,5_6C_36PER_4_3C_NEWSTRUCTURE,150,31,181,0.997308992706116,0.9972361076231252,0.9975963017597452,0.6644305398219977,0.33556946017800227,0.99735697777511
45,5_6C_36PER_4_3C_NEWSTRUCTURE,150,32,182,0.997255621898829,0.9972013778280822,0.997574667160754,0.6644305398219977,0.33556946017800227,0.9973266423279371
45,5_6C_36PER_4_3C_NEWSTRUCTURE,150,33,183,0.997198933190556,0.9971664265836204,0.997553032561763,0.6644305398219977,0.33556946017800227,0.9972961597430073
45,5_6C_36PER_4_3C_NEWSTRUCTURE,150,34,184,0.997230216256994,0.997131253699381,0.997531397962772,0.6644305398219977,0.33556946017800227,0.9972655298938404
45,5_6C_36PER_4_3C_NEWSTRUCTURE,150,35,185,0.99722708795035,0.99709585898588,0.9975097633637808,0.6644305398219977,0.33556946017800227,0.9972347526545375
45,5_6C_36PER_4_3C_NEWSTRUCTURE,150,36,186,0.997188315907401,0.9970602422544996,0.9974881287647896,0.6644305398219977,0.33556946017800227,0.997203827899775
45,5_6C_36PER_4_3C_NEWSTRUCTURE,150,37,187,0.997203767846278,0.9970244033174802,0.9974664941657986,0.6644305398219977,0.33556946017800227,0.9971727555048
45,5_6C_36PER_4_3C_NEWSTRUCTURE,150,38,188,0.997104610005386,0.996988341987911,0.9974448595668076,0.6644305398219977,0.33556946017800227,0.997141535345423
45,5_6C_36PER_4_3C_NEWSTRUCTURE,150,39,189,0.99706612235395,0.9969520580797222,0.9974232249678164,0.6644305398219977,0.33556946017800227,0.9971101672980136
45,5_6C_36PER_4_3C_NEWSTRUCTURE,150,40,190,0.997009433645677,0.996915551407677,0.9974015903688254,0.6644305398219977,0.33556946017800227,0.9970786512394949
45,5_6C_36PER_4_3C_NEWSTRUCTURE,150,41,191,0.997051428792441,0.9968788217873624,0.9973799557698344,0.6644305398219977,0.33556946017800227,0.9970469870473374
45,5_6C_36PER_4_3C_NEWSTRUCTURE,150,42,192,0.996903734799985,0.9968418690351832,0.9973583211708432,0.6644305398219977,0.33556946017800227,0.9970151745995545
45,5_6C_36PER_4_3C_NEWSTRUCTURE,150,43,193,0.996906389120773,0.9968046929683518,0.997336686571852,0.6644305398219977,0.33556946017800227,0.9969832137746966
45,5_6C_36PER_4_3C_NEWSTRUCTURE,150,44,194,0.996873115313743,0.9967672934048822,0.997315051972861,0.6644305398219977,0.33556946017800227,0.9969511044518466
45,5_6C_36PER_4_3C_NEWSTRUCTURE,150,45,195,0.996849890006843,0.9967296701635816,0.99729341737387,0.6644305398219977,0.33556946017800227,0.9969188465106149
45,5_6C_36PER_4_3C_NEWSTRUCTURE,150,46,196,0.996829034629217,0.9966918230640428,0.9972717827748788,0.6644305398219977,0.33556946017800227,0.996886439831133
45,5_6C_36PER_4_3C_NEWSTRUCTURE,150,47,197,0.996720302274051,0.9966537519266372,0.9972501481758878,0.6644305398219977,0.33556946017800227,0.9968538842940504
45,5_6C_36PER_4_3C_NEWSTRUCTURE,150,48,198,0.996671766122487,0.9966154565725078,0.9972285135768968,0.6644305398219977,0.33556946017800227,0.996821179780529
45,5_6C_36PER_4_3C_NEWSTRUCTURE,150,49,199,0.996614129442504,0.9965769368235606,0.9972068789779056,0.6644305398219977,0.33556946017800227,0.9967883261722374
45,5_6C_36PER_4_3C_NEWSTRUCTURE,150,50,200,0.996554122833245,0.996538192502459,0.9971852443789144,0.6644305398219977,0.33556946017800227,0.9967553233513484
46,4_8C_80PER_4_8C_NEWSTRUCTURE,150,1,151,0.998221195835282,0.9981871980579006,0.9981870575320796,0.6690820536720826,0.3309179463279174,0.9981871515553844
46,4_8C_80PER_4_8C_NEWSTRUCTURE,150,2,152,0.998153905392441,0.9981617737315052,0.998163877015696,0.6690820536720826,0.3309179463279174,0.9981624697459901
46,4_8C_80PER_4_8C_NEWSTRUCTURE,150,3,153,0.998154653064028,0.9981361703941332,0.9981406964993126,0.6690820536720826,0.3309179463279174,0.998137668163564
46,4_8C_80PER_4_8C_NEWSTRUCTURE,150,4,154,0.99806568014516,0.9981103879677437,0.9981175159829292,0.6690820536720826,0.3309179463279174,0.9981127467558902
46,4_8C_80PER_4_8C_NEWSTRUCTURE,150,5,155,0.998084465393787,0.9980844263747704,0.9980943354665456,0.6690820536720826,0.3309179463279174,0.9980877054710706
46,4_8C_80PER_4_8C_NEWSTRUCTURE,150,6,156,0.998094185124419,0.9980582855381164,0.9980711549501622,0.6690820536720826,0.3309179463279174,0.9980625442575211
46,4_8C_80PER_4_8C_NEWSTRUCTURE,150,7,157,0.99794259471013,0.9980319653811466,0.9980479744337788,0.6690820536720826,0.3309179463279174,0.9980372630639663
46,4_8C_80PER_4_8C_NEWSTRUCTURE,150,8,158,0.997863902275585,0.998005465827684,0.9980247939173952,0.6690820536720826,0.3309179463279174,0.9980118618394376
46,4_8C_80PER_4_8C_NEWSTRUCTURE,150,9,159,0.997878481871534,0.9979787868020036,0.9980016134010116,0.6690820536720826,0.3309179463279174,0.997986340533269
46,4_8C_80PER_4_8C_NEWSTRUCTURE,150,10,160,0.997814649409783,0.997951928228825,0.9979784328846282,0.6690820536720826,0.3309179463279174,0.9979606990950914
46,4_8C_80PER_4_8C_NEWSTRUCTURE,150,11,161,0.997804649302306,0.99792489003331,0.9979552523682448,0.6690820536720826,0.3309179463279174,0.9979349374748323
46,4_8C_80PER_4_8C_NEWSTRUCTURE,150,12,162,0.997728667177264,0.997897672141055,0.9979320718518612,0.6690820536720826,0.3309179463279174,0.9979090556227093
46,4_8C_80PER_4_8C_NEWSTRUCTURE,150,13,163,0.997745022493232,0.9978702744780868,0.9979088913354778,0.6690820536720826,0.3309179463279174,0.9978830534892283
46,4_8C_80PER_4_8C_NEWSTRUCTURE,150,14,164,0.997699694903263,0.9978426969708574,0.9978857108190944,0.6690820536720826,0.3309179463279174,0.9978569310251796
46,4_8C_80PER_4_8C_NEWSTRUCTURE,150,15,165,0.997822873797242,0.9978149395462386,0.9978625303027108,0.6690820536720826,0.3309179463279174,0.9978306881816346
46,4_8C_80PER_4_8C_NEWSTRUCTURE,150,16,166,0.997881285639986,0.9977870021315172,0.9978393497863274,0.6690820536720826,0.3309179463279174,0.997804324909942
46,4_8C_80PER_4_8C_NEWSTRUCTURE,150,17,167,0.997839602949004,0.9977588846543908,0.997816169269944,0.6690820536720826,0.3309179463279174,0.9977778411617257
46,4_8C_80PER_4_8C_NEWSTRUCTURE,150,18,168,0.99782876171099,0.9977305870429618,0.9977929887535604,0.6690820536720826,0.3309179463279174,0.9977512368888805
46,4_8C_80PER_4_8C_NEWSTRUCTURE,150,19,169,0.997813434443454,0.9977021092257335,0.9977698082371768,0.6690820536720826,0.3309179463279174,0.9977245120435687
46,4_8C_80PER_4_8C_NEWSTRUCTURE,150,20,170,0.997753994552278,0.9976734511316062,0.9977466277207936,0.6690820536720826,0.3309179463279174,0.9976976665782193
46,4_8C_80PER_4_8C_NEWSTRUCTURE,150,21,171,0.997696236922173,0.9976446126898706,0.99772344720441,0.6690820536720826,0.3309179463279174,0.9976707004455218
46,4_8C_80PER_4_8C_NEWSTRUCTURE,150,22,172,0.997652498134326,0.9976155938302056,0.9977002666880264,0.6690820536720826,0.3309179463279174,0.9976436135984255
46,4_8C_80PER_4_8C_NEWSTRUCTURE,150,23,173,0.997653526182758,0.9975863944826726,0.997677086171643,0.6690820536720826,0.3309179463279174,0.9976164059901356
46,4_8C_80PER_4_8C_NEWSTRUCTURE,150,24,174,0.997588665672575,0.9975570145777116,0.9976539056552596,0.6690820536720826,0.3309179463279174,0.9975890775741113
46,4_8C_80PER_4_8C_NEWSTRUCTURE,150,25,175,0.997603619104317,0.9975274540461369,0.997630725138876,0.6690820536720826,0.3309179463279174,0.9975616283040611
46,4_8C_80PER_4_8C_NEWSTRUCTURE,150,26,176,0.99761567530866,0.9974977128191328,0.9976075446224926,0.6690820536720826,0.3309179463279174,0.997534058133942
46,4_8C_80PER_4_8C_NEWSTRUCTURE,150,27,177,0.997652030839584,0.9974677908282508,0.9975843641061092,0.6690820536720826,0.3309179463279174,0.9975063670179565
46,4_8C_80PER_4_8C_NEWSTRUCTURE,150,28,178,0.997598105026362,0.9974376880054028,0.9975611835897256,0.6690820536720826,0.3309179463279174,0.9974785549105475
46,4_8C_80PER_4_8C_NEWSTRUCTURE,150,29,179,0.997484272027223,0.9974074042828605,0.9975380030733422,0.6690820536720826,0.3309179463279174,0.9974506217663995
46,4_8C_80PER_4_8C_NEWSTRUCTURE,150,30,180,0.9974797859977,0.9973769395932486,0.9975148225569588,0.6690820536720826,0.3309179463279174,0.9974225675404331
46,4_8C_80PER_4_8C_NEWSTRUCTURE,150,31,181,0.99748212247141,0.9973462938695432,0.9974916420405752,0.6690820536720826,0.3309179463279174,0.9973943921878037
46,4_8C_80PER_4_8C_NEWSTRUCTURE,150,32,182,0.997470627020758,0.9973154670450664,0.9974684615241916,0.6690820536720826,0.3309179463279174,0.9973660956638979
46,4_8C_80PER_4_8C_NEWSTRUCTURE,150,33,183,0.99751287046543,0.9972844590534838,0.9974452810078084,0.6690820536720826,0.3309179463279174,0.9973376779243334
46,4_8C_80PER_4_8C_NEWSTRUCTURE,150,34,184,0.997390626160935,0.9972532698288004,0.9974221004914248,0.6690820536720826,0.3309179463279174,0.9973091389249531
46,4_8C_80PER_4_8C_NEWSTRUCTURE,150,35,185,0.997361840804831,0.9972218993053564,0.9973989199750412,0.6690820536720826,0.3309179463279174,0.9972804786218261
46,4_8C_80PER_4_8C_NEWSTRUCTURE,150,36,186,0.997254830308924,0.9971903474178254,0.9973757394586578,0.6690820536720826,0.3309179463279174,0.9972516969712432
46,4_8C_80PER_4_8C_NEWSTRUCTURE,150,37,187,0.997176698628069,0.9971586141012088,0.9973525589422744,0.6690820536720826,0.3309179463279174,0.9972227939297151
46,4_8C_80PER_4_8C_NEWSTRUCTURE,150,38,188,0.9971284738107,0.9971266992908334,0.9973293784258908,0.6690820536720826,0.3309179463279174,0.9971937694539701
46,4_8C_80PER_4_8C_NEWSTRUCTURE,150,39,189,0.997088566839737,0.997094602922349,0.9973061979095074,0.6690820536720826,0.3309179463279174,0.9971646235009527
46,4_8C_80PER_4_8C_NEWSTRUCTURE,150,40,190,0.997085576153389,0.9970623249317232,0.997283017393124,0.6690820536720826,0.3309179463279174,0.99713535602782
46,4_8C_80PER_4_8C_NEWSTRUCTURE,150,41,191,0.996978285280636,0.9970298652552398,0.9972598368767404,0.6690820536720826,0.3309179463279174,0.9971059669919404
46,4_8C_80PER_4_8C_NEWSTRUCTURE,150,42,192,0.996789217828042,0.9969972238294944,0.997236656360357,0.6690820536720826,0.3309179463279174,0.9970764563508916
46,4_8C_80PER_4_8C_NEWSTRUCTURE,150,43,193,0.996743236025434,0.996964400591392,0.9972134758439736,0.6690820536720826,0.3309179463279174,0.9970468240624575
46,4_8C_80PER_4_8C_NEWSTRUCTURE,150,44,194,0.997016136154734,0.9969313954781434,0.99719029532759,0.6690820536720826,0.3309179463279174,0.9970170700846268
46,4_8C_80PER_4_8C_NEWSTRUCTURE,150,45,195,0.997185203392373,0.9968982084272624,0.9971671148112063,0.6690820536720826,0.3309179463279174,0.9969871943755916
46,4_8C_80PER_4_8C_NEWSTRUCTURE,150,46,196,0.997160343312101,0.9968648393765634,0.9971439342948232,0.6690820536720826,0.3309179463279174,0.9969571968937445
46,4_8C_80PER_4_8C_NEWSTRUCTURE,150,47,197,0.997132772922326,0.996831288264157,0.9971207537784396,0.6690820536720826,0.3309179463279174,0.9969270775976762
46,4_8C_80PER_4_8C_NEWSTRUCTURE,150,48,198,0.997126604631732,0.996797555028448,0.997097573262056,0.6690820536720826,0.3309179463279174,0.9968968364461746
46,4_8C_80PER_4_8C_NEWSTRUCTURE,150,49,199,0.997089688347118,0.9967636396081332,0.9970743927456726,0.6690820536720826,0.3309179463279174,0.9968664733982227
46,4_8C_80PER_4_8C_NEWSTRUCTURE,150,50,200,0.996955200920384,0.9967295419421964,0.9970512122292892,0.6690820536720826,0.3309179463279174,0.9968359884129959
47,5C_67PER_4C_NEWSTRUCTURE,150,1,151,0.998198044597488,0.9981428534979936,0.9982196832201236,0.6613240668100306,0.33867593318996936,0.9981688738758328
47,5C_67PER_4C_NEWSTRUCTURE,150,2,152,0.998212578749951,0.9981160761351708,0.9981999648351984,0.6613240668100306,0.33867593318996936,0.9981444872189367
47,5C_67PER_4C_NEWSTRUCTURE,150,3,153,0.998165715425022,0.9980891026776516,0.9981802464502734,0.6613240668100306,0.33867593318996936,0.9981199708798987
47,5C_67PER_4C_NEWSTRUCTURE,150,4,154,0.998103852109409,0.9980619329851488,0.9981605280653484,0.6613240668100306,0.33867593318996936,0.9980953247659433
47,5C_67PER_4C_NEWSTRUCTURE,150,5,155,0.998144752705122,0.9980345669181884,0.9981408096804232,0.6613240668100306,0.33867593318996936,0.9980705487848329
47,5C_67PER_4C_NEWSTRUCTURE,150,6,156,0.998009007447821,0.9980070043381026,0.998121091295498,0.6613240668100306,0.33867593318996936,0.9980456428448634
47,5C_67PER_4C_NEWSTRUCTURE,150,7,157,0.998054939096311,0.9979792451070176,0.998101372910573,0.6613240668100306,0.33867593318996936,0.9980206068548552
47,5C_67PER_4C_NEWSTRUCTURE,150,8,158,0.997866181449577,0.997951289087845,0.998081654525648,0.6613240668100306,0.33867593318996936,0.9979954407241487
47,5C_67PER_4C_NEWSTRUCTURE,150,9,159,0.997865342940781,0.997923136144272,0.9980619361407228,0.6613240668100306,0.33867593318996936,0.9979701443625968
47,5C_67PER_4C_NEWSTRUCTURE,150,10,160,0.997888821187067,0.997894786140752,0.9980422177557976,0.6613240668100306,0.33867593318996936,0.9979447176805594
47,5C_67PER_4C_NEWSTRUCTURE,150,11,161,0.997762579029454,0.9978662389424968,0.9980224993708726,0.6613240668100306,0.33867593318996936,0.9979191605888977
47,5C_67PER_4C_NEWSTRUCTURE,150,12,162,0.997807579001504,0.9978374944154658,0.9980027809859476,0.6613240668100306,0.33867593318996936,0.9978934729989675
47,5C_67PER_4C_NEWSTRUCTURE,150,13,163,0.997688044914258,0.9978085524263584,0.9979830626010224,0.6613240668100306,0.33867593318996936,0.9978676548226137
47,5C_67PER_4C_NEWSTRUCTURE,150,14,164,0.997649100839068,0.9977794128426052,0.9979633442160974,0.6613240668100306,0.33867593318996936,0.9978417059721656
47,5C_67PER_4C_NEWSTRUCTURE,150,15,165,0.997654411394776,0.9977500755323592,0.9979436258311724,0.6613240668100306,0.33867593318996936,0.997815626360429
47,5C_67PER_4C_NEWSTRUCTURE,150,16,166,0.997509722043651,0.997720540364488,0.9979239074462471,0.6613240668100306,0.33867593318996936,0.9977894159006828
47,5C_67PER_4C_NEWSTRUCTURE,150,17,167,0.997592641246807,0.9976908072085652,0.9979041890613222,0.6613240668100306,0.33867593318996936,0.9977630745066735
47,5C_67PER_4C_NEWSTRUCTURE,150,18,168,0.997567485982928,0.9976608759348627,0.9978844706763972,0.6613240668100306,0.33867593318996936,0.9977366020926084
47,5C_67PER_4C_NEWSTRUCTURE,150,19,169,0.997619100857701,0.9976307464143428,0.997864752291472,0.6613240668100306,0.33867593318996936,0.9977099985731515
47,5C_67PER_4C_NEWSTRUCTURE,150,20,170,0.997639504571736,0.9976004185186498,0.9978450339065468,0.6613240668100306,0.33867593318996936,0.9976832638634183
47,5C_67PER_4C_NEWSTRUCTURE,150,21,171,0.99767761013813,0.9975698921201032,0.9978253155216218,0.6613240668100306,0.33867593318996936,0.997656397878971
47,5C_67PER_4C_NEWSTRUCTURE,150,22,172,0.997570001509316,0.99753916709169,0.9978055971366968,0.6613240668100306,0.33867593318996936,0.9976294005358126
47,5C_67PER_4C_NEWSTRUCTURE,150,23,173,0.997547920777689,0.9975082433070572,0.9977858787517716,0.6613240668100306,0.33867593318996936,0.9976022717503825
47,5C_67PER_4C_NEWSTRUCTURE,150,24,174,0.997446833883954,0.9974771206405044,0.9977661603668464,0.6613240668100306,0.33867593318996936,0.9975750114395523
47,5C_67PER_4C_NEWSTRUCTURE,150,25,175,0.997582485973611,0.9974457989669776,0.9977464419819214,0.6613240668100306,0.33867593318996936,0.9975476195206208
47,5C_67PER_4C_NEWSTRUCTURE,150,26,176,0.997544194071929,0.9974142781620604,0.9977267235969964,0.6613240668100306,0.33867593318996936,0.9975200959113084
47,5C_67PER_4C_NEWSTRUCTURE,150,27,177,0.997438355628351,0.9973825581019692,0.9977070052120712,0.6613240668100306,0.33867593318996936,0.9974924405297537
47,5C_67PER_4C_NEWSTRUCTURE,150,28,178,0.997446181710446,0.9973506386635448,0.997687286827146,0.6613240668100306,0.33867593318996936,0.9974646532945092
47,5C_67PER_4C_NEWSTRUCTURE,150,29,179,0.997372765606978,0.9973185197242466,0.997667568442221,0.6613240668100306,0.33867593318996936,0.9974367341245354
47,5C_67PER_4C_NEWSTRUCTURE,150,30,180,0.9974073308029,0.997286201162146,0.997647850057296,0.6613240668100306,0.33867593318996936,0.9974086829391979
47,5C_67PER_4C_NEWSTRUCTURE,150,31,181,0.997529566751822,0.9972536828559196,0.9976281316723709,0.6613240668100306,0.33867593318996936,0.9973804996582631
47,5C_67PER_4C_NEWSTRUCTURE,150,32,182,0.997263479960571,0.997220964684843,0.9976084132874458,0.6613240668100306,0.33867593318996936,0.9973521842018926
47,5C_67PER_4C_NEWSTRUCTURE,150,33,183,0.99729143025377,0.9971880465287848,0.9975886949025208,0.6613240668100306,0.33867593318996936,0.9973237364906409
47,5C_67PER_4C_NEWSTRUCTURE,150,34,184,0.997369597907082,0.9971549282682,0.9975689765175956,0.6613240668100306,0.33867593318996936,0.9972951564454496
47,5C_67PER_4C_NEWSTRUCTURE,150,35,185,0.997291523421414,0.9971216097841242,0.9975492581326706,0.6613240668100306,0.33867593318996936,0.9972664439876453
47,5C_67PER_4C_NEWSTRUCTURE,150,36,186,0.997205063847786,0.997088090958168,0.9975295397477456,0.6613240668100306,0.33867593318996936,0.9972375990389338
47,5C_67PER_4C_NEWSTRUCTURE,150,37,187,0.997039039106187,0.9970543716725104,0.9975098213628204,0.6613240668100306,0.33867593318996936,0.9972086215213973
47,5C_67PER_4C_NEWSTRUCTURE,150,38,188,0.997120560794683,0.9970204518098936,0.9974901029778952,0.6613240668100306,0.33867593318996936,0.9971795113574903
47,5C_67PER_4C_NEWSTRUCTURE,150,39,189,0.996948945994444,0.9969863312536174,0.9974703845929702,0.6613240668100306,0.33867593318996936,0.9971502684700364
47,5C_67PER_4C_NEWSTRUCTURE,150,40,190,0.996917268995485,0.9969520098875326,0.9974506662080452,0.6613240668100306,0.33867593318996936,0.9971208927822234
47,5C_67PER_4C_NEWSTRUCTURE,150,41,191,0.996915032972029,0.996917487596037,0.99743094782312,0.6613240668100306,0.33867593318996936,0.9970913842176004
47,5C_67PER_4C_NEWSTRUCTURE,150,42,192,0.99681571626353,0.9968827642640689,0.9974112294381948,0.6613240668100306,0.33867593318996936,0.9970617427000743
47,5C_67PER_4C_NEWSTRUCTURE,150,43,193,0.996674287779945,0.996847839777102,0.9973915110532698,0.6613240668100306,0.33867593318996936,0.9970319681539068
47,5C_67PER_4C_NEWSTRUCTURE,150,44,194,0.996685840567801,0.9968127140211402,0.9973717926683447,0.6613240668100306,0.33867593318996936,0.9970020605037089
47,5C_67PER_4C_NEWSTRUCTURE,150,45,195,0.996595561120769,0.996777386882713,0.9973520742834197,0.6613240668100306,0.33867593318996936,0.9969720196744398
47,5C_67PER_4C_NEWSTRUCTURE,150,46,196,0.996515064276358,0.996741858248869,0.9973323558984946,0.6613240668100306,0.33867593318996936,0.9969418455914023
47,5C_67PER_4C_NEWSTRUCTURE,150,47,197,0.996440157490585,0.9967061280071722,0.9973126375135696,0.6613240668100306,0.33867593318996936,0.9969115381802399
47,5C_67PER_4C_NEWSTRUCTURE,150,48,198,0.996450126428493,0.9966701960456964,0.9972929191286444,0.6613240668100306,0.33867593318996936,0.9968810973669326
47,5C_67PER_4C_NEWSTRUCTURE,150,49,199,0.996493076712375,0.9966340622530204,0.9972732007437192,0.6613240668100306,0.33867593318996936,0.9968505230777955
47,5C_67PER_4C_NEWSTRUCTURE,150,50,200,0.996557735057307,0.9965977265182232,0.9972534823587942,0.6613240668100306,0.33867593318996936,0.9968198152394734
48,5_3C_54PER_4C_NEWSTRUCTURE,150,1,151,0.998181589449867,0.998142530185884,0.9981460318605608,0.6678770802419278,0.3321229197580722,0.9981436931723018
48,5_3C_54PER_4C_NEWSTRUCTURE,150,2,152,0.998156913149386,0.9981234433450532,0.9981273707175516,0.6678770802419278,0.3321229197580722,0.9981247477154744
48,5_3C_54PER_4C_NEWSTRUCTURE,150,3,153,0.998183638048397,0.9981043326877956,0.9981087095745425,0.6678770802419278,0.3321229197580722,0.9981057863522014
48,5_3C_54PER_4C_NEWSTRUCTURE,150,4,154,0.998096200138392,0.9980851983403496,0.9980900484315332,0.6678770802419278,0.3321229197580722,0.9980868091667945
48,5_3C_54PER_4C_NEWSTRUCTURE,150,5,155,0.998138568880727,0.9980660404274668,0.998071387288524,0.6678770802419278,0.3321229197580722,0.9980678162425727
48,5_3C_54PER_4C_NEWSTRUCTURE,150,6,156,0.99802105381957,0.9980468590724428,0.9980527261455148,0.6678770802419278,0.3321229197580722,0.9980488076618819
48,5_3C_54PER_4C_NEWSTRUCTURE,150,7,157,0.997944138256562,0.99802765439714,0.9980340650025056,0.6678770802419278,0.3321229197580722,0.9980297835061114
48,5_3C_54PER_4C_NEWSTRUCTURE,150,8,158,0.997892271466496,0.9980084265220154,0.9980154038594964,0.6678770802419278,0.3321229197580722,0.9980107438557118
48,5_3C_54PER_4C_NEWSTRUCTURE,150,9,159,0.997833234581572,0.9979891755661444,0.9979967427164872,0.6678770802419278,0.3321229197580722,0.9979916887902105
48,5_3C_54PER_4C_NEWSTRUCTURE,150,10,160,0.99777773618502,0.997969901647246,0.997978081573478,0.6678770802419278,0.3321229197580722,0.9979726183882296
48,5_3C_54PER_4C_NEWSTRUCTURE,150,11,161,0.997715160811726,0.997950604881706,0.9979594204304688,0.6678770802419278,0.3321229197580722,0.9979535327275004
48,5_3C_54PER_4C_NEWSTRUCTURE,150,12,162,0.997681917644663,0.9979312853846012,0.9979407592874596,0.6678770802419278,0.3321229197580722,0.9979344318848801
48,5_3C_54PER_4C_NEWSTRUCTURE,150,13,163,0.997706687063259,0.9979119432697212,0.9979220981444504,0.6678770802419278,0.3321229197580722,0.9979153159363661
48,5_3C_54PER_4C_NEWSTRUCTURE,150,14,164,0.997610216696097,0.9978925786495912,0.9979034370014414,0.6678770802419278,0.3321229197580722,0.9978961849571114
48,5_3C_54PER_4C_NEWSTRUCTURE,150,15,165,0.997652026729741,0.997873191635493,0.9978847758584322,0.6678770802419278,0.3321229197580722,0.9978770390214386
48,5_3C_54PER_4C_NEWSTRUCTURE,150,16,166,0.997648581359485,0.997853782337487,0.997866114715423,0.6678770802419278,0.3321229197580722,0.9978578782028547
48,5_3C_54PER_4C_NEWSTRUCTURE,150,17,167,0.997593269199163,0.9978343508644326,0.9978474535724138,0.6678770802419278,0.3321229197580722,0.997838702574064
48,5_3C_54PER_4C_NEWSTRUCTURE,150,18,168,0.997635451705267,0.997814897324008,0.9978287924294046,0.6678770802419278,0.3321229197580722,0.9978195122069826
48,5_3C_54PER_4C_NEWSTRUCTURE,150,19,169,0.997718606181981,0.9977954218227308,0.9978101312863954,0.6678770802419278,0.3321229197580722,0.9978003071727513
48,5_3C_54PER_4C_NEWSTRUCTURE,150,20,170,0.997709108134249,0.9977759244659764,0.9977914701433862,0.6678770802419278,0.3321229197580722,0.9977810875417474
48,5_3C_54PER_4C_NEWSTRUCTURE,150,21,171,0.997732015190544,0.9977564053579976,0.997772809000377,0.6678770802419278,0.3321229197580722,0.9977618533835992
48,5_3C_54PER_4C_NEWSTRUCTURE,150,22,172,0.997742444419427,0.9977368646019424,0.9977541478573678,0.6678770802419278,0.3321229197580722,0.9977426047671972
48,5_3C_54PER_4C_NEWSTRUCTURE,150,23,173,0.997677820447602,0.9977173022998732,0.9977354867143586,0.6678770802419278,0.3321229197580722,0.9977233417607062
48,5_3C_54PER_4C_NEWSTRUCTURE,150,24,174,0.997707525126294,0.9976977185527834,0.9977168255713494,0.6678770802419278,0.3321229197580722,0.9977040644315774
48,5_3C_54PER_4C_NEWSTRUCTURE,150,25,175,0.997716278229106,0.9976781134606144,0.9976981644283404,0.6678770802419278,0.3321229197580722,0.9976847728465597
48,5_3C_54PER_4C_NEWSTRUCTURE,150,26,176,0.9976251155945,0.997658487122274,0.9976795032853312,0.6678770802419278,0.3321229197580722,0.9976654670717107
48,5_3C_54PER_4C_NEWSTRUCTURE,150,27,177,0.997574366221813,0.997638839635651,0.997660842142322,0.6678770802419278,0.3321229197580722,0.9976461471724085
48,5_3C_54PER_4C_NEWSTRUCTURE,150,28,178,0.997636196650188,0.9976191710976334,0.9976421809993128,0.6678770802419278,0.3321229197580722,0.9976268132133626
48,5_3C_54PER_4C_NEWSTRUCTURE,150,29,179,0.997614034538812,0.9975994816041226,0.9976235198563036,0.6678770802419278,0.3321229197580722,0.9976074652586229
48,5_3C_54PER_4C_NEWSTRUCTURE,150,30,180,0.997578277182644,0.9975797712500496,0.9976048587132944,0.6678770802419278,0.3321229197580722,0.9975881033715919
48,5_3C_54PER_4C_NEWSTRUCTURE,150,31,181,0.997513001384015,0.99756004012939,0.9975861975702852,0.6678770802419278,0.3321229197580722,0.9975687276150336
48,5_3C_54PER_4C_NEWSTRUCTURE,150,32,182,0.997505365698583,0.9975402883351792,0.997567536427276,0.6678770802419278,0.3321229197580722,0.9975493380510843
48,5_3C_54PER_4C_NEWSTRUCTURE,150,33,183,0.99749456399724,0.9975205159595264,0.9975488752842668,0.6678770802419278,0.3321229197580722,0.9975299347412616
48,5_3C_54PER_4C_NEWSTRUCTURE,150,34,184,0.997467932216344,0.997500723093629,0.9975302141412576,0.6678770802419278,0.3321229197580722,0.9975105177464741
48,5_3C_54PER_4C_NEWSTRUCTURE,150,35,185,0.997490559918294,0.9974809098277866,0.9975115529982485,0.6678770802419278,0.3321229197580722,0.997491087127031
48,5_3C_54PER_4C_NEWSTRUCTURE,150,36,186,0.997412899410367,0.9974610762514148,0.9974928918552391,0.6678770802419278,0.3321229197580722,0.9974716429426507
48,5_3C_54PER_4C_NEWSTRUCTURE,150,37,187,0.997353117580523,0.9974412224530584,0.99747423071223,0.6678770802419278,0.3321229197580722,0.9974521852524706
48,5_3C_54PER_4C_NEWSTRUCTURE,150,38,188,0.997261210000997,0.9974213485204044,0.9974555695692208,0.6678770802419278,0.3321229197580722,0.9974327141150545
48,5_3C_54PER_4C_NEWSTRUCTURE,150,39,189,0.997320619358381,0.9974014545402948,0.9974369084262116,0.6678770802419278,0.3321229197580722,0.9974132295884023
48,5_3C_54PER_4C_NEWSTRUCTURE,150,40,190,0.997244821212753,0.9973815405987396,0.9974182472832024,0.6678770802419278,0.3321229197580722,0.997393731729958
48,5_3C_54PER_4C_NEWSTRUCTURE,150,41,191,0.997178334878629,0.9973616067809286,0.9973995861401932,0.6678770802419278,0.3321229197580722,0.9973742205966181
48,5_3C_54PER_4C_NEWSTRUCTURE,150,42,192,0.99705486025811,0.9973416531712436,0.997380924997184,0.6678770802419278,0.3321229197580722,0.9973546962447392
48,5_3C_54PER_4C_NEWSTRUCTURE,150,43,193,0.996973475025582,0.9973216798532708,0.9973622638541748,0.6678770802419278,0.3321229197580722,0.9973351587301464
48,5_3C_54PER_4C_NEWSTRUCTURE,150,44,194,0.996981296947244,0.9973016869098116,0.9973436027111656,0.6678770802419278,0.3321229197580722,0.9973156081081412
48,5_3C_54PER_4C_NEWSTRUCTURE,150,45,195,0.996922539416665,0.9972816744228936,0.9973249415681564,0.6678770802419278,0.3321229197580722,0.9972960444335079
48,5_3C_54PER_4C_NEWSTRUCTURE,150,46,196,0.99687868078449,0.997261642473784,0.9973062804251472,0.6678770802419278,0.3321229197580722,0.9972764677605228
48,5_3C_54PER_4C_NEWSTRUCTURE,150,47,197,0.99683156301829,0.9972415911429976,0.997287619282138,0.6678770802419278,0.3321229197580722,0.99725687814296
48,5_3C_54PER_4C_NEWSTRUCTURE,150,48,198,0.996923470597815,0.9972215205103095,0.9972689581391287,0.6678770802419278,0.3321229197580722,0.9972372756340994
48,5_3C_54PER_4C_NEWSTRUCTURE,150,49,199,0.996951312914207,0.997201430654765,0.9972502969961196,0.6678770802419278,0.3321229197580722,0.9972176602867335
48,5_3C_54PER_4C_NEWSTRUCTURE,150,50,200,0.996913786313853,0.9971813216546896,0.9972316358531104,0.6678770802419278,0.3321229197580722,0.9971980321531744
49,4_8C_80PER_4_8C_NEWSTRUCTURE,150,1,151,0.998301535231205,0.9982290216328102,0.9981871042867516,0.672784802228149,0.32721519777185104,0.9982153056401296
49,4_8C_80PER_4_8C_NEWSTRUCTURE,150,2,152,0.998256765154927,0.9982143319775472,0.9981703884229972,0.672784802228149,0.32721519777185104,0.9981999529786543
49,4_8C_80PER_4_8C_NEWSTRUCTURE,150,3,153,0.998153141082542,0.9981996465778852,0.9981536725592433,0.672784802228149,0.32721519777185104,0.9981846031802828
49,4_8C_80PER_4_8C_NEWSTRUCTURE,150,4,154,0.998201828540495,0.998184965404788,0.9981369566954892,0.672784802228149,0.32721519777185104,0.99816925622548
49,4_8C_80PER_4_8C_NEWSTRUCTURE,150,5,155,0.998212927788572,0.9981702884296056,0.998120240831735,0.672784802228149,0.32721519777185104,0.9981539120949704
49,4_8C_80PER_4_8C_NEWSTRUCTURE,150,6,156,0.998166199021457,0.9981556156240656,0.9981035249679808,0.672784802228149,0.32721519777185104,0.9981385707697328
49,4_8C_80PER_4_8C_NEWSTRUCTURE,150,7,157,0.998145306319194,0.9981409469602662,0.9980868091042268,0.672784802228149,0.32721519777185104,0.9981232322309954
49,4_8C_80PER_4_8C_NEWSTRUCTURE,150,8,158,0.998016219265926,0.998126282410668,0.9980700932404728,0.672784802228149,0.32721519777185104,0.9981078964602299
49,4_8C_80PER_4_8C_NEWSTRUCTURE,150,9,159,0.997980309933911,0.998111621948089,0.9980533773767186,0.672784802228149,0.32721519777185104,0.9980925634391489
49,4_8C_80PER_4_8C_NEWSTRUCTURE,150,10,160,0.996894728855163,0.9980969655456956,0.9980366615129644,0.672784802228149,0.32721519777185104,0.998077233149699
49,4_8C_80PER_4_8C_NEWSTRUCTURE,150,11,161,0.997844134285232,0.9980823131769974,0.9980199456492104,0.672784802228149,0.32721519777185104,0.998061905574058
49,4_8C_80PER_4_8C_NEWSTRUCTURE,150,12,162,0.997986279277415,0.9980676648158404,0.9980032297854564,0.672784802228149,0.32721519777185104,0.9980465806946299
49,4_8C_80PER_4_8C_NEWSTRUCTURE,150,13,163,0.996741018259942,0.9980530204364,0.997986513921702,0.672784802228149,0.32721519777185104,0.99803125849404
49,4_8C_80PER_4_8C_NEWSTRUCTURE,150,14,164,0.997874727170689,0.9980383800131764,0.997969798057948,0.672784802228149,0.32721519777185104,0.9980159389551329
49,4_8C_80PER_4_8C_NEWSTRUCTURE,150,15,165,0.997851316151635,0.9980237435209868,0.997953082194194,0.672784802228149,0.32721519777185104,0.9980006220609654
49,4_8C_80PER_4_8C_NEWSTRUCTURE,150,16,166,0.99772027040753,0.99800911093496,0.9979363663304398,0.672784802228149,0.32721519777185104,0.9979853077948051
49,4_8C_80PER_4_8C_NEWSTRUCTURE,150,17,167,0.997877618571449,0.9979944822305324,0.9979196504666856,0.672784802228149,0.32721519777185104,0.9979699961401257
49,4_8C_80PER_4_8C_NEWSTRUCTURE,150,18,168,0.997899723796611,0.9979798573834396,0.9979029346029316,0.672784802228149,0.32721519777185104,0.9979546870806025
49,4_8C_80PER_4_8C_NEWSTRUCTURE,150,19,169,0.99795699218585,0.9979652363697128,0.9978862187391776,0.672784802228149,0.32721519777185104,0.9979393806001098
49,4_8C_80PER_4_8C_NEWSTRUCTURE,150,20,170,0.997912688464533,0.9979506191656736,0.9978695028754232,0.672784802228149,0.32721519777185104,0.9979240766827168
49,4_8C_80PER_4_8C_NEWSTRUCTURE,150,21,171,0.997887038941665,0.997936005747928,0.9978527870116692,0.672784802228149,0.32721519777185104,0.9979087753126847
49,4_8C_80PER_4_8C_NEWSTRUCTURE,150,22,172,0.997957645082795,0.9979213960933612,0.9978360711479152,0.672784802228149,0.32721519777185104,0.9978934764744621
49,4_8C_80PER_4_8C_NEWSTRUCTURE,150,23,173,0.997884800437851,0.9979067901791332,0.997819355284161,0.672784802228149,0.32721519777185104,0.9978781801526828
49,4_8C_80PER_4_8C_NEWSTRUCTURE,150,24,174,0.997675966686213,0.9978921879826744,0.9978026394204068,0.672784802228149,0.32721519777185104,0.9978628863321618
49,4_8C_80PER_4_8C_NEWSTRUCTURE,150,25,175,0.997433089022405,0.9978775894816796,0.9977859235566529,0.672784802228149,0.32721519777185104,0.997847594997893
49,4_8C_80PER_4_8C_NEWSTRUCTURE,150,26,176,0.997651063331284,0.9978629946541048,0.9977692076928988,0.672784802228149,0.32721519777185104,0.9978323061350454
49,4_8C_80PER_4_8C_NEWSTRUCTURE,150,27,177,0.997592955503114,0.9978484034781608,0.9977524918291446,0.672784802228149,0.32721519777185104,0.9978170197289593
49,4_8C_80PER_4_8C_NEWSTRUCTURE,150,28,178,0.997684454346508,0.9978338159323116,0.9977357759653904,0.672784802228149,0.32721519777185104,0.997801735765146
49,4_8C_80PER_4_8C_NEWSTRUCTURE,150,29,179,0.997778471506691,0.9978192319952672,0.9977190601016364,0.672784802228149,0.32721519777185104,0.9977864542292816
49,4_8C_80PER_4_8C_NEWSTRUCTURE,150,30,180,0.997753568151762,0.9978046516459814,0.9977023442378824,0.672784802228149,0.32721519777185104,0.9977711751072068
49,4_8C_80PER_4_8C_NEWSTRUCTURE,150,31,181,0.997591183354262,0.9977900748636466,0.997685628374128,0.672784802228149,0.32721519777185104,0.9977558983849222
49,4_8C_80PER_4_8C_NEWSTRUCTURE,150,32,182,0.997597152697765,0.99777550162769,0.997668912510374,0.672784802228149,0.32721519777185104,0.9977406240485872
49,4_8C_80PER_4_8C_NEWSTRUCTURE,150,33,183,0.997642016045036,0.9977609319177708,0.99765219664662,0.672784802228149,0.32721519777185104,0.9977253520845164
49,4_8C_80PER_4_8C_NEWSTRUCTURE,150,34,184,0.997583068777936,0.997746365713774,0.9976354807828658,0.672784802228149,0.32721519777185104,0.9977100824791769
49,4_8C_80PER_4_8C_NEWSTRUCTURE,150,35,185,0.997393728663678,0.9977318029958092,0.9976187649191116,0.672784802228149,0.32721519777185104,0.9976948152191869
49,4_8C_80PER_4_8C_NEWSTRUCTURE,150,36,186,0.997417885850669,0.997717243744205,0.9976020490553577,0.672784802228149,0.32721519777185104,0.9976795502913116
49,4_8C_80PER_4_8C_NEWSTRUCTURE,150,37,187,0.996246308917071,0.9977026879395064,0.9975853331916036,0.672784802228149,0.32721519777185104,0.997664287682462
49,4_8C_80PER_4_8C_NEWSTRUCTURE,150,38,188,0.997437192946064,0.997688135562471,0.9975686173278492,0.672784802228149,0.32721519777185104,0.9976490273796919
49,4_8C_80PER_4_8C_NEWSTRUCTURE,150,39,189,0.997389811282003,0.997673586594066,0.9975519014640952,0.672784802228149,0.32721519777185104,0.9976337693701967
49,4_8C_80PER_4_8C_NEWSTRUCTURE,150,40,190,0.997274528335588,0.9976590410154637,0.9975351856003412,0.672784802228149,0.32721519777185104,0.9976185136413092
49,4_8C_80PER_4_8C_NEWSTRUCTURE,150,41,191,0.997093302797654,0.9976444988080394,0.997518469736587,0.672784802228149,0.32721519777185104,0.9976032601804992
49,4_8C_80PER_4_8C_NEWSTRUCTURE,150,42,192,0.996950504908526,0.9976299599533676,0.9975017538728328,0.672784802228149,0.32721519777185104,0.9975880089753699
49,4_8C_80PER_4_8C_NEWSTRUCTURE,150,43,193,0.997105148213669,0.9976154244332188,0.9974850380090788,0.672784802228149,0.32721519777185104,0.997572760013657
49,4_8C_80PER_4_8C_NEWSTRUCTURE,150,44,194,0.997159898286118,0.997600892229557,0.9974683221453248,0.672784802228149,0.32721519777185104,0.9975575132832263
49,4_8C_80PER_4_8C_NEWSTRUCTURE,150,45,195,0.997032117026741,0.9975863633245354,0.9974516062815706,0.672784802228149,0.32721519777185104,0.9975422687720705
49,4_8C_80PER_4_8C_NEWSTRUCTURE,150,46,196,0.996841191305614,0.9975718377004952,0.9974348904178164,0.672784802228149,0.32721519777185104,0.9975270264683092
49,4_8C_80PER_4_8C_NEWSTRUCTURE,150,47,197,0.996803603095739,0.9975573153399612,0.9974181745540625,0.672784802228149,0.32721519777185104,0.9975117863601852
49,4_8C_80PER_4_8C_NEWSTRUCTURE,150,48,198,0.996931197813131,0.9975427962256392,0.9974014586903082,0.672784802228149,0.32721519777185104,0.9974965484360634
49,4_8C_80PER_4_8C_NEWSTRUCTURE,150,49,199,0.995512172937104,0.9975282803404144,0.997384742826554,0.672784802228149,0.32721519777185104,0.9974813126844289
49,4_8C_80PER_4_8C_NEWSTRUCTURE,150,50,200,0.996944069210061,0.9975137676673472,0.9973680269628,0.672784802228149,0.32721519777185104,0.9974660790938854
