feature_set,architecture,hidden_layers,n_input,parameters,seed,fold,battery_id,rmse,mae
soh_only,linear,none,9,500,20260815,1,1,0.0022077219529949596,0.0015505754854530096
soh_only,linear,none,9,500,20260815,1,6,0.0002420410029453162,0.0002045667206402868
soh_only,linear,none,9,500,20260815,1,12,0.0003867858333426187,0.00028977752663195133
soh_only,linear,none,9,500,20260815,1,13,0.00023181279334262098,0.00018457531405147165
soh_only,linear,none,9,500,20260815,1,20,0.000133912801797524,0.00012802124547306448
soh_only,linear,none,9,500,20260815,1,22,5.9935884302001973e-05,4.7087669372558594e-05
soh_only,linear,none,9,500,20260815,1,47,0.00018688622668019657,0.00015920042642392218
soh_only,linear,none,9,500,20260815,1,49,0.00018806972252396117,0.00015556334983557463
soh_only,linear,none,9,500,20260815,2,3,0.001758353879815439,0.0015570950927212834
soh_only,linear,none,9,500,20260815,2,17,0.0001806035785329083,0.00015903830353636295
soh_only,linear,none,9,500,20260815,2,30,0.00012404895844906849,8.602738671470433e-05
soh_only,linear,none,9,500,20260815,2,38,0.00019299983057878553,0.00014565228775609285
soh_only,linear,none,9,500,20260815,2,40,0.0001205162141638808,9.134173160418868e-05
soh_only,linear,none,9,500,20260815,2,41,0.0005682000961020648,0.00046427370398305357
soh_only,linear,none,9,500,20260815,2,42,7.373225861230604e-05,5.989670898998156e-05
soh_only,linear,none,9,500,20260815,2,45,0.00018043110642636994,0.00015011787763796747
soh_only,linear,none,9,500,20260815,3,7,0.0008223009441169715,0.0006644630338996649
soh_only,linear,none,9,500,20260815,3,8,0.0009413323487320971,0.0007286238833330572
soh_only,linear,none,9,500,20260815,3,23,0.00018902163795427864,0.0001453232835046947
soh_only,linear,none,9,500,20260815,3,26,0.00018425714287382332,0.00014747022942174226
soh_only,linear,none,9,500,20260815,3,33,7.152691171805314e-05,5.6670905905775726e-05
soh_only,linear,none,9,500,20260815,3,34,0.00014658076476213396,0.00012619495100807399
soh_only,linear,none,9,500,20260815,3,35,0.00048737660707717193,0.0003943204937968403
soh_only,linear,none,9,500,20260815,3,37,0.00019332649611147011,0.00014891981845721602
soh_only,linear,none,9,500,20260815,4,4,0.0005382283713443511,0.00040583015652373433
soh_only,linear,none,9,500,20260815,4,15,0.0002838900214567116,0.00021736622147727758
soh_only,linear,none,9,500,20260815,4,19,0.00016219664737892106,0.00013063311052974313
soh_only,linear,none,9,500,20260815,4,27,0.00024825137774132965,0.00021420956181827933
soh_only,linear,none,9,500,20260815,4,29,6.263958648584702e-05,5.379199865274131e-05
soh_only,linear,none,9,500,20260815,4,43,0.0005894590428533329,0.0005067730089649558
soh_only,linear,none,9,500,20260815,4,44,0.00022001976614614876,0.00016011596017051488
soh_only,linear,none,9,500,20260815,4,48,0.000249854921605701,0.0002025306166615337
soh_only,linear,none,9,500,20260815,5,18,0.0002481148280109518,0.00020024538389407098
soh_only,linear,none,9,500,20260815,5,21,0.00010813436642421118,8.727073873160407e-05
soh_only,linear,none,9,500,20260815,5,28,0.00013006664267073805,0.00010414004646008834
soh_only,linear,none,9,500,20260815,5,31,0.0001748091033641917,0.00015635848103556782
soh_only,linear,none,9,500,20260815,5,32,0.0003459405520793431,0.00031435012351721525
soh_only,linear,none,9,500,20260815,5,36,5.2079763023236324e-05,4.208207246847451e-05
soh_only,linear,none,9,500,20260815,5,39,9.035678341179404e-05,6.927132926648483e-05
soh_only,linear,none,9,500,20260815,5,46,5.703135188775483e-05,4.5167209464125335e-05
soh_only,linear,none,9,500,20260816,1,1,0.0021955790769102347,0.001533440314233303
soh_only,linear,none,9,500,20260816,1,6,0.00023147973160537696,0.0001980149681912735
soh_only,linear,none,9,500,20260816,1,12,0.00035224723294487463,0.000265817652689293
soh_only,linear,none,9,500,20260816,1,13,0.00020892345426008432,0.00016677618259564042
soh_only,linear,none,9,500,20260816,1,20,0.00013511093789623206,0.00012687325943261385
soh_only,linear,none,9,500,20260816,1,22,6.276879930583448e-05,5.1759481721092016e-05
soh_only,linear,none,9,500,20260816,1,47,0.00016794184869072697,0.00014539837138727307
soh_only,linear,none,9,500,20260816,1,49,0.00018276368422115704,0.00014922619448043406
soh_only,linear,none,9,500,20260816,2,3,0.0017677471870540479,0.0015619051409885287
soh_only,linear,none,9,500,20260816,2,17,0.00019553704122136583,0.00016778468852862716
soh_only,linear,none,9,500,20260816,2,30,0.00014739811077095664,9.757756924955174e-05
soh_only,linear,none,9,500,20260816,2,38,0.00020364315714041704,0.00015408039325848222
soh_only,linear,none,9,500,20260816,2,40,0.0001362417658014898,0.00010197878145845607
soh_only,linear,none,9,500,20260816,2,41,0.000519371576664402,0.00043728112359531224
soh_only,linear,none,9,500,20260816,2,42,6.706050679812668e-05,5.277753007248975e-05
soh_only,linear,none,9,500,20260816,2,45,0.0001832922394893965,0.00015372157213278115
soh_only,linear,none,9,500,20260816,3,7,0.000820884827793264,0.0006697523640468717
soh_only,linear,none,9,500,20260816,3,8,0.000918442739628006,0.0007203364511951804
soh_only,linear,none,9,500,20260816,3,23,0.000195131952429078,0.00015132308180909604
soh_only,linear,none,9,500,20260816,3,26,0.00023006772893991863,0.00019498706387821585
soh_only,linear,none,9,500,20260816,3,33,6.750899993332044e-05,5.0618647946976125e-05
soh_only,linear,none,9,500,20260816,3,34,0.00014660659332873952,0.00012757658259943128
soh_only,linear,none,9,500,20260816,3,35,0.000486535946414393,0.0003835928509943187
soh_only,linear,none,9,500,20260816,3,37,0.00019277748282509283,0.0001490640570409596
soh_only,linear,none,9,500,20260816,4,4,0.0004762783203103534,0.00036059736157767475
soh_only,linear,none,9,500,20260816,4,15,0.0002821252491347296,0.00021571993420366198
soh_only,linear,none,9,500,20260816,4,19,0.00017577613882416814,0.00014172554074320942
soh_only,linear,none,9,500,20260816,4,27,0.00023431506220117598,0.0002033150231000036
soh_only,linear,none,9,500,20260816,4,29,6.404283320852412e-05,5.695462095900439e-05
soh_only,linear,none,9,500,20260816,4,43,0.000591040811695297,0.0005059433169662952
soh_only,linear,none,9,500,20260816,4,44,0.00022153293693201307,0.00016072511789388955
soh_only,linear,none,9,500,20260816,4,48,0.0002533446608234492,0.0002041018015006557
soh_only,linear,none,9,500,20260816,5,18,0.00024188856641013014,0.00019477367459330708
soh_only,linear,none,9,500,20260816,5,21,0.00011024407165682689,8.95202174433507e-05
soh_only,linear,none,9,500,20260816,5,28,0.00011376614510483625,9.378314280183986e-05
soh_only,linear,none,9,500,20260816,5,31,0.00017766671925887082,0.00016075492021627724
soh_only,linear,none,9,500,20260816,5,32,0.00035953193664318864,0.0003249132714699954
soh_only,linear,none,9,500,20260816,5,36,5.6674816808804235e-05,4.6724082494620234e-05
soh_only,linear,none,9,500,20260816,5,39,7.519782375899462e-05,5.9955120377708226e-05
soh_only,linear,none,9,500,20260816,5,46,6.284561862800748e-05,4.936814366374165e-05
soh_only,linear,none,9,500,20260817,1,1,0.0022135101375207237,0.0015451348153874278
soh_only,linear,none,9,500,20260817,1,6,0.0002352125029264575,0.00019995450566057116
soh_only,linear,none,9,500,20260817,1,12,0.0003360610938742943,0.00026204943424090743
soh_only,linear,none,9,500,20260817,1,13,0.00019407618320975537,0.00016083955415524542
soh_only,linear,none,9,500,20260817,1,20,0.00012900308328566248,0.00012277484347578138
soh_only,linear,none,9,500,20260817,1,22,4.4722324612965424e-05,3.509879024932161e-05
soh_only,linear,none,9,500,20260817,1,47,0.00017985665758645645,0.00015498518769163638
soh_only,linear,none,9,500,20260817,1,49,0.00017825340790962623,0.00014605045726057142
soh_only,linear,none,9,500,20260817,2,3,0.0017391221934847949,0.0015412652865052223
soh_only,linear,none,9,500,20260817,2,17,0.00019601424019727567,0.0001690685749053955
soh_only,linear,none,9,500,20260817,2,30,0.00019126680078489786,0.0001309514045715332
soh_only,linear,none,9,500,20260817,2,38,0.00020922951308268388,0.00015757560322526842
soh_only,linear,none,9,500,20260817,2,40,0.00013675702868264731,0.0001065659525920637
soh_only,linear,none,9,500,20260817,2,41,0.0005648517303922138,0.0004719817661680281
soh_only,linear,none,9,500,20260817,2,42,7.291358503791397e-05,5.779266211902723e-05
soh_only,linear,none,9,500,20260817,2,45,0.000181322629479312,0.00014972209464758635
soh_only,linear,none,9,500,20260817,3,7,0.0008168189204034049,0.0006682467646896839
soh_only,linear,none,9,500,20260817,3,8,0.0009352975190046065,0.0007292473455891013
soh_only,linear,none,9,500,20260817,3,23,0.00019141574862260546,0.00014860629744362086
soh_only,linear,none,9,500,20260817,3,26,0.00024402747218932674,0.00020763755310326815
soh_only,linear,none,9,500,20260817,3,33,7.350248763242514e-05,5.6496857723686844e-05
soh_only,linear,none,9,500,20260817,3,34,0.00014333920112052207,0.00011983990407316014
soh_only,linear,none,9,500,20260817,3,35,0.000481063752262357,0.00038730501546524465
soh_only,linear,none,9,500,20260817,3,37,0.00019117621863455668,0.00014667987124994397
soh_only,linear,none,9,500,20260817,4,4,0.0005322398015129516,0.00040817022090777755
soh_only,linear,none,9,500,20260817,4,15,0.00028030360400427615,0.00021424650913104415
soh_only,linear,none,9,500,20260817,4,19,0.00017756345728633696,0.00014658689906354994
soh_only,linear,none,9,500,20260817,4,27,0.00022270049376038375,0.00018966436618939042
soh_only,linear,none,9,500,20260817,4,29,6.40608805262722e-05,5.60188309464138e-05
soh_only,linear,none,9,500,20260817,4,43,0.0005936374620826467,0.0005115664098411798
soh_only,linear,none,9,500,20260817,4,44,0.00022061782245513323,0.00016275167581625283
soh_only,linear,none,9,500,20260817,4,48,0.0002583940478920539,0.00021040081628598273
soh_only,linear,none,9,500,20260817,5,18,0.00024126327942635087,0.00019538641208782792
soh_only,linear,none,9,500,20260817,5,21,0.00011097762624223213,8.882045949576423e-05
soh_only,linear,none,9,500,20260817,5,28,0.00011301739709168474,9.1928246547468e-05
soh_only,linear,none,9,500,20260817,5,31,0.0001750082404597183,0.00015206933312583715
soh_only,linear,none,9,500,20260817,5,32,0.00034446695351251035,0.00031160234357230365
soh_only,linear,none,9,500,20260817,5,36,5.830018712374703e-05,4.8201083700405434e-05
soh_only,linear,none,9,500,20260817,5,39,7.683583757963509e-05,6.065130219212733e-05
soh_only,linear,none,9,500,20260817,5,46,6.280694318714748e-05,4.820227695745416e-05
soh_only,hidden_16_8,16-8,9,746,20260815,1,1,0.0025899110768807915,0.001918379100970924
soh_only,hidden_16_8,16-8,9,746,20260815,1,6,0.00028476143837712867,0.0002420341916149482
soh_only,hidden_16_8,16-8,9,746,20260815,1,12,0.00027171679351612447,0.00021168231614865363
soh_only,hidden_16_8,16-8,9,746,20260815,1,13,0.00015360671477657452,0.0001354670530417934
soh_only,hidden_16_8,16-8,9,746,20260815,1,20,0.0001449883443601012,0.00013987660349812359
soh_only,hidden_16_8,16-8,9,746,20260815,1,22,4.707006526406807e-05,3.6776065826416016e-05
soh_only,hidden_16_8,16-8,9,746,20260815,1,47,0.00018934274561573786,0.00015692472516093403
soh_only,hidden_16_8,16-8,9,746,20260815,1,49,0.00012880758187407457,0.00010091066360473633
soh_only,hidden_16_8,16-8,9,746,20260815,2,3,0.00431803784566898,0.003790732705965638
soh_only,hidden_16_8,16-8,9,746,20260815,2,17,0.00022420753593376607,0.00019247173622716218
soh_only,hidden_16_8,16-8,9,746,20260815,2,30,0.0003992455257475962,0.0003074789128731936
soh_only,hidden_16_8,16-8,9,746,20260815,2,38,0.00019313751827038466,0.0001482474763179198
soh_only,hidden_16_8,16-8,9,746,20260815,2,40,8.920790446369476e-05,7.435321458615363e-05
soh_only,hidden_16_8,16-8,9,746,20260815,2,41,0.00020755582603100271,0.00015558004088234156
soh_only,hidden_16_8,16-8,9,746,20260815,2,42,0.00021214621954580032,0.00016207218868657947
soh_only,hidden_16_8,16-8,9,746,20260815,2,45,9.020003112529228e-05,6.799578841309994e-05
soh_only,hidden_16_8,16-8,9,746,20260815,3,7,0.0016613649159868838,0.0014366793911904097
soh_only,hidden_16_8,16-8,9,746,20260815,3,8,0.0019831411479866025,0.0016376352868974209
soh_only,hidden_16_8,16-8,9,746,20260815,3,23,7.666514061165277e-05,6.504655175376683e-05
soh_only,hidden_16_8,16-8,9,746,20260815,3,26,0.000400778387063378,0.00034074901486746967
soh_only,hidden_16_8,16-8,9,746,20260815,3,33,8.310650527452205e-05,5.5686236009933054e-05
soh_only,hidden_16_8,16-8,9,746,20260815,3,34,0.00016940493615864253,0.00014671802637167275
soh_only,hidden_16_8,16-8,9,746,20260815,3,35,0.0003920620460378608,0.0003375709056854248
soh_only,hidden_16_8,16-8,9,746,20260815,3,37,0.00022202758981058781,0.00017879843653645366
soh_only,hidden_16_8,16-8,9,746,20260815,4,4,0.00100592338855048,0.0007917308830656111
soh_only,hidden_16_8,16-8,9,746,20260815,4,15,0.00032415802895620387,0.000237706903135404
soh_only,hidden_16_8,16-8,9,746,20260815,4,19,0.00020097414364795925,0.00017430544539820403
soh_only,hidden_16_8,16-8,9,746,20260815,4,27,0.0001226736862192568,0.00011011481547029689
soh_only,hidden_16_8,16-8,9,746,20260815,4,29,0.00013810522246001614,0.00013066410610917956
soh_only,hidden_16_8,16-8,9,746,20260815,4,43,0.0004911769060775487,0.0004273152444511652
soh_only,hidden_16_8,16-8,9,746,20260815,4,44,0.00014783602356101315,0.00011720538168447092
soh_only,hidden_16_8,16-8,9,746,20260815,4,48,7.825984313134008e-05,6.587028474314138e-05
soh_only,hidden_16_8,16-8,9,746,20260815,5,18,5.2969922534360583e-05,4.163980338489637e-05
soh_only,hidden_16_8,16-8,9,746,20260815,5,21,0.00010894409645371484,9.27388682612218e-05
soh_only,hidden_16_8,16-8,9,746,20260815,5,28,0.00020425940407664572,0.0001640474802115932
soh_only,hidden_16_8,16-8,9,746,20260815,5,31,0.00013889386337101545,0.0001092195525416173
soh_only,hidden_16_8,16-8,9,746,20260815,5,32,0.00016620893866415554,0.00014834642934147269
soh_only,hidden_16_8,16-8,9,746,20260815,5,36,4.322239199901615e-05,3.656744956970215e-05
soh_only,hidden_16_8,16-8,9,746,20260815,5,39,0.00011180875770155213,8.44645473989658e-05
soh_only,hidden_16_8,16-8,9,746,20260815,5,46,2.7339789513133226e-05,2.3064612832968123e-05
soh_only,hidden_16_8,16-8,9,746,20260816,1,1,0.002619901304478748,0.001953607890754938
soh_only,hidden_16_8,16-8,9,746,20260816,1,6,0.00028982638239917393,0.0002447915030643344
soh_only,hidden_16_8,16-8,9,746,20260816,1,12,0.00030453531385510747,0.0002147197665181011
soh_only,hidden_16_8,16-8,9,746,20260816,1,13,0.00019470061355929602,0.0001523923856439069
soh_only,hidden_16_8,16-8,9,746,20260816,1,20,0.0001384731741315255,0.00013267755275592208
soh_only,hidden_16_8,16-8,9,746,20260816,1,22,7.136339250788961e-05,5.724906804971397e-05
soh_only,hidden_16_8,16-8,9,746,20260816,1,47,0.00020282324716551362,0.00016764998144935817
soh_only,hidden_16_8,16-8,9,746,20260816,1,49,0.00023035198016529296,0.00016907454119063914
soh_only,hidden_16_8,16-8,9,746,20260816,2,3,0.004342703624606615,0.0038090955931693316
soh_only,hidden_16_8,16-8,9,746,20260816,2,17,0.00028029929463429707,0.00024274825409520417
soh_only,hidden_16_8,16-8,9,746,20260816,2,30,0.0010885337511138042,0.0008745002560317516
soh_only,hidden_16_8,16-8,9,746,20260816,2,38,0.00020122210276385686,0.00014475465286523104
soh_only,hidden_16_8,16-8,9,746,20260816,2,40,8.738680247913956e-05,6.792783824494109e-05
soh_only,hidden_16_8,16-8,9,746,20260816,2,41,0.00027562810582344456,0.0002136826515197754
soh_only,hidden_16_8,16-8,9,746,20260816,2,42,0.00018631274552569803,0.00012824177974835038
soh_only,hidden_16_8,16-8,9,746,20260816,2,45,0.00022146635752809472,0.00018446565081831068
soh_only,hidden_16_8,16-8,9,746,20260816,3,7,0.0014003922327138305,0.0012243890669196844
soh_only,hidden_16_8,16-8,9,746,20260816,3,8,0.002615131134223075,0.0022670149337500334
soh_only,hidden_16_8,16-8,9,746,20260816,3,23,0.00011914908855989343,0.00010371684766141698
soh_only,hidden_16_8,16-8,9,746,20260816,3,26,0.00034367811790736886,0.0003236234188079834
soh_only,hidden_16_8,16-8,9,746,20260816,3,33,7.168755530444359e-05,4.952311428496614e-05
soh_only,hidden_16_8,16-8,9,746,20260816,3,34,8.934438024815319e-05,7.954478496685624e-05
soh_only,hidden_16_8,16-8,9,746,20260816,3,35,0.0004140296001337496,0.0003533947456162423
soh_only,hidden_16_8,16-8,9,746,20260816,3,37,0.0002485539129753617,0.00020309686078689992
soh_only,hidden_16_8,16-8,9,746,20260816,4,4,0.0012578615819315287,0.0009930956875905395
soh_only,hidden_16_8,16-8,9,746,20260816,4,15,0.00030791795258348036,0.00022798776626586914
soh_only,hidden_16_8,16-8,9,746,20260816,4,19,8.408104026942822e-05,7.18736628186889e-05
soh_only,hidden_16_8,16-8,9,746,20260816,4,27,7.674779965830786e-05,6.415605457732454e-05
soh_only,hidden_16_8,16-8,9,746,20260816,4,29,7.07832574313335e-05,6.446123006753623e-05
soh_only,hidden_16_8,16-8,9,746,20260816,4,43,0.00037655757849276727,0.00031281114206649363
soh_only,hidden_16_8,16-8,9,746,20260816,4,44,4.775149819542421e-05,3.793597352341749e-05
soh_only,hidden_16_8,16-8,9,746,20260816,4,48,6.792993057850692e-05,5.9556961787166074e-05
soh_only,hidden_16_8,16-8,9,746,20260816,5,18,6.13389463431358e-05,4.921197978546843e-05
soh_only,hidden_16_8,16-8,9,746,20260816,5,21,8.374292706850305e-05,7.006525993347168e-05
soh_only,hidden_16_8,16-8,9,746,20260816,5,28,0.00018098022628192152,0.00014880657545290887
soh_only,hidden_16_8,16-8,9,746,20260816,5,31,0.00013844687389398956,0.00010902643407462165
soh_only,hidden_16_8,16-8,9,746,20260816,5,32,0.00017067137198737724,0.00015688776329625398
soh_only,hidden_16_8,16-8,9,746,20260816,5,36,5.5499894474285464e-05,4.53960892627947e-05
soh_only,hidden_16_8,16-8,9,746,20260816,5,39,8.602015097033541e-05,6.380915874615312e-05
soh_only,hidden_16_8,16-8,9,746,20260816,5,46,5.010065571271503e-05,3.9230584661709145e-05
soh_only,hidden_16_8,16-8,9,746,20260817,1,1,0.0027000698505654785,0.0020287407096475363
soh_only,hidden_16_8,16-8,9,746,20260817,1,6,0.000295958567420847,0.00025030970573425293
soh_only,hidden_16_8,16-8,9,746,20260817,1,12,0.0002529871103121742,0.00020004749239888042
soh_only,hidden_16_8,16-8,9,746,20260817,1,13,0.00020603515238146574,0.00017618060519453138
soh_only,hidden_16_8,16-8,9,746,20260817,1,20,0.000129012721840843,0.00012391924974508584
soh_only,hidden_16_8,16-8,9,746,20260817,1,22,4.12314793651562e-05,3.184199158567935e-05
soh_only,hidden_16_8,16-8,9,746,20260817,1,47,0.00020846024708389584,0.00016767859051469713
soh_only,hidden_16_8,16-8,9,746,20260817,1,49,0.00022944207035882128,0.00018350362370256335
soh_only,hidden_16_8,16-8,9,746,20260817,2,3,0.004306991714484727,0.003778072539716959
soh_only,hidden_16_8,16-8,9,746,20260817,2,17,0.00021778720761850783,0.00018813490169122815
soh_only,hidden_16_8,16-8,9,746,20260817,2,30,0.0007165242311487406,0.0005463576526381075
soh_only,hidden_16_8,16-8,9,746,20260817,2,38,0.0001880216686335798,0.00013769864744972438
soh_only,hidden_16_8,16-8,9,746,20260817,2,40,8.865684005928524e-05,6.674647011095658e-05
soh_only,hidden_16_8,16-8,9,746,20260817,2,41,0.0003566481761188918,0.0002838957298081368
soh_only,hidden_16_8,16-8,9,746,20260817,2,42,9.761087277032591e-05,6.8564411776606e-05
soh_only,hidden_16_8,16-8,9,746,20260817,2,45,0.00017772596902587047,0.00015657662879675627
soh_only,hidden_16_8,16-8,9,746,20260817,3,7,0.0016005512102989514,0.0013924908125773072
soh_only,hidden_16_8,16-8,9,746,20260817,3,8,0.00290893397459259,0.002522079972550273
soh_only,hidden_16_8,16-8,9,746,20260817,3,23,0.00031399821909106757,0.000275934929959476
soh_only,hidden_16_8,16-8,9,746,20260817,3,26,0.0005607389568388873,0.0005008125444874167
soh_only,hidden_16_8,16-8,9,746,20260817,3,33,6.080998657356682e-05,4.846930460189469e-05
soh_only,hidden_16_8,16-8,9,746,20260817,3,34,9.040340339484999e-05,7.268190529430285e-05
soh_only,hidden_16_8,16-8,9,746,20260817,3,35,0.0005377525898493955,0.00045684815268032253
soh_only,hidden_16_8,16-8,9,746,20260817,3,37,0.0003489397837479604,0.00027703045634552836
soh_only,hidden_16_8,16-8,9,746,20260817,4,4,0.000930315344696479,0.0007266020984388888
soh_only,hidden_16_8,16-8,9,746,20260817,4,15,0.0003835409158912568,0.0002904009888879955
soh_only,hidden_16_8,16-8,9,746,20260817,4,19,0.00024334253039784307,0.00020332336134742945
soh_only,hidden_16_8,16-8,9,746,20260817,4,27,0.00013752781456747025,0.00010862231283681467
soh_only,hidden_16_8,16-8,9,746,20260817,4,29,0.0001166915974600147,0.00011044860002584755
soh_only,hidden_16_8,16-8,9,746,20260817,4,43,0.00046613513584037384,0.00039066432509571314
soh_only,hidden_16_8,16-8,9,746,20260817,4,44,0.00018360550767875902,0.0001392173726344481
soh_only,hidden_16_8,16-8,9,746,20260817,4,48,0.00012656803869243185,0.00010291337821399793
soh_only,hidden_16_8,16-8,9,746,20260817,5,18,7.66461067165617e-05,6.615519669139758e-05
soh_only,hidden_16_8,16-8,9,746,20260817,5,21,0.00010060822643297333,8.298992906929925e-05
soh_only,hidden_16_8,16-8,9,746,20260817,5,28,0.00011925530663067954,9.462237358093262e-05
soh_only,hidden_16_8,16-8,9,746,20260817,5,31,0.00017431460653222674,0.00013805866183247417
soh_only,hidden_16_8,16-8,9,746,20260817,5,32,0.0002346450078590929,0.0002113962109433487
soh_only,hidden_16_8,16-8,9,746,20260817,5,36,4.83360020914859e-05,3.971219121012837e-05
soh_only,hidden_16_8,16-8,9,746,20260817,5,39,0.00010621319412738761,7.821202598279342e-05
soh_only,hidden_16_8,16-8,9,746,20260817,5,46,0.00013239600464292977,0.00010220885451417416
soh_only,hidden_32_16,32-16,9,1698,20260815,1,1,0.0025453478175921605,0.0018793881172314286
soh_only,hidden_32_16,32-16,9,1698,20260815,1,6,0.00025015913902846427,0.00021141409524716437
soh_only,hidden_32_16,32-16,9,1698,20260815,1,12,0.0002465197956490018,0.00017100333934649825
soh_only,hidden_32_16,32-16,9,1698,20260815,1,13,0.00017970244871950633,0.00013764739560429007
soh_only,hidden_32_16,32-16,9,1698,20260815,1,20,7.526323835211134e-05,6.669163849437609e-05
soh_only,hidden_32_16,32-16,9,1698,20260815,1,22,8.60586890274886e-05,6.03342050453648e-05
soh_only,hidden_32_16,32-16,9,1698,20260815,1,47,0.00013307777817418343,0.00011304020881652832
soh_only,hidden_32_16,32-16,9,1698,20260815,1,49,0.00019656889818636783,0.0001539897930342704
soh_only,hidden_32_16,32-16,9,1698,20260815,2,3,0.004403593815140265,0.0038659251295030117
soh_only,hidden_32_16,32-16,9,1698,20260815,2,17,0.0002352155992818867,0.0002048063324764371
soh_only,hidden_32_16,32-16,9,1698,20260815,2,30,0.0006523417052181323,0.0005582654266618192
soh_only,hidden_32_16,32-16,9,1698,20260815,2,38,0.00010152607621465696,7.599592208862305e-05
soh_only,hidden_32_16,32-16,9,1698,20260815,2,40,8.384361568841895e-05,6.990790279814973e-05
soh_only,hidden_32_16,32-16,9,1698,20260815,2,41,0.00016241903147894477,0.00013172029866836965
soh_only,hidden_32_16,32-16,9,1698,20260815,2,42,0.000214262987961613,0.00015396832895930856
soh_only,hidden_32_16,32-16,9,1698,20260815,2,45,9.532350966698357e-05,8.139729470713064e-05
soh_only,hidden_32_16,32-16,9,1698,20260815,3,7,0.0015396529129354307,0.001323511591181159
soh_only,hidden_32_16,32-16,9,1698,20260815,3,8,0.0023299910853670394,0.0020419908687472343
soh_only,hidden_32_16,32-16,9,1698,20260815,3,23,8.742302877194666e-05,7.344365440076217e-05
soh_only,hidden_32_16,32-16,9,1698,20260815,3,26,0.00024788516225766145,0.000188356643775478
soh_only,hidden_32_16,32-16,9,1698,20260815,3,33,6.204737952435461e-05,4.8152207455132157e-05
soh_only,hidden_32_16,32-16,9,1698,20260815,3,34,0.0001505699392635288,0.00013609886809717864
soh_only,hidden_32_16,32-16,9,1698,20260815,3,35,0.0004450194705880946,0.0003897798014804721
soh_only,hidden_32_16,32-16,9,1698,20260815,3,37,0.0003058812808103631,0.00024363875854760408
soh_only,hidden_32_16,32-16,9,1698,20260815,4,4,0.0008242232349923481,0.000631560105830431
soh_only,hidden_32_16,32-16,9,1698,20260815,4,15,0.0003286554063302126,0.00024557471624575555
soh_only,hidden_32_16,32-16,9,1698,20260815,4,19,8.904329484318557e-05,8.159995195455849e-05
soh_only,hidden_32_16,32-16,9,1698,20260815,4,27,0.000137405261337311,0.00012441516446415335
soh_only,hidden_32_16,32-16,9,1698,20260815,4,29,7.274061018398656e-05,5.877375588170253e-05
soh_only,hidden_32_16,32-16,9,1698,20260815,4,43,0.00036504006183984516,0.0003269481530878693
soh_only,hidden_32_16,32-16,9,1698,20260815,4,44,4.203598820838225e-05,3.84473787562456e-05
soh_only,hidden_32_16,32-16,9,1698,20260815,4,48,8.313633065617063e-05,6.293058686424047e-05
soh_only,hidden_32_16,32-16,9,1698,20260815,5,18,7.27514917233441e-05,6.520867464132607e-05
soh_only,hidden_32_16,32-16,9,1698,20260815,5,21,6.559380802706376e-05,5.557537224376574e-05
soh_only,hidden_32_16,32-16,9,1698,20260815,5,28,0.000158919318559637,0.00013299107376951724
soh_only,hidden_32_16,32-16,9,1698,20260815,5,31,0.00012880794043381826,9.563565254211426e-05
soh_only,hidden_32_16,32-16,9,1698,20260815,5,32,0.0001546435530492962,0.00013554930046666414
soh_only,hidden_32_16,32-16,9,1698,20260815,5,36,4.483942135579659e-05,3.655552791315131e-05
soh_only,hidden_32_16,32-16,9,1698,20260815,5,39,9.528252707621816e-05,6.648540147580206e-05
soh_only,hidden_32_16,32-16,9,1698,20260815,5,46,3.1991923779140496e-05,2.7686357498168945e-05
soh_only,hidden_32_16,32-16,9,1698,20260816,1,1,0.0025708752218735,0.0019085109233856201
soh_only,hidden_32_16,32-16,9,1698,20260816,1,6,0.0002830530258132602,0.00023738383606541902
soh_only,hidden_32_16,32-16,9,1698,20260816,1,12,0.00024172530494582126,0.00017460227536503226
soh_only,hidden_32_16,32-16,9,1698,20260816,1,13,0.00013890894754446328,0.000112513305793982
soh_only,hidden_32_16,32-16,9,1698,20260816,1,20,0.0001668420515870395,0.00015669583808630705
soh_only,hidden_32_16,32-16,9,1698,20260816,1,22,2.744132583325654e-05,2.2337437258102e-05
soh_only,hidden_32_16,32-16,9,1698,20260816,1,47,0.0002098093655951783,0.0001745450426824391
soh_only,hidden_32_16,32-16,9,1698,20260816,1,49,0.0001517349355603907,0.00012666464317589998
soh_only,hidden_32_16,32-16,9,1698,20260816,2,3,0.00429000657753354,0.0037581599317491055
soh_only,hidden_32_16,32-16,9,1698,20260816,2,17,0.00018593526350291814,0.0001579499221406877
soh_only,hidden_32_16,32-16,9,1698,20260816,2,30,0.0007214690781838332,0.0005666887736879289
soh_only,hidden_32_16,32-16,9,1698,20260816,2,38,0.00012185210431375524,8.712053386261687e-05
soh_only,hidden_32_16,32-16,9,1698,20260816,2,40,7.695034665348467e-05,6.481170566985384e-05
soh_only,hidden_32_16,32-16,9,1698,20260816,2,41,0.0001075390116385043,9.202718501910567e-05
soh_only,hidden_32_16,32-16,9,1698,20260816,2,42,0.00019245744480685475,0.00013575077173300087
soh_only,hidden_32_16,32-16,9,1698,20260816,2,45,0.00010735687164503536,8.97705540410243e-05
soh_only,hidden_32_16,32-16,9,1698,20260816,3,7,0.0016622401076565475,0.0014194488758221269
soh_only,hidden_32_16,32-16,9,1698,20260816,3,8,0.002829971449484354,0.0024660860653966665
soh_only,hidden_32_16,32-16,9,1698,20260816,3,23,0.0003060530485668934,0.0002276349114254117
soh_only,hidden_32_16,32-16,9,1698,20260816,3,26,0.0007641411794093918,0.0006179154152050614
soh_only,hidden_32_16,32-16,9,1698,20260816,3,33,8.013105770697807e-05,4.6827793994452804e-05
soh_only,hidden_32_16,32-16,9,1698,20260816,3,34,0.00020336787730324633,0.00018788575835060328
soh_only,hidden_32_16,32-16,9,1698,20260816,3,35,0.0005600089302568223,0.00047196983359754086
soh_only,hidden_32_16,32-16,9,1698,20260816,3,37,0.00023194090451698958,0.00018676638137549162
soh_only,hidden_32_16,32-16,9,1698,20260816,4,4,0.0007391308192507337,0.0005767154507339001
soh_only,hidden_32_16,32-16,9,1698,20260816,4,15,0.0003087178831810598,0.00022873282432556152
soh_only,hidden_32_16,32-16,9,1698,20260816,4,19,4.3401143171539355e-05,3.9752721932018176e-05
soh_only,hidden_32_16,32-16,9,1698,20260816,4,27,7.870780365422972e-05,6.801247945986688e-05
soh_only,hidden_32_16,32-16,9,1698,20260816,4,29,7.408927775111153e-05,6.254315667320043e-05
soh_only,hidden_32_16,32-16,9,1698,20260816,4,43,0.00042734023011316936,0.0003784942673519254
soh_only,hidden_32_16,32-16,9,1698,20260816,4,44,3.759968698315182e-05,2.9246806661831215e-05
soh_only,hidden_32_16,32-16,9,1698,20260816,4,48,3.751194564848002e-05,3.0212402634788305e-05
soh_only,hidden_32_16,32-16,9,1698,20260816,5,18,9.352115971237583e-05,7.998228102223948e-05
soh_only,hidden_32_16,32-16,9,1698,20260816,5,21,8.220131536577503e-05,6.930231756996363e-05
soh_only,hidden_32_16,32-16,9,1698,20260816,5,28,0.00014876287681316028,0.00011917114170501009
soh_only,hidden_32_16,32-16,9,1698,20260816,5,31,4.079033587777184e-05,3.497004581731744e-05
soh_only,hidden_32_16,32-16,9,1698,20260816,5,32,0.00018840405003728633,0.00015010833158157766
soh_only,hidden_32_16,32-16,9,1698,20260816,5,36,3.054074144035388e-05,2.4349688828806393e-05
soh_only,hidden_32_16,32-16,9,1698,20260816,5,39,0.00015117413615205782,0.00011245370114920661
soh_only,hidden_32_16,32-16,9,1698,20260816,5,46,7.870814218858147e-05,6.18863123236224e-05
soh_only,hidden_32_16,32-16,9,1698,20260817,1,1,0.00258204578127957,0.001907547703012824
soh_only,hidden_32_16,32-16,9,1698,20260817,1,6,0.00022349510876266545,0.00019325136963743716
soh_only,hidden_32_16,32-16,9,1698,20260817,1,12,0.00021972550376477245,0.00016140699153766036
soh_only,hidden_32_16,32-16,9,1698,20260817,1,13,0.0001359338123913285,0.00011518836254253983
soh_only,hidden_32_16,32-16,9,1698,20260817,1,20,9.945054182131815e-05,8.880018867785111e-05
soh_only,hidden_32_16,32-16,9,1698,20260817,1,22,5.824901268288612e-05,5.264401261229068e-05
soh_only,hidden_32_16,32-16,9,1698,20260817,1,47,0.00025254968397105733,0.00021045088942628354
soh_only,hidden_32_16,32-16,9,1698,20260817,1,49,0.00023729147332427148,0.00018918991554528475
soh_only,hidden_32_16,32-16,9,1698,20260817,2,3,0.004297957593846262,0.003765774890780449
soh_only,hidden_32_16,32-16,9,1698,20260817,2,17,0.00015875762312636974,0.00014247417857404798
soh_only,hidden_32_16,32-16,9,1698,20260817,2,30,0.0008793494555590298,0.0007002318161539733
soh_only,hidden_32_16,32-16,9,1698,20260817,2,38,0.00013556086828947017,0.00010283351002726704
soh_only,hidden_32_16,32-16,9,1698,20260817,2,40,7.658861425212993e-05,6.434082752093673e-05
soh_only,hidden_32_16,32-16,9,1698,20260817,2,41,0.0002703621878033988,0.00022599578369408846
soh_only,hidden_32_16,32-16,9,1698,20260817,2,42,0.00017619931470047476,0.0001282083976548165
soh_only,hidden_32_16,32-16,9,1698,20260817,2,45,0.00010293509030248065,7.465123781003058e-05
soh_only,hidden_32_16,32-16,9,1698,20260817,3,7,0.001872541159504522,0.0016364359762519598
soh_only,hidden_32_16,32-16,9,1698,20260817,3,8,0.002415360625702842,0.002089785411953926
soh_only,hidden_32_16,32-16,9,1698,20260817,3,23,0.0001023026304846358,8.990287460619584e-05
soh_only,hidden_32_16,32-16,9,1698,20260817,3,26,0.00034440376626018087,0.00027614354621618986
soh_only,hidden_32_16,32-16,9,1698,20260817,3,33,7.112596312275517e-05,6.114244752097875e-05
soh_only,hidden_32_16,32-16,9,1698,20260817,3,34,0.00011543313567553979,0.00010009884863393381
soh_only,hidden_32_16,32-16,9,1698,20260817,3,35,0.00036594106495536785,0.00029852031730115414
soh_only,hidden_32_16,32-16,9,1698,20260817,3,37,0.00023878661449402795,0.00018885493045672774
soh_only,hidden_32_16,32-16,9,1698,20260817,4,4,0.0008751748185923036,0.0006711626192554832
soh_only,hidden_32_16,32-16,9,1698,20260817,4,15,0.0003528437095409484,0.0002675700234249234
soh_only,hidden_32_16,32-16,9,1698,20260817,4,19,0.00010515139095188917,9.453892562305555e-05
soh_only,hidden_32_16,32-16,9,1698,20260817,4,27,7.321865957991543e-05,6.597995525225997e-05
soh_only,hidden_32_16,32-16,9,1698,20260817,4,29,7.730075285475245e-05,6.352066702675074e-05
soh_only,hidden_32_16,32-16,9,1698,20260817,4,43,0.00036969947050590835,0.00032104967976920307
soh_only,hidden_32_16,32-16,9,1698,20260817,4,44,6.857216481233212e-05,5.2015780966030434e-05
soh_only,hidden_32_16,32-16,9,1698,20260817,4,48,5.2691563717282076e-05,4.4825075747212395e-05
soh_only,hidden_32_16,32-16,9,1698,20260817,5,18,7.501293386532226e-05,6.370067421812564e-05
soh_only,hidden_32_16,32-16,9,1698,20260817,5,21,8.457204675209867e-05,6.98304211255163e-05
soh_only,hidden_32_16,32-16,9,1698,20260817,5,28,0.0001352566048172355,0.00010924577509285882
soh_only,hidden_32_16,32-16,9,1698,20260817,5,31,0.00012655856484930497,9.84609141596593e-05
soh_only,hidden_32_16,32-16,9,1698,20260817,5,32,0.00020555252646691316,0.00017942786507774144
soh_only,hidden_32_16,32-16,9,1698,20260817,5,36,7.70300131528948e-05,6.097435834817588e-05
soh_only,hidden_32_16,32-16,9,1698,20260817,5,39,0.0001788794377672185,0.0001373636769130826
soh_only,hidden_32_16,32-16,9,1698,20260817,5,46,0.00011636022432161767,8.779764175415039e-05
soh_ir_temp,linear,none,11,600,20260815,1,1,0.002108958949765432,0.0014690340030938387
soh_ir_temp,linear,none,11,600,20260815,1,6,0.0001334193689189314,9.012698865262792e-05
soh_ir_temp,linear,none,11,600,20260815,1,12,0.00046314340121808985,0.00035876035690307617
soh_ir_temp,linear,none,11,600,20260815,1,13,0.00011533945790210771,0.00010036706953542307
soh_ir_temp,linear,none,11,600,20260815,1,20,9.143126656995576e-05,7.648706377949566e-05
soh_ir_temp,linear,none,11,600,20260815,1,22,0.00010588024044621644,8.468508895020932e-05
soh_ir_temp,linear,none,11,600,20260815,1,47,0.00044028950142524276,0.00034980298369191587
soh_ir_temp,linear,none,11,600,20260815,1,49,8.173548665762849e-05,7.254481170093641e-05
soh_ir_temp,linear,none,11,600,20260815,2,3,0.0016856459948688522,0.0014971208292990923
soh_ir_temp,linear,none,11,600,20260815,2,17,0.0002812490496871874,0.00023621798027306795
soh_ir_temp,linear,none,11,600,20260815,2,30,0.00023261312671585377,0.00017553687212057412
soh_ir_temp,linear,none,11,600,20260815,2,38,0.00018132926169940806,0.00013095379108563066
soh_ir_temp,linear,none,11,600,20260815,2,40,0.0001459112816944047,0.00010668516188161448
soh_ir_temp,linear,none,11,600,20260815,2,41,0.00034297785678992124,0.00029257297865115106
soh_ir_temp,linear,none,11,600,20260815,2,42,9.13426061119283e-05,6.945252243895084e-05
soh_ir_temp,linear,none,11,600,20260815,2,45,0.00014912357892107184,0.00012048602366121486
soh_ir_temp,linear,none,11,600,20260815,3,7,0.0007734282169606585,0.0006156754679977894
soh_ir_temp,linear,none,11,600,20260815,3,8,0.001788469220568899,0.0014663409674540162
soh_ir_temp,linear,none,11,600,20260815,3,23,0.0005873432381043617,0.00047100544907152653
soh_ir_temp,linear,none,11,600,20260815,3,26,0.00022169117318119924,0.0001846575760282576
soh_ir_temp,linear,none,11,600,20260815,3,33,0.00020541143419240159,0.00016046404198277742
soh_ir_temp,linear,none,11,600,20260815,3,34,5.8189862510367416e-05,4.6923159970901906e-05
soh_ir_temp,linear,none,11,600,20260815,3,35,0.0005267088134082875,0.0004424297949299216
soh_ir_temp,linear,none,11,600,20260815,3,37,0.00031117644771922197,0.0002558767737355083
soh_ir_temp,linear,none,11,600,20260815,4,4,0.0004405782461072965,0.0003318929811939597
soh_ir_temp,linear,none,11,600,20260815,4,15,0.00029829475430962166,0.00022767305199522525
soh_ir_temp,linear,none,11,600,20260815,4,19,0.00016725279458451418,0.0001332533429376781
soh_ir_temp,linear,none,11,600,20260815,4,27,0.00017412866280749054,0.00015046834596432745
soh_ir_temp,linear,none,11,600,20260815,4,29,7.568436341096541e-05,6.250858132261783e-05
soh_ir_temp,linear,none,11,600,20260815,4,43,0.0005804019845010443,0.0004971051239408553
soh_ir_temp,linear,none,11,600,20260815,4,44,0.0002803567812466439,0.00021057724370621145
soh_ir_temp,linear,none,11,600,20260815,4,48,0.00024667744999979193,0.00019717813120223582
soh_ir_temp,linear,none,11,600,20260815,5,18,0.00033069331602985014,0.00026914835325442255
soh_ir_temp,linear,none,11,600,20260815,5,21,0.00015685708303918763,0.0001281785953324288
soh_ir_temp,linear,none,11,600,20260815,5,28,7.604289005945561e-05,6.142973870737478e-05
soh_ir_temp,linear,none,11,600,20260815,5,31,8.309406440644902e-05,7.127404387574643e-05
soh_ir_temp,linear,none,11,600,20260815,5,32,0.00015965624536505986,0.00013983130338601768
soh_ir_temp,linear,none,11,600,20260815,5,36,6.560496451890634e-05,5.338430491974577e-05
soh_ir_temp,linear,none,11,600,20260815,5,39,6.457926365050638e-05,4.8466921725776047e-05
soh_ir_temp,linear,none,11,600,20260815,5,46,0.000470370974768213,0.0003977453743573278
soh_ir_temp,linear,none,11,600,20260816,1,1,0.002106082579737492,0.0014601624570786953
soh_ir_temp,linear,none,11,600,20260816,1,6,0.00010376321711068771,8.044957940001041e-05
soh_ir_temp,linear,none,11,600,20260816,1,12,0.0004724455453434132,0.0003632354782894254
soh_ir_temp,linear,none,11,600,20260816,1,13,0.0001374909334543609,0.00010957240738207474
soh_ir_temp,linear,none,11,600,20260816,1,20,8.27703264271882e-05,6.773114000679925e-05
soh_ir_temp,linear,none,11,600,20260816,1,22,9.862241873936945e-05,7.995009218575433e-05
soh_ir_temp,linear,none,11,600,20260816,1,47,0.00038975999974929197,0.00031272292835637927
soh_ir_temp,linear,none,11,600,20260816,1,49,9.421643529152489e-05,7.859111065044999e-05
soh_ir_temp,linear,none,11,600,20260816,2,3,0.0016978599750933267,0.0015029131900519133
soh_ir_temp,linear,none,11,600,20260816,2,17,0.0002691050896778966,0.00023067474830895662
soh_ir_temp,linear,none,11,600,20260816,2,30,0.00020874873280642763,0.00015443444135598838
soh_ir_temp,linear,none,11,600,20260816,2,38,0.00016986214764685127,0.00012794137001037598
soh_ir_temp,linear,none,11,600,20260816,2,40,0.00012994520005163822,0.0001014101508189924
soh_ir_temp,linear,none,11,600,20260816,2,41,0.0003873902813823043,0.0003285133861936629
soh_ir_temp,linear,none,11,600,20260816,2,42,8.073909248010788e-05,6.260156806092709e-05
soh_ir_temp,linear,none,11,600,20260816,2,45,0.00015112371264391973,0.00011839866783702746
soh_ir_temp,linear,none,11,600,20260816,3,7,0.00076313448439697,0.000607625232078135
soh_ir_temp,linear,none,11,600,20260816,3,8,0.0018450896363534546,0.001510118250735104
soh_ir_temp,linear,none,11,600,20260816,3,23,0.0005861828783122182,0.00046839952119626105
soh_ir_temp,linear,none,11,600,20260816,3,26,0.00019880870821486297,0.00016315937682520598
soh_ir_temp,linear,none,11,600,20260816,3,33,0.00019978359310362552,0.0001569581072544679
soh_ir_temp,linear,none,11,600,20260816,3,34,6.332364121184675e-05,5.155086546437815e-05
soh_ir_temp,linear,none,11,600,20260816,3,35,0.0005204612870890957,0.0004368186055216938
soh_ir_temp,linear,none,11,600,20260816,3,37,0.0003072809114993423,0.00025349139468744397
soh_ir_temp,linear,none,11,600,20260816,4,4,0.00042999205509297345,0.00032423020456917584
soh_ir_temp,linear,none,11,600,20260816,4,15,0.0002958678986345011,0.0002249622339149937
soh_ir_temp,linear,none,11,600,20260816,4,19,0.00016005838814553628,0.00012932777462992817
soh_ir_temp,linear,none,11,600,20260816,4,27,0.00019234578639094785,0.00015894412354100496
soh_ir_temp,linear,none,11,600,20260816,4,29,7.706418711817799e-05,6.631255382671952e-05
soh_ir_temp,linear,none,11,600,20260816,4,43,0.0005775642714685132,0.0004970717709511518
soh_ir_temp,linear,none,11,600,20260816,4,44,0.00028124066197152315,0.00021050572104286402
soh_ir_temp,linear,none,11,600,20260816,4,48,0.00024341391217472317,0.00019651174079626799
soh_ir_temp,linear,none,11,600,20260816,5,18,0.0003296343148520686,0.0002665281353984028
soh_ir_temp,linear,none,11,600,20260816,5,21,0.0001519288722653221,0.00012503266043495387
soh_ir_temp,linear,none,11,600,20260816,5,28,8.870185525180615e-05,7.369518425548449e-05
soh_ir_temp,linear,none,11,600,20260816,5,31,6.735946921405592e-05,5.437135769170709e-05
soh_ir_temp,linear,none,11,600,20260816,5,32,0.0001653127220468833,0.00015012860239949077
soh_ir_temp,linear,none,11,600,20260816,5,36,6.35718814905536e-05,5.1600931328721344e-05
soh_ir_temp,linear,none,11,600,20260816,5,39,6.25449043016856e-05,4.730939690489322e-05
soh_ir_temp,linear,none,11,600,20260816,5,46,0.00047172432370887137,0.0003976595471613109
soh_ir_temp,linear,none,11,600,20260817,1,1,0.0020929468739053097,0.001457821112126112
soh_ir_temp,linear,none,11,600,20260817,1,6,0.00013211537920379543,8.636236452730373e-05
soh_ir_temp,linear,none,11,600,20260817,1,12,0.00046276696128641335,0.00035916685010306537
soh_ir_temp,linear,none,11,600,20260817,1,13,0.00012020059892759126,9.889960347209126e-05
soh_ir_temp,linear,none,11,600,20260817,1,20,9.793257627529693e-05,7.82513598096557e-05
soh_ir_temp,linear,none,11,600,20260817,1,22,0.00010710060725006565,8.308887481689453e-05
soh_ir_temp,linear,none,11,600,20260817,1,47,0.000428487920634155,0.00034197806962765753
soh_ir_temp,linear,none,11,600,20260817,1,49,9.05325293952521e-05,8.098364196484908e-05
soh_ir_temp,linear,none,11,600,20260817,2,3,0.0016877143148714636,0.001496151671744883
soh_ir_temp,linear,none,11,600,20260817,2,17,0.0002773402263957192,0.00023395776224788278
soh_ir_temp,linear,none,11,600,20260817,2,30,0.00023635529519229874,0.000174334054463543
soh_ir_temp,linear,none,11,600,20260817,2,38,0.00017540362868781375,0.0001305210607824847
soh_ir_temp,linear,none,11,600,20260817,2,40,0.00014121279422591964,0.00010469317203387618
soh_ir_temp,linear,none,11,600,20260817,2,41,0.00040839695098972734,0.0003362929855939001
soh_ir_temp,linear,none,11,600,20260817,2,42,8.363043309514423e-05,6.503462645923719e-05
soh_ir_temp,linear,none,11,600,20260817,2,45,0.00015059055997416736,0.00011978864495176822
soh_ir_temp,linear,none,11,600,20260817,3,7,0.0007476097661459256,0.000590095529332757
soh_ir_temp,linear,none,11,600,20260817,3,8,0.0018825066603253523,0.0015525103081017733
soh_ir_temp,linear,none,11,600,20260817,3,23,0.0005970234255081625,0.0004798972513526678
soh_ir_temp,linear,none,11,600,20260817,3,26,0.00020940188230373456,0.00016779541329015046
soh_ir_temp,linear,none,11,600,20260817,3,33,0.00020747509555777314,0.00016255259106401354
soh_ir_temp,linear,none,11,600,20260817,3,34,6.420744192251154e-05,5.20443900313694e-05
soh_ir_temp,linear,none,11,600,20260817,3,35,0.0005136764942984768,0.0004291081568226218
soh_ir_temp,linear,none,11,600,20260817,3,37,0.00031114302825112117,0.0002570426440797746
soh_ir_temp,linear,none,11,600,20260817,4,4,0.0004494549726783729,0.0003407585609238595
soh_ir_temp,linear,none,11,600,20260817,4,15,0.0002993763365955132,0.0002284705697093159
soh_ir_temp,linear,none,11,600,20260817,4,19,0.00016784048839483317,0.00013297796249389648
soh_ir_temp,linear,none,11,600,20260817,4,27,0.0001763023781773699,0.0001553225447423756
soh_ir_temp,linear,none,11,600,20260817,4,29,7.734794760092477e-05,6.607174873352051e-05
soh_ir_temp,linear,none,11,600,20260817,4,43,0.0005788298844931588,0.0004964041872881353
soh_ir_temp,linear,none,11,600,20260817,4,44,0.00028191908196359953,0.00021186351659707725
soh_ir_temp,linear,none,11,600,20260817,4,48,0.00025020411213228297,0.00019994855392724276
soh_ir_temp,linear,none,11,600,20260817,5,18,0.0003348013324057221,0.0002715206064749509
soh_ir_temp,linear,none,11,600,20260817,5,21,0.00015390403474560324,0.00012621283531188965
soh_ir_temp,linear,none,11,600,20260817,5,28,7.338077699863287e-05,6.288290023803711e-05
soh_ir_temp,linear,none,11,600,20260817,5,31,7.399366611739758e-05,6.0685873904731125e-05
soh_ir_temp,linear,none,11,600,20260817,5,32,0.00015670464667561082,0.00013988971477374434
soh_ir_temp,linear,none,11,600,20260817,5,36,6.327409596609639e-05,5.1827431889250875e-05
soh_ir_temp,linear,none,11,600,20260817,5,39,6.246190321954715e-05,4.920482751913369e-05
soh_ir_temp,linear,none,11,600,20260817,5,46,0.00047401332673330785,0.0003999638429377228
soh_ir_temp,hidden_16_8,16-8,11,778,20260815,1,1,0.002256228569115267,0.0015774333151057363
soh_ir_temp,hidden_16_8,16-8,11,778,20260815,1,6,0.00044408345288771605,0.00035983562702313066
soh_ir_temp,hidden_16_8,16-8,11,778,20260815,1,12,0.0005681651556390285,0.0004476213362067938
soh_ir_temp,hidden_16_8,16-8,11,778,20260815,1,13,0.00024344115288990647,0.0002059829275822267
soh_ir_temp,hidden_16_8,16-8,11,778,20260815,1,20,0.00012474539466901172,0.00011504888243507594
soh_ir_temp,hidden_16_8,16-8,11,778,20260815,1,22,7.276424226699924e-05,5.851388050359674e-05
soh_ir_temp,hidden_16_8,16-8,11,778,20260815,1,47,0.0006960859379054435,0.0005851328605785966
soh_ir_temp,hidden_16_8,16-8,11,778,20260815,1,49,0.0001870412747424647,0.00015552282275166363
soh_ir_temp,hidden_16_8,16-8,11,778,20260815,2,3,0.002394151554188577,0.002059805439785123
soh_ir_temp,hidden_16_8,16-8,11,778,20260815,2,17,0.0003565837798421186,0.00030680058989673853
soh_ir_temp,hidden_16_8,16-8,11,778,20260815,2,30,0.000334339885041248,0.00031071066041477025
soh_ir_temp,hidden_16_8,16-8,11,778,20260815,2,38,0.00035342655416812193,0.00026522992993704975
soh_ir_temp,hidden_16_8,16-8,11,778,20260815,2,40,9.85859428163183e-05,5.967140168650076e-05
soh_ir_temp,hidden_16_8,16-8,11,778,20260815,2,41,0.0007373569356823262,0.0005850493907928467
soh_ir_temp,hidden_16_8,16-8,11,778,20260815,2,42,0.00013724976747536542,0.00010329484939575195
soh_ir_temp,hidden_16_8,16-8,11,778,20260815,2,45,5.248221761694751e-05,4.5858621888328344e-05
soh_ir_temp,hidden_16_8,16-8,11,778,20260815,3,7,0.0010743085088130535,0.0008503770804964006
soh_ir_temp,hidden_16_8,16-8,11,778,20260815,3,8,0.0019718133819717795,0.0016370308585464954
soh_ir_temp,hidden_16_8,16-8,11,778,20260815,3,23,0.00011573695351357657,9.516954742139205e-05
soh_ir_temp,hidden_16_8,16-8,11,778,20260815,3,26,0.000594601214179971,0.0004818653978873044
soh_ir_temp,hidden_16_8,16-8,11,778,20260815,3,33,0.0003389178175601408,0.00027602672344073653
soh_ir_temp,hidden_16_8,16-8,11,778,20260815,3,34,0.0001726317422329101,0.00011709093814715743
soh_ir_temp,hidden_16_8,16-8,11,778,20260815,3,35,0.0009444639275262739,0.0008745717932470143
soh_ir_temp,hidden_16_8,16-8,11,778,20260815,3,37,0.00027659581487426337,0.00023152708308771253
soh_ir_temp,hidden_16_8,16-8,11,778,20260815,4,4,0.0009391285738176952,0.00072432158049196
soh_ir_temp,hidden_16_8,16-8,11,778,20260815,4,15,0.00031326186056872805,0.00023504138516727835
soh_ir_temp,hidden_16_8,16-8,11,778,20260815,4,19,8.869721907644978e-05,7.904052472440526e-05
soh_ir_temp,hidden_16_8,16-8,11,778,20260815,4,27,9.246927315105013e-05,8.202672324841842e-05
soh_ir_temp,hidden_16_8,16-8,11,778,20260815,4,29,0.00018288595249232466,0.00016746640903875232
soh_ir_temp,hidden_16_8,16-8,11,778,20260815,4,43,0.0004572517635900543,0.0003979837929364294
soh_ir_temp,hidden_16_8,16-8,11,778,20260815,4,44,0.00015010825385546693,0.00013604163541458547
soh_ir_temp,hidden_16_8,16-8,11,778,20260815,4,48,0.00012296443995605234,9.843349107541144e-05
soh_ir_temp,hidden_16_8,16-8,11,778,20260815,5,18,0.00011171415951045146,9.84215730568394e-05
soh_ir_temp,hidden_16_8,16-8,11,778,20260815,5,21,7.628165086391573e-05,6.458521238528192e-05
soh_ir_temp,hidden_16_8,16-8,11,778,20260815,5,28,0.00010334825363089524,8.207440259866416e-05
soh_ir_temp,hidden_16_8,16-8,11,778,20260815,5,31,7.775107776929549e-05,6.20317441644147e-05
soh_ir_temp,hidden_16_8,16-8,11,778,20260815,5,32,7.771515728912328e-05,6.066799323889427e-05
soh_ir_temp,hidden_16_8,16-8,11,778,20260815,5,36,5.379814291265746e-05,4.45199002570007e-05
soh_ir_temp,hidden_16_8,16-8,11,778,20260815,5,39,8.46978279581419e-05,5.9692858485504985e-05
soh_ir_temp,hidden_16_8,16-8,11,778,20260815,5,46,0.0010801161069103889,0.0009379410766996443
soh_ir_temp,hidden_16_8,16-8,11,778,20260816,1,1,0.0027543770259515787,0.0020799601916223764
soh_ir_temp,hidden_16_8,16-8,11,778,20260816,1,6,4.927124323610165e-05,3.937602014048025e-05
soh_ir_temp,hidden_16_8,16-8,11,778,20260816,1,12,0.00045294182549615884,0.00035531044704839587
soh_ir_temp,hidden_16_8,16-8,11,778,20260816,1,13,0.000279079156588633,0.00023211837105918676
soh_ir_temp,hidden_16_8,16-8,11,778,20260816,1,20,0.00016766634013854593,0.0001611733459867537
soh_ir_temp,hidden_16_8,16-8,11,778,20260816,1,22,5.705035813833257e-05,4.2390824091853574e-05
soh_ir_temp,hidden_16_8,16-8,11,778,20260816,1,47,0.0007666526897519027,0.0006298601510934532
soh_ir_temp,hidden_16_8,16-8,11,778,20260816,1,49,0.0001818187005263461,0.0001387608062941581
soh_ir_temp,hidden_16_8,16-8,11,778,20260816,2,3,0.0024000180048978498,0.002090893918648362
soh_ir_temp,hidden_16_8,16-8,11,778,20260816,2,17,0.000371821437211244,0.0003157627652399242
soh_ir_temp,hidden_16_8,16-8,11,778,20260816,2,30,0.0006216423271267971,0.0004947733832523227
soh_ir_temp,hidden_16_8,16-8,11,778,20260816,2,38,0.0003039325759963322,0.00023173332738224417
soh_ir_temp,hidden_16_8,16-8,11,778,20260816,2,40,0.0001519735584759723,0.0001108062278944999
soh_ir_temp,hidden_16_8,16-8,11,778,20260816,2,41,0.00030640907279622006,0.00023439765209332108
soh_ir_temp,hidden_16_8,16-8,11,778,20260816,2,42,6.14654024152233e-05,5.4214000556385145e-05
soh_ir_temp,hidden_16_8,16-8,11,778,20260816,2,45,6.63713075554811e-05,5.075216176919639e-05
soh_ir_temp,hidden_16_8,16-8,11,778,20260816,3,7,0.0014064567210844453,0.0012020289432257414
soh_ir_temp,hidden_16_8,16-8,11,778,20260816,3,8,0.001055420318556728,0.0009301650570705533
soh_ir_temp,hidden_16_8,16-8,11,778,20260816,3,23,0.00018617064017783003,0.00014943837595637888
soh_ir_temp,hidden_16_8,16-8,11,778,20260816,3,26,0.0006092491382512384,0.0004972600727342069
soh_ir_temp,hidden_16_8,16-8,11,778,20260816,3,33,0.000289891048791319,0.00023426413827110082
soh_ir_temp,hidden_16_8,16-8,11,778,20260816,3,34,0.00010405547333049842,7.16078284312971e-05
soh_ir_temp,hidden_16_8,16-8,11,778,20260816,3,35,0.0012105145446246366,0.0011016225907951593
soh_ir_temp,hidden_16_8,16-8,11,778,20260816,3,37,0.0005798052106952096,0.00048648356460034847
soh_ir_temp,hidden_16_8,16-8,11,778,20260816,4,4,0.000652239855325718,0.0005168700008653104
soh_ir_temp,hidden_16_8,16-8,11,778,20260816,4,15,0.00035168972995170864,0.00026956916553899646
soh_ir_temp,hidden_16_8,16-8,11,778,20260816,4,19,0.00014132028738286358,0.0001243281294591725
soh_ir_temp,hidden_16_8,16-8,11,778,20260816,4,27,0.00010510080438579493,9.387135651195422e-05
soh_ir_temp,hidden_16_8,16-8,11,778,20260816,4,29,0.00013416708306799745,0.00012549280654639006
soh_ir_temp,hidden_16_8,16-8,11,778,20260816,4,43,0.000434851305899933,0.00037474872078746557
soh_ir_temp,hidden_16_8,16-8,11,778,20260816,4,44,0.00011777532798452364,9.505629714112729e-05
soh_ir_temp,hidden_16_8,16-8,11,778,20260816,4,48,0.0001492988500202372,0.00012208461703266948
soh_ir_temp,hidden_16_8,16-8,11,778,20260816,5,18,6.880149326574535e-05,5.714893268304877e-05
soh_ir_temp,hidden_16_8,16-8,11,778,20260816,5,21,0.000184474883050381,0.00015712380991317332
soh_ir_temp,hidden_16_8,16-8,11,778,20260816,5,28,0.00011040198225893408,9.046793275047094e-05
soh_ir_temp,hidden_16_8,16-8,11,778,20260816,5,31,8.619968983867817e-05,6.830692291259766e-05
soh_ir_temp,hidden_16_8,16-8,11,778,20260816,5,32,0.00016335130568227604,0.00014063477283343673
soh_ir_temp,hidden_16_8,16-8,11,778,20260816,5,36,6.242203317409034e-05,5.080819028080441e-05
soh_ir_temp,hidden_16_8,16-8,11,778,20260816,5,39,0.0001101452550073063,8.839130168780684e-05
soh_ir_temp,hidden_16_8,16-8,11,778,20260816,5,46,0.0007754648858356146,0.0006545448559336364
soh_ir_temp,hidden_16_8,16-8,11,778,20260817,1,1,0.002192447474289159,0.0015320718521252275
soh_ir_temp,hidden_16_8,16-8,11,778,20260817,1,6,0.0008101626097608187,0.000694515707436949
soh_ir_temp,hidden_16_8,16-8,11,778,20260817,1,12,0.000167828412071105,0.00015531539975199848
soh_ir_temp,hidden_16_8,16-8,11,778,20260817,1,13,0.00016084958075131294,0.0001360285241389647
soh_ir_temp,hidden_16_8,16-8,11,778,20260817,1,20,0.00023642131821775424,0.00021916269906796515
soh_ir_temp,hidden_16_8,16-8,11,778,20260817,1,22,6.10311725331992e-05,4.461407661437988e-05
soh_ir_temp,hidden_16_8,16-8,11,778,20260817,1,47,0.00021772528367815084,0.00020445584959816188
soh_ir_temp,hidden_16_8,16-8,11,778,20260817,1,49,0.0002136711043665519,0.0001814746792661026
soh_ir_temp,hidden_16_8,16-8,11,778,20260817,2,3,0.004640408711528698,0.00402947049587965
soh_ir_temp,hidden_16_8,16-8,11,778,20260817,2,17,0.00022589861558331944,0.00020397425396367908
soh_ir_temp,hidden_16_8,16-8,11,778,20260817,2,30,0.0007180500284474383,0.000593894743360579
soh_ir_temp,hidden_16_8,16-8,11,778,20260817,2,38,0.00021976439454604956,0.00015695094771217555
soh_ir_temp,hidden_16_8,16-8,11,778,20260817,2,40,4.999027556916801e-05,4.0503739000996575e-05
soh_ir_temp,hidden_16_8,16-8,11,778,20260817,2,41,0.00017283912303184314,0.0001150465031969361
soh_ir_temp,hidden_16_8,16-8,11,778,20260817,2,42,0.00024247221509442573,0.00019983768288511783
soh_ir_temp,hidden_16_8,16-8,11,778,20260817,2,45,4.704953336396616e-05,4.0862560126697645e-05
soh_ir_temp,hidden_16_8,16-8,11,778,20260817,3,7,0.0008929210914531511,0.0007017719908617437
soh_ir_temp,hidden_16_8,16-8,11,778,20260817,3,8,0.0008025369822990091,0.0006733703776262701
soh_ir_temp,hidden_16_8,16-8,11,778,20260817,3,23,0.00014834572305371283,0.00011242031905567273
soh_ir_temp,hidden_16_8,16-8,11,778,20260817,3,26,0.0006787714557608863,0.0005385077092796564
soh_ir_temp,hidden_16_8,16-8,11,778,20260817,3,33,8.121083909070992e-05,5.2856208640150726e-05
soh_ir_temp,hidden_16_8,16-8,11,778,20260817,3,34,0.00011638106819713241,7.657647074665874e-05
soh_ir_temp,hidden_16_8,16-8,11,778,20260817,3,35,0.0008529553205826462,0.0008036649087443948
soh_ir_temp,hidden_16_8,16-8,11,778,20260817,3,37,0.0004109073314049609,0.0003504157066345215
soh_ir_temp,hidden_16_8,16-8,11,778,20260817,4,4,0.0005105283929111495,0.000400689837988466
soh_ir_temp,hidden_16_8,16-8,11,778,20260817,4,15,0.0003605343806363074,0.0002721285854931921
soh_ir_temp,hidden_16_8,16-8,11,778,20260817,4,19,5.371125360966284e-05,4.1515828343108296e-05
soh_ir_temp,hidden_16_8,16-8,11,778,20260817,4,27,0.00014964614711230524,0.00013573766045738012
soh_ir_temp,hidden_16_8,16-8,11,778,20260817,4,29,0.0001643916579717888,0.00015461325529031456
soh_ir_temp,hidden_16_8,16-8,11,778,20260817,4,43,0.00034817558237261535,0.0003057706344407052
soh_ir_temp,hidden_16_8,16-8,11,778,20260817,4,44,4.644336731220674e-05,3.961086258641444e-05
soh_ir_temp,hidden_16_8,16-8,11,778,20260817,4,48,3.8980416632598595e-05,3.3057927794288844e-05
soh_ir_temp,hidden_16_8,16-8,11,778,20260817,5,18,0.00012466568294996393,0.00010524749814067036
soh_ir_temp,hidden_16_8,16-8,11,778,20260817,5,21,6.827660350299879e-05,5.8463811001274735e-05
soh_ir_temp,hidden_16_8,16-8,11,778,20260817,5,28,9.81016269442699e-05,7.944345270516351e-05
soh_ir_temp,hidden_16_8,16-8,11,778,20260817,5,31,0.00010898069143727623,8.4198713011574e-05
soh_ir_temp,hidden_16_8,16-8,11,778,20260817,5,32,9.557906804131969e-05,8.147954940795898e-05
soh_ir_temp,hidden_16_8,16-8,11,778,20260817,5,36,0.00021941865492149887,0.00019077300385106355
soh_ir_temp,hidden_16_8,16-8,11,778,20260817,5,39,0.00011883940159395028,8.504033030476421e-05
soh_ir_temp,hidden_16_8,16-8,11,778,20260817,5,46,0.00045805502103635464,0.0004204392316751182
soh_ir_temp,hidden_32_16,32-16,11,1762,20260815,1,1,0.001811880999856389,0.0013231455814093351
soh_ir_temp,hidden_32_16,32-16,11,1762,20260815,1,6,0.0006725813048518344,0.0005609023501165211
soh_ir_temp,hidden_32_16,32-16,11,1762,20260815,1,12,0.00024762346338388637,0.0002347290574107319
soh_ir_temp,hidden_32_16,32-16,11,1762,20260815,1,13,0.00021563917620354055,0.00015949606313370168
soh_ir_temp,hidden_32_16,32-16,11,1762,20260815,1,20,9.19648580529022e-05,7.995247869985178e-05
soh_ir_temp,hidden_32_16,32-16,11,1762,20260815,1,22,9.204791627699484e-05,7.421970076393336e-05
soh_ir_temp,hidden_32_16,32-16,11,1762,20260815,1,47,0.00016559247908911384,0.00013736606342718005
soh_ir_temp,hidden_32_16,32-16,11,1762,20260815,1,49,0.0002558530609344959,0.00021088123321533203
soh_ir_temp,hidden_32_16,32-16,11,1762,20260815,2,3,0.0026621214268580645,0.002319229766726494
soh_ir_temp,hidden_32_16,32-16,11,1762,20260815,2,17,0.00023028960890702615,0.0002097439719364047
soh_ir_temp,hidden_32_16,32-16,11,1762,20260815,2,30,0.0006566816813341269,0.0005712759448215365
soh_ir_temp,hidden_32_16,32-16,11,1762,20260815,2,38,0.00030553218818611113,0.00022760391584597528
soh_ir_temp,hidden_32_16,32-16,11,1762,20260815,2,40,0.00013974777699604605,9.684443648438901e-05
soh_ir_temp,hidden_32_16,32-16,11,1762,20260815,2,41,0.0003709635265395992,0.0002889001334551722
soh_ir_temp,hidden_32_16,32-16,11,1762,20260815,2,42,0.0002535195404185535,0.00018460274441167712
soh_ir_temp,hidden_32_16,32-16,11,1762,20260815,2,45,4.317760529240345e-05,3.59392179234419e-05
soh_ir_temp,hidden_32_16,32-16,11,1762,20260815,3,7,0.0011753645671841615,0.000977666350081563
soh_ir_temp,hidden_32_16,32-16,11,1762,20260815,3,8,0.0012531867478035117,0.0009399032569490373
soh_ir_temp,hidden_32_16,32-16,11,1762,20260815,3,23,0.0003594299451298839,0.00028576015029102564
soh_ir_temp,hidden_32_16,32-16,11,1762,20260815,3,26,0.0001907539730631738,0.00013518930063582957
soh_ir_temp,hidden_32_16,32-16,11,1762,20260815,3,33,0.00010876411349693618,7.210731564555317e-05
soh_ir_temp,hidden_32_16,32-16,11,1762,20260815,3,34,9.43971802085499e-05,5.7700872275745496e-05
soh_ir_temp,hidden_32_16,32-16,11,1762,20260815,3,35,0.0007146802812557816,0.0006595075246877968
soh_ir_temp,hidden_32_16,32-16,11,1762,20260815,3,37,0.0003663929270381279,0.0003082012990489602
soh_ir_temp,hidden_32_16,32-16,11,1762,20260815,4,4,0.0006350868831266442,0.0004925322718918324
soh_ir_temp,hidden_32_16,32-16,11,1762,20260815,4,15,0.000324166796693704,0.00024171947734430432
soh_ir_temp,hidden_32_16,32-16,11,1762,20260815,4,19,0.00014116852705193557,0.00011936903320020065
soh_ir_temp,hidden_32_16,32-16,11,1762,20260815,4,27,0.00010279914434052207,9.522795880911872e-05
soh_ir_temp,hidden_32_16,32-16,11,1762,20260815,4,29,9.533147115276663e-05,7.930874562589452e-05
soh_ir_temp,hidden_32_16,32-16,11,1762,20260815,4,43,0.0004691823522637547,0.00040649413131177425
soh_ir_temp,hidden_32_16,32-16,11,1762,20260815,4,44,0.0002946263318979452,0.00025639295927248895
soh_ir_temp,hidden_32_16,32-16,11,1762,20260815,4,48,5.657329809019725e-05,5.0417183956597e-05
soh_ir_temp,hidden_32_16,32-16,11,1762,20260815,5,18,0.000249239999050582,0.0002106893080053851
soh_ir_temp,hidden_32_16,32-16,11,1762,20260815,5,21,6.766682763162068e-05,5.449771924759261e-05
soh_ir_temp,hidden_32_16,32-16,11,1762,20260815,5,28,8.507001799566572e-05,6.833195948274806e-05
soh_ir_temp,hidden_32_16,32-16,11,1762,20260815,5,31,0.00018068190264479734,0.0001410281693097204
soh_ir_temp,hidden_32_16,32-16,11,1762,20260815,5,32,5.883413040479605e-05,4.0962695493362844e-05
soh_ir_temp,hidden_32_16,32-16,11,1762,20260815,5,36,9.394026246726758e-05,7.921576616354287e-05
soh_ir_temp,hidden_32_16,32-16,11,1762,20260815,5,39,0.00015361609893368034,0.0001217496392200701
soh_ir_temp,hidden_32_16,32-16,11,1762,20260815,5,46,0.0005606498688202073,0.0005043399287387729
soh_ir_temp,hidden_32_16,32-16,11,1762,20260816,1,1,0.0019190870518122597,0.0013718354748561978
soh_ir_temp,hidden_32_16,32-16,11,1762,20260816,1,6,0.00020656698896469056,0.00016728640184737742
soh_ir_temp,hidden_32_16,32-16,11,1762,20260816,1,12,0.00020495208565567109,0.00019120097567792982
soh_ir_temp,hidden_32_16,32-16,11,1762,20260816,1,13,0.00037437511788238704,0.0002849566808436066
soh_ir_temp,hidden_32_16,32-16,11,1762,20260816,1,20,8.49024098296497e-05,7.690310303587466e-05
soh_ir_temp,hidden_32_16,32-16,11,1762,20260816,1,22,5.009844632693608e-05,4.129529042984359e-05
soh_ir_temp,hidden_32_16,32-16,11,1762,20260816,1,47,0.00022146881190620855,0.0001857888710219413
soh_ir_temp,hidden_32_16,32-16,11,1762,20260816,1,49,0.00028916209148456036,0.00023988723114598542
soh_ir_temp,hidden_32_16,32-16,11,1762,20260816,2,3,0.0023173843387413566,0.001993799116462469
soh_ir_temp,hidden_32_16,32-16,11,1762,20260816,2,17,0.00016150333037282975,0.00014996767276898026
soh_ir_temp,hidden_32_16,32-16,11,1762,20260816,2,30,0.00061875432169724,0.0005431151366792619
soh_ir_temp,hidden_32_16,32-16,11,1762,20260816,2,38,0.00019304681092100485,0.0001412892306689173
soh_ir_temp,hidden_32_16,32-16,11,1762,20260816,2,40,4.0004016297187184e-05,3.13484670186881e-05
soh_ir_temp,hidden_32_16,32-16,11,1762,20260816,2,41,0.00019022259055072018,0.00012760281970258802
soh_ir_temp,hidden_32_16,32-16,11,1762,20260816,2,42,0.00027401512226906386,0.00022203802654985338
soh_ir_temp,hidden_32_16,32-16,11,1762,20260816,2,45,6.089331216339696e-05,5.296349627315067e-05
soh_ir_temp,hidden_32_16,32-16,11,1762,20260816,3,7,0.0013807732842244917,0.0011256671277806163
soh_ir_temp,hidden_32_16,32-16,11,1762,20260816,3,8,0.0010800478999866475,0.0009103656047955155
soh_ir_temp,hidden_32_16,32-16,11,1762,20260816,3,23,6.443869283590836e-05,4.912018630420789e-05
soh_ir_temp,hidden_32_16,32-16,11,1762,20260816,3,26,0.0012597761577089188,0.0009804893052205443
soh_ir_temp,hidden_32_16,32-16,11,1762,20260816,3,33,0.0002107864391767627,0.00015752077160868794
soh_ir_temp,hidden_32_16,32-16,11,1762,20260816,3,34,0.00012181568309097414,6.752252375008538e-05
soh_ir_temp,hidden_32_16,32-16,11,1762,20260816,3,35,0.000992646756445781,0.0009027314372360706
soh_ir_temp,hidden_32_16,32-16,11,1762,20260816,3,37,0.00042421925042976795,0.00033946038456633687
soh_ir_temp,hidden_32_16,32-16,11,1762,20260816,4,4,0.000814030931440044,0.0006236100452952087
soh_ir_temp,hidden_32_16,32-16,11,1762,20260816,4,15,0.0003507815939790536,0.0002581322332844138
soh_ir_temp,hidden_32_16,32-16,11,1762,20260816,4,19,0.00019324334178794488,0.0001662051654420793
soh_ir_temp,hidden_32_16,32-16,11,1762,20260816,4,27,9.770309484011379e-05,8.482217526761815e-05
soh_ir_temp,hidden_32_16,32-16,11,1762,20260816,4,29,9.2737098647019e-05,7.944941171444952e-05
soh_ir_temp,hidden_32_16,32-16,11,1762,20260816,4,43,0.0005110917804133775,0.00044177414383739233
soh_ir_temp,hidden_32_16,32-16,11,1762,20260816,4,44,8.918710338028803e-05,6.809711339883506e-05
soh_ir_temp,hidden_32_16,32-16,11,1762,20260816,4,48,0.00010953290081848473,7.917285256553441e-05
soh_ir_temp,hidden_32_16,32-16,11,1762,20260816,5,18,9.913166345796287e-05,7.684349839109927e-05
soh_ir_temp,hidden_32_16,32-16,11,1762,20260816,5,21,0.00015139359187223776,0.00012968182272743434
soh_ir_temp,hidden_32_16,32-16,11,1762,20260816,5,28,0.00010346593778529674,8.644461922813207e-05
soh_ir_temp,hidden_32_16,32-16,11,1762,20260816,5,31,0.00021444959318417357,0.00016558050992898643
soh_ir_temp,hidden_32_16,32-16,11,1762,20260816,5,32,7.46535594485823e-05,5.861759200342931e-05
soh_ir_temp,hidden_32_16,32-16,11,1762,20260816,5,36,0.00010363060306789342,7.991194433998317e-05
soh_ir_temp,hidden_32_16,32-16,11,1762,20260816,5,39,0.00012592514901364098,9.717702778289095e-05
soh_ir_temp,hidden_32_16,32-16,11,1762,20260816,5,46,0.0008360312613343017,0.0007336592534556985
soh_ir_temp,hidden_32_16,32-16,11,1762,20260817,1,1,0.002193791632521456,0.001579750794917345
soh_ir_temp,hidden_32_16,32-16,11,1762,20260817,1,6,0.0002030257571565943,0.0001771032839315012
soh_ir_temp,hidden_32_16,32-16,11,1762,20260817,1,12,9.712375225146492e-05,7.456302409991622e-05
soh_ir_temp,hidden_32_16,32-16,11,1762,20260817,1,13,0.0003280725307337405,0.0002560961293056607
soh_ir_temp,hidden_32_16,32-16,11,1762,20260817,1,20,0.00012395264901661498,0.00011448979057604447
soh_ir_temp,hidden_32_16,32-16,11,1762,20260817,1,22,4.361018753110448e-05,3.438472776906565e-05
soh_ir_temp,hidden_32_16,32-16,11,1762,20260817,1,47,0.00013529232906654018,0.00012231826258357614
soh_ir_temp,hidden_32_16,32-16,11,1762,20260817,1,49,0.0001853335959523565,0.00015042304585222155
soh_ir_temp,hidden_32_16,32-16,11,1762,20260817,2,3,0.003403067837271927,0.0029083467088639736
soh_ir_temp,hidden_32_16,32-16,11,1762,20260817,2,17,0.00011429126135036092,0.00010370969539508224
soh_ir_temp,hidden_32_16,32-16,11,1762,20260817,2,30,0.0007555108589155779,0.0006417763070203364
soh_ir_temp,hidden_32_16,32-16,11,1762,20260817,2,38,0.00024169972291013155,0.00017503737763036042
soh_ir_temp,hidden_32_16,32-16,11,1762,20260817,2,40,6.20264195277014e-05,3.821253631031141e-05
soh_ir_temp,hidden_32_16,32-16,11,1762,20260817,2,41,0.00043765308599602137,0.00031719208345748484
soh_ir_temp,hidden_32_16,32-16,11,1762,20260817,2,42,0.00018839778944714178,0.00015019893180578947
soh_ir_temp,hidden_32_16,32-16,11,1762,20260817,2,45,7.885148784780483e-05,6.596445746254176e-05
soh_ir_temp,hidden_32_16,32-16,11,1762,20260817,3,7,0.001269358562094711,0.0010583949042484164
soh_ir_temp,hidden_32_16,32-16,11,1762,20260817,3,8,0.0013388149851333078,0.001097512198612094
soh_ir_temp,hidden_32_16,32-16,11,1762,20260817,3,23,7.951744947140988e-05,6.57808777759783e-05
soh_ir_temp,hidden_32_16,32-16,11,1762,20260817,3,26,0.0004264526018235433,0.0003339362156111747
soh_ir_temp,hidden_32_16,32-16,11,1762,20260817,3,33,0.0002714087535178667,0.00021237015607766807
soh_ir_temp,hidden_32_16,32-16,11,1762,20260817,3,34,0.00020665153838347278,0.00014881610695738345
soh_ir_temp,hidden_32_16,32-16,11,1762,20260817,3,35,0.0008870424994674201,0.0008290791301988065
soh_ir_temp,hidden_32_16,32-16,11,1762,20260817,3,37,0.0003759883292137494,0.0003194034215994179
soh_ir_temp,hidden_32_16,32-16,11,1762,20260817,4,4,0.0002950368504896582,0.000249567034188658
soh_ir_temp,hidden_32_16,32-16,11,1762,20260817,4,15,0.00031864736751671365,0.00023818374029360712
soh_ir_temp,hidden_32_16,32-16,11,1762,20260817,4,19,5.591188715597355e-05,4.6902896428946406e-05
soh_ir_temp,hidden_32_16,32-16,11,1762,20260817,4,27,8.045840280092957e-05,7.473468576790765e-05
soh_ir_temp,hidden_32_16,32-16,11,1762,20260817,4,29,0.00015147800166232173,0.0001430463744327426
soh_ir_temp,hidden_32_16,32-16,11,1762,20260817,4,43,0.0005644067518238497,0.00048756360774859786
soh_ir_temp,hidden_32_16,32-16,11,1762,20260817,4,44,0.00011221562601040775,8.534669905202463e-05
soh_ir_temp,hidden_32_16,32-16,11,1762,20260817,4,48,8.171475618569885e-05,6.909370131324977e-05
soh_ir_temp,hidden_32_16,32-16,11,1762,20260817,5,18,0.00011179258310030847,9.299516386818141e-05
soh_ir_temp,hidden_32_16,32-16,11,1762,20260817,5,21,6.160356666477428e-05,5.333423541742377e-05
soh_ir_temp,hidden_32_16,32-16,11,1762,20260817,5,28,0.00011360468605384723,9.115457214647904e-05
soh_ir_temp,hidden_32_16,32-16,11,1762,20260817,5,31,4.626429247616486e-05,3.229618232580833e-05
soh_ir_temp,hidden_32_16,32-16,11,1762,20260817,5,32,0.00011470484923778423,8.75175028340891e-05
soh_ir_temp,hidden_32_16,32-16,11,1762,20260817,5,36,0.00015186669886956526,0.00012701391824521124
soh_ir_temp,hidden_32_16,32-16,11,1762,20260817,5,39,0.0001481895420494038,0.00011119246482849121
soh_ir_temp,hidden_32_16,32-16,11,1762,20260817,5,46,0.00040363577148486043,0.0003547584929037839
soh_process,linear,none,35,1800,20260815,1,1,0.0053021508082028036,0.004020321182906628
soh_process,linear,none,35,1800,20260815,1,6,0.0003512147843621282,0.00028671740437857807
soh_process,linear,none,35,1800,20260815,1,12,0.0005486961833253018,0.00048224450438283384
soh_process,linear,none,35,1800,20260815,1,13,0.00032675771846777524,0.00026152731152251363
soh_process,linear,none,35,1800,20260815,1,20,0.0002234217200456414,0.00020722627232316881
soh_process,linear,none,35,1800,20260815,1,22,9.281641332157457e-05,7.816433935659006e-05
soh_process,linear,none,35,1800,20260815,1,47,0.00036849141743927486,0.0002752756990958005
soh_process,linear,none,35,1800,20260815,1,49,0.0001371313635963928,0.0001098656648537144
soh_process,linear,none,35,1800,20260815,2,3,0.0021951337247095417,0.0016954743769019842
soh_process,linear,none,35,1800,20260815,2,17,0.00025739005505306354,0.00022718787658959627
soh_process,linear,none,35,1800,20260815,2,30,0.0003348789458621842,0.0002998542913701385
soh_process,linear,none,35,1800,20260815,2,38,0.00016320744938614048,0.00011947512393817306
soh_process,linear,none,35,1800,20260815,2,40,9.361867717468179e-05,7.918953633634374e-05
soh_process,linear,none,35,1800,20260815,2,41,0.007814901046297153,0.006376342847943306
soh_process,linear,none,35,1800,20260815,2,42,0.00015231346831183606,0.0001257205003639683
soh_process,linear,none,35,1800,20260815,2,45,0.0004892466592031975,0.0004273998783901334
soh_process,linear,none,35,1800,20260815,3,7,0.0002625471006029588,0.00019917250028811395
soh_process,linear,none,35,1800,20260815,3,8,0.0010965889348174816,0.0009575486183166504
soh_process,linear,none,35,1800,20260815,3,23,0.00012640538314732111,9.916663111653179e-05
soh_process,linear,none,35,1800,20260815,3,26,0.0003502526962981317,0.00027533172396942973
soh_process,linear,none,35,1800,20260815,3,33,0.00014970647803466585,0.00013157486682757735
soh_process,linear,none,35,1800,20260815,3,34,7.844302445270864e-05,6.456613482441753e-05
soh_process,linear,none,35,1800,20260815,3,35,0.000333558179381927,0.00029368995456025004
soh_process,linear,none,35,1800,20260815,3,37,0.00013717578754913117,0.0001222097926074639
soh_process,linear,none,35,1800,20260815,4,4,0.00048782503805996566,0.00034784674062393606
soh_process,linear,none,35,1800,20260815,4,15,0.00040667479932153614,0.00031424404005520046
soh_process,linear,none,35,1800,20260815,4,19,0.0001150328954782484,9.51766996877268e-05
soh_process,linear,none,35,1800,20260815,4,27,9.67038751178401e-05,8.104920561891049e-05
soh_process,linear,none,35,1800,20260815,4,29,0.00016144599399744015,0.00014739394828211516
soh_process,linear,none,35,1800,20260815,4,43,0.00020106723814096797,0.0001759922452038154
soh_process,linear,none,35,1800,20260815,4,44,9.09380888687122e-05,6.781578122172505e-05
soh_process,linear,none,35,1800,20260815,4,48,0.00014479242334921818,0.00011539578554220498
soh_process,linear,none,35,1800,20260815,5,18,4.1156879084485704e-05,3.449559153523296e-05
soh_process,linear,none,35,1800,20260815,5,21,0.00013325667811888605,0.00011706352233886719
soh_process,linear,none,35,1800,20260815,5,28,9.052230617298441e-05,7.094144530128688e-05
soh_process,linear,none,35,1800,20260815,5,31,0.0001824768529132677,0.0001368939847452566
soh_process,linear,none,35,1800,20260815,5,32,0.00011189525527838963,9.854912786977366e-05
soh_process,linear,none,35,1800,20260815,5,36,0.0001241405427506086,0.00010066032700706273
soh_process,linear,none,35,1800,20260815,5,39,6.555288238743623e-05,4.384636849863455e-05
soh_process,linear,none,35,1800,20260815,5,46,0.0003111115122424289,0.00027350307209417224
soh_process,linear,none,35,1800,20260816,1,1,0.004421512859929015,0.003292522393167019
soh_process,linear,none,35,1800,20260816,1,6,0.0002785788978966437,0.00024044752353802323
soh_process,linear,none,35,1800,20260816,1,12,0.0005220284360644701,0.00046869873767718673
soh_process,linear,none,35,1800,20260816,1,13,0.0003281492997128083,0.000263564579654485
soh_process,linear,none,35,1800,20260816,1,20,0.0002180784487626511,0.00020439385843928903
soh_process,linear,none,35,1800,20260816,1,22,9.506098117966859e-05,7.94076913734898e-05
soh_process,linear,none,35,1800,20260816,1,47,0.00030308994102835977,0.000255315302638337
soh_process,linear,none,35,1800,20260816,1,49,0.00013467241141874078,0.00010907769319601357
soh_process,linear,none,35,1800,20260816,2,3,0.002090348811874186,0.0016601192764937878
soh_process,linear,none,35,1800,20260816,2,17,0.0002537150944266949,0.00022515057935379446
soh_process,linear,none,35,1800,20260816,2,30,0.0002768180753833557,0.00025292037753388286
soh_process,linear,none,35,1800,20260816,2,38,0.0001548812616167574,0.00011354326852597296
soh_process,linear,none,35,1800,20260816,2,40,9.328494430346284e-05,7.749914948362857e-05
soh_process,linear,none,35,1800,20260816,2,41,0.007048966281580854,0.005815716926008463
soh_process,linear,none,35,1800,20260816,2,42,0.0001487698441424171,0.00012316227366682142
soh_process,linear,none,35,1800,20260816,2,45,0.0004816161817845673,0.000424438709160313
soh_process,linear,none,35,1800,20260816,3,7,0.00015116584601628942,0.00012324094132054597
soh_process,linear,none,35,1800,20260816,3,8,0.0009621279180913615,0.0008361947257071733
soh_process,linear,none,35,1800,20260816,3,23,0.00013958560285078913,0.00010355472477385774
soh_process,linear,none,35,1800,20260816,3,26,0.0003347363312191874,0.0002561509609222412
soh_process,linear,none,35,1800,20260816,3,33,0.00014048367162605152,0.00012415170203894377
soh_process,linear,none,35,1800,20260816,3,34,8.401610333746202e-05,7.021546480245888e-05
soh_process,linear,none,35,1800,20260816,3,35,0.00032565175362794563,0.0002823483955580741
soh_process,linear,none,35,1800,20260816,3,37,0.00013092866764437687,0.00011644601909210905
soh_process,linear,none,35,1800,20260816,4,4,0.0003594130228086277,0.0002749490668065846
soh_process,linear,none,35,1800,20260816,4,15,0.00034882112929480433,0.0002797079214360565
soh_process,linear,none,35,1800,20260816,4,19,9.890084224905744e-05,8.440256351605058e-05
soh_process,linear,none,35,1800,20260816,4,27,9.986967673278384e-05,8.377432823181152e-05
soh_process,linear,none,35,1800,20260816,4,29,0.00015995571924643895,0.00014798522170167416
soh_process,linear,none,35,1800,20260816,4,43,0.0001942235436186285,0.00016891479026526213
soh_process,linear,none,35,1800,20260816,4,44,9.756423290510331e-05,7.675647793803364e-05
soh_process,linear,none,35,1800,20260816,4,48,0.00013181550010080888,0.00010668396862456575
soh_process,linear,none,35,1800,20260816,5,18,3.937369268954784e-05,3.321528492961079e-05
soh_process,linear,none,35,1800,20260816,5,21,0.00013428825274542082,0.0001193773714476265
soh_process,linear,none,35,1800,20260816,5,28,8.487150452812428e-05,6.591797136934474e-05
soh_process,linear,none,35,1800,20260816,5,31,0.00016722995832661166,0.00012654662714339793
soh_process,linear,none,35,1800,20260816,5,32,0.00011651607373637936,0.00010238647519145161
soh_process,linear,none,35,1800,20260816,5,36,0.00012341321981527777,9.905457409331575e-05
soh_process,linear,none,35,1800,20260816,5,39,6.189598339445214e-05,4.205822915537283e-05
soh_process,linear,none,35,1800,20260816,5,46,0.0003055860906177228,0.00027378558297641575
soh_process,linear,none,35,1800,20260817,1,1,0.005043127351876057,0.003916534129530191
soh_process,linear,none,35,1800,20260817,1,6,0.000361232866587029,0.00030412315391004086
soh_process,linear,none,35,1800,20260817,1,12,0.0005325523945619676,0.00046854495303705335
soh_process,linear,none,35,1800,20260817,1,13,0.00031987671032326687,0.0002568566706031561
soh_process,linear,none,35,1800,20260817,1,20,0.0002181283504990451,0.0001987946016015485
soh_process,linear,none,35,1800,20260817,1,22,8.211487650033316e-05,7.076382462400943e-05
soh_process,linear,none,35,1800,20260817,1,47,0.00030844321554432706,0.0002323770459042862
soh_process,linear,none,35,1800,20260817,1,49,0.0001418993758851678,0.00011287569941487163
soh_process,linear,none,35,1800,20260817,2,3,0.00026872723524550696,0.00023504614364355803
soh_process,linear,none,35,1800,20260817,2,17,0.00024276348396817734,0.00021549701341427863
soh_process,linear,none,35,1800,20260817,2,30,0.00028215385825873393,0.0002583062741905451
soh_process,linear,none,35,1800,20260817,2,38,0.0001566021384211329,0.00011414647451601923
soh_process,linear,none,35,1800,20260817,2,40,9.415652179144558e-05,8.039712702156976e-05
soh_process,linear,none,35,1800,20260817,2,41,0.007075451601249086,0.005796673242002726
soh_process,linear,none,35,1800,20260817,2,42,0.0001530828425310906,0.0001279079879168421
soh_process,linear,none,35,1800,20260817,2,45,0.0005043981847926888,0.000445618643425405
soh_process,linear,none,35,1800,20260817,3,7,0.00016784178488100566,0.00013462424976751208
soh_process,linear,none,35,1800,20260817,3,8,0.0010777394293013476,0.0009052419918589294
soh_process,linear,none,35,1800,20260817,3,23,0.0001478877241884841,0.00011036395881092176
soh_process,linear,none,35,1800,20260817,3,26,0.00026167340578090196,0.00020031929307151586
soh_process,linear,none,35,1800,20260817,3,33,0.00013532635058164985,0.00012210608110763133
soh_process,linear,none,35,1800,20260817,3,34,9.334792438456507e-05,7.831096445443109e-05
soh_process,linear,none,35,1800,20260817,3,35,0.00032652719189283687,0.0002827286662068218
soh_process,linear,none,35,1800,20260817,3,37,0.00013168703736850766,0.00011723399074980989
soh_process,linear,none,35,1800,20260817,4,4,0.0003022578511919819,0.00023386359680444002
soh_process,linear,none,35,1800,20260817,4,15,0.0003451776563471588,0.0002832186291925609
soh_process,linear,none,35,1800,20260817,4,19,9.646841890449937e-05,8.304953371407464e-05
soh_process,linear,none,35,1800,20260817,4,27,0.00010813492084452751,9.515881538391113e-05
soh_process,linear,none,35,1800,20260817,4,29,0.00017921054089957658,0.0001638770045246929
soh_process,linear,none,35,1800,20260817,4,43,0.00022936296372256718,0.0001958310604095459
soh_process,linear,none,35,1800,20260817,4,44,9.499278837543954e-05,7.180571265053004e-05
soh_process,linear,none,35,1800,20260817,4,48,0.00011498444706775628,9.688735008239746e-05
soh_process,linear,none,35,1800,20260817,5,18,3.640937815645781e-05,3.054022818105295e-05
soh_process,linear,none,35,1800,20260817,5,21,0.00012823679944326823,0.00011482715490274131
soh_process,linear,none,35,1800,20260817,5,28,7.332285309432936e-05,5.8015586546389386e-05
soh_process,linear,none,35,1800,20260817,5,31,0.00016201126863171522,0.00012219905329402536
soh_process,linear,none,35,1800,20260817,5,32,0.00011525714419568387,0.00010206937440671027
soh_process,linear,none,35,1800,20260817,5,36,0.00014183581812069384,0.00011093735520262271
soh_process,linear,none,35,1800,20260817,5,39,5.7411996682325406e-05,3.916859714081511e-05
soh_process,linear,none,35,1800,20260817,5,46,0.00032758256186852993,0.0003023254976142198
soh_process,hidden_16_8,16-8,35,1162,20260815,1,1,0.0015720822132859478,0.0012445771135389805
soh_process,hidden_16_8,16-8,35,1162,20260815,1,6,0.001479546867234958,0.0012790740001946688
soh_process,hidden_16_8,16-8,35,1162,20260815,1,12,0.000891821163738296,0.0007729399367235601
soh_process,hidden_16_8,16-8,35,1162,20260815,1,13,0.0006213726785563612,0.0005040979594923556
soh_process,hidden_16_8,16-8,35,1162,20260815,1,20,0.00044634380972742344,0.00039820076199248433
soh_process,hidden_16_8,16-8,35,1162,20260815,1,22,3.657162699975333e-05,2.9147862733225338e-05
soh_process,hidden_16_8,16-8,35,1162,20260815,1,47,0.0003538171276028148,0.00028379319701343775
soh_process,hidden_16_8,16-8,35,1162,20260815,1,49,0.00015735223206864477,0.00012167930253781378
soh_process,hidden_16_8,16-8,35,1162,20260815,2,3,0.0006037450004273323,0.0005322611541487277
soh_process,hidden_16_8,16-8,35,1162,20260815,2,17,0.00019947484945947866,0.00017734528228174895
soh_process,hidden_16_8,16-8,35,1162,20260815,2,30,0.0006247839952622127,0.0005540871643461287
soh_process,hidden_16_8,16-8,35,1162,20260815,2,38,9.959091171940468e-05,7.650494808331132e-05
soh_process,hidden_16_8,16-8,35,1162,20260815,2,40,0.000149983236460243,0.00014372348960023373
soh_process,hidden_16_8,16-8,35,1162,20260815,2,41,0.0006807261703412728,0.000527238822542131
soh_process,hidden_16_8,16-8,35,1162,20260815,2,42,0.0001556024203000969,0.00012063264875905588
soh_process,hidden_16_8,16-8,35,1162,20260815,2,45,0.00036656236255639107,0.0003299856325611472
soh_process,hidden_16_8,16-8,35,1162,20260815,3,7,0.0011978088670321445,0.0010269117774441838
soh_process,hidden_16_8,16-8,35,1162,20260815,3,8,0.00264522275050809,0.0023128045722842216
soh_process,hidden_16_8,16-8,35,1162,20260815,3,23,0.000138718340667933,0.00012726544809993356
soh_process,hidden_16_8,16-8,35,1162,20260815,3,26,0.0003309991202814716,0.0002561676374170929
soh_process,hidden_16_8,16-8,35,1162,20260815,3,33,0.00021003754990123484,0.00018165112123824656
soh_process,hidden_16_8,16-8,35,1162,20260815,3,34,0.00015729941303894052,0.00014005422417540103
soh_process,hidden_16_8,16-8,35,1162,20260815,3,35,0.0011756245828998476,0.0010342597961425781
soh_process,hidden_16_8,16-8,35,1162,20260815,3,37,0.00023415663269033647,0.00020042061805725098
soh_process,hidden_16_8,16-8,35,1162,20260815,4,4,0.0009214135037625388,0.0006969356327317655
soh_process,hidden_16_8,16-8,35,1162,20260815,4,15,0.0003984279780670452,0.00031122207292355597
soh_process,hidden_16_8,16-8,35,1162,20260815,4,19,5.778359637619668e-05,4.4932367018191144e-05
soh_process,hidden_16_8,16-8,35,1162,20260815,4,27,6.191824986367948e-05,4.617214290192351e-05
soh_process,hidden_16_8,16-8,35,1162,20260815,4,29,0.00012390351284667119,0.00011504888243507594
soh_process,hidden_16_8,16-8,35,1162,20260815,4,43,0.00010231510123474311,9.02414321899414e-05
soh_process,hidden_16_8,16-8,35,1162,20260815,4,44,0.00012777430753607228,9.682297968538478e-05
soh_process,hidden_16_8,16-8,35,1162,20260815,4,48,8.674814623312605e-05,6.620406929869205e-05
soh_process,hidden_16_8,16-8,35,1162,20260815,5,18,5.190948203794271e-05,4.298210114939138e-05
soh_process,hidden_16_8,16-8,35,1162,20260815,5,21,5.401396538901226e-05,4.4142008846392855e-05
soh_process,hidden_16_8,16-8,35,1162,20260815,5,28,2.9741091150097492e-05,2.4542809114791453e-05
soh_process,hidden_16_8,16-8,35,1162,20260815,5,31,0.0003357412026629389,0.00028823732282035053
soh_process,hidden_16_8,16-8,35,1162,20260815,5,32,8.128569363224363e-05,7.186293805716559e-05
soh_process,hidden_16_8,16-8,35,1162,20260815,5,36,0.0002134723439756064,0.00016395091370213777
soh_process,hidden_16_8,16-8,35,1162,20260815,5,39,5.3482941280063144e-05,4.097581040696241e-05
soh_process,hidden_16_8,16-8,35,1162,20260815,5,46,0.0004849030510498713,0.0004159951349720359
soh_process,hidden_16_8,16-8,35,1162,20260816,1,1,0.0021979770402784774,0.00162739516235888
soh_process,hidden_16_8,16-8,35,1162,20260816,1,6,0.001869305418015255,0.0015465175965800881
soh_process,hidden_16_8,16-8,35,1162,20260816,1,12,0.000181012799994242,0.00015790581528563052
soh_process,hidden_16_8,16-8,35,1162,20260816,1,13,0.0006528096617551325,0.0005212974501773715
soh_process,hidden_16_8,16-8,35,1162,20260816,1,20,0.0005104980512256259,0.0004595518112182617
soh_process,hidden_16_8,16-8,35,1162,20260816,1,22,0.00010497275276348464,8.405089465668425e-05
soh_process,hidden_16_8,16-8,35,1162,20260816,1,47,0.0002717327184738815,0.0001794064010027796
soh_process,hidden_16_8,16-8,35,1162,20260816,1,49,0.00014127578355667398,0.00011274933785898611
soh_process,hidden_16_8,16-8,35,1162,20260816,2,3,0.0006037450004273323,0.0005322611541487277
soh_process,hidden_16_8,16-8,35,1162,20260816,2,17,0.0003786488070075698,0.0003362798597663641
soh_process,hidden_16_8,16-8,35,1162,20260816,2,30,0.0006434839493052115,0.0005602514720521867
soh_process,hidden_16_8,16-8,35,1162,20260816,2,38,0.00013922039990311695,8.794307359494269e-05
soh_process,hidden_16_8,16-8,35,1162,20260816,2,40,0.00016288013187027264,0.00014456629287451506
soh_process,hidden_16_8,16-8,35,1162,20260816,2,41,0.0016147467815103124,0.0013763285242021084
soh_process,hidden_16_8,16-8,35,1162,20260816,2,42,0.00021863739311052735,0.00018418312538415194
soh_process,hidden_16_8,16-8,35,1162,20260816,2,45,0.0005322113384477011,0.00046434043906629086
soh_process,hidden_16_8,16-8,35,1162,20260816,3,7,0.0001536376230879512,0.00012788534513674676
soh_process,hidden_16_8,16-8,35,1162,20260816,3,8,0.0005167269081833087,0.00045170425437390804
soh_process,hidden_16_8,16-8,35,1162,20260816,3,23,6.113098541829651e-05,5.255937503534369e-05
soh_process,hidden_16_8,16-8,35,1162,20260816,3,26,0.0002941657520975342,0.00023358940961770713
soh_process,hidden_16_8,16-8,35,1162,20260816,3,33,0.0002587929482605138,0.00021878838015254587
soh_process,hidden_16_8,16-8,35,1162,20260816,3,34,0.00024876628133170916,0.00022247791639529169
soh_process,hidden_16_8,16-8,35,1162,20260816,3,35,0.001034808485990705,0.000940393190830946
soh_process,hidden_16_8,16-8,35,1162,20260816,3,37,0.0002622193743247375,0.00023106813023332506
soh_process,hidden_16_8,16-8,35,1162,20260816,4,4,0.0015705520556377923,0.001246348605491221
soh_process,hidden_16_8,16-8,35,1162,20260816,4,15,0.0006664650543653058,0.0005267953965812922
soh_process,hidden_16_8,16-8,35,1162,20260816,4,19,3.747741133145776e-05,3.184080196660943e-05
soh_process,hidden_16_8,16-8,35,1162,20260816,4,27,0.00011955838571742093,0.00010992407624144107
soh_process,hidden_16_8,16-8,35,1162,20260816,4,29,0.0002862364608379183,0.0002494418586138636
soh_process,hidden_16_8,16-8,35,1162,20260816,4,43,0.0001465588768971301,0.00012587904348038137
soh_process,hidden_16_8,16-8,35,1162,20260816,4,44,2.5841737065331887e-05,1.964807597687468e-05
soh_process,hidden_16_8,16-8,35,1162,20260816,4,48,9.06894806712149e-05,8.239268936449662e-05
soh_process,hidden_16_8,16-8,35,1162,20260816,5,18,0.00010337358144293921,8.598446584073827e-05
soh_process,hidden_16_8,16-8,35,1162,20260816,5,21,0.00014545906324730878,0.00011043190897908062
soh_process,hidden_16_8,16-8,35,1162,20260816,5,28,8.574977014140602e-05,7.062077202135697e-05
soh_process,hidden_16_8,16-8,35,1162,20260816,5,31,0.0003496410291510649,0.00028524757362902164
soh_process,hidden_16_8,16-8,35,1162,20260816,5,32,0.00015666357205192832,0.00013685703743249178
soh_process,hidden_16_8,16-8,35,1162,20260816,5,36,0.00012030141464351551,0.00011214375263080001
soh_process,hidden_16_8,16-8,35,1162,20260816,5,39,5.248336416588122e-05,3.7913323467364535e-05
soh_process,hidden_16_8,16-8,35,1162,20260816,5,46,0.0003848475426039942,0.00031254172790795565
soh_process,hidden_16_8,16-8,35,1162,20260817,1,1,0.002092012704075775,0.0015761649701744318
soh_process,hidden_16_8,16-8,35,1162,20260817,1,6,0.0009300526028235953,0.0007971549057401717
soh_process,hidden_16_8,16-8,35,1162,20260817,1,12,0.00043687761818743013,0.00040848375647328794
soh_process,hidden_16_8,16-8,35,1162,20260817,1,13,0.0002221746004097423,0.00018120169988833368
soh_process,hidden_16_8,16-8,35,1162,20260817,1,20,0.00034056762960378014,0.0003191780997440219
soh_process,hidden_16_8,16-8,35,1162,20260817,1,22,7.332666261407645e-05,5.4920910770306364e-05
soh_process,hidden_16_8,16-8,35,1162,20260817,1,47,4.502734944596073e-05,3.919363007298671e-05
soh_process,hidden_16_8,16-8,35,1162,20260817,1,49,0.00021813325290993325,0.00017938851669896394
soh_process,hidden_16_8,16-8,35,1162,20260817,2,3,0.00032242192560674683,0.0002582132874522358
soh_process,hidden_16_8,16-8,35,1162,20260817,2,17,0.00027966825805686923,0.00024886487517505884
soh_process,hidden_16_8,16-8,35,1162,20260817,2,30,0.0005500157723531361,0.0004965937114320695
soh_process,hidden_16_8,16-8,35,1162,20260817,2,38,0.0001324684030910466,8.79085055203177e-05
soh_process,hidden_16_8,16-8,35,1162,20260817,2,40,5.771504626775759e-05,4.938244819641113e-05
soh_process,hidden_16_8,16-8,35,1162,20260817,2,41,0.001038737735711249,0.0008659875602461398
soh_process,hidden_16_8,16-8,35,1162,20260817,2,42,8.982429855609558e-05,6.295085040619597e-05
soh_process,hidden_16_8,16-8,35,1162,20260817,2,45,0.00033817957855339077,0.0003153550496790558
soh_process,hidden_16_8,16-8,35,1162,20260817,3,7,0.0008679849318338114,0.0007527923444285989
soh_process,hidden_16_8,16-8,35,1162,20260817,3,8,0.001465246724415598,0.0012854516971856356
soh_process,hidden_16_8,16-8,35,1162,20260817,3,23,9.587879565025857e-05,8.000135130714625e-05
soh_process,hidden_16_8,16-8,35,1162,20260817,3,26,0.0001601082445044789,0.00011320591147523373
soh_process,hidden_16_8,16-8,35,1162,20260817,3,33,0.0001880616467014058,0.0001604914723429829
soh_process,hidden_16_8,16-8,35,1162,20260817,3,34,0.0001260450390872982,0.00011032700422219932
soh_process,hidden_16_8,16-8,35,1162,20260817,3,35,0.0008790335551631998,0.0008002304821275175
soh_process,hidden_16_8,16-8,35,1162,20260817,3,37,0.00030525602742247554,0.00026269315276294947
soh_process,hidden_16_8,16-8,35,1162,20260817,4,4,0.0014220127532267972,0.001048200181685388
soh_process,hidden_16_8,16-8,35,1162,20260817,4,15,0.00025624476991596,0.00020584941376000643
soh_process,hidden_16_8,16-8,35,1162,20260817,4,19,5.7417567638817064e-05,4.8986672481987625e-05
soh_process,hidden_16_8,16-8,35,1162,20260817,4,27,5.514777427973904e-05,4.759073271998204e-05
soh_process,hidden_16_8,16-8,35,1162,20260817,4,29,9.559616954883775e-05,8.926153532229364e-05
soh_process,hidden_16_8,16-8,35,1162,20260817,4,43,0.0002012956429013801,0.00016038537432905287
soh_process,hidden_16_8,16-8,35,1162,20260817,4,44,0.00010122283228994055,9.06312488950789e-05
soh_process,hidden_16_8,16-8,35,1162,20260817,4,48,9.384438054297637e-05,8.099198021227494e-05
soh_process,hidden_16_8,16-8,35,1162,20260817,5,18,6.725789278544827e-05,5.303859870764427e-05
soh_process,hidden_16_8,16-8,35,1162,20260817,5,21,0.00013793867687987305,9.987950033973902e-05
soh_process,hidden_16_8,16-8,35,1162,20260817,5,28,3.921655544816293e-05,3.2454729080200195e-05
soh_process,hidden_16_8,16-8,35,1162,20260817,5,31,0.0002821178193542412,0.00023357033205684274
soh_process,hidden_16_8,16-8,35,1162,20260817,5,32,0.00016544853152054522,0.00014533639478031546
soh_process,hidden_16_8,16-8,35,1162,20260817,5,36,3.4135441380570945e-05,3.052711326745339e-05
soh_process,hidden_16_8,16-8,35,1162,20260817,5,39,3.973492216563016e-05,3.224134343327023e-05
soh_process,hidden_16_8,16-8,35,1162,20260817,5,46,6.182998340591377e-05,5.3304433095036075e-05
soh_process,hidden_32_16,32-16,35,2530,20260815,1,1,0.0017335204207244918,0.001337414956651628
soh_process,hidden_32_16,32-16,35,2530,20260815,1,6,0.00198042533014875,0.0016505098901689053
soh_process,hidden_32_16,32-16,35,2530,20260815,1,12,0.00019830195687676466,0.00017714500427246094
soh_process,hidden_32_16,32-16,35,2530,20260815,1,13,0.000388929546911459,0.0002967417240142822
soh_process,hidden_32_16,32-16,35,2530,20260815,1,20,0.0004376539139953296,0.00039002179983071983
soh_process,hidden_32_16,32-16,35,2530,20260815,1,22,4.0114783903854687e-05,2.6578903998597525e-05
soh_process,hidden_32_16,32-16,35,2530,20260815,1,47,0.00039936309412185025,0.0003096008440479636
soh_process,hidden_32_16,32-16,35,2530,20260815,1,49,0.00010452878551995061,7.957220077514648e-05
soh_process,hidden_32_16,32-16,35,2530,20260815,2,3,0.00022803132414008114,0.00019821166642941535
soh_process,hidden_32_16,32-16,35,2530,20260815,2,17,0.00026247847228466143,0.00022863269259687513
soh_process,hidden_32_16,32-16,35,2530,20260815,2,30,0.0005400885500203124,0.0004857182502746582
soh_process,hidden_32_16,32-16,35,2530,20260815,2,38,0.00010061230051375337,7.790922973072156e-05
soh_process,hidden_32_16,32-16,35,2530,20260815,2,40,0.00019420442766370855,0.0001787209475878626
soh_process,hidden_32_16,32-16,35,2530,20260815,2,41,0.0034648065474134028,0.0029733418487012386
soh_process,hidden_32_16,32-16,35,2530,20260815,2,42,0.0003002147917994421,0.0002485859440639615
soh_process,hidden_32_16,32-16,35,2530,20260815,2,45,0.00027927482645822774,0.00023628353665117174
soh_process,hidden_32_16,32-16,35,2530,20260815,3,7,0.0005266083555145672,0.0004049873386975378
soh_process,hidden_32_16,32-16,35,2530,20260815,3,8,0.002277299485983604,0.0019346093758940697
soh_process,hidden_32_16,32-16,35,2530,20260815,3,23,0.00025917898043753323,0.0002187383215641603
soh_process,hidden_32_16,32-16,35,2530,20260815,3,26,0.00011924479000660852,9.793639037525281e-05
soh_process,hidden_32_16,32-16,35,2530,20260815,3,33,0.00021498716193994543,0.00018571496184449643
soh_process,hidden_32_16,32-16,35,2530,20260815,3,34,0.0003812689923596816,0.0003287589643150568
soh_process,hidden_32_16,32-16,35,2530,20260815,3,35,0.0006502554782863594,0.0006072175456210971
soh_process,hidden_32_16,32-16,35,2530,20260815,3,37,0.00021734335780340764,0.00018029093916993588
soh_process,hidden_32_16,32-16,35,2530,20260815,4,4,0.0009878359328721518,0.0007859074976295233
soh_process,hidden_32_16,32-16,35,2530,20260815,4,15,0.0003008628861625555,0.000209673642530106
soh_process,hidden_32_16,32-16,35,2530,20260815,4,19,7.606953031690373e-05,6.0226917412364855e-05
soh_process,hidden_32_16,32-16,35,2530,20260815,4,27,5.086856607324967e-05,4.175901267444715e-05
soh_process,hidden_32_16,32-16,35,2530,20260815,4,29,0.00018701909760996646,0.0001744258333928883
soh_process,hidden_32_16,32-16,35,2530,20260815,4,43,0.00013041442474562848,0.00011821746738860384
soh_process,hidden_32_16,32-16,35,2530,20260815,4,44,6.716030550003701e-05,6.0235262935748324e-05
soh_process,hidden_32_16,32-16,35,2530,20260815,4,48,0.00024236035756387752,0.00019680976402014494
soh_process,hidden_32_16,32-16,35,2530,20260815,5,18,8.803815373486743e-05,7.052540604490787e-05
soh_process,hidden_32_16,32-16,35,2530,20260815,5,21,0.0001077469612445351,7.752179953968152e-05
soh_process,hidden_32_16,32-16,35,2530,20260815,5,28,5.626644528668499e-05,4.429221007740125e-05
soh_process,hidden_32_16,32-16,35,2530,20260815,5,31,0.0003615478612937359,0.00030999540467746556
soh_process,hidden_32_16,32-16,35,2530,20260815,5,32,6.58566558844682e-05,4.9421785661252216e-05
soh_process,hidden_32_16,32-16,35,2530,20260815,5,36,4.934856048320172e-05,3.941536124330014e-05
soh_process,hidden_32_16,32-16,35,2530,20260815,5,39,5.284052612258775e-05,4.6328306780196726e-05
soh_process,hidden_32_16,32-16,35,2530,20260815,5,46,0.000983803694703126,0.0008577513508498669
soh_process,hidden_32_16,32-16,35,2530,20260816,1,1,0.0031554463226769556,0.0023803270887583494
soh_process,hidden_32_16,32-16,35,2530,20260816,1,6,0.0016573842399339699,0.0014005303382873535
soh_process,hidden_32_16,32-16,35,2530,20260816,1,12,0.00015377514345477373,0.00012769461318384856
soh_process,hidden_32_16,32-16,35,2530,20260816,1,13,0.0004918351944952949,0.0003965473151765764
soh_process,hidden_32_16,32-16,35,2530,20260816,1,20,0.00043662509362865604,0.00039341687806881964
soh_process,hidden_32_16,32-16,35,2530,20260816,1,22,4.1880268249297435e-05,3.163814471918158e-05
soh_process,hidden_32_16,32-16,35,2530,20260816,1,47,8.537959668372588e-05,7.042527431622148e-05
soh_process,hidden_32_16,32-16,35,2530,20260816,1,49,0.00017314781006131353,0.00014175653632264584
soh_process,hidden_32_16,32-16,35,2530,20260816,2,3,0.0006037450004273323,0.0005322611541487277
soh_process,hidden_32_16,32-16,35,2530,20260816,2,17,0.0003104020482281655,0.0002712678979150951
soh_process,hidden_32_16,32-16,35,2530,20260816,2,30,0.0005439220871064915,0.0004825758805964142
soh_process,hidden_32_16,32-16,35,2530,20260816,2,38,9.199330071130671e-05,6.199241033755243e-05
soh_process,hidden_32_16,32-16,35,2530,20260816,2,40,0.0001413696589147131,0.00012796044757124037
soh_process,hidden_32_16,32-16,35,2530,20260816,2,41,0.0020037609735022973,0.0016631067264825106
soh_process,hidden_32_16,32-16,35,2530,20260816,2,42,8.313433016602684e-05,5.826711640111171e-05
soh_process,hidden_32_16,32-16,35,2530,20260816,2,45,0.0004923833460147007,0.000452659121947363
soh_process,hidden_32_16,32-16,35,2530,20260816,3,7,0.000693235628177579,0.000614354619756341
soh_process,hidden_32_16,32-16,35,2530,20260816,3,8,0.0012625577361194214,0.0011237907456234097
soh_process,hidden_32_16,32-16,35,2530,20260816,3,23,8.593654045160533e-05,7.62641429901123e-05
soh_process,hidden_32_16,32-16,35,2530,20260816,3,26,0.00033417657583685513,0.00027677416801452637
soh_process,hidden_32_16,32-16,35,2530,20260816,3,33,0.00022112756879962846,0.00019050002447329462
soh_process,hidden_32_16,32-16,35,2530,20260816,3,34,0.00019968894835324568,0.0001792347466107458
soh_process,hidden_32_16,32-16,35,2530,20260816,3,35,0.0008575340606418423,0.0007543170358985662
soh_process,hidden_32_16,32-16,35,2530,20260816,3,37,0.00039467376555303243,0.00034288884489797056
soh_process,hidden_32_16,32-16,35,2530,20260816,4,4,0.0020456170701811526,0.0017054402269423008
soh_process,hidden_32_16,32-16,35,2530,20260816,4,15,0.0003029110041343336,0.00022527336841449142
soh_process,hidden_32_16,32-16,35,2530,20260816,4,19,5.928769630359982e-05,4.8085450544022024e-05
soh_process,hidden_32_16,32-16,35,2530,20260816,4,27,6.463514666335783e-05,4.868388350587338e-05
soh_process,hidden_32_16,32-16,35,2530,20260816,4,29,0.0002387648095045142,0.00021554231352638453
soh_process,hidden_32_16,32-16,35,2530,20260816,4,43,0.00012068156343026957,0.00010248064791085199
soh_process,hidden_32_16,32-16,35,2530,20260816,4,44,6.36831593820806e-05,5.0981045205844566e-05
soh_process,hidden_32_16,32-16,35,2530,20260816,4,48,0.00010016479420212739,8.063077984843403e-05
soh_process,hidden_32_16,32-16,35,2530,20260816,5,18,2.5662252698496852e-05,2.0985602532164194e-05
soh_process,hidden_32_16,32-16,35,2530,20260816,5,21,9.313759311650522e-05,6.306647992460057e-05
soh_process,hidden_32_16,32-16,35,2530,20260816,5,28,3.205429408882586e-05,2.575874350441154e-05
soh_process,hidden_32_16,32-16,35,2530,20260816,5,31,0.0004008152972837238,0.00033753871684893966
soh_process,hidden_32_16,32-16,35,2530,20260816,5,32,7.95964547181685e-05,6.743431003997102e-05
soh_process,hidden_32_16,32-16,35,2530,20260816,5,36,7.875274828043111e-05,6.055116682546213e-05
soh_process,hidden_32_16,32-16,35,2530,20260816,5,39,5.9638360292828924e-05,4.5865774154663086e-05
soh_process,hidden_32_16,32-16,35,2530,20260816,5,46,0.0005479144772842042,0.00046877621207386255
soh_process,hidden_32_16,32-16,35,2530,20260817,1,1,0.0019221558400044337,0.0014337718021124601
soh_process,hidden_32_16,32-16,35,2530,20260817,1,6,0.001397999943604846,0.001134195365011692
soh_process,hidden_32_16,32-16,35,2530,20260817,1,12,0.000596829019842611,0.000493147352244705
soh_process,hidden_32_16,32-16,35,2530,20260817,1,13,0.0003239485848904599,0.00024088264035526663
soh_process,hidden_32_16,32-16,35,2530,20260817,1,20,0.000472873170404141,0.00042474985821172595
soh_process,hidden_32_16,32-16,35,2530,20260817,1,22,4.833151836141004e-05,3.690242738230154e-05
soh_process,hidden_32_16,32-16,35,2530,20260817,1,47,0.000431268055240322,0.0003698110522236675
soh_process,hidden_32_16,32-16,35,2530,20260817,1,49,0.0001524716929946563,0.00012503266043495387
soh_process,hidden_32_16,32-16,35,2530,20260817,2,3,0.00017585116841156332,0.00015407681348733604
soh_process,hidden_32_16,32-16,35,2530,20260817,2,17,0.00027579634003989395,0.00025152324815280735
soh_process,hidden_32_16,32-16,35,2530,20260817,2,30,0.0006887116531416222,0.0006199884228408337
soh_process,hidden_32_16,32-16,35,2530,20260817,2,38,0.00017104656024292746,0.00012526274076662958
soh_process,hidden_32_16,32-16,35,2530,20260817,2,40,0.00015650371727093818,0.00014655709674116224
soh_process,hidden_32_16,32-16,35,2530,20260817,2,41,0.0013644183066107531,0.001154502620920539
soh_process,hidden_32_16,32-16,35,2530,20260817,2,42,0.00012251867034590293,8.211970271077007e-05
soh_process,hidden_32_16,32-16,35,2530,20260817,2,45,0.0003036995569651219,0.0002860927488654852
soh_process,hidden_32_16,32-16,35,2530,20260817,3,7,0.0006788527040603522,0.0005227351211942732
soh_process,hidden_32_16,32-16,35,2530,20260817,3,8,0.0014332275038104211,0.0012035549152642488
soh_process,hidden_32_16,32-16,35,2530,20260817,3,23,0.0001836065332106262,0.00016667722957208753
soh_process,hidden_32_16,32-16,35,2530,20260817,3,26,0.00012267387446354867,9.511351527180523e-05
soh_process,hidden_32_16,32-16,35,2530,20260817,3,33,0.0002902453792617314,0.000252010824624449
soh_process,hidden_32_16,32-16,35,2530,20260817,3,34,0.000130982539345926,0.00011580228601815179
soh_process,hidden_32_16,32-16,35,2530,20260817,3,35,0.0011734716388799333,0.0010574567131698132
soh_process,hidden_32_16,32-16,35,2530,20260817,3,37,0.00041306782587429845,0.000354779971530661
soh_process,hidden_32_16,32-16,35,2530,20260817,4,4,0.0012573189074875167,0.0009808731265366077
soh_process,hidden_32_16,32-16,35,2530,20260817,4,15,0.00023578194703302132,0.00018145442300010473
soh_process,hidden_32_16,32-16,35,2530,20260817,4,19,0.00022920784605750895,0.00019527197582647204
soh_process,hidden_32_16,32-16,35,2530,20260817,4,27,8.329482268339858e-05,6.644010863965377e-05
soh_process,hidden_32_16,32-16,35,2530,20260817,4,29,0.00012340632510257296,0.00011745333904400468
soh_process,hidden_32_16,32-16,35,2530,20260817,4,43,0.00022024167082652482,0.00019117831834591925
soh_process,hidden_32_16,32-16,35,2530,20260817,4,44,3.865449390328426e-05,3.301143806311302e-05
soh_process,hidden_32_16,32-16,35,2530,20260817,4,48,0.00025195304255898733,0.00020738363673444837
soh_process,hidden_32_16,32-16,35,2530,20260817,5,18,0.00010351501094140204,8.198260911740363e-05
soh_process,hidden_32_16,32-16,35,2530,20260817,5,21,7.498148821932913e-05,5.563735976465978e-05
soh_process,hidden_32_16,32-16,35,2530,20260817,5,28,4.2391208253302306e-05,3.259658842580393e-05
soh_process,hidden_32_16,32-16,35,2530,20260817,5,31,0.00034076274117686477,0.00028247357113286853
soh_process,hidden_32_16,32-16,35,2530,20260817,5,32,7.23956503977235e-05,6.220221257535741e-05
soh_process,hidden_32_16,32-16,35,2530,20260817,5,36,7.312883580352396e-05,6.459355063270777e-05
soh_process,hidden_32_16,32-16,35,2530,20260817,5,39,6.743285353490202e-05,4.8363210225943476e-05
soh_process,hidden_32_16,32-16,35,2530,20260817,5,46,0.0002964537061363486,0.00023961901024449617
soh_process_policy,linear,none,39,2000,20260815,1,1,0.0033746165574655485,0.0025853384286165237
soh_process_policy,linear,none,39,2000,20260815,1,6,0.0011915439295376502,0.000957473530434072
soh_process_policy,linear,none,39,2000,20260815,1,12,0.0005057885653697513,0.0004446697130333632
soh_process_policy,linear,none,39,2000,20260815,1,13,0.00014052412845240645,0.00011069536412833259
soh_process_policy,linear,none,39,2000,20260815,1,20,0.00022752875358679863,0.00021023988665547222
soh_process_policy,linear,none,39,2000,20260815,1,22,0.00011176853136767303,9.999990288633853e-05
soh_process_policy,linear,none,39,2000,20260815,1,47,0.0002698892523452691,0.0002216935099568218
soh_process_policy,linear,none,39,2000,20260815,1,49,0.00018344048690097006,0.0001527428685221821
soh_process_policy,linear,none,39,2000,20260815,2,3,0.0018668700292407343,0.0015294324839487672
soh_process_policy,linear,none,39,2000,20260815,2,17,0.0003643402157965381,0.00032497168285772204
soh_process_policy,linear,none,39,2000,20260815,2,30,0.0005901889036955394,0.0005260229227133095
soh_process_policy,linear,none,39,2000,20260815,2,38,0.00011411969637622121,6.815075903432444e-05
soh_process_policy,linear,none,39,2000,20260815,2,40,0.00012362131214216048,0.00010011195990955457
soh_process_policy,linear,none,39,2000,20260815,2,41,0.008968463200942396,0.007463195361196995
soh_process_policy,linear,none,39,2000,20260815,2,42,0.00011024377759515928,8.50546348374337e-05
soh_process_policy,linear,none,39,2000,20260815,2,45,0.00034023780598073264,0.00030680178315378726
soh_process_policy,linear,none,39,2000,20260815,3,7,0.0003750776845912842,0.00026328564854338765
soh_process_policy,linear,none,39,2000,20260815,3,8,0.0007113905420867098,0.0005669271922670305
soh_process_policy,linear,none,39,2000,20260815,3,23,6.990719016618965e-05,5.2330495236674324e-05
soh_process_policy,linear,none,39,2000,20260815,3,26,0.0003423191113953031,0.00027507066261023283
soh_process_policy,linear,none,39,2000,20260815,3,33,0.00025259376730873555,0.0002148246712749824
soh_process_policy,linear,none,39,2000,20260815,3,34,0.00012040744972167616,0.00010486602695891634
soh_process_policy,linear,none,39,2000,20260815,3,35,0.00029477028574080404,0.0002456617366988212
soh_process_policy,linear,none,39,2000,20260815,3,37,0.00014929328760436767,0.00013221026165410876
soh_process_policy,linear,none,39,2000,20260815,4,4,0.0008348189012316981,0.0006378519465215504
soh_process_policy,linear,none,39,2000,20260815,4,15,0.00011650027060575144,8.414149488089606e-05
soh_process_policy,linear,none,39,2000,20260815,4,19,0.00013200621045218107,0.00011420011287555099
soh_process_policy,linear,none,39,2000,20260815,4,27,8.716793133259933e-05,7.150650344556198e-05
soh_process_policy,linear,none,39,2000,20260815,4,29,0.00012641129223579274,0.00011789918062277138
soh_process_policy,linear,none,39,2000,20260815,4,43,0.00032549331934949324,0.0002869045711122453
soh_process_policy,linear,none,39,2000,20260815,4,44,0.00011278493117777423,8.426904969383031e-05
soh_process_policy,linear,none,39,2000,20260815,4,48,0.0001396150920823707,0.00011077403905801475
soh_process_policy,linear,none,39,2000,20260815,5,18,0.00012915213185505617,0.0001126182105508633
soh_process_policy,linear,none,39,2000,20260815,5,21,0.00010489961122480863,9.21237442526035e-05
soh_process_policy,linear,none,39,2000,20260815,5,28,4.533413995003043e-05,3.325462239445187e-05
soh_process_policy,linear,none,39,2000,20260815,5,31,0.00013486813715296852,8.647442155051976e-05
soh_process_policy,linear,none,39,2000,20260815,5,32,7.443486949497689e-05,6.088733789511025e-05
soh_process_policy,linear,none,39,2000,20260815,5,36,0.00014817353846099113,0.00011590838403208181
soh_process_policy,linear,none,39,2000,20260815,5,39,0.0001289397262843577,9.069561929209158e-05
soh_process_policy,linear,none,39,2000,20260815,5,46,0.0003122234213763292,0.0002814984181895852
soh_process_policy,linear,none,39,2000,20260816,1,1,0.0030744689518902783,0.0023112655617296696
soh_process_policy,linear,none,39,2000,20260816,1,6,0.0010337434234132608,0.0008507490274496377
soh_process_policy,linear,none,39,2000,20260816,1,12,0.0005271637775493088,0.0004438984324224293
soh_process_policy,linear,none,39,2000,20260816,1,13,0.000168001308549422,0.000125374790513888
soh_process_policy,linear,none,39,2000,20260816,1,20,0.00025478037306664883,0.00023889064323157072
soh_process_policy,linear,none,39,2000,20260816,1,22,0.00010246892682509774,9.249567665392533e-05
soh_process_policy,linear,none,39,2000,20260816,1,47,0.00023173627438089953,0.00019396543211769313
soh_process_policy,linear,none,39,2000,20260816,1,49,0.0001875419301229701,0.0001562929101055488
soh_process_policy,linear,none,39,2000,20260816,2,3,0.0018990327631750418,0.0015534531557932496
soh_process_policy,linear,none,39,2000,20260816,2,17,0.0003514066432530333,0.0003135812294203788
soh_process_policy,linear,none,39,2000,20260816,2,30,0.0005546388189002739,0.0005131721263751388
soh_process_policy,linear,none,39,2000,20260816,2,38,0.00010211790445550654,6.463408499257639e-05
soh_process_policy,linear,none,39,2000,20260816,2,40,0.00011637009719747144,9.624481026548892e-05
soh_process_policy,linear,none,39,2000,20260816,2,41,0.007758881135562888,0.006815682630985975
soh_process_policy,linear,none,39,2000,20260816,2,42,9.752899590066928e-05,7.244348671520129e-05
soh_process_policy,linear,none,39,2000,20260816,2,45,0.0003657478938554142,0.00033063293085433543
soh_process_policy,linear,none,39,2000,20260816,3,7,0.0004080019395194754,0.00026189564960077405
soh_process_policy,linear,none,39,2000,20260816,3,8,0.0007788175626558954,0.0006330442265607417
soh_process_policy,linear,none,39,2000,20260816,3,23,8.332722144829832e-05,5.5038930440787226e-05
soh_process_policy,linear,none,39,2000,20260816,3,26,0.000312345514298417,0.00024358154041692615
soh_process_policy,linear,none,39,2000,20260816,3,33,0.00024380424402259702,0.00021027088223490864
soh_process_policy,linear,none,39,2000,20260816,3,34,0.0001257475999683993,0.0001029419872793369
soh_process_policy,linear,none,39,2000,20260816,3,35,0.00030512144538211324,0.0002654433192219585
soh_process_policy,linear,none,39,2000,20260816,3,37,0.00015428361510748493,0.00013811349344905466
soh_process_policy,linear,none,39,2000,20260816,4,4,0.000661660312883746,0.0004933261661790311
soh_process_policy,linear,none,39,2000,20260816,4,15,0.00012568506818006283,9.57274460233748e-05
soh_process_policy,linear,none,39,2000,20260816,4,19,0.00012017130482790088,0.00010576963541097939
soh_process_policy,linear,none,39,2000,20260816,4,27,6.935748959255237e-05,5.5259464716073126e-05
soh_process_policy,linear,none,39,2000,20260816,4,29,0.00013503363539576162,0.00012408853217493743
soh_process_policy,linear,none,39,2000,20260816,4,43,0.0003061096679488245,0.00027525663608685136
soh_process_policy,linear,none,39,2000,20260816,4,44,9.925908092434614e-05,7.031917630229145e-05
soh_process_policy,linear,none,39,2000,20260816,4,48,0.00011406586126128203,9.350657637696713e-05
soh_process_policy,linear,none,39,2000,20260816,5,18,0.00012588487571154667,0.00011045455903513357
soh_process_policy,linear,none,39,2000,20260816,5,21,0.0001019863210010493,9.262323146685958e-05
soh_process_policy,linear,none,39,2000,20260816,5,28,4.26483624789451e-05,3.201246363460086e-05
soh_process_policy,linear,none,39,2000,20260816,5,31,0.00012426927347594242,8.3647966675926e-05
soh_process_policy,linear,none,39,2000,20260816,5,32,6.904677469488896e-05,5.589962165686302e-05
soh_process_policy,linear,none,39,2000,20260816,5,36,0.0001437129294686855,0.00011458277731435373
soh_process_policy,linear,none,39,2000,20260816,5,39,0.0001198492863625025,8.454680209979415e-05
soh_process_policy,linear,none,39,2000,20260816,5,46,0.00032474565508396996,0.00029581785202026367
soh_process_policy,linear,none,39,2000,20260817,1,1,0.0029241875342073203,0.002208470134064555
soh_process_policy,linear,none,39,2000,20260817,1,6,0.0011519459069794593,0.0008967983885668218
soh_process_policy,linear,none,39,2000,20260817,1,12,0.0005059431002418828,0.00043454288970679045
soh_process_policy,linear,none,39,2000,20260817,1,13,0.00016988941897738957,0.0001377296430291608
soh_process_policy,linear,none,39,2000,20260817,1,20,0.0002489217849895546,0.00022990108118392527
soh_process_policy,linear,none,39,2000,20260817,1,22,0.00010582510093535697,9.41061953199096e-05
soh_process_policy,linear,none,39,2000,20260817,1,47,0.00031607474838126707,0.0002473747590556741
soh_process_policy,linear,none,39,2000,20260817,1,49,0.00018987891055579986,0.0001583051634952426
soh_process_policy,linear,none,39,2000,20260817,2,3,0.0014166230895478538,0.0012675655307248235
soh_process_policy,linear,none,39,2000,20260817,2,17,0.0003648379613966921,0.0003260421799495816
soh_process_policy,linear,none,39,2000,20260817,2,30,0.0005440104140932101,0.000496166932862252
soh_process_policy,linear,none,39,2000,20260817,2,38,0.000106248284580962,7.35104113118723e-05
soh_process_policy,linear,none,39,2000,20260817,2,40,0.00012033547471833915,9.759426029631868e-05
soh_process_policy,linear,none,39,2000,20260817,2,41,0.008317748165565847,0.007007515523582697
soh_process_policy,linear,none,39,2000,20260817,2,42,0.00010018793484699327,7.45368015486747e-05
soh_process_policy,linear,none,39,2000,20260817,2,45,0.00033231981580531943,0.0002958023687824607
soh_process_policy,linear,none,39,2000,20260817,3,7,0.0006215015839339158,0.00038299799780361354
soh_process_policy,linear,none,39,2000,20260817,3,8,0.0010128712675411715,0.0006413340452127159
soh_process_policy,linear,none,39,2000,20260817,3,23,7.385136956993204e-05,5.1252842240501195e-05
soh_process_policy,linear,none,39,2000,20260817,3,26,0.0003726418705748113,0.000301266903989017
soh_process_policy,linear,none,39,2000,20260817,3,33,0.00024215704258518847,0.00020978807879146188
soh_process_policy,linear,none,39,2000,20260817,3,34,0.00013350430571733326,0.00011227369395783171
soh_process_policy,linear,none,39,2000,20260817,3,35,0.000343996422253967,0.00029813050059601665
soh_process_policy,linear,none,39,2000,20260817,3,37,0.00015396496432370553,0.00013732194202020764
soh_process_policy,linear,none,39,2000,20260817,4,4,0.0004893995355738819,0.000389528286177665
soh_process_policy,linear,none,39,2000,20260817,4,15,0.000141233347291789,0.00010616183135425672
soh_process_policy,linear,none,39,2000,20260817,4,19,0.00011759664853009587,0.00010077714978251606
soh_process_policy,linear,none,39,2000,20260817,4,27,8.260485823389286e-05,7.075429311953485e-05
soh_process_policy,linear,none,39,2000,20260817,4,29,0.00013183844787550156,0.00012012005026917905
soh_process_policy,linear,none,39,2000,20260817,4,43,0.00031931524999952236,0.00027944089379161596
soh_process_policy,linear,none,39,2000,20260817,4,44,0.00012218476786320846,8.53955716593191e-05
soh_process_policy,linear,none,39,2000,20260817,4,48,0.00011885327583908043,9.826183668337762e-05
soh_process_policy,linear,none,39,2000,20260817,5,18,0.00012510230455297532,0.00010825038043549284
soh_process_policy,linear,none,39,2000,20260817,5,21,0.00010425682168436744,9.549140668241307e-05
soh_process_policy,linear,none,39,2000,20260817,5,28,5.068564870597144e-05,3.836631731246598e-05
soh_process_policy,linear,none,39,2000,20260817,5,31,0.00011024233144485956,6.961345934541896e-05
soh_process_policy,linear,none,39,2000,20260817,5,32,7.00279812677555e-05,5.866766150575131e-05
soh_process_policy,linear,none,39,2000,20260817,5,36,0.00014293039087813378,0.00011339187767589465
soh_process_policy,linear,none,39,2000,20260817,5,39,0.00013276365658099722,8.813023305265233e-05
soh_process_policy,linear,none,39,2000,20260817,5,46,0.0003662627386545327,0.00031528115505352616
soh_process_policy,hidden_16_8,16-8,39,1226,20260815,1,1,0.001793262961377875,0.001378612476401031
soh_process_policy,hidden_16_8,16-8,39,1226,20260815,1,6,0.0014792784444101303,0.001281487988308072
soh_process_policy,hidden_16_8,16-8,39,1226,20260815,1,12,7.689745353007579e-05,5.3451061830855906e-05
soh_process_policy,hidden_16_8,16-8,39,1226,20260815,1,13,0.00035322593577555083,0.00028240561368875206
soh_process_policy,hidden_16_8,16-8,39,1226,20260815,1,20,0.00021567438098208327,0.0001942837261594832
soh_process_policy,hidden_16_8,16-8,39,1226,20260815,1,22,0.00010393703816043483,8.539676491636783e-05
soh_process_policy,hidden_16_8,16-8,39,1226,20260815,1,47,0.0002277969671472184,0.00019420265743974596
soh_process_policy,hidden_16_8,16-8,39,1226,20260815,1,49,0.00021962267801286687,0.00017809987184591591
soh_process_policy,hidden_16_8,16-8,39,1226,20260815,2,3,0.0020416618058563245,0.0017054009949788451
soh_process_policy,hidden_16_8,16-8,39,1226,20260815,2,17,0.0004595504351297202,0.00039188741357065737
soh_process_policy,hidden_16_8,16-8,39,1226,20260815,2,30,0.0006471627165422373,0.0005809259600937366
soh_process_policy,hidden_16_8,16-8,39,1226,20260815,2,38,8.869702381104655e-05,7.421732152579352e-05
soh_process_policy,hidden_16_8,16-8,39,1226,20260815,2,40,0.0002637420197631239,0.00024195075093302876
soh_process_policy,hidden_16_8,16-8,39,1226,20260815,2,41,0.0017093507446391692,0.0014763105427846313
soh_process_policy,hidden_16_8,16-8,39,1226,20260815,2,42,0.00022240220650485522,0.00019788742065429688
soh_process_policy,hidden_16_8,16-8,39,1226,20260815,2,45,0.0005752407180230603,0.0005237245350144804
soh_process_policy,hidden_16_8,16-8,39,1226,20260815,3,7,0.000992703045851986,0.0008643364999443293
soh_process_policy,hidden_16_8,16-8,39,1226,20260815,3,8,0.0026505229239801626,0.0023004019167274237
soh_process_policy,hidden_16_8,16-8,39,1226,20260815,3,23,0.00018277789345949147,0.00016507148393429816
soh_process_policy,hidden_16_8,16-8,39,1226,20260815,3,26,0.0002425609169991071,0.00018388510216027498
soh_process_policy,hidden_16_8,16-8,39,1226,20260815,3,33,0.0003494840872723102,0.00030336977215483785
soh_process_policy,hidden_16_8,16-8,39,1226,20260815,3,34,0.0001127954752753107,9.379506082041189e-05
soh_process_policy,hidden_16_8,16-8,39,1226,20260815,3,35,0.0012538492690788057,0.0011424303520470858
soh_process_policy,hidden_16_8,16-8,39,1226,20260815,3,37,0.00029986624660919073,0.0002588689385447651
soh_process_policy,hidden_16_8,16-8,39,1226,20260815,4,4,0.0016518377663090958,0.001314469613134861
soh_process_policy,hidden_16_8,16-8,39,1226,20260815,4,15,0.00010820519832355864,8.971929491963238e-05
soh_process_policy,hidden_16_8,16-8,39,1226,20260815,4,19,9.658340023523255e-05,8.468270243611187e-05
soh_process_policy,hidden_16_8,16-8,39,1226,20260815,4,27,6.148354178214854e-05,5.323886944097467e-05
soh_process_policy,hidden_16_8,16-8,39,1226,20260815,4,29,0.0002749354291878055,0.00025159478536807
soh_process_policy,hidden_16_8,16-8,39,1226,20260815,4,43,0.00018599697926842342,0.00013362288882490247
soh_process_policy,hidden_16_8,16-8,39,1226,20260815,4,44,0.00025452764817087716,0.00021542668400797993
soh_process_policy,hidden_16_8,16-8,39,1226,20260815,4,48,4.472145077126321e-05,3.8424728700192645e-05
soh_process_policy,hidden_16_8,16-8,39,1226,20260815,5,18,3.7550732552032805e-05,3.214120806660503e-05
soh_process_policy,hidden_16_8,16-8,39,1226,20260815,5,21,0.0001236260251962997,9.623289224691689e-05
soh_process_policy,hidden_16_8,16-8,39,1226,20260815,5,28,4.169671085177508e-05,3.31509108946193e-05
soh_process_policy,hidden_16_8,16-8,39,1226,20260815,5,31,0.00029723817423668483,0.0002545785973779857
soh_process_policy,hidden_16_8,16-8,39,1226,20260815,5,32,8.743213125269632e-05,6.132483395049348e-05
soh_process_policy,hidden_16_8,16-8,39,1226,20260815,5,36,8.226035654212163e-05,7.00616801623255e-05
soh_process_policy,hidden_16_8,16-8,39,1226,20260815,5,39,0.00018612110339108893,0.00015068770153447986
soh_process_policy,hidden_16_8,16-8,39,1226,20260815,5,46,9.983838493960995e-05,8.170962246367708e-05
soh_process_policy,hidden_16_8,16-8,39,1226,20260816,1,1,0.0017850629409652402,0.00135811569634825
soh_process_policy,hidden_16_8,16-8,39,1226,20260816,1,6,0.0014997256372014582,0.0012561631156131625
soh_process_policy,hidden_16_8,16-8,39,1226,20260816,1,12,0.00022428347126530744,0.00021132707479409873
soh_process_policy,hidden_16_8,16-8,39,1226,20260816,1,13,0.00010946043704410845,9.695768676465377e-05
soh_process_policy,hidden_16_8,16-8,39,1226,20260816,1,20,0.0003060603616222207,0.0002819323563016951
soh_process_policy,hidden_16_8,16-8,39,1226,20260816,1,22,0.00013273793134108077,0.00011229038500459865
soh_process_policy,hidden_16_8,16-8,39,1226,20260816,1,47,0.0005118247202697234,0.00046011447557248175
soh_process_policy,hidden_16_8,16-8,39,1226,20260816,1,49,0.00016590431177167705,0.00014076947991270572
soh_process_policy,hidden_16_8,16-8,39,1226,20260816,2,3,0.001707361573207564,0.0014915955252945423
soh_process_policy,hidden_16_8,16-8,39,1226,20260816,2,17,0.0003722414050776292,0.00033415318466722965
soh_process_policy,hidden_16_8,16-8,39,1226,20260816,2,30,0.0006019539384857261,0.000519065884873271
soh_process_policy,hidden_16_8,16-8,39,1226,20260816,2,38,0.00011611931767611345,0.00010396241850685328
soh_process_policy,hidden_16_8,16-8,39,1226,20260816,2,40,0.0002493681682580766,0.00022879004245623946
soh_process_policy,hidden_16_8,16-8,39,1226,20260816,2,41,0.0005747346030177495,0.000483700045151636
soh_process_policy,hidden_16_8,16-8,39,1226,20260816,2,42,0.00011577170818860646,9.388208127347752e-05
soh_process_policy,hidden_16_8,16-8,39,1226,20260816,2,45,0.0004763371856472658,0.0004328691866248846
soh_process_policy,hidden_16_8,16-8,39,1226,20260816,3,7,0.0015215230400379483,0.001303710974752903
soh_process_policy,hidden_16_8,16-8,39,1226,20260816,3,8,0.002653241926122769,0.0022896360605955124
soh_process_policy,hidden_16_8,16-8,39,1226,20260816,3,23,0.00016062422199199922,0.00014456509961746633
soh_process_policy,hidden_16_8,16-8,39,1226,20260816,3,26,0.00024214211426612354,0.00018759250815492123
soh_process_policy,hidden_16_8,16-8,39,1226,20260816,3,33,0.00043381978632799214,0.0003722274268511683
soh_process_policy,hidden_16_8,16-8,39,1226,20260816,3,34,0.00010261491830730718,6.885647599119693e-05
soh_process_policy,hidden_16_8,16-8,39,1226,20260816,3,35,0.0008478717120851273,0.0007824325584806502
soh_process_policy,hidden_16_8,16-8,39,1226,20260816,3,37,0.00021494898525416738,0.00018940448353532702
soh_process_policy,hidden_16_8,16-8,39,1226,20260816,4,4,0.0004235185962158721,0.0003596663591451943
soh_process_policy,hidden_16_8,16-8,39,1226,20260816,4,15,0.00032309057135236874,0.00025415897835046053
soh_process_policy,hidden_16_8,16-8,39,1226,20260816,4,19,2.3804608505096535e-05,1.8618105968926102e-05
soh_process_policy,hidden_16_8,16-8,39,1226,20260816,4,27,7.6282573598456e-05,6.145834777271375e-05
soh_process_policy,hidden_16_8,16-8,39,1226,20260816,4,29,0.00024324137765832334,0.00022633194748777896
soh_process_policy,hidden_16_8,16-8,39,1226,20260816,4,43,0.0002868340244540677,0.0002479815448168665
soh_process_policy,hidden_16_8,16-8,39,1226,20260816,4,44,3.2651521518339333e-05,2.861619032046292e-05
soh_process_policy,hidden_16_8,16-8,39,1226,20260816,4,48,2.2797588398455747e-05,1.8649101548362523e-05
soh_process_policy,hidden_16_8,16-8,39,1226,20260816,5,18,3.2822169473017724e-05,2.856254650396295e-05
soh_process_policy,hidden_16_8,16-8,39,1226,20260816,5,21,0.00017069195787649272,0.00013540506188292056
soh_process_policy,hidden_16_8,16-8,39,1226,20260816,5,28,9.077216969224145e-05,8.15355742815882e-05
soh_process_policy,hidden_16_8,16-8,39,1226,20260816,5,31,0.0001892670389247569,0.0001489985006628558
soh_process_policy,hidden_16_8,16-8,39,1226,20260816,5,32,0.00012335906651994114,9.783267887542024e-05
soh_process_policy,hidden_16_8,16-8,39,1226,20260816,5,36,0.00011328498990692952,9.096860594581813e-05
soh_process_policy,hidden_16_8,16-8,39,1226,20260816,5,39,0.00016357555706027755,0.00012968659575562924
soh_process_policy,hidden_16_8,16-8,39,1226,20260816,5,46,0.00012163497967942642,9.77957242866978e-05
soh_process_policy,hidden_16_8,16-8,39,1226,20260817,1,1,0.001727557333505559,0.001322826137766242
soh_process_policy,hidden_16_8,16-8,39,1226,20260817,1,6,0.0019921464388428134,0.001688963151536882
soh_process_policy,hidden_16_8,16-8,39,1226,20260817,1,12,0.00020036513374176767,0.00017781615315470845
soh_process_policy,hidden_16_8,16-8,39,1226,20260817,1,13,0.00046201719062714174,0.00037228703149594367
soh_process_policy,hidden_16_8,16-8,39,1226,20260817,1,20,0.000310689186592467,0.0002899622777476907
soh_process_policy,hidden_16_8,16-8,39,1226,20260817,1,22,6.287099936942097e-05,5.2534342103172094e-05
soh_process_policy,hidden_16_8,16-8,39,1226,20260817,1,47,8.013653028069348e-05,6.610513082705438e-05
soh_process_policy,hidden_16_8,16-8,39,1226,20260817,1,49,0.00017206557110173448,0.00014776825264561921
soh_process_policy,hidden_16_8,16-8,39,1226,20260817,2,3,0.0020115481629905054,0.0018099796725437045
soh_process_policy,hidden_16_8,16-8,39,1226,20260817,2,17,0.00033480838891795955,0.0002928614558186382
soh_process_policy,hidden_16_8,16-8,39,1226,20260817,2,30,0.0004870685444894302,0.0004266297910362482
soh_process_policy,hidden_16_8,16-8,39,1226,20260817,2,38,8.563275080591033e-05,8.025646093301475e-05
soh_process_policy,hidden_16_8,16-8,39,1226,20260817,2,40,0.0001796996117050924,0.00016946792311500758
soh_process_policy,hidden_16_8,16-8,39,1226,20260817,2,41,0.0007982098784127739,0.0006396567914634943
soh_process_policy,hidden_16_8,16-8,39,1226,20260817,2,42,9.999417751707879e-05,6.382584251696244e-05
soh_process_policy,hidden_16_8,16-8,39,1226,20260817,2,45,0.0004129625386662363,0.0003719127271324396
soh_process_policy,hidden_16_8,16-8,39,1226,20260817,3,7,0.0013367776583719608,0.001156103564426303
soh_process_policy,hidden_16_8,16-8,39,1226,20260817,3,8,0.0026514270237685297,0.002311789896339178
soh_process_policy,hidden_16_8,16-8,39,1226,20260817,3,23,5.1387431621031553e-05,4.1652918298495933e-05
soh_process_policy,hidden_16_8,16-8,39,1226,20260817,3,26,0.00039580814310514036,0.00031760334968566895
soh_process_policy,hidden_16_8,16-8,39,1226,20260817,3,33,0.0002771093975664912,0.0002260077017126605
soh_process_policy,hidden_16_8,16-8,39,1226,20260817,3,34,0.00015233698977159431,0.00012492180394474417
soh_process_policy,hidden_16_8,16-8,39,1226,20260817,3,35,0.0007260849058102114,0.0006764387944713235
soh_process_policy,hidden_16_8,16-8,39,1226,20260817,3,37,0.00022791464730124826,0.00019797324785031378
soh_process_policy,hidden_16_8,16-8,39,1226,20260817,4,4,0.001537774847256407,0.001238845637999475
soh_process_policy,hidden_16_8,16-8,39,1226,20260817,4,15,0.000295778271071466,0.00022580027871299535
soh_process_policy,hidden_16_8,16-8,39,1226,20260817,4,19,9.651931982383556e-05,8.174181130016223e-05
soh_process_policy,hidden_16_8,16-8,39,1226,20260817,4,27,0.00014344614722974807,0.00010597347863949835
soh_process_policy,hidden_16_8,16-8,39,1226,20260817,4,29,0.00020545769470905906,0.00018930196529254317
soh_process_policy,hidden_16_8,16-8,39,1226,20260817,4,43,0.00031385790000978974,0.0002705693186726421
soh_process_policy,hidden_16_8,16-8,39,1226,20260817,4,44,2.5681741716122054e-05,2.006173053814564e-05
soh_process_policy,hidden_16_8,16-8,39,1226,20260817,4,48,3.822388639078151e-05,3.2315252610715106e-05
soh_process_policy,hidden_16_8,16-8,39,1226,20260817,5,18,7.068665768966383e-05,5.839347795699723e-05
soh_process_policy,hidden_16_8,16-8,39,1226,20260817,5,21,7.052447412561497e-05,5.981087815598585e-05
soh_process_policy,hidden_16_8,16-8,39,1226,20260817,5,28,4.475922635733657e-05,3.637433110270649e-05
soh_process_policy,hidden_16_8,16-8,39,1226,20260817,5,31,0.00032610887017997596,0.0002640891179908067
soh_process_policy,hidden_16_8,16-8,39,1226,20260817,5,32,8.006615634997123e-05,6.757736264262348e-05
soh_process_policy,hidden_16_8,16-8,39,1226,20260817,5,36,2.2479448718459683e-05,1.711845470708795e-05
soh_process_policy,hidden_16_8,16-8,39,1226,20260817,5,39,0.0001727645435634202,0.000140768286655657
soh_process_policy,hidden_16_8,16-8,39,1226,20260817,5,46,0.0007185309840985426,0.0006529534002766013
soh_process_policy,hidden_32_16,32-16,39,2658,20260815,1,1,0.0019256953955447366,0.0014631581725552678
soh_process_policy,hidden_32_16,32-16,39,2658,20260815,1,6,0.0018629271675234603,0.0015445672906935215
soh_process_policy,hidden_32_16,32-16,39,2658,20260815,1,12,0.0004976394041124631,0.0004276788095012307
soh_process_policy,hidden_32_16,32-16,39,2658,20260815,1,13,0.00027006561326635957,0.00022027254453860223
soh_process_policy,hidden_32_16,32-16,39,2658,20260815,1,20,0.0003308472736211713,0.00030777096981182694
soh_process_policy,hidden_32_16,32-16,39,2658,20260815,1,22,9.855940270675308e-05,7.683634612476453e-05
soh_process_policy,hidden_32_16,32-16,39,2658,20260815,1,47,0.0003306451183968881,0.00027300952933728695
soh_process_policy,hidden_32_16,32-16,39,2658,20260815,1,49,0.00016683394374738595,0.00013907432730775326
soh_process_policy,hidden_32_16,32-16,39,2658,20260815,2,3,0.0006176699550083776,0.0005615520640276372
soh_process_policy,hidden_32_16,32-16,39,2658,20260815,2,17,0.00030624950010869575,0.0002737760660238564
soh_process_policy,hidden_32_16,32-16,39,2658,20260815,2,30,0.0007994786090398615,0.0007108080317266285
soh_process_policy,hidden_32_16,32-16,39,2658,20260815,2,38,0.0001070080637193652,9.422540460946038e-05
soh_process_policy,hidden_32_16,32-16,39,2658,20260815,2,40,0.00018173469876252624,0.0001715564721962437
soh_process_policy,hidden_32_16,32-16,39,2658,20260815,2,41,0.0014716797720964704,0.0012290250742807984
soh_process_policy,hidden_32_16,32-16,39,2658,20260815,2,42,0.00010956435026910918,8.84389883140102e-05
soh_process_policy,hidden_32_16,32-16,39,2658,20260815,2,45,0.0005892899229849621,0.0005187928909435868
soh_process_policy,hidden_32_16,32-16,39,2658,20260815,3,7,0.0011220429727931492,0.0009701728704385459
soh_process_policy,hidden_32_16,32-16,39,2658,20260815,3,8,0.0024603327071447186,0.0021203947253525257
soh_process_policy,hidden_32_16,32-16,39,2658,20260815,3,23,9.966854173940619e-05,9.02056708582677e-05
soh_process_policy,hidden_32_16,32-16,39,2658,20260815,3,26,0.0002450247700290587,0.0001988804287975654
soh_process_policy,hidden_32_16,32-16,39,2658,20260815,3,33,0.0005433438062463419,0.0004755544650834054
soh_process_policy,hidden_32_16,32-16,39,2658,20260815,3,34,5.581431378615096e-05,4.772782267536968e-05
soh_process_policy,hidden_32_16,32-16,39,2658,20260815,3,35,0.0012471016113632827,0.0011275922879576683
soh_process_policy,hidden_32_16,32-16,39,2658,20260815,3,37,0.00027080537141805136,0.00021806955919601023
soh_process_policy,hidden_32_16,32-16,39,2658,20260815,4,4,0.001664928475496864,0.0013945794198662043
soh_process_policy,hidden_32_16,32-16,39,2658,20260815,4,15,0.00022202734979206564,0.00016781926387920976
soh_process_policy,hidden_32_16,32-16,39,2658,20260815,4,19,0.00010606690918780536,9.231090371031314e-05
soh_process_policy,hidden_32_16,32-16,39,2658,20260815,4,27,6.305958741122633e-05,5.0882099458249286e-05
soh_process_policy,hidden_32_16,32-16,39,2658,20260815,4,29,0.00025536956022216507,0.00023620248248334974
soh_process_policy,hidden_32_16,32-16,39,2658,20260815,4,43,0.0002530405946817808,0.00021437168470583856
soh_process_policy,hidden_32_16,32-16,39,2658,20260815,4,44,1.2254216589394176e-05,9.682178642833605e-06
soh_process_policy,hidden_32_16,32-16,39,2658,20260815,4,48,6.551907220860163e-05,5.429983139038086e-05
soh_process_policy,hidden_32_16,32-16,39,2658,20260815,5,18,0.00012837522556619126,0.00011168360651936382
soh_process_policy,hidden_32_16,32-16,39,2658,20260815,5,21,8.480061132167281e-05,7.648110477020964e-05
soh_process_policy,hidden_32_16,32-16,39,2658,20260815,5,28,7.805026248584778e-05,6.594658043468371e-05
soh_process_policy,hidden_32_16,32-16,39,2658,20260815,5,31,0.00033971392115847134,0.0002665531646925956
soh_process_policy,hidden_32_16,32-16,39,2658,20260815,5,32,7.339904524973169e-05,5.441069515654817e-05
soh_process_policy,hidden_32_16,32-16,39,2658,20260815,5,36,0.00018692553529825007,0.0001482069492340088
soh_process_policy,hidden_32_16,32-16,39,2658,20260815,5,39,0.00015476959783536145,0.00012982368934899569
soh_process_policy,hidden_32_16,32-16,39,2658,20260815,5,46,0.000547850488783626,0.0004602527478709817
soh_process_policy,hidden_32_16,32-16,39,2658,20260816,1,1,0.002206873253794138,0.0016993343597278
soh_process_policy,hidden_32_16,32-16,39,2658,20260816,1,6,0.00158116555738226,0.0013184415875002742
soh_process_policy,hidden_32_16,32-16,39,2658,20260816,1,12,0.0002908799734737219,0.00027432202477939427
soh_process_policy,hidden_32_16,32-16,39,2658,20260816,1,13,0.0001648706656193583,0.00014299750910140574
soh_process_policy,hidden_32_16,32-16,39,2658,20260816,1,20,0.0003697772242993431,0.00033228041138499975
soh_process_policy,hidden_32_16,32-16,39,2658,20260816,1,22,0.00015110016102382732,0.00012716292985714972
soh_process_policy,hidden_32_16,32-16,39,2658,20260816,1,47,0.00030530255448706425,0.0002782666706480086
soh_process_policy,hidden_32_16,32-16,39,2658,20260816,1,49,0.00017731719645790704,0.00013969540304969996
soh_process_policy,hidden_32_16,32-16,39,2658,20260816,2,3,0.00018947208446536484,0.0001567971776239574
soh_process_policy,hidden_32_16,32-16,39,2658,20260816,2,17,0.0003500496296826726,0.0003079891321249306
soh_process_policy,hidden_32_16,32-16,39,2658,20260816,2,30,0.0006305942684489073,0.0005860173841938376
soh_process_policy,hidden_32_16,32-16,39,2658,20260816,2,38,8.81265708965828e-05,8.203506149584427e-05
soh_process_policy,hidden_32_16,32-16,39,2658,20260816,2,40,0.00021661116010188134,0.0002031147450907156
soh_process_policy,hidden_32_16,32-16,39,2658,20260816,2,41,0.0023199764029338092,0.002079408150166273
soh_process_policy,hidden_32_16,32-16,39,2658,20260816,2,42,4.744122311502607e-05,3.8499831134686247e-05
soh_process_policy,hidden_32_16,32-16,39,2658,20260816,2,45,0.0007492436523142868,0.0006473362445831299
soh_process_policy,hidden_32_16,32-16,39,2658,20260816,3,7,0.0012917745679040433,0.001077362336218357
soh_process_policy,hidden_32_16,32-16,39,2658,20260816,3,8,0.0025388498522414876,0.0021887088660150766
soh_process_policy,hidden_32_16,32-16,39,2658,20260816,3,23,0.00016063858157132417,0.00014430523151531816
soh_process_policy,hidden_32_16,32-16,39,2658,20260816,3,26,0.00015013533315243028,0.00011120915587525815
soh_process_policy,hidden_32_16,32-16,39,2658,20260816,3,33,0.0002966626461833718,0.00025376916164532304
soh_process_policy,hidden_32_16,32-16,39,2658,20260816,3,34,0.00014805873546792336,0.00013482689973898232
soh_process_policy,hidden_32_16,32-16,39,2658,20260816,3,35,0.0010009323645892635,0.0009085357305593789
soh_process_policy,hidden_32_16,32-16,39,2658,20260816,3,37,0.00027181461658932387,0.00024389267491642386
soh_process_policy,hidden_32_16,32-16,39,2658,20260816,4,4,0.0015011360857189783,0.001168510876595974
soh_process_policy,hidden_32_16,32-16,39,2658,20260816,4,15,0.0002366834174025544,0.0001731336087686941
soh_process_policy,hidden_32_16,32-16,39,2658,20260816,4,19,0.00012451695616517663,0.00010498404299141839
soh_process_policy,hidden_32_16,32-16,39,2658,20260816,4,27,4.64507628925962e-05,3.806829408858903e-05
soh_process_policy,hidden_32_16,32-16,39,2658,20260816,4,29,0.00035828581527491167,0.00033604144118726254
soh_process_policy,hidden_32_16,32-16,39,2658,20260816,4,43,0.00016843858159994217,0.0001474869204685092
soh_process_policy,hidden_32_16,32-16,39,2658,20260816,4,44,0.00013537438492496287,0.00010483383812243119
soh_process_policy,hidden_32_16,32-16,39,2658,20260816,4,48,8.56775925533574e-05,6.900191510794684e-05
soh_process_policy,hidden_32_16,32-16,39,2658,20260816,5,18,4.2049595723436276e-05,3.2914875191636384e-05
soh_process_policy,hidden_32_16,32-16,39,2658,20260816,5,21,0.0001719837155001432,0.00014395355537999421
soh_process_policy,hidden_32_16,32-16,39,2658,20260816,5,28,4.2961989790806124e-05,3.708720032591373e-05
soh_process_policy,hidden_32_16,32-16,39,2658,20260816,5,31,0.0002869149924081708,0.00023245453485287726
soh_process_policy,hidden_32_16,32-16,39,2658,20260816,5,32,6.462097427463582e-05,4.481911673792638e-05
soh_process_policy,hidden_32_16,32-16,39,2658,20260816,5,36,7.157954213964507e-05,5.06174546899274e-05
soh_process_policy,hidden_32_16,32-16,39,2658,20260816,5,39,0.0002391483789995778,0.0002037310623563826
soh_process_policy,hidden_32_16,32-16,39,2658,20260816,5,46,0.0004225536507205618,0.0003587222017813474
soh_process_policy,hidden_32_16,32-16,39,2658,20260817,1,1,0.001602633373174044,0.0012743889819830656
soh_process_policy,hidden_32_16,32-16,39,2658,20260817,1,6,0.0014909075351968385,0.0012186444364488125
soh_process_policy,hidden_32_16,32-16,39,2658,20260817,1,12,0.00011619739758459175,9.47320440900512e-05
soh_process_policy,hidden_32_16,32-16,39,2658,20260817,1,13,0.0003431293154530995,0.00028497696621343493
soh_process_policy,hidden_32_16,32-16,39,2658,20260817,1,20,0.00034525042638375243,0.0003133869031444192
soh_process_policy,hidden_32_16,32-16,39,2658,20260817,1,22,3.98305585837955e-05,3.150224802084267e-05
soh_process_policy,hidden_32_16,32-16,39,2658,20260817,1,47,0.00028729649004820013,0.00024626971571706235
soh_process_policy,hidden_32_16,32-16,39,2658,20260817,1,49,0.0001837265486032572,0.00015369296306744218
soh_process_policy,hidden_32_16,32-16,39,2658,20260817,2,3,0.0002563563966742278,0.00022318720584735274
soh_process_policy,hidden_32_16,32-16,39,2658,20260817,2,17,0.00034839307984319755,0.0003089475503657013
soh_process_policy,hidden_32_16,32-16,39,2658,20260817,2,30,0.0007154773527776248,0.0006365120643749833
soh_process_policy,hidden_32_16,32-16,39,2658,20260817,2,38,9.437767343814621e-05,8.84687906363979e-05
soh_process_policy,hidden_32_16,32-16,39,2658,20260817,2,40,0.00024116912852845408,0.00022540568897966295
soh_process_policy,hidden_32_16,32-16,39,2658,20260817,2,41,0.0008267424733348819,0.0007330536609515548
soh_process_policy,hidden_32_16,32-16,39,2658,20260817,2,42,7.281586858973846e-05,5.695700747310184e-05
soh_process_policy,hidden_32_16,32-16,39,2658,20260817,2,45,0.0003074149873115939,0.000281630753306672
soh_process_policy,hidden_32_16,32-16,39,2658,20260817,3,7,0.0010714473647816228,0.000939729216042906
soh_process_policy,hidden_32_16,32-16,39,2658,20260817,3,8,0.002565002058461448,0.0022464822977781296
soh_process_policy,hidden_32_16,32-16,39,2658,20260817,3,23,0.00012607697689931944,0.00011447787255747244
soh_process_policy,hidden_32_16,32-16,39,2658,20260817,3,26,0.00013361459032190982,9.013891394715756e-05
soh_process_policy,hidden_32_16,32-16,39,2658,20260817,3,33,0.00021260838097755466,0.00016844988567754626
soh_process_policy,hidden_32_16,32-16,39,2658,20260817,3,34,0.0001379823645865014,0.00012138247257098556
soh_process_policy,hidden_32_16,32-16,39,2658,20260817,3,35,0.0013806072032713432,0.0012409973423928022
soh_process_policy,hidden_32_16,32-16,39,2658,20260817,3,37,0.0003273282397191842,0.00028429747908376157
soh_process_policy,hidden_32_16,32-16,39,2658,20260817,4,4,0.0013389762309418214,0.0010493636364117265
soh_process_policy,hidden_32_16,32-16,39,2658,20260817,4,15,0.0003329586521009013,0.00023570776102133095
soh_process_policy,hidden_32_16,32-16,39,2658,20260817,4,19,8.590776220662199e-05,7.156968058552593e-05
soh_process_policy,hidden_32_16,32-16,39,2658,20260817,4,27,6.827708156489668e-05,5.7653189287520945e-05
soh_process_policy,hidden_32_16,32-16,39,2658,20260817,4,29,0.00013767078878141578,0.00012789368338417262
soh_process_policy,hidden_32_16,32-16,39,2658,20260817,4,43,0.0002342048228002117,0.0002020132524194196
soh_process_policy,hidden_32_16,32-16,39,2658,20260817,4,44,3.9280048808790766e-05,3.07881819026079e-05
soh_process_policy,hidden_32_16,32-16,39,2658,20260817,4,48,4.613319127204451e-05,3.5778284654952586e-05
soh_process_policy,hidden_32_16,32-16,39,2658,20260817,5,18,4.5685725730422034e-05,3.8751364627387375e-05
soh_process_policy,hidden_32_16,32-16,39,2658,20260817,5,21,4.8649025711799146e-05,3.9592981920577586e-05
soh_process_policy,hidden_32_16,32-16,39,2658,20260817,5,28,5.769310696313242e-05,4.989743320038542e-05
soh_process_policy,hidden_32_16,32-16,39,2658,20260817,5,31,0.00043221869125673366,0.00036181212635710835
soh_process_policy,hidden_32_16,32-16,39,2658,20260817,5,32,0.00016682947708039395,0.0001153421399067156
soh_process_policy,hidden_32_16,32-16,39,2658,20260817,5,36,0.0001066731490338613,8.574486128054559e-05
soh_process_policy,hidden_32_16,32-16,39,2658,20260817,5,39,0.0002405312483951345,0.0001962208771146834
soh_process_policy,hidden_32_16,32-16,39,2658,20260817,5,46,0.0003077736493911118,0.00027394891367293894
