battery_id,policy,cutoff,horizon,cycle,y_true,pred_power,pred_linear_50,power_weight,linear_weight,SOH_pred,horizon_bin,abs_error,interval_half_width,SOH_lower,SOH_upper
1,3_6C-80PER_3_6C,150,1,151,1.003445257503298,1.0028433842959037,1.0027265326494603,0.6320942573973992,0.3679057426026008,1.0028003939041443,1-10,0.0006448635991536111,0.001025357785885861,1.0017750361182585,1.0038257516900302
1,3_6C-80PER_3_6C,150,2,152,1.0034277921174513,1.0027892271861152,1.0026803078901745,0.6320942573973992,0.3679057426026008,1.0027491551516583,1-10,0.0006786369657929558,0.001025357785885861,1.0017237973657724,1.0037745129375442
1,3_6C-80PER_3_6C,150,3,153,1.0033506455468124,1.002734384222595,1.0026340831308882,0.6320942573973992,0.3679057426026008,1.0026974828749669,1-10,0.0006531626718455641,0.001025357785885861,1.001672125089081,1.0037228406608527
1,3_6C-80PER_3_6C,150,4,154,1.0033075891677996,1.0026788512875018,1.002587858371602,0.6320942573973992,0.3679057426026008,1.002645374471206,1-10,0.0006622146965935549,0.001025357785885861,1.0016200166853202,1.003670732257092
1,3_6C-80PER_3_6C,150,5,155,1.003062233185877,1.0026226242653378,1.002541633612316,0.6320942573973992,0.3679057426026008,1.002592827338994,1-10,0.000469405846883042,0.001025357785885861,1.001567469553108,1.0036181851248798
1,3_6C-80PER_3_6C,150,6,156,1.002359601647238,1.002565699042934,1.00249540885303,0.6320942573973992,0.3679057426026008,1.0025398388784197,1-10,0.0001802372311816569,0.001025357785885861,1.0015144810925338,1.0035651966643055
1,3_6C-80PER_3_6C,150,7,157,1.0027953023155554,1.0025080715094332,1.0024491840937435,0.6320942573973992,0.3679057426026008,1.002486406491034,1-10,0.00030889582452142683,0.001025357785885861,1.001461048705148,1.0035117642769198
1,3_6C-80PER_3_6C,150,8,158,1.0028912218410349,1.0024497375562735,1.0024029593344577,0.6320942573973992,0.3679057426026008,1.0024325275798387,1-10,0.0004586942611961575,0.001025357785885861,1.0014071697939528,1.0034578853657246
1,3_6C-80PER_3_6C,150,9,159,1.002995173576048,1.0023906930771729,1.0023567345751716,0.6320942573973992,0.3679057426026008,1.0023781995492764,1-10,0.0006169740267716328,0.001025357785885861,1.0013528417633906,1.0034035573351623
1,3_6C-80PER_3_6C,150,10,160,1.0033487775911067,1.0023309339681128,1.0023105098158855,0.6320942573973992,0.3679057426026008,1.0023234198052209,1-10,0.001025357785885861,0.001025357785885861,1.001298062019335,1.0033487775911067
1,3_6C-80PER_3_6C,150,11,161,1.0021650540605065,1.0022704561273243,1.0022642850565997,0.6320942573973992,0.3679057426026008,1.002268185754967,11-20,0.00010313169446041215,0.0012867152290459982,1.0009814705259208,1.003554900984013
1,3_6C-80PER_3_6C,150,12,162,1.0022139944999913,1.0022092554552708,1.0022180602973134,0.6320942573973992,0.3679057426026008,1.002212494807221,11-20,1.4996927701904639e-06,0.0012867152290459982,1.000925779578175,1.0034992100362672
1,3_6C-80PER_3_6C,150,13,163,1.0008259166152045,1.0021473278546342,1.0021718355380274,0.6320942573973992,0.3679057426026008,1.0021563443720924,11-20,0.001330427756887964,0.0012867152290459982,1.0008696291430463,1.0034430596011386
1,3_6C-80PER_3_6C,150,14,164,1.0006974946604488,1.0020846692302998,1.0021256107787413,0.6320942573973992,0.3679057426026008,1.0020997318610825,11-20,0.0014022372006337047,0.0012867152290459982,1.0008130166320366,1.0033864470901284
1,3_6C-80PER_3_6C,150,15,165,0.9981442794043316,1.0020212754893414,1.002079386019455,0.6320942573973992,0.3679057426026008,1.002042654687076,11-20,0.003898375282744393,0.0012867152290459982,1.0007559394580299,1.003329369916122
1,3_6C-80PER_3_6C,150,16,166,0.9972159988164632,1.001957142541007,1.002033161260169,0.6320942573973992,0.3679057426026008,1.001985110264332,11-20,0.004769111447868846,0.0012867152290459982,1.0006983950352861,1.003271825493378
1,3_6C-80PER_3_6C,150,17,167,1.001691247095796,1.001892266296704,1.0019869365008829,0.6320942573973992,0.3679057426026008,1.0019270960084747,11-20,0.00023584891267880437,0.0012867152290459982,1.0006403807794286,1.0032138112375208
1,3_6C-80PER_3_6C,150,18,168,1.0027427193624443,1.0018266426699864,1.0019407117415968,0.6320942573973992,0.3679057426026008,1.0018686093364852,11-20,0.0008741100259590517,0.0012867152290459982,1.0005818941074391,1.0031553245655314
1,3_6C-80PER_3_6C,150,19,169,1.0021746740323898,1.001760267576539,1.0018944869823108,0.6320942573973992,0.3679057426026008,1.0018096476666911,11-20,0.0003650263656986841,0.0012867152290459982,1.000522932437645,1.0030963628957372
1,3_6C-80PER_3_6C,150,20,170,1.0028745036374702,1.0016931369341644,1.0018482622230247,0.6320942573973992,0.3679057426026008,1.001750208418759,11-20,0.0011242952187111577,0.0012867152290459982,1.000463493189713,1.0030369236478052
1,3_6C-80PER_3_6C,150,21,171,1.0030350544303617,1.0016252466627704,1.0018020374637386,0.6320942573973992,0.3679057426026008,1.0016902890136858,21-30,0.0013447654166758305,0.0010819419350923676,1.0006083470785936,1.002772230948778
1,3_6C-80PER_3_6C,150,22,172,1.000743446370805,1.0015565926843548,1.0017558127044526,0.6320942573973992,0.3679057426026008,1.0016298868737905,21-30,0.000886440502985586,0.0010819419350923676,1.000547944938698,1.002711828808883
1,3_6C-80PER_3_6C,150,23,173,1.0006491146076752,1.001487170922993,1.0017095879451663,0.6320942573973992,0.3679057426026008,1.0015689994227033,21-30,0.000919884815028027,0.0010819419350923676,1.0004870574876108,1.0026509413577958
1,3_6C-80PER_3_6C,150,24,174,0.9993706857228036,1.001416977304826,1.0016633631858802,0.6320942573973992,0.3679057426026008,1.0015076240853622,21-30,0.0021369383625585714,0.0010819419350923676,1.00042568215027,1.0025895660204545
1,3_6C-80PER_3_6C,150,25,175,0.993688551262122,1.0013460077580445,1.0016171384265942,0.6320942573973992,0.3679057426026008,1.0014457582879996,21-30,0.007757207025877677,0.0010819419350923676,1.0003638163529072,1.0025277002230921
1,3_6C-80PER_3_6C,150,26,176,0.9973098635906666,1.0012742582128782,1.001570913667308,0.6320942573973992,0.3679057426026008,1.0013833994581374,21-30,0.004073535867470723,0.0010819419350923676,1.0003014575230451,1.0024653413932296
1,3_6C-80PER_3_6C,150,27,177,1.000836190371585,1.0012017246015836,1.001524688908022,0.6320942573973992,0.3679057426026008,1.001320545024578,21-30,0.00048435465299290215,0.0010819419350923676,1.0002386030894854,1.0024024869596704
1,3_6C-80PER_3_6C,150,28,178,0.9985527079193476,1.0011284028584304,1.001478464148736,0.6320942573973992,0.3679057426026008,1.0012571924173967,21-30,0.0027044844980491645,0.0010819419350923676,1.0001752504823043,1.0023391343524892
1,3_6C-80PER_3_6C,150,29,179,1.0007759488000814,1.0010542889196887,1.00143223938945,0.6320942573973992,0.3679057426026008,1.001193339067933,21-30,0.00041739026785170275,0.0010819419350923676,1.0001113971328408,1.0022752810030253
1,3_6C-80PER_3_6C,150,30,180,0.9995530915974498,1.0009793787236183,1.001386014630164,0.6320942573973992,0.3679057426026008,1.001128982408785,21-30,0.0015758908113352454,0.0010819419350923676,1.0000470404736927,1.0022109243438773
1,3_6C-80PER_3_6C,150,31,181,1.00073662833248,1.0009036682104553,1.0013397898708776,0.6320942573973992,0.3679057426026008,1.001064119873798,31-40,0.000327491541318059,0.001287928048889997,0.999776191824908,1.002352047922688
1,3_6C-80PER_3_6C,150,32,182,1.0028742234441144,1.0008271533224005,1.0012935651115915,0.6320942573973992,0.3679057426026008,1.0009987488980614,31-40,0.0018754745460529687,0.001287928048889997,0.9997108208491714,1.0022866769469514
1,3_6C-80PER_3_6C,150,33,183,1.0026043972424492,1.0007498300036084,1.0012473403523054,0.6320942573973992,0.3679057426026008,1.0009328669178983,31-40,0.0016715303245509183,0.001287928048889997,0.9996449388690083,1.0022207949667883
1,3_6C-80PER_3_6C,150,34,184,1.002543315090878,1.0006716942001743,1.0012011155930194,0.6320942573973992,0.3679057426026008,1.0008664713708586,31-40,0.0016768437200194164,0.001287928048889997,0.9995785433219686,1.0021543994197486
1,3_6C-80PER_3_6C,150,35,185,1.0024532796258712,1.0005927418601237,1.001154890833733,0.6320942573973992,0.3679057426026008,1.0007995596957129,31-40,0.0016537199301582817,0.001287928048889997,0.9995116316468229,1.0020874877446029
1,3_6C-80PER_3_6C,150,36,186,1.0024046193797418,1.0005129689334002,1.0011086660744473,0.6320942573973992,0.3679057426026008,1.0007321293324434,31-40,0.0016724900472984139,0.001287928048889997,0.9994442012835534,1.0020200573813334
1,3_6C-80PER_3_6C,150,37,187,1.002291327866201,1.0004323713718553,1.0010624413151612,0.6320942573973992,0.3679057426026008,1.000664177722239,31-40,0.001627150143961975,0.001287928048889997,0.9993762496733489,1.001952105771129
1,3_6C-80PER_3_6C,150,38,188,1.002104999284573,1.0003509451292354,1.0010162165558751,0.6320942573973992,0.3679057426026008,1.0005957023074856,31-40,0.0015092969770873488,0.001287928048889997,0.9993077742585956,1.0018836303563756
1,3_6C-80PER_3_6C,150,39,189,1.001162522233343,1.0002686861611731,1.0009699917965889,0.6320942573973992,0.3679057426026008,1.0005267005317622,31-40,0.0006358217015807188,0.001287928048889997,0.9992387724828722,1.0018146285806522
1,3_6C-80PER_3_6C,150,40,190,1.0008601936024013,1.0001855904251744,1.0009237670373028,0.6320942573973992,0.3679057426026008,1.0004571698398317,31-40,0.0004030237625696209,0.001287928048889997,0.9991692417909417,1.0017450978887217
1,3_6C-80PER_3_6C,150,41,191,1.0016636947491393,1.0001016538806091,1.0008775422780167,0.6320942573973992,0.3679057426026008,1.000387107677634,41-50,0.0012765870715052419,0.0014857516834847484,0.9989013559941493,1.0018728593611188
1,3_6C-80PER_3_6C,150,42,192,1.0020310282386335,1.000016872488699,1.000831317518731,0.6320942573973992,0.3679057426026008,1.0003165114922818,41-50,0.001714516746351702,0.0014857516834847484,0.9988307598087971,1.0018022631757666
1,3_6C-80PER_3_6C,150,43,193,1.0022478044982617,0.999931242212509,1.0007850927594446,0.6320942573973992,0.3679057426026008,1.0002453787320509,41-50,0.0020024257662107914,0.0014857516834847484,0.9987596270485661,1.0017311304155356
1,3_6C-80PER_3_6C,150,44,194,0.9990243667349964,0.9998447590169348,1.0007388680001583,0.6320942573973992,0.3679057426026008,1.0001737068463754,41-50,0.0011493401113790158,0.0014857516834847484,0.9986879551628907,1.0016594585298602
1,3_6C-80PER_3_6C,150,45,195,1.0002354558166835,0.999757418868694,1.0006926432408725,0.6320942573973992,0.3679057426026008,1.0001014932858403,41-50,0.0001339625308431902,0.0014857516834847484,0.9986157416023556,1.001587244969325
1,3_6C-80PER_3_6C,150,46,196,0.9944517979634054,0.9996692177363152,1.0006464184815864,0.6320942573973992,0.3679057426026008,1.000028735502176,41-50,0.005576937538770532,0.0014857516834847484,0.9985429838186912,1.0015144871856607
1,3_6C-80PER_3_6C,150,47,197,0.9967514382324956,0.9995801515901288,1.0006001937223,0.6320942573973992,0.3679057426026008,0.9999554309482512,41-50,0.003203992715755666,0.0014857516834847484,0.9984696792647665,1.001441182631736
1,3_6C-80PER_3_6C,150,48,198,0.998688695094711,0.999490216402255,1.000553968963014,0.6320942573973992,0.3679057426026008,0.9998815770780664,41-50,0.0011928819833553206,0.0014857516834847484,0.9983958253945816,1.001367328761551
1,3_6C-80PER_3_6C,150,49,199,0.9941304161842672,0.9993994081465962,1.000507744203728,0.6320942573973992,0.3679057426026008,0.9998071713467483,41-50,0.0056767551624811174,0.0014857516834847484,0.9983214196632636,1.001292923030233
1,3_6C-80PER_3_6C,150,50,200,0.9986537643230176,0.9993077227988262,1.000461519444442,0.6320942573973992,0.3679057426026008,0.9997322112105438,41-50,0.0010784468875262299,0.0014857516834847484,0.998246459527059,1.0012179628940285
3,3_6C-80PER_3_6C,150,1,151,0.996087692379097,0.9961328018333202,0.9961741972790714,0.6687516288194143,0.3312483711805857,0.9961465140072996,1-10,5.882162820258774e-05,0.001025357785885861,0.9951211562214137,0.9971718717931854
3,3_6C-80PER_3_6C,150,2,152,0.995936137331482,0.9961094795037914,0.996153901202374,0.6687516288194143,0.3312483711805857,0.996124194119092,1-10,0.00018805678761002476,0.001025357785885861,0.9950988363332062,0.9971495519049779
3,3_6C-80PER_3_6C,150,3,153,0.995953967337084,0.9960860932239518,0.9961336051256766,0.6687516288194143,0.3312483711805857,0.9961018314640098,1-10,0.00014786412692580075,0.001025357785885861,0.9950764736781239,0.9971271892498956
3,3_6C-80PER_3_6C,150,4,154,0.995921615986714,0.9960626432381456,0.9961133090489792,0.6687516288194143,0.3312483711805857,0.9960794262054588,1-10,0.000157810218744725,0.001025357785885861,0.9950540684195729,0.9971047839913446
3,3_6C-80PER_3_6C,150,5,155,0.995915274386784,0.9960391297882,0.9960930129722816,0.6687516288194143,0.3312483711805857,0.9960569785051612,1-10,0.0001417041183772172,0.001025357785885861,0.9950316207192753,0.997082336291047
3,3_6C-80PER_3_6C,150,6,156,0.995894227627594,0.9960155531134688,0.9960727168955844,0.6687516288194143,0.3312483711805857,0.9960344885231852,1-10,0.00014026089559115995,0.001025357785885861,0.9950091307372994,0.9970598463090711
3,3_6C-80PER_3_6C,150,7,157,0.995892665204422,0.9959919134508712,0.9960524208188868,0.6687516288194143,0.3312483711805857,0.9960119564179708,1-10,0.00011929121354881111,0.001025357785885861,0.9949865986320849,0.9970373142038567
3,3_6C-80PER_3_6C,150,8,158,0.995891746131969,0.9959682110349348,0.9960321247421894,0.6687516288194143,0.3312483711805857,0.995989382346359,1-10,9.76362143900733e-05,0.001025357785885861,0.9949640245604732,0.9970147401322449
3,3_6C-80PER_3_6C,150,9,159,0.995975657446991,0.9959444460978316,0.996011828665492,0.6687516288194143,0.3312483711805857,0.9959667664636151,1-10,8.890983375864359e-06,0.001025357785885861,0.9949414086777293,0.996992124249501
3,3_6C-80PER_3_6C,150,10,160,0.995947258108172,0.9959206188694192,0.9959915325887944,0.6687516288194143,0.3312483711805857,0.9959441089234566,1-10,3.149184715334208e-06,0.001025357785885861,0.9949187511375708,0.9969694667093425
3,3_6C-80PER_3_6C,150,11,161,0.995908289436135,0.9958967295772756,0.9959712365120972,0.6687516288194143,0.3312483711805857,0.9959214098780768,11-20,1.312044194179407e-05,0.0012867152290459982,0.9946346946490308,0.9972081251071228
3,3_6C-80PER_3_6C,150,12,162,0.995918031604144,0.995872778446738,0.9959509404353996,0.6687516288194143,0.3312483711805857,0.9958986694781704,11-20,1.9362125973643174e-05,0.0012867152290459982,0.9946119542491244,0.9971853847072164
3,3_6C-80PER_3_6C,150,13,163,0.995865001123566,0.9958487657009376,0.9959306443587024,0.6687516288194143,0.3312483711805857,0.9958758878729566,11-20,1.0886749390537354e-05,0.0012867152290459982,0.9945891726439106,0.9971626031020026
3,3_6C-80PER_3_6C,150,14,164,0.995785960892548,0.9958246915608344,0.9959103482820048,0.6687516288194143,0.3312483711805857,0.9958530652102028,11-20,6.710431765477587e-05,0.0012867152290459982,0.9945663499811568,0.9971397804392488
3,3_6C-80PER_3_6C,150,15,165,0.995752782376969,0.9958005562452524,0.9958900522053074,0.6687516288194143,0.3312483711805857,0.9958302016362478,11-20,7.741925927884363e-05,0.0012867152290459982,0.9945434864072018,0.9971169168652938
3,3_6C-80PER_3_6C,150,16,166,0.995700579061599,0.995776359970912,0.99586975612861,0.6687516288194143,0.3312483711805857,0.995807297296024,11-20,0.00010671823442498507,0.0012867152290459982,0.994520582066978,0.99709401252507
3,3_6C-80PER_3_6C,150,17,167,0.995619424963938,0.9957521029524634,0.9958494600519124,0.6687516288194143,0.3312483711805857,0.9957843523330788,11-20,0.00016492736914086592,0.0012867152290459982,0.9944976371040328,0.9970710675621248
3,3_6C-80PER_3_6C,150,18,168,0.99554038473292,0.9957277854025184,0.995829163975215,0.6687516288194143,0.3312483711805857,0.9957613668895968,11-20,0.00022098215667687438,0.0012867152290459982,0.9944746516605508,0.9970480821186428
3,3_6C-80PER_3_6C,150,19,169,0.995556560408105,0.995703407531682,0.9958088678985176,0.6687516288194143,0.3312483711805857,0.9957383411064205,11-20,0.00018178069831542576,0.0012867152290459982,0.9944516258773745,0.9970250563354665
3,3_6C-80PER_3_6C,150,20,170,0.99556657829785,0.9956789695485831,0.9957885718218202,0.6687516288194143,0.3312483711805857,0.9957152751230708,11-20,0.0001486968252207843,0.0012867152290459982,0.9944285598940248,0.9970019903521168
3,3_6C-80PER_3_6C,150,21,171,0.99556281010079,0.9956544716599048,0.9957682757451228,0.6687516288194143,0.3312483711805857,0.995692169077767,21-30,0.00012935897697707865,0.0010819419350923676,0.9946102271426747,0.9967741110128594
3,3_6C-80PER_3_6C,150,22,172,0.995726864533775,0.9956299140704128,0.9957479796684252,0.6687516288194143,0.3312483711805857,0.995669023107447,21-30,5.7841426328031353e-05,0.0010819419350923676,0.9945870811723546,0.9967509650425393
3,3_6C-80PER_3_6C,150,23,173,0.995763903153659,0.9956052969829856,0.995727683591728,0.6687516288194143,0.3312483711805857,0.9956458373477858,21-30,0.00011806580587325755,0.0010819419350923676,0.9945638954126934,0.9967277792828781
3,3_6C-80PER_3_6C,150,24,174,0.995717673809238,0.995580620598642,0.9957073875150304,0.6687516288194143,0.3312483711805857,0.9956226119332152,21-30,9.506187602281724e-05,0.0010819419350923676,0.9945406699981229,0.9967045538683076
3,3_6C-80PER_3_6C,150,25,175,0.995575493300651,0.9955558851165688,0.995687091438333,0.6687516288194143,0.3312483711805857,0.9955993469969416,21-30,2.385369629065437e-05,0.0010819419350923676,0.9945174050618493,0.996681288932034
3,3_6C-80PER_3_6C,150,26,176,0.995473384351045,0.995531090734148,0.9956667953616356,0.6687516288194143,0.3312483711805857,0.995576042670965,21-30,0.00010265831991995711,0.0010819419350923676,0.9944941007358726,0.9966579846060574
3,3_6C-80PER_3_6C,150,27,177,0.995457484397596,0.9955062376469832,0.9956464992849382,0.6687516288194143,0.3312483711805857,0.9955526990860948,21-30,9.521468849882364e-05,0.0010819419350923676,0.9944707571510024,0.9966346410211872
3,3_6C-80PER_3_6C,150,28,178,0.995426695470397,0.9954813260489254,0.9956262032082408,0.6687516288194143,0.3312483711805857,0.9955293163719698,21-30,0.00010262090157286963,0.0010819419350923676,0.9944473744368775,0.9966112583070622
3,3_6C-80PER_3_6C,150,29,179,0.995535237927179,0.9954563561320994,0.9956059071315432,0.6687516288194143,0.3312483711805857,0.9955058946570736,21-30,2.93432701053975e-05,0.0010819419350923676,0.9944239527219813,0.996587836592166
3,3_6C-80PER_3_6C,150,30,180,0.995685046737132,0.9954313280869276,0.995585611054846,0.6687516288194143,0.3312483711805857,0.9954824340687514,21-30,0.00020261266838061953,0.0010819419350923676,0.994400492133659,0.9965643760038437
3,3_6C-80PER_3_6C,150,31,181,0.995721533913544,0.9954062421021548,0.9955653149781484,0.6687516288194143,0.3312483711805857,0.9954589347332268,31-40,0.0002625991803172356,0.001287928048889997,0.9941710066843368,0.9967468627821168
3,3_6C-80PER_3_6C,150,32,182,0.995718592881692,0.9953810983648728,0.995545018901451,0.6687516288194143,0.3312483711805857,0.9954353967756172,31-40,0.00028319610607474566,0.001287928048889997,0.9941474687267272,0.9967233248245072
3,3_6C-80PER_3_6C,150,33,183,0.995694145554423,0.995355897060543,0.9955247228247536,0.6687516288194143,0.3312483711805857,0.9954118203199512,31-40,0.000282325234471803,0.001287928048889997,0.9941238922710612,0.9966997483688412
3,3_6C-80PER_3_6C,150,34,184,0.995586797891832,0.9953306383730202,0.9955044267480562,0.6687516288194143,0.3312483711805857,0.9953882054891808,31-40,0.0001985924026511876,0.001287928048889997,0.9941002774402908,0.9966761335380708
3,3_6C-80PER_3_6C,150,35,185,0.995516396941878,0.9953053224845744,0.9954841306713588,0.6687516288194143,0.3312483711805857,0.9953645524052004,31-40,0.00015184453667760334,0.001287928048889997,0.9940766243563104,0.9966524804540904
3,3_6C-80PER_3_6C,150,36,186,0.99532421889181,0.995279949575914,0.9954638345946611,0.6687516288194143,0.3312483711805857,0.9953408611888586,31-40,1.664229704856357e-05,0.001287928048889997,0.9940529331399686,0.9966287892377486
3,3_6C-80PER_3_6C,150,37,187,0.99536906962755,0.9952545198262066,0.995443538517964,0.6687516288194143,0.3312483711805857,0.9953171319599738,31-40,5.1937667576162916e-05,0.001287928048889997,0.9940292039110838,0.9966050600088638
3,3_6C-80PER_3_6C,150,38,188,0.995384601952018,0.9952290334131004,0.9954232424412665,0.6687516288194143,0.3312483711805857,0.995293364837349,31-40,9.12371146690738e-05,0.001287928048889997,0.994005436788459,0.996581292886239
3,3_6C-80PER_3_6C,150,39,189,0.995334788225027,0.9952034905127456,0.9954029463645688,0.6687516288194143,0.3312483711805857,0.9952695599387844,31-40,6.522828624255794e-05,0.001287928048889997,0.9939816318898944,0.9965574879876744
3,3_6C-80PER_3_6C,150,40,190,0.995264846811301,0.9951778912998148,0.9953826502878717,0.6687516288194143,0.3312483711805857,0.9952457173810932,31-40,1.912943020776492e-05,0.001287928048889997,0.9939577893322032,0.9965336454299832
3,3_6C-80PER_3_6C,150,41,191,0.995245638197019,0.9951522359475228,0.995362354211174,0.6687516288194143,0.3312483711805857,0.9952218372801126,41-50,2.3800916906346892e-05,0.0014857516834847484,0.9937360855966278,0.9967075889635973
3,3_6C-80PER_3_6C,150,42,192,0.99517395054563,0.9951265246276464,0.9953420581344766,0.6687516288194143,0.3312483711805857,0.9951979197507188,41-50,2.3969205088847367e-05,0.0014857516834847484,0.9937121680672341,0.9966836714342036
3,3_6C-80PER_3_6C,150,43,193,0.995102079079751,0.9951007575105438,0.9953217620577792,0.6687516288194143,0.3312483711805857,0.9951739649068392,41-50,7.188582708816948e-05,0.0014857516834847484,0.9936882132233544,0.9966597165903239
3,3_6C-80PER_3_6C,150,44,194,0.995053000610724,0.9950749347651742,0.9953014659810818,0.6687516288194143,0.3312483711805857,0.9951499728614652,41-50,9.697225074123406e-05,0.0014857516834847484,0.9936642211779805,0.99663572454495
3,3_6C-80PER_3_6C,150,45,195,0.995010815185099,0.9950490565591152,0.9952811699043844,0.6687516288194143,0.3312483711805857,0.9951259437266649,41-50,0.00011512854156581209,0.0014857516834847484,0.9936401920431801,0.9966116954101496
3,3_6C-80PER_3_6C,150,46,196,0.99500603600834,0.9950231230585828,0.9952608738276868,0.6687516288194143,0.3312483711805857,0.9951018776135954,41-50,9.584160525533125e-05,0.0014857516834847484,0.9936161259301106,0.9965876292970801
3,3_6C-80PER_3_6C,150,47,197,0.995042706999242,0.9949971344284474,0.9952405777509896,0.6687516288194143,0.3312483711805857,0.9950777746325143,41-50,3.5067633272323206e-05,0.0014857516834847484,0.9935920229490296,0.9965635263159991
3,3_6C-80PER_3_6C,150,48,198,0.995129926975098,0.9949710908322532,0.995220281674292,0.6687516288194143,0.3312483711805857,0.9950536348927916,41-50,7.629208230630624e-05,0.0014857516834847484,0.9935678832093069,0.9965393865762764
3,3_6C-80PER_3_6C,150,49,199,0.995250693095514,0.9949449924322348,0.9951999855975946,0.6687516288194143,0.3312483711805857,0.9950294585029223,41-50,0.0002212345925916015,0.0014857516834847484,0.9935437068194376,0.9965152101864071
3,3_6C-80PER_3_6C,150,50,200,0.99523231164644,0.9949188393893336,0.9951796895208972,0.6687516288194143,0.3312483711805857,0.9950052455705364,41-50,0.00022706607590361472,0.0014857516834847484,0.9935194938870516,0.9964909972540211
4,80PER_3_6C,150,1,151,0.978282122564083,0.9771356807982444,0.977049117297483,0.7207590427733697,0.2792409572266303,0.977111508723431,1-10,0.0011706138406519795,0.001025357785885861,0.9760861509375451,0.9781368665093169
4,80PER_3_6C,150,2,152,0.97397602384921,0.97693177813132,0.9768644460158636,0.7207590427733697,0.2792409572266303,0.976912976246948,1-10,0.0029369523977379464,0.001025357785885861,0.9758876184610621,0.9779383340328338
4,80PER_3_6C,150,3,153,0.977315811624049,0.9767271799898508,0.9766797747342444,0.7207590427733697,0.2792409572266303,0.9767139425008976,1-10,0.0006018691231514106,0.001025357785885861,0.9756885847150117,0.9777393002867835
4,80PER_3_6C,150,4,154,0.977521162463468,0.9765218885705584,0.9764951034526248,0.7207590427733697,0.2792409572266303,0.9765144090685872,1-10,0.001006753394880766,0.001025357785885861,0.9754890512827014,0.9775397668544731
4,80PER_3_6C,150,5,155,0.977203518012383,0.9763159060489808,0.9763104321710055,0.7207590427733697,0.2792409572266303,0.9763143775180552,1-10,0.0008891404943278669,0.001025357785885861,0.9752890197321693,0.977339735303941
4,80PER_3_6C,150,6,156,0.976557487982142,0.976109234579814,0.9761257608893864,0.7207590427733697,0.2792409572266303,0.9761138494023184,1-10,0.0004436385798236575,0.001025357785885861,0.9750884916164325,0.9771392071882042
4,80PER_3_6C,150,7,157,0.977258590705409,0.975901876297244,0.9759410896077668,0.7207590427733697,0.2792409572266303,0.9759128262596104,1-10,0.0013457644457985918,0.001025357785885861,0.9748874684737245,0.9769381840454963
4,80PER_3_6C,150,8,158,0.976773579949634,0.9756938333152718,0.9757564183261476,0.7207590427733697,0.2792409572266303,0.9757113096136169,1-10,0.0010622703360171348,0.001025357785885861,0.974685951827731,0.9767366673995027
4,80PER_3_6C,150,9,159,0.975828409502578,0.97548510772803,0.9755717470445282,0.7207590427733697,0.2792409572266303,0.9755093009737024,1-10,0.00031910852887562235,0.001025357785885861,0.9744839431878165,0.9765346587595882
4,80PER_3_6C,150,10,160,0.976332207467818,0.9752757016100946,0.9753870757629088,0.7207590427733697,0.2792409572266303,0.9753068018351368,1-10,0.0010254056326811645,0.001025357785885861,0.974281444049251,0.9763321596210227
4,80PER_3_6C,150,11,161,0.976224415365281,0.9750656170167888,0.9752024044812896,0.7207590427733697,0.2792409572266303,0.9751038136793126,11-20,0.001120601685968392,0.0012867152290459982,0.9738170984502666,0.9763905289083586
4,80PER_3_6C,150,12,162,0.975751463966933,0.97485485598448,0.97501773319967,0.7207590427733697,0.2792409572266303,0.97490033797396,11-20,0.0008511259929729897,0.0012867152290459982,0.973613622744914,0.976187053203006
4,80PER_3_6C,150,13,163,0.975235098881849,0.9746434205308704,0.9748330619180507,0.7207590427733697,0.2792409572266303,0.9746963761733564,11-20,0.0005387227084926449,0.0012867152290459982,0.9734096609443104,0.9759830914024024
4,80PER_3_6C,150,14,164,0.974350957571568,0.9744313126552832,0.9746483906364314,0.7207590427733697,0.2792409572266303,0.9744919297185318,11-20,0.00014097214696384697,0.0012867152290459982,0.9732052144894858,0.9757786449475778
4,80PER_3_6C,150,15,165,0.97529388214639,0.9742185343389396,0.974463719354812,0.7207590427733697,0.2792409572266303,0.9742870000374696,11-20,0.001006882108920415,0.0012867152290459982,0.9730002848084236,0.9755737152665156
4,80PER_3_6C,150,16,166,0.974413236585064,0.9740050875452316,0.9742790480731928,0.7207590427733697,0.2792409572266303,0.9740815885453018,11-20,0.00033164803976215573,0.0012867152290459982,0.9727948733162558,0.9753683037743478
4,80PER_3_6C,150,17,167,0.974660936763073,0.9737909742199916,0.9740943767915732,0.7207590427733697,0.2792409572266303,0.973875696644505,11-20,0.0007852401185679536,0.0012867152290459982,0.972588981415459,0.975162411873551
4,80PER_3_6C,150,18,168,0.974572127163239,0.9735761962917496,0.973909705509954,0.7207590427733697,0.2792409572266303,0.9736693257250848,11-20,0.0009028014381542437,0.0012867152290459982,0.9723826104960388,0.9749560409541308
4,80PER_3_6C,150,19,169,0.974186647606047,0.9733607556719936,0.9737250342283346,0.7207590427733697,0.2792409572266303,0.9734624771647634,11-20,0.0007241704412835892,0.0012867152290459982,0.9721757619357174,0.9747491923938094
4,80PER_3_6C,150,20,170,0.973803452979735,0.9731446542554169,0.9735403629467152,0.7207590427733697,0.2792409572266303,0.973255152329158,11-20,0.0005483006505769827,0.0012867152290459982,0.971968437100112,0.974541867558204
4,80PER_3_6C,150,21,171,0.974155859627127,0.9729278939201657,0.9733556916650958,0.7207590427733697,0.2792409572266303,0.9730473525719594,21-30,0.001108507055167629,0.0010819419350923676,0.971965410636867,0.9741292945070518
4,80PER_3_6C,150,22,172,0.973357627812101,0.9727104765280792,0.9731710203834766,0.7207590427733697,0.2792409572266303,0.9728390792351052,21-30,0.0005185485769958476,0.0010819419350923676,0.9717571373000128,0.9739210211701975
4,80PER_3_6C,150,23,173,0.971043402945608,0.972492403924925,0.9729863491018572,0.7207590427733697,0.2792409572266303,0.972630333648949,21-30,0.0015869307033410385,0.0010819419350923676,0.9715483917138567,0.9737122755840414
4,80PER_3_6C,150,24,174,0.972616714562333,0.9722736779406304,0.972801677820238,0.7207590427733697,0.2792409572266303,0.9724211171324276,21-30,0.00019559742990538087,0.0010819419350923676,0.9713391751973353,0.97350305906752
4,80PER_3_6C,150,25,175,0.972867617549441,0.9720543003895088,0.9726170065386184,0.7207590427733697,0.2792409572266303,0.9722114309932236,21-30,0.000656186556217353,0.0010819419350923676,0.9711294890581312,0.973293372928316
4,80PER_3_6C,150,26,176,0.973033792565382,0.9718342730704812,0.9724323352569992,0.7207590427733697,0.2792409572266303,0.9720012765279256,21-30,0.0010325160374564657,0.0010819419350923676,0.9709193345928332,0.9730832184630179
4,80PER_3_6C,150,27,177,0.972031147318477,0.9716135977672936,0.9722476639753798,0.7207590427733697,0.2792409572266303,0.9717906550221846,21-30,0.00024049229629230506,0.0010819419350923676,0.9707087130870923,0.972872596957277
4,80PER_3_6C,150,28,178,0.972356896438926,0.9713922762487308,0.9720629926937604,0.7207590427733697,0.2792409572266303,0.9715795677508684,21-30,0.0007773286880575769,0.0010819419350923676,0.970497625815776,0.9726615096859608
4,80PER_3_6C,150,29,179,0.97160842534086,0.9711703102688248,0.971878321412141,0.7207590427733697,0.2792409572266303,0.9713680159782117,21-30,0.00024040936264835278,0.0010819419350923676,0.9702860740431193,0.972449957913304
4,80PER_3_6C,150,30,180,0.96847232841292,0.970947701567059,0.9716936501305216,0.7207590427733697,0.2792409572266303,0.9711560009579622,21-30,0.002683672545042204,0.0010819419350923676,0.9700740590228698,0.9722379428930545
4,80PER_3_6C,150,31,181,0.97203463330277,0.9707244518685711,0.9715089788489024,0.7207590427733697,0.2792409572266303,0.9709435239335288,31-40,0.0010911093692411722,0.001287928048889997,0.9696555958846388,0.9722314519824188
4,80PER_3_6C,150,32,182,0.972334720891787,0.9705005628843484,0.9713243075672828,0.7207590427733697,0.2792409572266303,0.9707305861381214,31-40,0.0016041347536656092,0.001287928048889997,0.9694426580892314,0.9720185141870114
4,80PER_3_6C,150,33,183,0.970727945778786,0.9702760363114216,0.9711396362856636,0.7207590427733697,0.2792409572266303,0.9705171887948898,31-40,0.00021075698389616537,0.001287928048889997,0.9692292607459998,0.9718051168437798
4,80PER_3_6C,150,34,184,0.971464835987857,0.9700508738330548,0.9709549650040442,0.7207590427733697,0.2792409572266303,0.970303333117062,31-40,0.0011615028707950836,0.001287928048889997,0.969015405068172,0.971591261165952
4,80PER_3_6C,150,35,185,0.971547132558215,0.9698250771189306,0.9707702937224248,0.7207590427733697,0.2792409572266303,0.9700890203080768,31-40,0.0014581122501382549,0.001287928048889997,0.9688010922591868,0.9713769483569668
4,80PER_3_6C,150,36,186,0.970880547914708,0.969598647825334,0.9705856224408056,0.7207590427733697,0.2792409572266303,0.9698742515617168,31-40,0.0010062963529912095,0.001287928048889997,0.9685863235128268,0.9711621796106068
4,80PER_3_6C,150,37,187,0.970201503562637,0.9693715875953296,0.970400951159186,0.7207590427733697,0.2792409572266303,0.9696590280622353,31-40,0.0005424755004017623,0.001287928048889997,0.9683711000133453,0.9709469561111252
4,80PER_3_6C,150,38,188,0.968738952505661,0.9691438980589396,0.9702162798775668,0.7207590427733697,0.2792409572266303,0.9694433509844856,31-40,0.0007043984788246416,0.001287928048889997,0.9681554229355956,0.9707312790333756
4,80PER_3_6C,150,39,189,0.970155873297653,0.9689155808333136,0.9700316085959476,0.7207590427733697,0.2792409572266303,0.9692272214940432,31-40,0.0009286518036097924,0.001287928048889997,0.9679392934451532,0.9705151495429332
4,80PER_3_6C,150,40,190,0.969615701966896,0.9686866375229009,0.969846937314328,0.7207590427733697,0.2792409572266303,0.9690106407473288,31-40,0.0006050612195671601,0.001287928048889997,0.9677227126984388,0.9702985687962188
4,80PER_3_6C,150,41,191,0.969350767160661,0.9684570697196138,0.9696622660327088,0.7207590427733697,0.2792409572266303,0.9687936098917284,41-50,0.0005571572689326842,0.0014857516834847484,0.9673078582082436,0.9702793615752131
4,80PER_3_6C,150,42,192,0.96939238414961,0.9682268790029926,0.9694775947510894,0.7207590427733697,0.2792409572266303,0.9685761300657096,41-50,0.0008162540839004029,0.0014857516834847484,0.9670903783822249,0.9700618817491944
4,80PER_3_6C,150,43,193,0.969385168064478,0.9679960669403656,0.96929292346947,0.7207590427733697,0.2792409572266303,0.9683582023989384,41-50,0.0010269656655396142,0.0014857516834847484,0.9668724507154537,0.9698439540824232
4,80PER_3_6C,150,44,194,0.96931095663416,0.9677646350870056,0.9691082521878508,0.7207590427733697,0.2792409572266303,0.9681398280123916,41-50,0.0011711286217683803,0.0014857516834847484,0.9666540763289069,0.9696255796958764
4,80PER_3_6C,150,45,195,0.968567543630951,0.9675325849862848,0.9689235809062312,0.7207590427733697,0.2792409572266303,0.967921008018469,41-50,0.0006465356124819577,0.0014857516834847484,0.9664352563349843,0.9694067597019538
4,80PER_3_6C,150,46,196,0.968492238558502,0.9672999181698264,0.968738909624612,0.7207590427733697,0.2792409572266303,0.9677017435211016,41-50,0.0007904950374003628,0.0014857516834847484,0.9662159918376169,0.9691874952045864
4,80PER_3_6C,150,47,197,0.967857428124765,0.9670666361576548,0.9685542383429926,0.7207590427733697,0.2792409572266303,0.9674820356158608,41-50,0.000375392508904282,0.0014857516834847484,0.965996283932376,0.9689677872993455
4,80PER_3_6C,150,48,198,0.968099308564292,0.9668327404583396,0.9683695670613732,0.7207590427733697,0.2792409572266303,0.967261885390062,41-50,0.0008374231742300786,0.0014857516834847484,0.9657761337065772,0.9687476370735467
4,80PER_3_6C,150,49,199,0.967294143839328,0.9665982325691412,0.968184895779754,0.7207590427733697,0.2792409572266303,0.9670412939228692,41-50,0.0002528499164587972,0.0014857516834847484,0.9655555422393844,0.9685270456063539
4,80PER_3_6C,150,50,200,0.967948044187048,0.9663631139761518,0.9680002244981344,0.7207590427733697,0.2792409572266303,0.966820262285396,41-50,0.0011277819016520807,0.0014857516834847484,0.9653345106019112,0.9683060139688807
6,80PER_3_6C,150,1,151,0.99631199430189,0.9962322461295812,0.9962488390845672,0.658643045300931,0.341356954699069,0.9962379102501646,1-10,7.408405172537602e-05,0.001025357785885861,0.9952125524642788,0.9972632680360505
6,80PER_3_6C,150,2,152,0.996030832472512,0.996197339128705,0.9962167044090848,0.658643045300931,0.341356954699069,0.9962039496018424,1-10,0.00017311712933043566,0.001025357785885861,0.9951785918159566,0.9972293073877283
6,80PER_3_6C,150,3,153,0.9960548576254,0.9961623118365582,0.9961845697336024,0.658643045300931,0.341356954699069,0.9961699097245112,1-10,0.0001150520991112236,0.001025357785885861,0.9951445519386254,0.9971952675103971
6,80PER_3_6C,150,4,154,0.996034981394497,0.9961271646288952,0.99615243505812,0.658643045300931,0.341356954699069,0.9961357908656592,1-10,0.00010080947116219985,0.001025357785885861,0.9951104330797733,0.997161148651545
6,80PER_3_6C,150,5,155,0.995551294280335,0.9960918978778596,0.9961203003826375,0.658643045300931,0.341356954699069,0.9961015932703964,1-10,0.0005502989900614264,0.001025357785885861,0.9950762354845105,0.9971269510562822
6,80PER_3_6C,150,6,156,0.995833035029059,0.9960565119520433,0.9960881657071552,0.658643045300931,0.341356954699069,0.9960673171814932,1-10,0.00023428215243426198,0.001025357785885861,0.9950419593956074,0.9970926749673791
6,80PER_3_6C,150,7,157,0.996125582272255,0.9960210072165416,0.9960560310316728,0.658643045300931,0.341356954699069,0.9960329628394168,1-10,9.261943283822571e-05,0.001025357785885861,0.9950076050535309,0.9970583206253026
6,80PER_3_6C,150,8,158,0.995673639235602,0.9959853840330094,0.9960238963561904,0.658643045300931,0.341356954699069,0.9959985304823687,1-10,0.000324891246766712,0.001025357785885861,0.9949731726964829,0.9970238882682546
6,80PER_3_6C,150,9,159,0.995904435081818,0.995949642759715,0.995991761680708,0.658643045300931,0.341356954699069,0.9959640203463204,1-10,5.958526450233759e-05,0.001025357785885861,0.9949386625604345,0.9969893781322062
6,80PER_3_6C,150,10,160,0.995864103700665,0.9959137837515925,0.9959596270052258,0.658643045300931,0.341356954699069,0.9959294326650462,1-10,6.532896438116165e-05,0.001025357785885861,0.9949040748791603,0.996954790450932
6,80PER_3_6C,150,11,161,0.995681068700552,0.995877807360294,0.9959274923297434,0.658643045300931,0.341356954699069,0.9958947676701596,11-20,0.00021369896960765633,0.0012867152290459982,0.9946080524411136,0.9971814828992056
6,80PER_3_6C,150,12,162,0.995565381317771,0.9958417139342398,0.995895357654261,0.658643045300931,0.341356954699069,0.995860025591145,11-20,0.0002946442733740007,0.0012867152290459982,0.994573310362099,0.997146740820191
6,80PER_3_6C,150,13,163,0.995429142298182,0.9958055038186688,0.9958632229787786,0.658643045300931,0.341356954699069,0.9958252066553916,11-20,0.0003960643572096245,0.0012867152290459982,0.9945384914263456,0.9971119218844376
6,80PER_3_6C,150,14,164,0.996025429225276,0.9957691773556856,0.9958310883032964,0.658643045300931,0.341356954699069,0.9957903110882246,11-20,0.0002351181370514599,0.0012867152290459982,0.9945035958591786,0.9970770263172706
6,80PER_3_6C,150,15,165,0.995053134182505,0.9957327348843092,0.995798953627814,0.658643045300931,0.341356954699069,0.995755339112936,11-20,0.0007022049304310496,0.0012867152290459982,0.99446862388389,0.997042054341982
6,80PER_3_6C,150,16,166,0.995661964362111,0.9956961767405178,0.9957668189523315,0.658643045300931,0.341356954699069,0.9957202909508156,11-20,5.832658870463803e-05,0.0012867152290459982,0.9944335757217696,0.9970070061798616
6,80PER_3_6C,150,17,167,0.99521474916679,0.9956595032572962,0.9957346842768492,0.658643045300931,0.341356954699069,0.995685166821182,11-20,0.0004704176543920413,0.0012867152290459982,0.994398451592136,0.996971882050228
6,80PER_3_6C,150,18,168,0.995903856162471,0.9956227147646788,0.9957025496013668,0.658643045300931,0.341356954699069,0.9956499669414096,11-20,0.00025388922106139855,0.0012867152290459982,0.9943632517123636,0.9969366821704556
6,80PER_3_6C,150,19,169,0.995019556860397,0.995585811589794,0.9956704149258844,0.658643045300931,0.341356954699069,0.9956146915269593,11-20,0.000595134666562247,0.0012867152290459982,0.9943279762979133,0.9969014067560052
6,80PER_3_6C,150,20,170,0.995130612888404,0.9955487940569058,0.995638280250402,0.658643045300931,0.341356954699069,0.9955793407914052,11-20,0.00044872790300121146,0.0012867152290459982,0.9942926255623592,0.9968660560204512
6,80PER_3_6C,150,21,171,0.994860354040056,0.9955116624874571,0.9956061455749196,0.658643045300931,0.341356954699069,0.9955439149464638,21-30,0.0006835609064077541,0.0010819419350923676,0.9944619730113714,0.9966258568815561
6,80PER_3_6C,150,22,172,0.994507502698247,0.99547441720011,0.9955740108994372,0.658643045300931,0.341356954699069,0.9955084142020196,21-30,0.0010009115037726835,0.0010819419350923676,0.9944264722669273,0.996590356137112
6,80PER_3_6C,150,23,173,0.995475938278707,0.9954370585107848,0.9955418762239548,0.658643045300931,0.341356954699069,0.995472838766151,21-30,3.099512555948536e-06,0.0010819419350923676,0.9943908968310586,0.9965547807012434
6,80PER_3_6C,150,24,174,0.994355246910066,0.9953995867327012,0.9955097415484724,0.658643045300931,0.341356954699069,0.9954371888451584,21-30,0.0010819419350923676,0.0010819419350923676,0.994355246910066,0.9965191307802508
6,80PER_3_6C,150,25,175,0.995516366146418,0.9953620021764156,0.99547760687299,0.658643045300931,0.341356954699069,0.9954014646435873,21-30,0.0001149015028307776,0.0010819419350923676,0.9943195227084949,0.9964834065786796
6,80PER_3_6C,150,26,176,0.994995531707509,0.9953243051498588,0.9954454721975078,0.658643045300931,0.341356954699069,0.995365666364254,21-30,0.0003701346567450692,0.0010819419350923676,0.9942837244291617,0.9964476082993464
6,80PER_3_6C,150,27,177,0.994834881588802,0.9952864959583742,0.9954133375220254,0.658643045300931,0.341356954699069,0.9953297942082714,21-30,0.0004949126194694342,0.0010819419350923676,0.994247852273179,0.9964117361433638
6,80PER_3_6C,150,28,178,0.994346756092981,0.995248574904752,0.995381202846543,0.658643045300931,0.341356954699069,0.9952938483750696,21-30,0.0009470922820886685,0.0010819419350923676,0.9942119064399773,0.996375790310162
6,80PER_3_6C,150,29,179,0.994833048344204,0.9952105422892672,0.9953490681710606,0.658643045300931,0.341356954699069,0.9952578290624232,21-30,0.0004247807182191643,0.0010819419350923676,0.9941758871273308,0.9963397709975156
6,80PER_3_6C,150,30,180,0.9944207612828,0.9951723984097128,0.9953169334955784,0.658643045300931,0.341356954699069,0.995221736466471,21-30,0.0008009751836710599,0.0010819419350923676,0.9941397945313787,0.9963036784015634
6,80PER_3_6C,150,31,181,0.995293868144172,0.9951341435614344,0.995284798820096,0.658643045300931,0.341356954699069,0.9951855707817404,31-40,0.00010829736243156418,0.001287928048889997,0.9938976427328504,0.9964734988306304
6,80PER_3_6C,150,32,182,0.994568771662438,0.995095778037364,0.9952526641446136,0.658643045300931,0.341356954699069,0.9951493322011692,31-40,0.000580560538731234,0.001287928048889997,0.9938614041522792,0.9964372602500592
6,80PER_3_6C,150,33,183,0.994554588138444,0.9950573021280524,0.9952205294691312,0.658643045300931,0.341356954699069,0.9951130209161267,31-40,0.0005584327776827491,0.001287928048889997,0.9938250928672367,0.9964009489650167
6,80PER_3_6C,150,34,184,0.994844144298349,0.995018716121702,0.9951883947936488,0.658643045300931,0.341356954699069,0.9950766371164352,31-40,0.00023249281808623845,0.001287928048889997,0.9937887090675452,0.9963645651653252
6,80PER_3_6C,150,35,185,0.994597524656657,0.9949800203041984,0.9951562601181664,0.658643045300931,0.341356954699069,0.9950401809903912,31-40,0.00044265633373419266,0.001287928048889997,0.9937522529415012,0.9963281090392812
6,80PER_3_6C,150,36,186,0.994021499906698,0.994941214959141,0.995124125442684,0.658643045300931,0.341356954699069,0.9950036527247856,31-40,0.000982152818087667,0.001287928048889997,0.9937157246758956,0.9962915807736756
6,80PER_3_6C,150,37,187,0.994463890774129,0.9949023003678744,0.9950919907672016,0.658643045300931,0.341356954699069,0.9949670525049245,31-40,0.0005031617307954539,0.001287928048889997,0.9936791244560345,0.9962549805538145
6,80PER_3_6C,150,38,188,0.994952981135527,0.9948632768095168,0.9950598560917192,0.658643045300931,0.341356954699069,0.9949303805146464,31-40,2.2600620880552924e-05,0.001287928048889997,0.9936424524657564,0.9962183085635364
6,80PER_3_6C,150,39,189,0.994258760352284,0.9948241445609912,0.9950277214162369,0.658643045300931,0.341356954699069,0.994893636936345,31-40,0.0006348765840610282,0.001287928048889997,0.993605708887455,0.996181564985235
6,80PER_3_6C,150,40,190,0.994639978742082,0.9947849038970532,0.9949955867407544,0.658643045300931,0.341356954699069,0.9948568219509863,31-40,0.00021684320890436037,0.001287928048889997,0.9935688939020964,0.9961447499998763
6,80PER_3_6C,150,41,191,0.99454957083744,0.9947455550903184,0.994963452065272,0.658643045300931,0.341356954699069,0.9948199357381268,41-50,0.0002703649006867703,0.0014857516834847484,0.993334184054642,0.9963056874216115
6,80PER_3_6C,150,42,192,0.994321476614842,0.9947060984112926,0.9949313173897898,0.658643045300931,0.341356954699069,0.9947829784759328,41-50,0.00046150186109072955,0.0014857516834847484,0.993297226792448,0.9962687301594175
6,80PER_3_6C,150,43,193,0.994117504031691,0.9946665341283968,0.9948991827143074,0.658643045300931,0.341356954699069,0.9947459503411984,41-50,0.0006284463095074244,0.0014857516834847484,0.9932601986577136,0.9962317020246831
6,80PER_3_6C,150,44,194,0.994052568578303,0.9946268625079951,0.994867048038825,0.658643045300931,0.341356954699069,0.994708851509362,41-50,0.0006562829310589047,0.0014857516834847484,0.9932230998258772,0.9961946031928467
6,80PER_3_6C,150,45,195,0.994158896764979,0.9945870838144208,0.9948349133633426,0.658643045300931,0.341356954699069,0.9946716821545252,41-50,0.0005127853895461332,0.0014857516834847484,0.9931859304710404,0.9961574338380099
6,80PER_3_6C,150,46,196,0.993596187159993,0.994547198310002,0.9948027786878604,0.658643045300931,0.341356954699069,0.9946344424494686,41-50,0.0010382552894756536,0.0014857516834847484,0.9931486907659839,0.9961201941329534
6,80PER_3_6C,150,47,197,0.993637483406724,0.9945072062550874,0.994770644012378,0.658643045300931,0.341356954699069,0.9945971325656688,41-50,0.0009596491589448641,0.0014857516834847484,0.9931113808821841,0.9960828842491536
6,80PER_3_6C,150,48,198,0.99334879562584,0.9944671079080708,0.9947385093368956,0.658643045300931,0.341356954699069,0.9945597526733154,41-50,0.001210957047475425,0.0014857516834847484,0.9930740009898307,0.9960455043568002
6,80PER_3_6C,150,49,199,0.99379687920018,0.994426903525416,0.9947063746614132,0.658643045300931,0.341356954699069,0.9945223029413264,41-50,0.0007254237411463693,0.0014857516834847484,0.9930365512578416,0.9960080546248111
6,80PER_3_6C,150,50,200,0.992999031853879,0.9943865933616802,0.9946742399859309,0.658643045300931,0.341356954699069,0.9944847835373638,41-50,0.0014857516834847484,0.0014857516834847484,0.992999031853879,0.9959705352208486
7,4_8C_80PER_4_8C,150,1,151,0.994412843138433,0.9946709477832548,0.9948574333099202,0.5597142925974559,0.4402857074025441,0.994753054695283,1-10,0.0003402115568499342,0.001025357785885861,0.9937276969093971,0.9957784124811688
7,4_8C_80PER_4_8C,150,2,152,0.99430393950734,0.9945890818021452,0.9947961483872466,0.5597142925974559,0.4402857074025441,0.994680250260046,1-10,0.00037631075270605496,0.001025357785885861,0.9936548924741602,0.9957056080459319
7,4_8C_80PER_4_8C,150,3,153,0.994450293317817,0.9945064325598186,0.9947348634645732,0.5597142925974559,0.4402857074025441,0.9946070074223112,1-10,0.00015671410449424883,0.001025357785885861,0.9935816496364254,0.9956323652081971
7,4_8C_80PER_4_8C,150,4,154,0.994126470373694,0.9944229977551814,0.9946735785418996,0.5597142925974559,0.4402857074025441,0.994533324894123,1-10,0.00040685452042910075,0.001025357785885861,0.9935079671082372,0.9955586826800089
7,4_8C_80PER_4_8C,150,5,155,0.994194197439395,0.994338775095437,0.994612293619226,0.5597142925974559,0.4402857074025441,0.9944592013921713,1-10,0.0002650039527762882,0.001025357785885861,0.9934338436062854,0.9954845591780571
7,4_8C_80PER_4_8C,150,6,156,0.993897577113133,0.994253762296002,0.9945510086965528,0.5597142925974559,0.4402857074025441,0.9943846356377412,1-10,0.0004870585246081749,0.001025357785885861,0.9933592778518553,0.995409993423627
7,4_8C_80PER_4_8C,150,7,157,0.994026975867272,0.994167957080424,0.9944897237738792,0.5597142925974559,0.4402857074025441,0.9943096263566704,1-10,0.0002826504893984616,0.001025357785885861,0.9932842685707846,0.9953349841425563
7,4_8C_80PER_4_8C,150,8,158,0.994024926354968,0.9940813571803016,0.9944284388512056,0.5597142925974559,0.4402857074025441,0.994234172279302,1-10,0.00020924592433402278,0.001025357785885861,0.9932088144934161,0.9952595300651879
7,4_8C_80PER_4_8C,150,9,159,0.993888447467413,0.9939939603352032,0.994367153928532,0.5597142925974559,0.4402857074025441,0.99415827214044,1-10,0.0002698246730269416,0.001025357785885861,0.9931329143545541,0.9951836299263258
7,4_8C_80PER_4_8C,150,10,160,0.993772463702904,0.9939057642925913,0.9943058690058588,0.5597142925974559,0.4402857074025441,0.9940819246793072,1-10,0.0003094609764032752,0.001025357785885861,0.9930565668934214,0.9951072824651931
7,4_8C_80PER_4_8C,150,11,161,0.993563506607488,0.9938167668077428,0.9942445840831852,0.5597142925974559,0.4402857074025441,0.9940051286395,11-20,0.0004416220320119235,0.0012867152290459982,0.992718413410454,0.995291843868546
7,4_8C_80PER_4_8C,150,12,162,0.993831340601835,0.9937269656436754,0.9941832991605116,0.5597142925974559,0.4402857074025441,0.9939278827689472,11-20,9.654216711219021e-05,0.0012867152290459982,0.9926411675399012,0.9952145979979932
7,4_8C_80PER_4_8C,150,13,163,0.993612135944896,0.993636358571072,0.9941220142378382,0.5597142925974559,0.4402857074025441,0.9938501858198682,11-20,0.00023804987497222374,0.0012867152290459982,0.9925634705908222,0.9951369010489142
7,4_8C_80PER_4_8C,150,14,164,0.993566767195245,0.9935449433682084,0.9940607293151646,0.5597142925974559,0.4402857074025441,0.9937720365487324,11-20,0.00020526935348741393,0.0012867152290459982,0.9924853213196864,0.9950587517777784
7,4_8C_80PER_4_8C,150,15,165,0.993454789295695,0.9934527178208792,0.9939994443924912,0.5597142925974559,0.4402857074025441,0.9936934337162172,11-20,0.00023864442052223822,0.0012867152290459982,0.9924067184871712,0.9949801489452632
7,4_8C_80PER_4_8C,150,16,166,0.993360511729685,0.9933596797223287,0.9939381594698176,0.5597142925974559,0.4402857074025441,0.9936143760871698,11-20,0.0002538643574848676,0.0012867152290459982,0.9923276608581239,0.9949010913162158
7,4_8C_80PER_4_8C,150,17,167,0.99283844504992,0.9932658268731802,0.9938768745471442,0.5597142925974559,0.4402857074025441,0.993534862430568,11-20,0.0006964173806479623,0.0012867152290459982,0.992248147201522,0.994821577659614
7,4_8C_80PER_4_8C,150,18,168,0.992978557163833,0.9931711570813664,0.9938155896244708,0.5597142925974559,0.4402857074025441,0.9934548915194804,11-20,0.0004763343556474231,0.0012867152290459982,0.9921681762904344,0.9947416067485264
7,4_8C_80PER_4_8C,150,19,169,0.992819254161977,0.9930756681620628,0.9937543047017972,0.5597142925974559,0.4402857074025441,0.993374462131029,11-20,0.0005552079690519518,0.0012867152290459982,0.992087746901983,0.994661177360075
7,4_8C_80PER_4_8C,150,20,170,0.992514156307546,0.99297935793762,0.9936930197791236,0.5597142925974559,0.4402857074025441,0.9932935730463526,11-20,0.0007794167388065487,0.0012867152290459982,0.9920068578173066,0.9945802882753986
7,4_8C_80PER_4_8C,150,21,171,0.992589988262816,0.9928822242374978,0.9936317348564504,0.5597142925974559,0.4402857074025441,0.9932122230505692,21-30,0.0006222347877532508,0.0010819419350923676,0.9921302811154769,0.9942941649856616
7,4_8C_80PER_4_8C,150,22,172,0.992461707424479,0.9927842648982014,0.9935704499337767,0.5597142925974559,0.4402857074025441,0.993130410932739,21-30,0.0006687035082599824,0.0010819419350923676,0.9920484689976466,0.9942123528678314
7,4_8C_80PER_4_8C,150,23,173,0.992307714522686,0.9926854777632164,0.9935091650111032,0.5597142925974559,0.4402857074025441,0.9930481354858308,21-30,0.0007404209631448611,0.0010819419350923676,0.9919661935507385,0.9941300774209232
7,4_8C_80PER_4_8C,150,24,174,0.99219750665649,0.992585860682946,0.9934478800884298,0.5597142925974559,0.4402857074025441,0.9929653955066842,21-30,0.0007678888501941872,0.0010819419350923676,0.9918834535715918,0.9940473374417765
7,4_8C_80PER_4_8C,150,25,175,0.991888775575701,0.99248541151465,0.9933865951657562,0.5597142925974559,0.4402857074025441,0.992882189795977,21-30,0.00099341422027599,0.0010819419350923676,0.9918002478608846,0.9939641317310693
7,4_8C_80PER_4_8C,150,26,176,0.991999915038399,0.992384128122383,0.9933253102430828,0.5597142925974559,0.4402857074025441,0.99279851715819,21-30,0.000798602119790992,0.0010819419350923676,0.9917165752230976,0.9938804590932824
7,4_8C_80PER_4_8C,150,27,177,0.991681867992589,0.9922820083769336,0.9932640253204092,0.5597142925974559,0.4402857074025441,0.992714376401573,21-30,0.0010325084089840564,0.0010819419350923676,0.9916324344664806,0.9937963183366654
7,4_8C_80PER_4_8C,150,28,178,0.991853374908622,0.9921790501557664,0.9932027403977358,0.5597142925974559,0.4402857074025441,0.992629766338113,21-30,0.0007763914294909302,0.0010819419350923676,0.9915478244030206,0.9937117082732053
7,4_8C_80PER_4_8C,150,29,179,0.99180772668002,0.9920752513429624,0.9931414554750624,0.5597142925974559,0.4402857074025441,0.9925446857834996,21-30,0.0007369591034795953,0.0010819419350923676,0.9914627438484073,0.993626627718592
7,4_8C_80PER_4_8C,150,30,180,0.991396706303303,0.9919706098291624,0.9930801705523888,0.5597142925974559,0.4402857074025441,0.9924591335570944,21-30,0.0010624272537913537,0.0010819419350923676,0.991377191622002,0.9935410754921867
7,4_8C_80PER_4_8C,150,31,181,0.991085180433008,0.9918651235115094,0.9930188856297152,0.5597142925974559,0.4402857074025441,0.992373108481898,31-40,0.001287928048889997,0.001287928048889997,0.991085180433008,0.993661036530788
7,4_8C_80PER_4_8C,150,32,182,0.991792169018435,0.9917587902935924,0.9929576007070418,0.5597142925974559,0.4402857074025441,0.9922866093845196,31-40,0.000494440366084592,0.001287928048889997,0.9909986813356296,0.9935745374334096
7,4_8C_80PER_4_8C,150,33,183,0.991339878916676,0.991651608085392,0.9928963157843684,0.5597142925974559,0.4402857074025441,0.9921996350951452,31-40,0.0008597561784692287,0.001287928048889997,0.9909117070462552,0.9934875631440352
7,4_8C_80PER_4_8C,150,34,184,0.991285753159905,0.9915435748032256,0.9928350308616948,0.5597142925974559,0.4402857074025441,0.992112184447508,31-40,0.0008264312876030688,0.001287928048889997,0.990824256398618,0.993400112496398
7,4_8C_80PER_4_8C,150,35,185,0.991362144073076,0.991434688369694,0.9927737459390212,0.5597142925974559,0.4402857074025441,0.992024256278858,31-40,0.0006621122057820505,0.001287928048889997,0.990736328229968,0.993312184327748
7,4_8C_80PER_4_8C,150,36,186,0.990830202470389,0.9913249467136273,0.9927124610163478,0.5597142925974559,0.4402857074025441,0.9919358494299316,31-40,0.0011056469595426277,0.001287928048889997,0.9906479213810416,0.9932237774788216
7,4_8C_80PER_4_8C,150,37,187,0.990961464417532,0.991214347770034,0.9926511760936744,0.5597142925974559,0.4402857074025441,0.991846962744924,31-40,0.0008854983273920425,0.001287928048889997,0.990559034696034,0.993134890793814
7,4_8C_80PER_4_8C,150,38,188,0.991018478123459,0.9911028894800497,0.9925898911710008,0.5597142925974559,0.4402857074025441,0.9917575950714588,31-40,0.0007391169479997739,0.001287928048889997,0.9904696670225688,0.9930455231203488
7,4_8C_80PER_4_8C,150,39,189,0.990864205742715,0.9909905697908844,0.9925286062483272,0.5597142925974559,0.4402857074025441,0.9916677452605605,31-40,0.0008035395178453975,0.001287928048889997,0.9903798172116705,0.9929556733094504
7,4_8C_80PER_4_8C,150,40,190,0.990826569244031,0.9908773866557744,0.992467321325654,0.5597142925974559,0.4402857074025441,0.991577412166626,31-40,0.0007508429225949742,0.001287928048889997,0.990289484117736,0.992865340215516
7,4_8C_80PER_4_8C,150,41,191,0.990565163265547,0.9907633380339324,0.9924060364029804,0.5597142925974559,0.4402857074025441,0.9914865946473976,41-50,0.0009214313818506348,0.0014857516834847484,0.9900008429639129,0.9929723463308824
7,4_8C_80PER_4_8C,150,42,192,0.990448061585236,0.9906484218904976,0.9923447514803068,0.5597142925974559,0.4402857074025441,0.9913952915639346,41-50,0.0009472299786985605,0.0014857516834847484,0.9899095398804498,0.9928810432474193
7,4_8C_80PER_4_8C,150,43,193,0.990580907246433,0.9905326361964888,0.9922834665576332,0.5597142925974559,0.4402857074025441,0.9913035017805872,41-50,0.0007225945341542417,0.0014857516834847484,0.9898177500971025,0.992789253464072
7,4_8C_80PER_4_8C,150,44,194,0.990143522688707,0.9904159789287572,0.99222218163496,0.5597142925974559,0.4402857074025441,0.99121122416497,41-50,0.0010677014762630055,0.0014857516834847484,0.9897254724814852,0.9926969758484547
7,4_8C_80PER_4_8C,150,45,195,0.99019858004198,0.990298448069938,0.9921608967122864,0.5597142925974559,0.4402857074025441,0.9911184575879352,41-50,0.0009198775459551278,0.0014857516834847484,0.9896327059044504,0.9926042092714199
7,4_8C_80PER_4_8C,150,46,196,0.989906990336829,0.9901800416084054,0.9920996117896128,0.5597142925974559,0.4402857074025441,0.9910252009235472,41-50,0.001118210586718127,0.0014857516834847484,0.9895394492400624,0.9925109526070319
7,4_8C_80PER_4_8C,150,47,197,0.989875688694359,0.9900607575382268,0.9920383268669394,0.5597142925974559,0.4402857074025441,0.9909314530490564,41-50,0.0010557643546973416,0.0014857516834847484,0.9894457013655716,0.9924172047325411
7,4_8C_80PER_4_8C,150,48,198,0.989850815067754,0.9899405938591176,0.9919770419442658,0.5597142925974559,0.4402857074025441,0.9908372128448756,41-50,0.000986397777121617,0.0014857516834847484,0.9893514611613908,0.9923229645283603
7,4_8C_80PER_4_8C,150,49,199,0.989802278889995,0.9898195485763966,0.9919157570215924,0.5597142925974559,0.4402857074025441,0.9907424791945528,41-50,0.0009402003045578811,0.0014857516834847484,0.9892567275110681,0.9922282308780376
7,4_8C_80PER_4_8C,150,50,200,0.989379147758751,0.9896976197009424,0.9918544720989187,0.5597142925974559,0.4402857074025441,0.9906472509847484,41-50,0.0012681032259973524,0.0014857516834847484,0.9891614993012636,0.9921330026682331
8,4_8C_80PER_4_8C,150,1,151,0.989457867705935,0.989462904918202,0.989736868831267,0.6498684171479222,0.3501315828520778,0.9895588283367278,1-10,0.00010096063079279016,0.001025357785885861,0.988533470550842,0.9905841861226137
8,4_8C_80PER_4_8C,150,2,152,0.989236259920936,0.98930719192724,0.9896128163536247,0.6498684171479222,0.3501315828520778,0.9894142006914084,1-10,0.00017794077047239565,0.001025357785885861,0.9883888429055225,0.9904395584772943
8,4_8C_80PER_4_8C,150,3,153,0.989206227216066,0.9891502630338204,0.9894887638759824,0.6498684171479222,0.3501315828520778,0.9892687828694832,1-10,6.25556534171734e-05,0.001025357785885861,0.9882434250835973,0.990294140655369
8,4_8C_80PER_4_8C,150,4,154,0.988993200203887,0.988992116783594,0.9893647113983404,0.6498684171479222,0.3501315828520778,0.9891225739258172,1-10,0.00012937372193011498,0.001025357785885861,0.9880972161399313,0.990147931711703
8,4_8C_80PER_4_8C,150,5,155,0.988854881876802,0.988832751729963,0.989240658920698,0.6498684171479222,0.3501315828520778,0.9889755729203118,1-10,0.00012069104350975746,0.001025357785885861,0.9879502151344259,0.9900009307061977
8,4_8C_80PER_4_8C,150,6,156,0.988506241346361,0.9886721664339916,0.9891166064430555,0.6498684171479222,0.3501315828520778,0.988827778917848,1-10,0.00032153757148700723,0.001025357785885861,0.9878024211319621,0.9898531367037339
8,4_8C_80PER_4_8C,150,7,157,0.988633926976691,0.9885103594643144,0.9889925539654134,0.6498684171479222,0.3501315828520778,0.9886791909882268,1-10,4.526401153581716e-05,0.001025357785885861,0.9876538332023409,0.9897045487741126
8,4_8C_80PER_4_8C,150,8,158,0.98860464042598,0.98834732939705,0.9888685014877712,0.6498684171479222,0.3501315828520778,0.9885298082061124,1-10,7.483221986759325e-05,0.001025357785885861,0.9875044504202265,0.9895551659919982
8,4_8C_80PER_4_8C,150,9,159,0.988262062398074,0.9881830748157135,0.9887444490101288,0.6498684171479222,0.3501315828520778,0.9883796296509764,1-10,0.00011756725290235082,0.001025357785885861,0.9873542718650905,0.9894049874368622
8,4_8C_80PER_4_8C,150,10,160,0.988243035467039,0.9880175943111325,0.9886203965324868,0.6498684171479222,0.3501315828520778,0.988228654407042,1-10,1.43810599969596e-05,0.001025357785885861,0.9872032966211561,0.9892540121929279
8,4_8C_80PER_4_8C,150,11,161,0.988172244091275,0.987850886481362,0.9884963440548444,0.6498684171479222,0.3501315828520778,0.9880768815632291,11-20,9.536252804587253e-05,0.0012867152290459982,0.9867901663341831,0.9893635967922751
8,4_8C_80PER_4_8C,150,12,162,0.987614493857985,0.9876829499316054,0.9883722915772022,0.6498684171479222,0.3501315828520778,0.987924310213104,11-20,0.00030981635511895256,0.0012867152290459982,0.986637594984058,0.98921102544215
8,4_8C_80PER_4_8C,150,13,163,0.98767232080525,0.9875137832741312,0.98824823909956,0.6498684171479222,0.3501315828520778,0.9877709394548236,11-20,9.861864957361188e-05,0.0012867152290459982,0.9864842242257776,0.9890576546838696
8,4_8C_80PER_4_8C,150,14,164,0.987618224628777,0.9873433851281956,0.9881241866219176,0.6498684171479222,0.3501315828520778,0.9876167683910856,11-20,1.4562376914328823e-06,0.0012867152290459982,0.9863300531620396,0.9889034836201316
8,4_8C_80PER_4_8C,150,15,165,0.987205041763647,0.9871717541199636,0.9880001341442756,0.6498684171479222,0.3501315828520778,0.9874617961290788,11-20,0.0002567543654318216,0.0012867152290459982,0.9861750809000328,0.9887485113581248
8,4_8C_80PER_4_8C,150,16,166,0.987176035020745,0.986998888882434,0.9878760816666332,0.6498684171479222,0.3501315828520778,0.987306021780432,11-20,0.00012998675968700635,0.0012867152290459982,0.986019306551386,0.988592737009478
8,4_8C_80PER_4_8C,150,17,167,0.987278537948235,0.9868247880553628,0.987752029188991,0.6498684171479222,0.3501315828520778,0.9871494444611656,11-20,0.00012909348706935386,0.0012867152290459982,0.9858627292321196,0.9884361596902116
8,4_8C_80PER_4_8C,150,18,168,0.986784583895475,0.9866494502851908,0.9876279767113488,0.6498684171479222,0.3501315828520778,0.986992063291644,11-20,0.00020747939616905242,0.0012867152290459982,0.985705348062598,0.98827877852069
8,4_8C_80PER_4_8C,150,19,169,0.9867144454046,0.98647287422497,0.9875039242337064,0.6498684171479222,0.3501315828520778,0.9868338773965284,11-20,0.00011943199192843146,0.0012867152290459982,0.9855471621674824,0.9881205926255744
8,4_8C_80PER_4_8C,150,20,170,0.986751753112512,0.9862950585342926,0.987379871756064,0.6498684171479222,0.3501315828520778,0.9866748859047304,11-20,7.68672077815502e-05,0.0012867152290459982,0.9853881706756844,0.9879616011337764
8,4_8C_80PER_4_8C,150,21,171,0.986495449159154,0.9861160018792208,0.987255819278422,0.6498684171479222,0.3501315828520778,0.9865150879493654,21-30,1.9638790211384816e-05,0.0010819419350923676,0.985433146014273,0.9875970298844577
8,4_8C_80PER_4_8C,150,22,172,0.986412999124668,0.9859357029322174,0.9871317668007796,0.6498684171479222,0.3501315828520778,0.9863544826677092,21-30,5.851645695875707e-05,0.0010819419350923676,0.9852725407326168,0.9874364246028016
8,4_8C_80PER_4_8C,150,23,173,0.986013247034387,0.9857541603720794,0.9870077143231374,0.6498684171479222,0.3501315828520778,0.9861930692011538,21-30,0.00017982216676681873,0.0010819419350923676,0.9851111272660614,0.9872750111362462
8,4_8C_80PER_4_8C,150,24,174,0.985933035462376,0.985571372883869,0.9868836618454953,0.6498684171479222,0.3501315828520778,0.9860308466951624,21-30,9.781123278640447e-05,0.0010819419350923676,0.98494890476007,0.9871127886302548
8,4_8C_80PER_4_8C,150,25,175,0.985875115245841,0.9853873391588496,0.9867596093678528,0.6498684171479222,0.3501315828520778,0.9858678142992284,21-30,7.3009466126094935e-06,0.0010819419350923676,0.9847858723641361,0.9869497562343208
8,4_8C_80PER_4_8C,150,26,176,0.985359429453223,0.9852020578944204,0.9866355568902108,0.6498684171479222,0.3501315828520778,0.9857039711668334,21-30,0.0003445417136104245,0.0010819419350923676,0.984622029231741,0.9867859131019258
8,4_8C_80PER_4_8C,150,27,177,0.985388156388315,0.9850155277940532,0.9865115044125684,0.6498684171479222,0.3501315828520778,0.9855393164554036,21-30,0.00015116006708859597,0.0010819419350923676,0.9844573745203112,0.986621258390496
8,4_8C_80PER_4_8C,150,28,178,0.985216540931919,0.9848277475672298,0.9863874519349262,0.6498684171479222,0.3501315828520778,0.9853738493262728,21-30,0.0001573083943537945,0.0010819419350923676,0.9842919073911804,0.9864557912613652
8,4_8C_80PER_4_8C,150,29,179,0.984859039820848,0.98463871592938,0.986263399457284,0.6498684171479222,0.3501315828520778,0.9852075689446388,21-30,0.00034852912379079726,0.0010819419350923676,0.9841256270095464,0.9862895108797312
8,4_8C_80PER_4_8C,150,30,180,0.984899238876124,0.9844484316018212,0.9861393469796416,0.6498684171479222,0.3501315828520778,0.9850404744795264,21-30,0.00014123560340240093,0.0010819419350923676,0.983958532544434,0.9861224164146187
8,4_8C_80PER_4_8C,150,31,181,0.984992601415175,0.9842568933116992,0.9860152945019994,0.6498684171479222,0.3501315828520778,0.984872565103748,31-40,0.00012003631142698534,0.001287928048889997,0.983584637054858,0.986160493152638
8,4_8C_80PER_4_8C,150,32,182,0.984540431995277,0.9840640997919288,0.9858912420243572,0.6498684171479222,0.3501315828520778,0.9847038399938648,31-40,0.00016340799858782784,0.001287928048889997,0.9834159119449748,0.9859917680427548
8,4_8C_80PER_4_8C,150,33,183,0.984602176251872,0.9838700497811368,0.9857671895467148,0.6498684171479222,0.3501315828520778,0.9845342983301502,31-40,6.787792172180396e-05,0.001287928048889997,0.9832463702812602,0.9858222263790402
8,4_8C_80PER_4_8C,150,34,184,0.984477195430365,0.9836747420236036,0.9856431370690726,0.6498684171479222,0.3501315828520778,0.984363939296552,31-40,0.00011325613381307775,0.001287928048889997,0.983076011247662,0.985651867345442
8,4_8C_80PER_4_8C,150,35,185,0.984149820293434,0.983478175269209,0.9855190845914304,0.6498684171479222,0.3501315828520778,0.984192762080656,31-40,4.294178722197284e-05,0.001287928048889997,0.982904834031766,0.985480690129546
8,4_8C_80PER_4_8C,150,36,186,0.984170899148405,0.983280348273376,0.985395032113788,0.6498684171479222,0.3501315828520778,0.9840207658736512,31-40,0.00015013327475388305,0.001287928048889997,0.9827328378247612,0.9853086939225412
8,4_8C_80PER_4_8C,150,37,187,0.983982961569796,0.9830812597970164,0.9852709796361458,0.6498684171479222,0.3501315828520778,0.9838479498702932,31-40,0.00013501169950280723,0.001287928048889997,0.9825600218214032,0.9851358779191832
8,4_8C_80PER_4_8C,150,38,188,0.983657172010452,0.9828809086064776,0.9851469271585036,0.6498684171479222,0.3501315828520778,0.9836743132688706,31-40,1.714125841856262e-05,0.001287928048889997,0.9823863852199806,0.9849622413177606
8,4_8C_80PER_4_8C,150,39,189,0.983471845971397,0.9826792934734896,0.9850228746808614,0.6498684171479222,0.3501315828520778,0.9834998552711692,31-40,2.8009299772202567e-05,0.001287928048889997,0.9822119272222792,0.9847877833200592
8,4_8C_80PER_4_8C,150,40,190,0.983278032428793,0.9824764131751136,0.9848988222032192,0.6498684171479222,0.3501315828520778,0.9833245750824394,31-40,4.654265364645305e-05,0.001287928048889997,0.9820366470335494,0.9846125031313294
8,4_8C_80PER_4_8C,150,41,191,0.983258725689948,0.9822722664936904,0.9847747697255768,0.6498684171479222,0.3501315828520778,0.9831484719113632,41-50,0.00011025377858475682,0.0014857516834847484,0.9816627202278785,0.984634223594848
8,4_8C_80PER_4_8C,150,42,192,0.983043087138214,0.9820668522167894,0.9846507172479346,0.6498684171479222,0.3501315828520778,0.9829715449700204,41-50,7.15421681936057e-05,0.0014857516834847484,0.9814857932865356,0.9844572966535051
8,4_8C_80PER_4_8C,150,43,193,0.982417716684333,0.9818601691371605,0.9845266647702924,0.6498684171479222,0.3501315828520778,0.9827937934738572,41-50,0.00037607678952422674,0.0014857516834847484,0.9813080417903725,0.984279545157342
8,4_8C_80PER_4_8C,150,44,194,0.98245315900685,0.9816522160526836,0.98440261229265,0.6498684171479222,0.3501315828520778,0.9826152166416534,41-50,0.00016205763480336977,0.0014857516834847484,0.9811294649581687,0.9841009683251382
8,4_8C_80PER_4_8C,150,45,195,0.982313534909988,0.9814429917663214,0.984278559815008,0.6498684171479222,0.3501315828520778,0.9824358136954928,41-50,0.00012227878550485904,0.0014857516834847484,0.9809500620120081,0.9839215653789776
8,4_8C_80PER_4_8C,150,46,196,0.981842058751246,0.9812324950860716,0.9841545073373656,0.6498684171479222,0.3501315828520778,0.9822555838607304,41-50,0.0004135251094844472,0.0014857516834847484,0.9807698321772457,0.9837413355442152
8,4_8C_80PER_4_8C,150,47,197,0.98200201554892,0.98102072482492,0.9840304548597232,0.6498684171479222,0.3501315828520778,0.982074526365963,41-50,7.251081704306994e-05,0.0014857516834847484,0.9805887746824783,0.9835602780494478
8,4_8C_80PER_4_8C,150,48,198,0.981906974163013,0.980807679800794,0.983906402382081,0.6498684171479222,0.3501315828520778,0.9818926404429996,41-50,1.4333720013359752e-05,0.0014857516834847484,0.9804068887595149,0.9833783921264844
8,4_8C_80PER_4_8C,150,49,199,0.98130398833388,0.9805933588365174,0.9837823499044388,0.6498684171479222,0.3501315828520778,0.9817099253268298,41-50,0.0004059369929497736,0.0014857516834847484,0.980224173643345,0.9831956770103145
8,4_8C_80PER_4_8C,150,50,200,0.98137636528723,0.9803777607597662,0.9836582974267966,0.6498684171479222,0.3501315828520778,0.9815263802555978,41-50,0.00015001496836775097,0.0014857516834847484,0.980040628572113,0.9830121319390825
12,5_6C_19PER_4_6C_NEWSTRUCTURE,150,1,151,0.996482833131289,0.9964186916386312,0.9963402282828268,0.6814442813933163,0.3185557186066837,0.9963936966879386,1-10,8.91364433504016e-05,0.001025357785885861,0.9953683389020528,0.9974190544738245
12,5_6C_19PER_4_6C_NEWSTRUCTURE,150,2,152,0.996409658754397,0.9963941213406518,0.9963109561925642,0.6814442813933163,0.3185557186066837,0.9963676286071396,1-10,4.2030147257454686e-05,0.001025357785885861,0.9953422708212537,0.9973929863930254
12,5_6C_19PER_4_6C_NEWSTRUCTURE,150,3,153,0.996456780043372,0.996369588294474,0.9962816841023014,0.6814442813933163,0.3185557186066837,0.996341585911368,1-10,0.00011519413200400397,0.001025357785885861,0.9953162281254821,0.9973669436972539
12,5_6C_19PER_4_6C_NEWSTRUCTURE,150,4,154,0.99638943704356,0.9963450922006922,0.9962524120120388,0.6814442813933163,0.3185557186066837,0.9963155683965952,1-10,7.3868646964792e-05,0.001025357785885861,0.9952902106107093,0.997340926182481
12,5_6C_19PER_4_6C_NEWSTRUCTURE,150,5,155,0.996424801523908,0.9963206327642338,0.996223139921776,0.6814442813933163,0.3185557186066837,0.9962895758617456,1-10,0.00013522566216239706,0.001025357785885861,0.9952642180758597,0.9973149336476315
12,5_6C_19PER_4_6C_NEWSTRUCTURE,150,6,156,0.996451042720763,0.9962962096942696,0.9961938678315132,0.6814442813933163,0.3185557186066837,0.9962636081086356,1-10,0.00018743461212744617,0.001025357785885861,0.9952382503227497,0.9972889658945214
12,5_6C_19PER_4_6C_NEWSTRUCTURE,150,7,157,0.996355295271308,0.9962718227041262,0.9961645957412506,0.6814442813933163,0.3185557186066837,0.9962376649419132,1-10,0.0001176303293947134,0.001025357785885861,0.9952123071560274,0.9972630227277991
12,5_6C_19PER_4_6C_NEWSTRUCTURE,150,8,158,0.996347112532504,0.9962474715112002,0.996135323650988,0.6814442813933163,0.3185557186066837,0.996211746169,1-10,0.0001353663635039748,0.001025357785885861,0.9951863883831141,0.9972371039548859
12,5_6C_19PER_4_6C_NEWSTRUCTURE,150,9,159,0.996344573061841,0.9962231558368752,0.9961060515607252,0.6814442813933163,0.3185557186066837,0.9961858516000344,1-10,0.00015872146180662128,0.001025357785885861,0.9951604938141485,0.9972112093859202
12,5_6C_19PER_4_6C_NEWSTRUCTURE,150,10,160,0.996145930023287,0.9961988754064404,0.9960767794704624,0.6814442813933163,0.3185557186066837,0.996159981047816,1-10,1.4051024529004863e-05,0.001025357785885861,0.9951346232619301,0.9971853388337019
12,5_6C_19PER_4_6C_NEWSTRUCTURE,150,11,161,0.996166716060939,0.996174629949013,0.9960475073801998,0.6814442813933163,0.3185557186066837,0.9961341343277536,11-20,3.258173318543278e-05,0.0012867152290459982,0.9948474190987076,0.9974208495567995
12,5_6C_19PER_4_6C_NEWSTRUCTURE,150,12,162,0.996166433897532,0.9961504191974594,0.996018235289937,0.6814442813933163,0.3185557186066837,0.9961083112578104,11-20,5.812263972160281e-05,0.0012867152290459982,0.9948215960287644,0.9973950264868564
12,5_6C_19PER_4_6C_NEWSTRUCTURE,150,13,163,0.996140286755146,0.9961262428883229,0.9959889631996744,0.6814442813933163,0.3185557186066837,0.9960825116584552,11-20,5.777509669080416e-05,0.0012867152290459982,0.9947957964294092,0.9973692268875012
12,5_6C_19PER_4_6C_NEWSTRUCTURE,150,14,164,0.995988859060037,0.9961021007617488,0.9959596911094116,0.6814442813933163,0.3185557186066837,0.996056735352612,11-20,6.787629257498651e-05,0.0012867152290459982,0.994770020123566,0.997343450581658
12,5_6C_19PER_4_6C_NEWSTRUCTURE,150,15,165,0.996067770759538,0.9960779925614148,0.9959304190191488,0.6814442813933163,0.3185557186066837,0.996030982165611,11-20,3.678859392697298e-05,0.0012867152290459982,0.994744266936565,0.997317697394657
12,5_6C_19PER_4_6C_NEWSTRUCTURE,150,16,166,0.995803759865021,0.9960539180344616,0.995901146928886,0.6814442813933163,0.3185557186066837,0.9960052519251428,11-20,0.00020149206012176624,0.0012867152290459982,0.9947185366960968,0.9972919671541888
12,5_6C_19PER_4_6C_NEWSTRUCTURE,150,17,167,0.995679702020394,0.9960298769314248,0.9958718748386234,0.6814442813933163,0.3185557186066837,0.995979544461211,11-20,0.0002998424408169331,0.0012867152290459982,0.994692829232165,0.997266259690257
12,5_6C_19PER_4_6C_NEWSTRUCTURE,150,18,168,0.995571727489968,0.9960058690061704,0.9958426027483608,0.6814442813933163,0.3185557186066837,0.9959538596060896,11-20,0.0003821321161215918,0.0012867152290459982,0.9946671443770436,0.9972405748351356
12,5_6C_19PER_4_6C_NEWSTRUCTURE,150,19,169,0.995597874632353,0.9959818940158298,0.995813330658098,0.6814442813933163,0.3185557186066837,0.9959281971942768,11-20,0.0003303225619237793,0.0012867152290459982,0.9946414819652308,0.9972149124233228
12,5_6C_19PER_4_6C_NEWSTRUCTURE,150,20,170,0.995482281689937,0.9959579517207384,0.9957840585678353,0.6814442813933163,0.3185557186066837,0.9959025570624548,11-20,0.00042027537251776437,0.0012867152290459982,0.9946158418334088,0.9971892722915008
12,5_6C_19PER_4_6C_NEWSTRUCTURE,150,21,171,0.995465351885515,0.995934041884374,0.9957547864775724,0.6814442813933163,0.3185557186066837,0.9958769390494462,21-30,0.000411587163931193,0.0010819419350923676,0.9947949971143538,0.9969588809845386
12,5_6C_19PER_4_6C_NEWSTRUCTURE,150,22,172,0.995549906853157,0.9959101642732976,0.9957255143873098,0.6814442813933163,0.3185557186066837,0.9958513429961762,21-30,0.00030143614301914035,0.0010819419350923676,0.9947694010610838,0.9969332849312685
12,5_6C_19PER_4_6C_NEWSTRUCTURE,150,23,173,0.995522442948205,0.9958863186570958,0.9956962422970472,0.6814442813933163,0.3185557186066837,0.9958257687456304,21-30,0.0003033257974254244,0.0010819419350923676,0.9947438268105381,0.9969077106807228
12,5_6C_19PER_4_6C_NEWSTRUCTURE,150,24,174,0.995476638421796,0.995862504808324,0.9956669702067844,0.6814442813933163,0.3185557186066837,0.995800216142818,21-30,0.0003235777210219837,0.0010819419350923676,0.9947182742077256,0.9968821580779104
12,5_6C_19PER_4_6C_NEWSTRUCTURE,150,25,175,0.995380232591059,0.9958387225024516,0.9956376981165216,0.6814442813933163,0.3185557186066837,0.9957746850347342,21-30,0.0003944524436751973,0.0010819419350923676,0.9946927430996418,0.9968566269698266
12,5_6C_19PER_4_6C_NEWSTRUCTURE,150,26,176,0.995259466652847,0.995814971517808,0.995608426026259,0.6814442813933163,0.3185557186066837,0.9957491752703226,21-30,0.0004897086174755483,0.0010819419350923676,0.9946672333352302,0.996831117205415
12,5_6C_19PER_4_6C_NEWSTRUCTURE,150,27,177,0.995289093810586,0.9957912516355306,0.9955791539359964,0.6814442813933163,0.3185557186066837,0.9957236867004406,21-30,0.00043459288985470135,0.0010819419350923676,0.9946417447653483,0.996805628635533
12,5_6C_19PER_4_6C_NEWSTRUCTURE,150,28,178,0.995406567842382,0.9957675626395128,0.9955498818457336,0.6814442813933163,0.3185557186066837,0.9956982191778236,21-30,0.0002916513354416228,0.0010819419350923676,0.9946162772427313,0.996780161112916
12,5_6C_19PER_4_6C_NEWSTRUCTURE,150,29,179,0.995331606430579,0.995743904316355,0.9955206097554709,0.6814442813933163,0.3185557186066837,0.9956727725570516,21-30,0.000341166126472503,0.0010819419350923676,0.9945908306219592,0.9967547144921439
12,5_6C_19PER_4_6C_NEWSTRUCTURE,150,30,180,0.995321260438988,0.9957202764553144,0.995491337665208,0.6814442813933163,0.3185557186066837,0.9956473466945152,21-30,0.0003260862555271027,0.0010819419350923676,0.9945654047594228,0.9967292886296075
12,5_6C_19PER_4_6C_NEWSTRUCTURE,150,31,181,0.995198707465865,0.9956966788482589,0.9954620655749452,0.6814442813933163,0.3185557186066837,0.9956219414483838,31-40,0.0004232339825187559,0.001287928048889997,0.9943340133994938,0.9969098694972738
12,5_6C_19PER_4_6C_NEWSTRUCTURE,150,32,182,0.995196167995202,0.9956731112896194,0.9954327934846826,0.6814442813933163,0.3185557186066837,0.9955965566785738,31-40,0.00040038868337177735,0.001287928048889997,0.9943086286296838,0.9968844847274638
12,5_6C_19PER_4_6C_NEWSTRUCTURE,150,33,183,0.995244229828867,0.9956495735763452,0.99540352139442,0.6814442813933163,0.3185557186066837,0.9955711922467172,31-40,0.0003269624178502406,0.001287928048889997,0.9942832641978272,0.9968591202956072
12,5_6C_19PER_4_6C_NEWSTRUCTURE,150,34,184,0.995160709460384,0.9956260655078584,0.9953742493041572,0.6814442813933163,0.3185557186066837,0.9955458480161314,31-40,0.00038513855574739964,0.001287928048889997,0.9942579199672414,0.9968337760650214
12,5_6C_19PER_4_6C_NEWSTRUCTURE,150,35,185,0.994975798374306,0.9956025868860118,0.9953449772138944,0.6814442813933163,0.3185557186066837,0.9955205238517904,31-40,0.000544725477484298,0.001287928048889997,0.9942325958029004,0.9968084519006803
12,5_6C_19PER_4_6C_NEWSTRUCTURE,150,36,186,0.994985015712269,0.9955791375150456,0.9953157051236318,0.6814442813933163,0.3185557186066837,0.9954952196202944,31-40,0.000510203908025364,0.001287928048889997,0.9942072915714044,0.9967831476691844
12,5_6C_19PER_4_6C_NEWSTRUCTURE,150,37,187,0.994963947511211,0.9955557172015466,0.9952864330333692,0.6814442813933163,0.3185557186066837,0.9954699351898434,31-40,0.0005059876786324136,0.001287928048889997,0.9941820071409534,0.9967578632387334
12,5_6C_19PER_4_6C_NEWSTRUCTURE,150,38,188,0.994847696187512,0.9955323257544066,0.9952571609431063,0.6814442813933163,0.3185557186066837,0.9954446704302076,31-40,0.0005969742426955582,0.001287928048889997,0.9941567423813176,0.9967325984790976
12,5_6C_19PER_4_6C_NEWSTRUCTURE,150,39,189,0.994770289359515,0.9955089629847844,0.9952278888528436,0.6814442813933163,0.3185557186066837,0.9954194252127022,31-40,0.000649135853187266,0.001287928048889997,0.9941314971638122,0.9967073532615922
12,5_6C_19PER_4_6C_NEWSTRUCTURE,150,40,190,0.994636920122455,0.9954856287060658,0.9951986167625808,0.6814442813933163,0.3185557186066837,0.9953941994101604,31-40,0.0007572792877054146,0.001287928048889997,0.9941062713612704,0.9966821274590504
12,5_6C_19PER_4_6C_NEWSTRUCTURE,150,41,191,0.994576160935473,0.995462322733826,0.9951693446723182,0.6814442813933163,0.3185557186066837,0.9953689928969064,41-50,0.0007928319614334267,0.0014857516834847484,0.9938832412134216,0.9968547445803911
12,5_6C_19PER_4_6C_NEWSTRUCTURE,150,42,192,0.994580863658924,0.995439044885793,0.9951400725820556,0.6814442813933163,0.3185557186066837,0.9953438055487324,41-50,0.0007629418898084106,0.0014857516834847484,0.9938580538652476,0.9968295572322171
12,5_6C_19PER_4_6C_NEWSTRUCTURE,150,43,193,0.994681878158643,0.9954157949818114,0.9951108004917928,0.6814442813933163,0.3185557186066837,0.9953186372428724,41-50,0.0006367590842294435,0.0014857516834847484,0.9938328855593876,0.9968043889263571
12,5_6C_19PER_4_6C_NEWSTRUCTURE,150,44,194,0.994531485062693,0.9953925728438062,0.99508152840153,0.6814442813933163,0.3185557186066837,0.9952934878579782,41-50,0.0007620027952852659,0.0014857516834847484,0.9938077361744935,0.996779239541463
12,5_6C_19PER_4_6C_NEWSTRUCTURE,150,45,195,0.994483611337965,0.9953693782957492,0.9950522563112674,0.6814442813933163,0.3185557186066837,0.9952683572740966,41-50,0.0007847459361315368,0.0014857516834847484,0.9937826055906118,0.9967541089575813
12,5_6C_19PER_4_6C_NEWSTRUCTURE,150,46,196,0.994324941448742,0.9953462111636244,0.9950229842210048,0.6814442813933163,0.3185557186066837,0.9952432453726452,41-50,0.0009183039239032409,0.0014857516834847484,0.9937574936891604,0.9967289970561299
12,5_6C_19PER_4_6C_NEWSTRUCTURE,150,47,197,0.994224021003492,0.9953230712753952,0.994993712130742,0.6814442813933163,0.3185557186066837,0.9952181520363904,41-50,0.00099413103289836,0.0014857516834847484,0.9937324003529057,0.9967039037198752
12,5_6C_19PER_4_6C_NEWSTRUCTURE,150,48,198,0.994372062737717,0.9952999584609716,0.9949644400404792,0.6814442813933163,0.3185557186066837,0.995193077149426,41-50,0.000821014411708898,0.0014857516834847484,0.9937073254659412,0.9966788288329107
12,5_6C_19PER_4_6C_NEWSTRUCTURE,150,49,199,0.994132035732798,0.9952768725521792,0.9949351679502164,0.6814442813933163,0.3185557186066837,0.9951680205971496,41-50,0.0010359848643516356,0.0014857516834847484,0.9936822689136648,0.9966537722806343
12,5_6C_19PER_4_6C_NEWSTRUCTURE,150,50,200,0.994167588322084,0.9952538133827272,0.9949058958599536,0.6814442813933163,0.3185557186066837,0.995142982266244,41-50,0.000975393944160019,0.0014857516834847484,0.9936572305827592,0.9966287339497287
13,5_6C_36PER_4_3C_NEWSTRUCTURE,150,1,151,0.997067292631245,0.9969515822328832,0.9969210545149226,0.6696328540105708,0.3303671459894292,0.996941496877827,1-10,0.0001257957534180898,0.001025357785885861,0.9959161390919411,0.9979668546637128
13,5_6C_36PER_4_3C_NEWSTRUCTURE,150,2,152,0.997209944082508,0.9969255862378816,0.99689349909371,0.6696328540105708,0.3303671459894292,0.9969149856996388,1-10,0.0002949583828691926,0.001025357785885861,0.9958896279137529,0.9979403434855246
13,5_6C_36PER_4_3C_NEWSTRUCTURE,150,3,153,0.997094227477635,0.9968995698842138,0.9968659436724974,0.6696328540105708,0.3303671459894292,0.9968884608886186,1-10,0.00020576658901638734,0.001025357785885861,0.9958631031027327,0.9979138186745045
13,5_6C_36PER_4_3C_NEWSTRUCTURE,150,4,154,0.99716705479749,0.9968735332891572,0.9968383882512848,0.6696328540105708,0.3303671459894292,0.9968619225232996,1-10,0.00030513227419037836,0.001025357785885861,0.9958365647374138,0.9978872803091855
13,5_6C_36PER_4_3C_NEWSTRUCTURE,150,5,155,0.99703256826482,0.996847476568556,0.996810832830072,0.6696328540105708,0.3303671459894292,0.9968353706812546,1-10,0.00019719758356540051,0.001025357785885861,0.9958100128953687,0.9978607284671405
13,5_6C_36PER_4_3C_NEWSTRUCTURE,150,6,156,0.997126324054169,0.996821399836848,0.9967832774088594,0.6696328540105708,0.3303671459894292,0.9968088054391152,1-10,0.0003175186150538023,0.001025357785885861,0.9957834476532293,0.9978341632250011
13,5_6C_36PER_4_3C_NEWSTRUCTURE,150,7,157,0.997023183300921,0.99679530320709,0.9967557219876468,0.6696328540105708,0.3303671459894292,0.9967822268725876,1-10,0.00024095642833343867,0.001025357785885861,0.9957568690867017,0.9978075846584734
13,5_6C_36PER_4_3C_NEWSTRUCTURE,150,8,158,0.996962744133412,0.9967691867909848,0.996728166566434,0.6696328540105708,0.3303671459894292,0.996755635056472,1-10,0.00020710907693999303,0.001025357785885861,0.9957302772705862,0.9977809928423579
13,5_6C_36PER_4_3C_NEWSTRUCTURE,150,9,159,0.996989209731607,0.9967430506989038,0.9967006111452216,0.6696328540105708,0.3303671459894292,0.9967290300646768,1-10,0.00026017966693014927,0.001025357785885861,0.995703672278791,0.9977543878505627
13,5_6C_36PER_4_3C_NEWSTRUCTURE,150,10,160,0.997031911317347,0.9967168950399128,0.9966730557240088,0.6696328540105708,0.3303671459894292,0.9967024119702356,1-10,0.00032949934711146156,0.001025357785885861,0.9956770541843497,0.9977277697561214
13,5_6C_36PER_4_3C_NEWSTRUCTURE,150,11,161,0.996838956459586,0.9966907199217948,0.9966455003027962,0.6696328540105708,0.3303671459894292,0.9966757808453236,11-20,0.0001631756142623786,0.0012867152290459982,0.9953890656162776,0.9979624960743696
13,5_6C_36PER_4_3C_NEWSTRUCTURE,150,12,162,0.996814649403088,0.9966645254510726,0.9966179448815836,0.6696328540105708,0.3303671459894292,0.996649136761272,11-20,0.00016551264181596803,0.0012867152290459982,0.995362421532226,0.997935851990318
13,5_6C_36PER_4_3C_NEWSTRUCTURE,150,13,163,0.996840927302005,0.9966383117330324,0.9965903894603708,0.6696328540105708,0.3303671459894292,0.996622479788584,11-20,0.0002184475134210384,0.0012867152290459982,0.995335764559538,0.99790919501763
13,5_6C_36PER_4_3C_NEWSTRUCTURE,150,14,164,0.996726712291356,0.9966120788717444,0.9965628340391582,0.6696328540105708,0.3303671459894292,0.996595809996948,11-20,0.0001309022944080418,0.0012867152290459982,0.995309094767902,0.997882525225994
13,5_6C_36PER_4_3C_NEWSTRUCTURE,150,15,165,0.996630797960309,0.9965858269700848,0.9965352786179456,0.6696328540105708,0.3303671459894292,0.9965691274552542,11-20,6.167050505478944e-05,0.0012867152290459982,0.9952824122262082,0.9978558426843002
13,5_6C_36PER_4_3C_NEWSTRUCTURE,150,16,166,0.996385944252188,0.9965595561297568,0.996507723196733,0.6696328540105708,0.3303671459894292,0.9965424322316054,11-20,0.0001564879794174745,0.0012867152290459982,0.9952557170025594,0.9978291474606514
13,5_6C_36PER_4_3C_NEWSTRUCTURE,150,17,167,0.996404620330347,0.9965332664513104,0.9964801677755204,0.6696328540105708,0.3303671459894292,0.9965157243933338,11-20,0.00011110406298675546,0.0012867152290459982,0.9952290091642878,0.9978024396223798
13,5_6C_36PER_4_3C_NEWSTRUCTURE,150,18,168,0.996402367939011,0.9965069580341628,0.9964526123543076,0.6696328540105708,0.3303671459894292,0.996489004007012,11-20,8.663606800096701e-05,0.0012867152290459982,0.995202288777966,0.997775719236058
13,5_6C_36PER_4_3C_NEWSTRUCTURE,150,19,169,0.996418697776195,0.9964806309766177,0.996425056933095,0.6696328540105708,0.3303671459894292,0.996462271138468,11-20,4.357336227300834e-05,0.0012867152290459982,0.995175555909422,0.997748986367514
13,5_6C_36PER_4_3C_NEWSTRUCTURE,150,20,170,0.996213917863922,0.996454285375884,0.9963975015118824,0.6696328540105708,0.3303671459894292,0.9964355258527956,11-20,0.00022160798887360666,0.0012867152290459982,0.9951488106237496,0.9977222410818416
13,5_6C_36PER_4_3C_NEWSTRUCTURE,150,21,171,0.996315650872586,0.9964279213280948,0.9963699460906698,0.6696328540105708,0.3303671459894292,0.9964087682143686,21-30,9.311734178263364e-05,0.0010819419350923676,0.9953268262792763,0.997490710149461
13,5_6C_36PER_4_3C_NEWSTRUCTURE,150,22,172,0.996222082782514,0.9964015389283256,0.9963423906694572,0.6696328540105708,0.3303671459894292,0.996381998286853,21-30,0.00015991550433902546,0.0010819419350923676,0.9953000563517607,0.9974639402219454
13,5_6C_36PER_4_3C_NEWSTRUCTURE,150,23,173,0.99632175109912,0.9963751382706116,0.9963148352482444,0.6696328540105708,0.3303671459894292,0.9963552161332176,21-30,3.3465034097623914e-05,0.0010819419350923676,0.9952732741981253,0.99743715806831
13,5_6C_36PER_4_3C_NEWSTRUCTURE,150,24,174,0.996159297374031,0.9963487194479648,0.9962872798270318,0.6696328540105708,0.3303671459894292,0.9963284218157464,21-30,0.00016912444171546248,0.0010819419350923676,0.9952464798806541,0.9974103637508388
13,5_6C_36PER_4_3C_NEWSTRUCTURE,150,25,175,0.996006885560313,0.9963222825523916,0.9962597244058192,0.6696328540105708,0.3303671459894292,0.99630161539605,21-30,0.0002947298357369732,0.0010819419350923676,0.9952196734609576,0.9973835573311424
13,5_6C_36PER_4_3C_NEWSTRUCTURE,150,26,176,0.99606291379479,0.9962958276749092,0.9962321689846064,0.6696328540105708,0.3303671459894292,0.9962747969350764,21-30,0.00021188314028641742,0.0010819419350923676,0.995192854999984,0.9973567388701687
13,5_6C_36PER_4_3C_NEWSTRUCTURE,150,27,177,0.99602115070544,0.996269354905562,0.9962046135633938,0.6696328540105708,0.3303671459894292,0.9962479664931224,21-30,0.00022681578768246613,0.0010819419350923676,0.99516602455803,0.9973299084282148
13,5_6C_36PER_4_3C_NEWSTRUCTURE,150,28,178,0.996115657291901,0.9962428643334366,0.9961770581421812,0.6696328540105708,0.3303671459894292,0.9962211241298432,21-30,0.00010546683794221412,0.0010819419350923676,0.9951391821947508,0.9973030660649356
13,5_6C_36PER_4_3C_NEWSTRUCTURE,150,29,179,0.996179287347135,0.996216356046678,0.9961495027209686,0.6696328540105708,0.3303671459894292,0.9961942699042636,21-30,1.4982557128617735e-05,0.0010819419350923676,0.9951123279691713,0.997276211839356
13,5_6C_36PER_4_3C_NEWSTRUCTURE,150,30,180,0.995962494681072,0.9961898301325046,0.996121947299756,0.6696328540105708,0.3303671459894292,0.996167403874788,21-30,0.00020490919371596306,0.0010819419350923676,0.9950854619396956,0.9972493458098803
13,5_6C_36PER_4_3C_NEWSTRUCTURE,150,31,181,0.995958365296956,0.9961632866772232,0.9960943918785432,0.6696328540105708,0.3303671459894292,0.9961405260992098,31-40,0.0001821608022537502,0.001287928048889997,0.9948525980503198,0.9974284541480998
13,5_6C_36PER_4_3C_NEWSTRUCTURE,150,32,182,0.995964747072407,0.9961367257662432,0.9960668364573306,0.6696328540105708,0.3303671459894292,0.9961136366347224,31-40,0.00014888956231540185,0.001287928048889997,0.9948257085858324,0.9974015646836124
13,5_6C_36PER_4_3C_NEWSTRUCTURE,150,33,183,0.995950857325837,0.9961101474840914,0.996039281036118,0.6696328540105708,0.3303671459894292,0.996086735537928,31-40,0.00013587821209104511,0.001287928048889997,0.994798807489038,0.997374663586818
13,5_6C_36PER_4_3C_NEWSTRUCTURE,150,34,184,0.995901304716451,0.9960835519144248,0.9960117256149054,0.6696328540105708,0.3303671459894292,0.9960598228648456,31-40,0.0001585181483946263,0.001287928048889997,0.9947718948159556,0.9973477509137356
13,5_6C_36PER_4_3C_NEWSTRUCTURE,150,35,185,0.995739507938835,0.9960569391400452,0.9959841701936928,0.6696328540105708,0.3303671459894292,0.996032898670922,31-40,0.0002933907320870066,0.001287928048889997,0.994744970622032,0.997320826719812
13,5_6C_36PER_4_3C_NEWSTRUCTURE,150,36,186,0.995798727061037,0.9960303092429124,0.99595661477248,0.6696328540105708,0.3303671459894292,0.9960059630110404,31-40,0.00020723595000338157,0.001287928048889997,0.9947180349621504,0.9972938910599304
13,5_6C_36PER_4_3C_NEWSTRUCTURE,150,37,187,0.995748048255983,0.9960036623041568,0.9959290593512674,0.6696328540105708,0.3303671459894292,0.9959790159395284,31-40,0.00023096768354546882,0.001287928048889997,0.9946910878906384,0.9972669439884184
13,5_6C_36PER_4_3C_NEWSTRUCTURE,150,38,188,0.995801448700567,0.9959769984040924,0.9959015039300548,0.6696328540105708,0.3303671459894292,0.9959520575101666,31-40,0.0001506088095996061,0.001287928048889997,0.9946641294612766,0.9972399855590566
13,5_6C_36PER_4_3C_NEWSTRUCTURE,150,39,189,0.995629891560496,0.99595031762223,0.995873948508842,0.6696328540105708,0.3303671459894292,0.9959250877761984,31-40,0.00029519621570239796,0.001287928048889997,0.9946371597273084,0.9972130158250884
13,5_6C_36PER_4_3C_NEWSTRUCTURE,150,40,190,0.995560724376562,0.995923620037288,0.9958463930876296,0.6696328540105708,0.3303671459894292,0.995898106790336,31-40,0.00033738241377401224,0.001287928048889997,0.994610178741446,0.997186034839226
13,5_6C_36PER_4_3C_NEWSTRUCTURE,150,41,191,0.9955812774475,0.9958969057272056,0.9958188376664168,0.6696328540105708,0.3303671459894292,0.9958711146047698,41-50,0.0002898371572698233,0.0014857516834847484,0.9943853629212851,0.9973568662882546
13,5_6C_36PER_4_3C_NEWSTRUCTURE,150,42,192,0.99557658496555,0.995870174769154,0.9957912822452042,0.6696328540105708,0.3303671459894292,0.9958441112711768,41-50,0.00026752630562676405,0.0014857516834847484,0.994358359587692,0.9973298629546615
13,5_6C_36PER_4_3C_NEWSTRUCTURE,150,43,193,0.995535197274756,0.9958434272395486,0.9957637268239916,0.6696328540105708,0.3303671459894292,0.995817096840727,41-50,0.00028189956597091115,0.0014857516834847484,0.9943313451572422,0.9973028485242117
13,5_6C_36PER_4_3C_NEWSTRUCTURE,150,44,194,0.995576866514467,0.9958166632140592,0.9957361714027788,0.6696328540105708,0.3303671459894292,0.9957900713640908,41-50,0.00021320484962383812,0.0014857516834847484,0.9943043196806061,0.9972758230475756
13,5_6C_36PER_4_3C_NEWSTRUCTURE,150,45,195,0.995374432843169,0.995789882767622,0.9957086159815663,0.6696328540105708,0.3303671459894292,0.9957630348914492,41-50,0.00038860204828028433,0.0014857516834847484,0.9942772832079645,0.997248786574934
13,5_6C_36PER_4_3C_NEWSTRUCTURE,150,46,196,0.995158954072051,0.9957630859744502,0.9956810605603535,0.6696328540105708,0.3303671459894292,0.9957359874724964,41-50,0.0005770334004453481,0.0014857516834847484,0.9942502357890116,0.9972217391559811
13,5_6C_36PER_4_3C_NEWSTRUCTURE,150,47,197,0.995199121717538,0.9957362729080442,0.995653505139141,0.6696328540105708,0.3303671459894292,0.9957089291564516,41-50,0.0005098074389136009,0.0014857516834847484,0.9942231774729668,0.9971946808399363
13,5_6C_36PER_4_3C_NEWSTRUCTURE,150,48,198,0.995221176382701,0.9957094436412028,0.9956259497179284,0.6696328540105708,0.3303671459894292,0.9956818599920632,41-50,0.0004606836093621336,0.0014857516834847484,0.9941961083085784,0.9971676116755479
13,5_6C_36PER_4_3C_NEWSTRUCTURE,150,49,199,0.99523234448974,0.9956825982460328,0.9955983942967156,0.6696328540105708,0.3303671459894292,0.995654780027616,41-50,0.0004224355378760203,0.0014857516834847484,0.9941690283441312,0.9971405317111007
13,5_6C_36PER_4_3C_NEWSTRUCTURE,150,50,200,0.995225399616455,0.9956557367939588,0.9955708388755032,0.6696328540105708,0.3303671459894292,0.995627689310938,41-50,0.00040228969448308227,0.0014857516834847484,0.9941419376274533,0.9971134409944228
15,5_6C_36PER_4_3C_NEWSTRUCTURE,150,1,151,0.99619270630644,0.9961328159388786,0.9961341018111536,0.6651082809042983,0.3348917190957017,0.9961332465668552,1-10,5.945973958476625e-05,0.001025357785885861,0.9951078887809693,0.9971586043527411
15,5_6C_36PER_4_3C_NEWSTRUCTURE,150,2,152,0.996221262669396,0.9960914602458288,0.9960945462013576,0.6651082809042983,0.3348917190957017,0.9960924937067808,1-10,0.0001287689626152666,0.001025357785885861,0.9950671359208949,0.9971178514926666
15,5_6C_36PER_4_3C_NEWSTRUCTURE,150,3,153,0.996260919013965,0.9960499558243904,0.9960549905915616,0.6651082809042983,0.3348917190957017,0.9960516419262236,1-10,0.00020927708774132192,0.001025357785885861,0.9950262841403378,0.9970769997121095
15,5_6C_36PER_4_3C_NEWSTRUCTURE,150,4,154,0.996222401129048,0.9960083031170156,0.9960154349817656,0.6651082809042983,0.3348917190957017,0.996010691519462,1-10,0.00021170960958605267,0.001025357785885861,0.9949853337335761,0.9970360493053478
15,5_6C_36PER_4_3C_NEWSTRUCTURE,150,5,155,0.996159406361599,0.9959665025619714,0.9959758793719696,0.6651082809042983,0.3348917190957017,0.9959696427779914,1-10,0.00018976358360767165,0.001025357785885861,0.9949442849921055,0.9969950005638772
15,5_6C_36PER_4_3C_NEWSTRUCTURE,150,6,156,0.996149919197826,0.9959245545934046,0.9959363237621736,0.6651082809042983,0.3348917190957017,0.995928495990566,1-10,0.00022142320726004083,0.001025357785885861,0.9949031382046801,0.9969538537764518
15,5_6C_36PER_4_3C_NEWSTRUCTURE,150,7,157,0.996126770518221,0.9958824596414078,0.9958967681523776,0.6651082809042983,0.3348917190957017,0.9958872514432442,1-10,0.0002395190749767684,0.001025357785885861,0.9948618936573583,0.99691260922913
15,5_6C_36PER_4_3C_NEWSTRUCTURE,150,8,158,0.996102009020775,0.9958402181320822,0.9958572125425816,0.6651082809042983,0.3348917190957017,0.9958459094194294,1-10,0.00025609960134553855,0.001025357785885861,0.9948205516335435,0.9968712672053153
15,5_6C_36PER_4_3C_NEWSTRUCTURE,150,9,159,0.996029432217915,0.9957978304876004,0.9958176569327858,0.6651082809042983,0.3348917190957017,0.995804470199912,1-10,0.0002249620180029277,0.001025357785885861,0.9947791124140262,0.9968298279857979
15,5_6C_36PER_4_3C_NEWSTRUCTURE,150,10,160,0.996014537370792,0.9957552971262664,0.9957781013229898,0.6651082809042983,0.3348917190957017,0.9957629340629096,1-10,0.0002516033078824309,0.001025357785885861,0.9947375762770237,0.9967882918487955
15,5_6C_36PER_4_3C_NEWSTRUCTURE,150,11,161,0.996003722004091,0.9957126184625756,0.9957385457131938,0.6651082809042983,0.3348917190957017,0.9957213012841066,11-20,0.00028242071998441087,0.0012867152290459982,0.9944345860550606,0.9970080165131526
15,5_6C_36PER_4_3C_NEWSTRUCTURE,150,12,162,0.995812081295886,0.9956697949072724,0.9956989901033978,0.6651082809042983,0.3348917190957017,0.9956795721366922,11-20,0.00013250915919382766,0.0012867152290459982,0.9943928569076462,0.9969662873657382
15,5_6C_36PER_4_3C_NEWSTRUCTURE,150,13,163,0.995651368741579,0.995626826867408,0.9956594344936018,0.6651082809042983,0.3348917190957017,0.9956377468913996,11-20,1.3621850179390549e-05,0.0012867152290459982,0.9943510316623536,0.9969244621204456
15,5_6C_36PER_4_3C_NEWSTRUCTURE,150,14,164,0.9957022199394,0.9955837147463954,0.995619878883806,0.6651082809042983,0.3348917190957017,0.9955958258165424,11-20,0.00010639412285762262,0.0012867152290459982,0.9943091105874964,0.9968825410455884
15,5_6C_36PER_4_3C_NEWSTRUCTURE,150,15,165,0.995475192110323,0.9955404589440638,0.99558032327401,0.6651082809042983,0.3348917190957017,0.99555380917805,11-20,7.861706772704924e-05,0.0012867152290459982,0.994267093949004,0.996840524407096
15,5_6C_36PER_4_3C_NEWSTRUCTURE,150,16,166,0.995345787196465,0.9954970598567128,0.995540767664214,0.6651082809042983,0.3348917190957017,0.9955116972395048,11-20,0.0001659100430397853,0.0012867152290459982,0.9942249820104588,0.9967984124685508
15,5_6C_36PER_4_3C_NEWSTRUCTURE,150,17,167,0.995301197526734,0.9954535178771636,0.995501212054418,0.6651082809042983,0.3348917190957017,0.9954694902621752,11-20,0.00016829273544127776,0.0012867152290459982,0.9941827750331292,0.9967562054912212
15,5_6C_36PER_4_3C_NEWSTRUCTURE,150,18,168,0.995284405246857,0.9954098333948116,0.995461656444622,0.6651082809042983,0.3348917190957017,0.9954271885050514,11-20,0.00014278325819438997,0.0012867152290459982,0.9941404732760054,0.9967139037340974
15,5_6C_36PER_4_3C_NEWSTRUCTURE,150,19,169,0.995270553987749,0.9953660067956752,0.995422100834826,0.6651082809042983,0.3348917190957017,0.9953847922248776,11-20,0.00011423823712863879,0.0012867152290459982,0.9940980769958316,0.9966715074539236
15,5_6C_36PER_4_3C_NEWSTRUCTURE,150,20,170,0.995354800002049,0.9953220384624454,0.99538254522503,0.6651082809042983,0.3348917190957017,0.9953423016761842,11-20,1.2498325864807036e-05,0.0012867152290459982,0.9940555864471382,0.9966290169052302
15,5_6C_36PER_4_3C_NEWSTRUCTURE,150,21,171,0.995224541243452,0.9952779287745344,0.9953429896152342,0.6651082809042983,0.3348917190957017,0.995299717111322,21-30,7.517586786998098e-05,0.0010819419350923676,0.9942177751762297,0.9963816590464144
15,5_6C_36PER_4_3C_NEWSTRUCTURE,150,22,172,0.995244464287375,0.9952336781081216,0.9953034340054382,0.6651082809042983,0.3348917190957017,0.9952570387804908,21-30,1.2574493115757868e-05,0.0010819419350923676,0.9941750968453984,0.9963389807155831
15,5_6C_36PER_4_3C_NEWSTRUCTURE,150,23,173,0.994894482815806,0.9951892868362016,0.9952638783956422,0.6651082809042983,0.3348917190957017,0.9952142669317728,21-30,0.0003197841159668924,0.0010819419350923676,0.9941323249966805,0.9962962088668652
15,5_6C_36PER_4_3C_NEWSTRUCTURE,150,24,174,0.995022559526735,0.9951447553286272,0.9952243227858464,0.6651082809042983,0.3348917190957017,0.9951714018111596,21-30,0.00014884228442457736,0.0010819419350923676,0.9940894598760672,0.996253343746252
15,5_6C_36PER_4_3C_NEWSTRUCTURE,150,25,175,0.994901313573722,0.995100083952156,0.9951847671760504,0.6651082809042983,0.3348917190957017,0.9951284436625846,21-30,0.00022713008886254826,0.0010819419350923676,0.9940465017274922,0.9962103855976769
15,5_6C_36PER_4_3C_NEWSTRUCTURE,150,26,176,0.99490472895268,0.9950552730704916,0.9951452115662544,0.6651082809042983,0.3348917190957017,0.9950853927279504,21-30,0.00018066377527037325,0.0010819419350923676,0.994003450792858,0.9961673346630427
15,5_6C_36PER_4_3C_NEWSTRUCTURE,150,27,177,0.994985274973109,0.995010323044329,0.9951056559564584,0.6651082809042983,0.3348917190957017,0.9950422492471585,21-30,5.6974274049492735e-05,0.0010819419350923676,0.9939603073120661,0.9961241911822508
15,5_6C_36PER_4_3C_NEWSTRUCTURE,150,28,178,0.994975123707872,0.9949652342313936,0.9950661003466624,0.6651082809042983,0.3348917190957017,0.9949990134581344,21-30,2.3889750262351406e-05,0.0010819419350923676,0.993917071523042,0.9960809553932267
15,5_6C_36PER_4_3C_NEWSTRUCTURE,150,29,179,0.994849988017712,0.9949200069864844,0.9950265447368664,0.6651082809042983,0.3348917190957017,0.9949556855968584,21-30,0.00010569757914646871,0.0010819419350923676,0.9938737436617661,0.9960376275319508
15,5_6C_36PER_4_3C_NEWSTRUCTURE,150,30,180,0.994911844325509,0.9948746416615124,0.9949869891270704,0.6651082809042983,0.3348917190957017,0.9949122658973892,21-30,4.2157188018254743e-07,0.0010819419350923676,0.9938303239622969,0.9959942078324816
15,5_6C_36PER_4_3C_NEWSTRUCTURE,150,31,181,0.994797808616963,0.9948291386055416,0.9949474335172744,0.6651082809042983,0.3348917190957017,0.994868754591892,31-40,7.094597492895982e-05,0.001287928048889997,0.993580826543002,0.9961566826407819
15,5_6C_36PER_4_3C_NEWSTRUCTURE,150,32,182,0.994692690842363,0.9947834981648266,0.9949078779074784,0.6651082809042983,0.3348917190957017,0.994825151910664,31-40,0.00013246106830100413,0.001287928048889997,0.993537223861774,0.996113079959554
15,5_6C_36PER_4_3C_NEWSTRUCTURE,150,33,183,0.994805398347981,0.9947377206828512,0.9948683222976824,0.6651082809042983,0.3348917190957017,0.9947814580821588,31-40,2.394026582219766e-05,0.001287928048889997,0.9934935300332688,0.9960693861310488
15,5_6C_36PER_4_3C_NEWSTRUCTURE,150,34,184,0.994436632292143,0.9946918065003651,0.9948287666878866,0.6651082809042983,0.3348917190957017,0.9947376733330118,31-40,0.00030104104086881023,0.001287928048889997,0.9934497452841218,0.9960256013819018
15,5_6C_36PER_4_3C_NEWSTRUCTURE,150,35,185,0.994391947750774,0.9946457559554212,0.9947892110780906,0.6651082809042983,0.3348917190957017,0.994693797888065,31-40,0.0003018501372910043,0.001287928048889997,0.993405869839175,0.995981725936955
15,5_6C_36PER_4_3C_NEWSTRUCTURE,150,36,186,0.994449914321424,0.99459956938341,0.9947496554682946,0.6651082809042983,0.3348917190957017,0.9946498319703894,31-40,0.00019991764896531983,0.001287928048889997,0.9933619039214994,0.9959377600192794
15,5_6C_36PER_4_3C_NEWSTRUCTURE,150,37,187,0.994287494077638,0.994553247117096,0.9947100998584988,0.6651082809042983,0.3348917190957017,0.9946057758013094,31-40,0.0003182817236714319,0.001287928048889997,0.9933178477524194,0.9958937038501994
15,5_6C_36PER_4_3C_NEWSTRUCTURE,150,38,188,0.994339104248561,0.9945067894866524,0.9946705442487028,0.6651082809042983,0.3348917190957017,0.9945616296004256,31-40,0.00022252535186462197,0.001287928048889997,0.9932737015515356,0.9958495576493156
15,5_6C_36PER_4_3C_NEWSTRUCTURE,150,39,189,0.994219186498476,0.9944601968196938,0.9946309886389068,0.6651082809042983,0.3348917190957017,0.9945173935856376,31-40,0.00029820708716166155,0.001287928048889997,0.9932294655367476,0.9958053216345276
15,5_6C_36PER_4_3C_NEWSTRUCTURE,150,40,190,0.99429366073409,0.9944134694413108,0.9945914330291108,0.6651082809042983,0.3348917190957017,0.9944730679731656,31-40,0.00017940723907561296,0.001287928048889997,0.9931851399242756,0.9957609960220556
15,5_6C_36PER_4_3C_NEWSTRUCTURE,150,41,191,0.994091963632286,0.9943666076741012,0.9945518774193148,0.6651082809042983,0.3348917190957017,0.9944286529775722,41-50,0.00033668934528618966,0.0014857516834847484,0.9929429012940875,0.995914404661057
15,5_6C_36PER_4_3C_NEWSTRUCTURE,150,42,192,0.993986561242773,0.9943196118382036,0.9945123218095188,0.6651082809042983,0.3348917190957017,0.9943841488117842,41-50,0.00039758756901120407,0.0014857516834847484,0.9928983971282994,0.9958699004952689
15,5_6C_36PER_4_3C_NEWSTRUCTURE,150,43,193,0.993959427954383,0.994272482251328,0.9944727661997228,0.6651082809042983,0.3348917190957017,0.9943395556871132,41-50,0.0003801277327302177,0.0014857516834847484,0.9928538040036284,0.9958253073705979
15,5_6C_36PER_4_3C_NEWSTRUCTURE,150,44,194,0.994041871407567,0.9942252192287864,0.994433210589927,0.6651082809042983,0.3348917190957017,0.9942948738132756,41-50,0.00025300240570869104,0.0014857516834847484,0.9928091221297909,0.9957806254967604
15,5_6C_36PER_4_3C_NEWSTRUCTURE,150,45,195,0.993792833358538,0.9941778230835244,0.994393654980131,0.6651082809042983,0.3348917190957017,0.9942501033984148,41-50,0.0004572700398768337,0.0014857516834847484,0.99276435171493,0.9957358550818995
15,5_6C_36PER_4_3C_NEWSTRUCTURE,150,46,196,0.993812187172633,0.9941302941261498,0.994354099370335,0.6651082809042983,0.3348917190957017,0.9942052446491176,41-50,0.0003930574764846595,0.0014857516834847484,0.9927194929656329,0.9956909963326024
15,5_6C_36PER_4_3C_NEWSTRUCTURE,150,47,197,0.993727182185232,0.9940826326649626,0.9943145437605392,0.6651082809042983,0.3348917190957017,0.9941602977704376,41-50,0.0004331155852055346,0.0014857516834847484,0.9926745460869528,0.9956460494539223
15,5_6C_36PER_4_3C_NEWSTRUCTURE,150,48,198,0.99370137709977,0.9940348390059832,0.9942749881507432,0.6651082809042983,0.3348917190957017,0.9941152629659114,41-50,0.00041388586614132805,0.0014857516834847484,0.9926295112824266,0.9956010146493961
15,5_6C_36PER_4_3C_NEWSTRUCTURE,150,49,199,0.99373183089548,0.993986913452982,0.994235432540947,0.6651082809042983,0.3348917190957017,0.9940701404375788,41-50,0.0003383095420987914,0.0014857516834847484,0.992584388754094,0.9955558921210635
15,5_6C_36PER_4_3C_NEWSTRUCTURE,150,50,200,0.993553282473281,0.9939388563075052,0.9941958769311512,0.6651082809042983,0.3348917190957017,0.994024930386001,41-50,0.00047164791272003015,0.0014857516834847484,0.9925391787025163,0.9955106820694858
17,4_8C_80PER_4_8C_NEWSTRUCTURE,150,1,151,0.998274192539305,0.9982725755384354,0.9982455129945516,0.669552125811174,0.330447874188826,0.9982636327783388,1-10,1.0559760966200038e-05,0.001025357785885861,0.997238274992453,0.9992889905642247
17,4_8C_80PER_4_8C_NEWSTRUCTURE,150,2,152,0.998308929059994,0.998259556280674,0.9982310756429932,0.669552125811174,0.330447874188826,0.9982501449144968,1-10,5.878414549720379e-05,0.001025357785885861,0.997224787128611,0.9992755027003827
17,4_8C_80PER_4_8C_NEWSTRUCTURE,150,3,153,0.998238895752153,0.998246534518597,0.9982166382914348,0.669552125811174,0.330447874188826,0.9982366553738852,1-10,2.2403782677926642e-06,0.001025357785885861,0.9972112975879993,0.999262013159771
17,4_8C_80PER_4_8C_NEWSTRUCTURE,150,4,154,0.997177004049793,0.9982335102680956,0.9982022009398762,0.669552125811174,0.330447874188826,0.9982231641671432,1-10,0.0010461601173501478,0.001025357785885861,0.9971978063812573,0.999248521953029
17,4_8C_80PER_4_8C_NEWSTRUCTURE,150,5,155,0.998216111582669,0.9982204835448576,0.9981877635883176,0.669552125811174,0.330447874188826,0.9982096713047754,1-10,6.44027789353796e-06,0.001025357785885861,0.9971843135188896,0.9992350290906613
17,4_8C_80PER_4_8C_NEWSTRUCTURE,150,6,156,0.998126282193144,0.9982074543643716,0.9981733262367593,0.669552125811174,0.330447874188826,0.998196176797152,1-10,6.989460400796954e-05,0.001025357785885861,0.9971708190112661,0.9992215345830379
17,4_8C_80PER_4_8C_NEWSTRUCTURE,150,7,157,0.99813431267911,0.99819442274193,0.9981588888852008,0.669552125811174,0.330447874188826,0.9981826806545122,1-10,4.836797540219706e-05,0.001025357785885861,0.9971573228686264,0.9992080384403981
17,4_8C_80PER_4_8C_NEWSTRUCTURE,150,8,158,0.997965298962853,0.9981813886926342,0.9981444515336424,0.669552125811174,0.330447874188826,0.9981691828869668,1-10,0.00020388392411374578,0.001025357785885861,0.9971438251010809,0.9991945406728526
17,4_8C_80PER_4_8C_NEWSTRUCTURE,150,9,159,0.998033558093563,0.998168352231396,0.998130014182084,0.669552125811174,0.330447874188826,0.9981556835045003,1-10,0.00012212541093736817,0.001025357785885861,0.9971303257186145,0.9991810412903862
17,4_8C_80PER_4_8C_NEWSTRUCTURE,150,10,160,0.997959976431458,0.998155313372943,0.9981155768305254,0.669552125811174,0.330447874188826,0.9981421825169736,1-10,0.0001822060855156682,0.001025357785885861,0.9971168247310878,0.9991675403028595
17,4_8C_80PER_4_8C_NEWSTRUCTURE,150,11,161,0.99684196470508,0.9981422721318216,0.998101139478967,0.669552125811174,0.330447874188826,0.998128679934126,11-20,0.0012867152290459982,0.0012867152290459982,0.99684196470508,0.999415395163172
17,4_8C_80PER_4_8C_NEWSTRUCTURE,150,12,162,0.998033091204844,0.9981292285223996,0.9980867021274084,0.669552125811174,0.330447874188826,0.9981151757655776,11-20,8.208456073366399e-05,0.0012867152290459982,0.9968284605365316,0.9994018909946236
17,4_8C_80PER_4_8C_NEWSTRUCTURE,150,13,163,0.997959509542738,0.9981161825588702,0.99807226477585,0.669552125811174,0.330447874188826,0.998101670020832,11-20,0.0001421604780940111,0.0012867152290459982,0.9968149547917861,0.999388385249878
17,4_8C_80PER_4_8C_NEWSTRUCTURE,150,14,164,0.997989950687213,0.9981031342552552,0.9980578274242916,0.669552125811174,0.330447874188826,0.998088162709277,11-20,9.821202206405921e-05,0.0012867152290459982,0.996801447480231,0.999374877938323
17,4_8C_80PER_4_8C_NEWSTRUCTURE,150,15,165,0.99810966095475,0.9980900836254072,0.9980433900727332,0.669552125811174,0.330447874188826,0.9980746538401876,11-20,3.500711456239092e-05,0.0012867152290459982,0.9967879386111416,0.9993613690692336
17,4_8C_80PER_4_8C_NEWSTRUCTURE,150,16,166,0.997943448570807,0.9980770306830142,0.9980289527211746,0.669552125811174,0.330447874188826,0.9980611434227288,11-20,0.0001176948519218124,0.0012867152290459982,0.9967744281936828,0.9993478586517748
17,4_8C_80PER_4_8C_NEWSTRUCTURE,150,17,167,0.997961750608589,0.9980639754416012,0.9980145153696162,0.669552125811174,0.330447874188826,0.9980476314659564,11-20,8.588085736738194e-05,0.0012867152290459982,0.9967609162369104,0.9993343466950024
17,4_8C_80PER_4_8C_NEWSTRUCTURE,150,18,168,0.998041775335016,0.9980509179145336,0.9980000780180576,0.669552125811174,0.330447874188826,0.9980341179788192,11-20,7.657356196788534e-06,0.0012867152290459982,0.9967474027497732,0.9993208332078652
17,4_8C_80PER_4_8C_NEWSTRUCTURE,150,19,169,0.99807959332125,0.9980378581150202,0.9979856406664992,0.669552125811174,0.330447874188826,0.9980206029701608,11-20,5.899035108913875e-05,0.0012867152290459982,0.9967338877411148,0.9993073181992068
17,4_8C_80PER_4_8C_NEWSTRUCTURE,150,20,170,0.997959229409507,0.9980247960561154,0.9979712033149408,0.669552125811174,0.330447874188826,0.9980070864487224,11-20,4.785703921539319e-05,0.0012867152290459982,0.9967203712196764,0.9992938016777684
17,4_8C_80PER_4_8C_NEWSTRUCTURE,150,21,171,0.998139261699531,0.9980117317507226,0.9979567659633825,0.669552125811174,0.330447874188826,0.9979935684231428,21-30,0.00014569327638824792,0.0010819419350923676,0.9969116264880504,0.9990755103582352
17,4_8C_80PER_4_8C_NEWSTRUCTURE,150,22,172,0.998103404645916,0.9979986652115962,0.997942328611824,0.669552125811174,0.330447874188826,0.9979800489019623,21-30,0.0001233557439536126,0.0010819419350923676,0.99689810696687,0.9990619908370547
17,4_8C_80PER_4_8C_NEWSTRUCTURE,150,23,173,0.998047658132875,0.9979855964513444,0.9979278912602654,0.669552125811174,0.330447874188826,0.9979665278936228,21-30,8.113023925215845e-05,0.0010819419350923676,0.9968845859585305,0.9990484698287152
17,4_8C_80PER_4_8C_NEWSTRUCTURE,150,24,174,0.998023753430465,0.9979725254824324,0.9979134539087068,0.669552125811174,0.330447874188826,0.9979530054064698,21-30,7.074802399520408e-05,0.0010819419350923676,0.9968710634713774,0.9990349473415622
17,4_8C_80PER_4_8C_NEWSTRUCTURE,150,25,175,0.998029075961861,0.9979594523171836,0.9978990165571484,0.669552125811174,0.330447874188826,0.997939481448755,21-30,8.959451310597277e-05,0.0010819419350923676,0.9968575395136626,0.9990214233838474
17,4_8C_80PER_4_8C_NEWSTRUCTURE,150,26,176,0.998005171259451,0.9979463769677824,0.99788457920559,0.669552125811174,0.330447874188826,0.9979259560286364,21-30,7.92152308145555e-05,0.0010819419350923676,0.9968440140935441,0.9990078979637288
17,4_8C_80PER_4_8C_NEWSTRUCTURE,150,27,177,0.997941394260444,0.9979332994462774,0.9978701418540316,0.669552125811174,0.330447874188826,0.997912429154181,21-30,2.8965106263045826e-05,0.0010819419350923676,0.9968304872190886,0.9989943710892734
17,4_8C_80PER_4_8C_NEWSTRUCTURE,150,28,178,0.997871360952602,0.9979202197645826,0.9978557045024732,0.669552125811174,0.330447874188826,0.9978989008333656,21-30,2.753988076364955e-05,0.0010819419350923676,0.9968169588982733,0.998980842768458
17,4_8C_80PER_4_8C_NEWSTRUCTURE,150,29,179,0.997884807347708,0.99790713793448,0.9978412671509146,0.669552125811174,0.330447874188826,0.9978853710740796,21-30,5.637263715829732e-07,0.0010819419350923676,0.9968034291389872,0.998967313009172
17,4_8C_80PER_4_8C_NEWSTRUCTURE,150,30,180,0.997895078899525,0.9978940539676224,0.9978268297993562,0.669552125811174,0.330447874188826,0.9978718398841248,21-30,2.3239015400244867e-05,0.0010819419350923676,0.9967898979490324,0.9989537818192171
17,4_8C_80PER_4_8C_NEWSTRUCTURE,150,31,181,0.997796658757572,0.9978809678755348,0.9978123924477976,0.669552125811174,0.330447874188826,0.9978583072712176,31-40,6.164851364565127e-05,0.001287928048889997,0.9965703792223276,0.9991462353201076
17,4_8C_80PER_4_8C_NEWSTRUCTURE,150,32,182,0.997728306249119,0.997867879669616,0.9977979550962393,0.669552125811174,0.330447874188826,0.99784477324299,31-40,0.00011646699387102277,0.001287928048889997,0.9965568451941,0.99913270129188
17,4_8C_80PER_4_8C_NEWSTRUCTURE,150,33,183,0.997724851272599,0.9978547893611424,0.9977835177446808,0.669552125811174,0.330447874188826,0.9978312378069928,31-40,0.00010638653439376533,0.001287928048889997,0.9965433097581028,0.9991191658558828
17,4_8C_80PER_4_8C_NEWSTRUCTURE,150,34,184,0.997672186225102,0.9978416969612685,0.9977690803931224,0.669552125811174,0.330447874188826,0.9978177009706936,31-40,0.0001455147455915462,0.001287928048889997,0.9965297729218036,0.9991056290195836
17,4_8C_80PER_4_8C_NEWSTRUCTURE,150,35,185,0.997766591124072,0.9978286024810288,0.997754643041564,0.669552125811174,0.330447874188826,0.9978041627414816,31-40,3.757161740969295e-05,0.001287928048889997,0.9965162346925917,0.9990920907903716
17,4_8C_80PER_4_8C_NEWSTRUCTURE,150,36,186,0.997730080426251,0.9978155059313412,0.9977402056900054,0.669552125811174,0.330447874188826,0.9977906231266658,31-40,6.0542700414778494e-05,0.001287928048889997,0.9965026950777758,0.9990785511755558
17,4_8C_80PER_4_8C_NEWSTRUCTURE,150,37,187,0.99763959739252,0.9978024073230072,0.997725768338447,0.669552125811174,0.330447874188826,0.9977770821334792,31-40,0.00013748474095920393,0.001287928048889997,0.9964891540845892,0.9990650101823692
17,4_8C_80PER_4_8C_NEWSTRUCTURE,150,38,188,0.997586185323073,0.9977893066667152,0.9977113309868884,0.669552125811174,0.330447874188826,0.997763539769078,31-40,0.00017735444600497363,0.001287928048889997,0.996475611720188,0.9990514678179679
17,4_8C_80PER_4_8C_NEWSTRUCTURE,150,39,189,0.99748010820613,0.9977762039730402,0.99769689363533,0.669552125811174,0.330447874188826,0.9977499960405428,31-40,0.0002698878344128408,0.001287928048889997,0.9964620679916528,0.9990379240894328
17,4_8C_80PER_4_8C_NEWSTRUCTURE,150,40,190,0.997562280620663,0.9977630992524484,0.9976824562837716,0.669552125811174,0.330447874188826,0.9977364509548808,31-40,0.0001741703342178491,0.001287928048889997,0.9964485229059908,0.9990243790037708
17,4_8C_80PER_4_8C_NEWSTRUCTURE,150,41,191,0.997509148684448,0.9977499925152968,0.9976680189322132,0.669552125811174,0.330447874188826,0.9977229045190272,41-50,0.00021375583457927672,0.0014857516834847484,0.9962371528355425,0.999208656202512
17,4_8C_80PER_4_8C_NEWSTRUCTURE,150,42,192,0.997375805266318,0.9977368837718352,0.9976535815806546,0.669552125811174,0.330447874188826,0.9977093567398444,41-50,0.0003335514735264278,0.0014857516834847484,0.9962236050563597,0.9991951084233291
17,4_8C_80PER_4_8C_NEWSTRUCTURE,150,43,193,0.997436874310756,0.9977237730322088,0.9976391442290962,0.669552125811174,0.330447874188826,0.9976958076241252,41-50,0.0002589333133692362,0.0014857516834847484,0.9962100559406405,0.99918155930761
17,4_8C_80PER_4_8C_NEWSTRUCTURE,150,44,194,0.997554436890185,0.9977106603064584,0.9976247068775376,0.669552125811174,0.330447874188826,0.9976822571785924,41-50,0.00012782028840740978,0.0014857516834847484,0.9961965054951076,0.9991680088620771
17,4_8C_80PER_4_8C_NEWSTRUCTURE,150,45,195,0.997481041983568,0.997697545604524,0.9976102695259792,0.669552125811174,0.330447874188826,0.9976687054099012,41-50,0.00018766342633314004,0.0014857516834847484,0.9961829537264164,0.9991544570933859
17,4_8C_80PER_4_8C_NEWSTRUCTURE,150,46,196,0.99754323156093,0.997684428936244,0.9975958321744208,0.669552125811174,0.330447874188826,0.9976551523246396,41-50,0.00011192076370958315,0.0014857516834847484,0.9961694006411549,0.9991409040081244
17,4_8C_80PER_4_8C_NEWSTRUCTURE,150,47,197,0.997578248214851,0.9976713103113584,0.9975813948228625,0.669552125811174,0.330447874188826,0.9976415979293284,41-50,6.3349714477412e-05,0.0014857516834847484,0.9961558462458436,0.9991273496128131
17,4_8C_80PER_4_8C_NEWSTRUCTURE,150,48,198,0.997511109617067,0.9976581897395096,0.997566957471304,0.669552125811174,0.330447874188826,0.9976280422304236,41-50,0.00011693261335654626,0.0014857516834847484,0.9961422905469388,0.9991137939139083
17,4_8C_80PER_4_8C_NEWSTRUCTURE,150,49,199,0.997506534107622,0.997645067230244,0.9975525201197454,0.669552125811174,0.330447874188826,0.9976144852343174,41-50,0.00010795112669537144,0.0014857516834847484,0.9961287335508326,0.9991002369178021
17,4_8C_80PER_4_8C_NEWSTRUCTURE,150,50,200,0.996334456667591,0.9976319427930136,0.9975380827681868,0.669552125811174,0.330447874188826,0.9976009269473384,41-50,0.001266470279747356,0.0014857516834847484,0.9961151752638536,0.9990866786308231
18,5C_67PER_4C_NEWSTRUCTURE,150,1,151,0.996740944072617,0.9969115740845392,0.9969146969900452,0.6671188046324797,0.3328811953675202,0.9969126136410572,1-10,0.00017166956844016923,0.001025357785885861,0.9958872558551713,0.9979379714269431
18,5C_67PER_4C_NEWSTRUCTURE,150,2,152,0.996717457910177,0.9968783656252908,0.9968824339360468,0.6671188046324797,0.3328811953675202,0.9968797198894384,1-10,0.00016226197926139108,0.001025357785885861,0.9958543621035525,0.9979050776753242
18,5C_67PER_4C_NEWSTRUCTURE,150,3,153,0.99673748196899,0.9968450996548328,0.9968501708820484,0.6671188046324797,0.3328811953675202,0.9968467877710104,1-10,0.00010930580202039852,0.001025357785885861,0.9958214299851246,0.9978721455568963
18,5C_67PER_4C_NEWSTRUCTURE,150,4,154,0.996729154206213,0.996811776450435,0.99681790782805,0.6671188046324797,0.3328811953675202,0.9968138174707448,1-10,8.466326453182571e-05,0.001025357785885861,0.995788459684859,0.9978391752566307
18,5C_67PER_4C_NEWSTRUCTURE,150,5,155,0.996624729675206,0.996778396286238,0.9967856447740514,0.6671188046324797,0.3328811953675202,0.996780809171526,1-10,0.00015607949632001628,0.001025357785885861,0.9957554513856401,0.9978061669574119
18,5C_67PER_4C_NEWSTRUCTURE,150,6,156,0.996660941407733,0.9967449594333072,0.9967533817200528,0.6671188046324797,0.3328811953675202,0.9967477630541868,1-10,8.682164645379409e-05,0.001025357785885861,0.9957224052683009,0.9977731208400726
18,5C_67PER_4C_NEWSTRUCTURE,150,7,157,0.996644566593283,0.9967114661596872,0.9967211186660544,0.6671188046324797,0.3328811953675202,0.996714679297545,1-10,7.011270426193761e-05,0.001025357785885861,0.9956893215116591,0.9977400370834308
18,5C_67PER_4C_NEWSTRUCTURE,150,8,158,0.996503930329749,0.9966779167304544,0.996688855612056,0.6671188046324797,0.3328811953675202,0.996681558078438,1-10,0.0001776277486889022,0.001025357785885861,0.9956562002925521,0.9977069158643238
18,5C_67PER_4C_NEWSTRUCTURE,150,9,159,0.996456209441924,0.9966443114077688,0.9966565925580574,0.6671188046324797,0.3328811953675202,0.9966483995717572,1-10,0.00019219012983318073,0.001025357785885861,0.9956230417858714,0.9976737573576431
18,5C_67PER_4C_NEWSTRUCTURE,150,10,160,0.996416816316876,0.9966106504509236,0.996624329504059,0.6671188046324797,0.3328811953675202,0.9966152039504828,1-10,0.00019838763360680023,0.001025357785885861,0.9955898461645969,0.9976405617363686
18,5C_67PER_4C_NEWSTRUCTURE,150,11,161,0.996264670898043,0.9965769341163956,0.9965920664500604,0.6671188046324797,0.3328811953675202,0.9965819713857146,11-20,0.0003173004876715346,0.0012867152290459982,0.9952952561566686,0.9978686866147606
18,5C_67PER_4C_NEWSTRUCTURE,150,12,162,0.996247641091016,0.996543162657891,0.996559803396062,0.6671188046324797,0.3328811953675202,0.9965487020467052,11-20,0.0003010609556891586,0.0012867152290459982,0.9952619868176592,0.9978354172757512
18,5C_67PER_4C_NEWSTRUCTURE,150,13,163,0.996187007492366,0.9965093363263944,0.9965275403420636,0.6671188046324797,0.3328811953675202,0.9965153961008908,11-20,0.0003283886085247989,0.0012867152290459982,0.9952286808718448,0.9978021113299368
18,5C_67PER_4C_NEWSTRUCTURE,150,14,164,0.996149205063579,0.996475455370213,0.996495277288065,0.6671188046324797,0.3328811953675202,0.996482053713922,11-20,0.0003328486503429984,0.0012867152290459982,0.995195338484876,0.997768768942968
18,5C_67PER_4C_NEWSTRUCTURE,150,15,165,0.996155848559727,0.9964415200350224,0.9964630142340666,0.6671188046324797,0.3328811953675202,0.9964486750496936,11-20,0.0002928264899665356,0.0012867152290459982,0.9951619598206476,0.9977353902787396
18,5C_67PER_4C_NEWSTRUCTURE,150,16,166,0.996088665035299,0.9964075305639092,0.996430751180068,0.6671188046324797,0.3328811953675202,0.9964152602703732,11-20,0.00032659523507416743,0.0012867152290459982,0.9951285450413272,0.9977019754994192
18,5C_67PER_4C_NEWSTRUCTURE,150,17,167,0.996128900293661,0.9963734871974153,0.9963984881260696,0.6671188046324797,0.3328811953675202,0.996381809536431,11-20,0.00025290924276999416,0.0012867152290459982,0.995095094307385,0.997668524765477
18,5C_67PER_4C_NEWSTRUCTURE,150,18,168,0.996154257863467,0.9963393901735774,0.9963662250720712,0.6671188046324797,0.3328811953675202,0.9963483230066656,11-20,0.00019406514319864065,0.0012867152290459982,0.9950616077776196,0.9976350382357116
18,5C_67PER_4C_NEWSTRUCTURE,150,19,169,0.99615191860426,0.99630523972797,0.9963339620180726,0.6671188046324797,0.3328811953675202,0.9963148008382332,11-20,0.000162882233973205,0.0012867152290459982,0.9950280856091872,0.9976015160672792
18,5C_67PER_4C_NEWSTRUCTURE,150,20,170,0.996195990247722,0.9962710360937445,0.996301698964074,0.6671188046324797,0.3328811953675202,0.9962812431866732,11-20,8.52529389512302e-05,0.0012867152290459982,0.9949945279576272,0.9975679584157192
18,5C_67PER_4C_NEWSTRUCTURE,150,21,171,0.996128058160347,0.9962367795016672,0.9962694359100756,0.6671188046324797,0.3328811953675202,0.9962476502059344,21-30,0.00011959204558742442,0.0010819419350923676,0.995165708270842,0.9973295921410268
18,5C_67PER_4C_NEWSTRUCTURE,150,22,172,0.996141064441538,0.99620247018016,0.9962371728560772,0.6671188046324797,0.3328811953675202,0.9962140220484016,21-30,7.295760686354402e-05,0.0010819419350923676,0.9951320801133092,0.997295963983494
18,5C_67PER_4C_NEWSTRUCTURE,150,23,173,0.996091659287084,0.9961681083553344,0.9962049098020788,0.6671188046324797,0.3328811953675202,0.9961803588649178,21-30,8.869957783386173e-05,0.0010819419350923676,0.9950984169298255,0.9972623008000102
18,5C_67PER_4C_NEWSTRUCTURE,150,24,174,0.996013902311038,0.9961336942510316,0.99617264674808,0.6671188046324797,0.3328811953675202,0.9961466608048116,21-30,0.00013275849377358817,0.0010819419350923676,0.9950647188697193,0.997228602739904
18,5C_67PER_4C_NEWSTRUCTURE,150,25,175,0.995991071141177,0.9960992280888552,0.9961403836940816,0.6671188046324797,0.3328811953675202,0.9961129280159192,21-30,0.00012185687474219886,0.0010819419350923676,0.9950309860808269,0.9971948699510116
18,5C_67PER_4C_NEWSTRUCTURE,150,26,176,0.995880751676968,0.996064710088208,0.9961081206400832,0.6671188046324797,0.3328811953675202,0.9960791606446078,21-30,0.00019840896763978488,0.0010819419350923676,0.9949972187095154,0.9971611025797001
18,5C_67PER_4C_NEWSTRUCTURE,150,27,177,0.995921735498277,0.9960301404663264,0.9960758575860847,0.6671188046324797,0.3328811953675202,0.9960453588358004,21-30,0.00012362333752335974,0.0010819419350923676,0.994963416900708,0.9971273007708927
18,5C_67PER_4C_NEWSTRUCTURE,150,28,178,0.995929033987003,0.9959955194383124,0.9960435945320862,0.6671188046324797,0.3328811953675202,0.9960115227329952,21-30,8.248874599214862e-05,0.0010819419350923676,0.9949295807979028,0.9970934646680876
18,5C_67PER_4C_NEWSTRUCTURE,150,29,179,0.995960754341852,0.9959608472171682,0.9960113314780876,0.6671188046324797,0.3328811953675202,0.9959776524782904,21-30,1.6898136438348033e-05,0.0010819419350923676,0.994895710543198,0.9970595944133828
18,5C_67PER_4C_NEWSTRUCTURE,150,30,180,0.995891418698953,0.9959261240138264,0.9959790684240892,0.6671188046324797,0.3328811953675202,0.9959437482124028,21-30,5.23295134498003e-05,0.0010819419350923676,0.9948618062773105,0.9970256901474952
18,5C_67PER_4C_NEWSTRUCTURE,150,31,181,0.995835931470559,0.995891350037184,0.9959468053700908,0.6671188046324797,0.3328811953675202,0.9959098100746916,31-40,7.387860413254899e-05,0.001287928048889997,0.9946218820258016,0.9971977381235816
18,5C_67PER_4C_NEWSTRUCTURE,150,32,182,0.995738711857911,0.9958565254941304,0.9959145423160924,0.6671188046324797,0.3328811953675202,0.9958758382031764,31-40,0.00013712634526541478,0.001287928048889997,0.9945879101542864,0.9971637662520664
18,5C_67PER_4C_NEWSTRUCTURE,150,33,183,0.995727670554453,0.9958216505895804,0.9958822792620938,0.6671188046324797,0.3328811953675202,0.9958418327345602,31-40,0.00011416218010718016,0.001287928048889997,0.9945539046856702,0.9971297607834502
18,5C_67PER_4C_NEWSTRUCTURE,150,34,184,0.995704090821645,0.9957867255265008,0.9958500162080952,0.6671188046324797,0.3328811953675202,0.9958077938042456,31-40,0.00010370298260053978,0.001287928048889997,0.9945198657553556,0.9970957218531356
18,5C_67PER_4C_NEWSTRUCTURE,150,35,185,0.995633725904694,0.9957517505059424,0.9958177531540968,0.6671188046324797,0.3328811953675202,0.9957737215463576,31-40,0.0001399956416635595,0.001287928048889997,0.9944857934974676,0.9970616495952476
18,5C_67PER_4C_NEWSTRUCTURE,150,36,186,0.995638778704582,0.995716725727066,0.9957854901000984,0.6671188046324797,0.3328811953675202,0.9957396160937596,31-40,0.00010083738917765483,0.001287928048889997,0.9944516880448696,0.9970275441426496
18,5C_67PER_4C_NEWSTRUCTURE,150,37,187,0.995619503208715,0.9956816513871718,0.9957532270460998,0.6671188046324797,0.3328811953675202,0.9957054775780748,31-40,8.597436935986469e-05,0.001287928048889997,0.9944175495291848,0.9969934056269648
18,5C_67PER_4C_NEWSTRUCTURE,150,38,188,0.995588437846444,0.9956465276817256,0.9957209639921014,0.6671188046324797,0.3328811953675202,0.9956713061297022,31-40,8.286828325820839e-05,0.001287928048889997,0.9943833780808122,0.9969592341785922
18,5C_67PER_4C_NEWSTRUCTURE,150,39,189,0.99543807026461,0.9956113548043858,0.9956887009381028,0.6671188046324797,0.3328811953675202,0.9956371018778344,31-40,0.00019903161322443186,0.001287928048889997,0.9943491738289444,0.9969250299267244
18,5C_67PER_4C_NEWSTRUCTURE,150,40,190,0.995467170649146,0.9955761329470304,0.9956564378841044,0.6671188046324797,0.3328811953675202,0.9956028649504776,31-40,0.00013569430133153482,0.001287928048889997,0.9943149369015876,0.9968907929993676
18,5C_67PER_4C_NEWSTRUCTURE,150,41,191,0.995367331066186,0.995540862299781,0.995624174830106,0.6671188046324797,0.3328811953675202,0.9955685954744646,41-50,0.00020126440827861192,0.0014857516834847484,0.9940828437909799,0.9970543471579494
18,5C_67PER_4C_NEWSTRUCTURE,150,42,192,0.995287702682775,0.99550554305103,0.9955919117761074,0.6671188046324797,0.3328811953675202,0.995534293575476,41-50,0.0002465908927009597,0.0014857516834847484,0.9940485418919912,0.9970200452589607
18,5C_67PER_4C_NEWSTRUCTURE,150,43,193,0.995197500847747,0.995470175387464,0.995559648722109,0.6671188046324797,0.3328811953675202,0.995499959378054,41-50,0.00030245853030697045,0.0014857516834847484,0.9940142076945693,0.9969857110615388
18,5C_67PER_4C_NEWSTRUCTURE,150,44,194,0.995219864165768,0.9954347594940874,0.9955273856681104,0.6671188046324797,0.3328811953675202,0.9954655930056184,41-50,0.00024572883985041205,0.0014857516834847484,0.9939798413221337,0.9969513446891032
18,5C_67PER_4C_NEWSTRUCTURE,150,45,195,0.995124328819748,0.9953992955542482,0.995495122614112,0.6671188046324797,0.3328811953675202,0.9954311945804843,41-50,0.0003068657607363523,0.0014857516834847484,0.9939454428969996,0.9969169462639691
18,5C_67PER_4C_NEWSTRUCTURE,150,46,196,0.99494139874975,0.9953637837496594,0.9954628595601136,0.6671188046324797,0.3328811953675202,0.9953967642238754,41-50,0.00045536547412539097,0.0014857516834847484,0.9939110125403906,0.9968825159073601
18,5C_67PER_4C_NEWSTRUCTURE,150,47,197,0.994932509564763,0.9953282242604226,0.995430596506115,0.6671188046324797,0.3328811953675202,0.995362302055941,41-50,0.0004297924911780271,0.0014857516834847484,0.9938765503724563,0.9968480537394258
18,5C_67PER_4C_NEWSTRUCTURE,150,48,198,0.994978171904486,0.9952926172650504,0.9953983334521164,0.6671188046324797,0.3328811953675202,0.9953278081957706,41-50,0.00034963629128459406,0.0014857516834847484,0.9938420565122859,0.9968135598792554
18,5C_67PER_4C_NEWSTRUCTURE,150,49,199,0.995018594303586,0.9952569629404884,0.995366070398118,0.6671188046324797,0.3328811953675202,0.9952932827614076,41-50,0.00027468845782163687,0.0014857516834847484,0.9938075310779229,0.9967790344448924
18,5C_67PER_4C_NEWSTRUCTURE,150,50,200,0.995046291132598,0.9952212614621364,0.9953338073441196,0.6671188046324797,0.3328811953675202,0.9952587258698646,41-50,0.0002124347372666202,0.0014857516834847484,0.9937729741863799,0.9967444775533494
19,5_3C_54PER_4C_NEWSTRUCTURE,150,1,151,0.998355088321304,0.9983623089721808,0.9983241860887204,0.669518065976472,0.330481934023528,0.9983497100479244,1-10,5.378273379652576e-06,0.001025357785885861,0.9973243522620385,0.9993750678338102
19,5_3C_54PER_4C_NEWSTRUCTURE,150,2,152,0.998390211322146,0.9983460831985922,0.9983064915074,0.669518065976472,0.330481934023528,0.9983329988599158,1-10,5.7212462230227246e-05,0.001025357785885861,0.9973076410740299,0.9993583566458016
19,5_3C_54PER_4C_NEWSTRUCTURE,150,3,153,0.998164567003739,0.9983298311343236,0.9982887969260796,0.669518065976472,0.330481934023528,0.998316270069822,1-10,0.00015170306608303097,0.001025357785885861,0.9972909122839362,0.9993416278557079
19,5_3C_54PER_4C_NEWSTRUCTURE,150,4,154,0.998225123901743,0.9983135529090296,0.9982711023447594,0.669518065976472,0.330481934023528,0.9982995237644492,1-10,7.439986270618704e-05,0.001025357785885861,0.9972741659785633,0.999324881550335
19,5_3C_54PER_4C_NEWSTRUCTURE,150,5,155,0.99821981352761,0.998297248650887,0.998253407763439,0.669518065976472,0.330481934023528,0.9982827600296138,1-10,6.294650200378005e-05,0.001025357785885861,0.9972574022437279,0.9993081178154997
19,5_3C_54PER_4C_NEWSTRUCTURE,150,6,156,0.99821860238965,0.998280918486621,0.9982357131821186,0.669518065976472,0.330481934023528,0.9982659789501608,1-10,4.737656051079231e-05,0.001025357785885861,0.9972406211642749,0.9992913367360466
19,5_3C_54PER_4C_NEWSTRUCTURE,150,7,157,0.998192330012362,0.998264562541531,0.9982180186007982,0.669518065976472,0.330481934023528,0.9982491806099804,1-10,5.685059761839639e-05,0.001025357785885861,0.9972238228240945,0.9992745383958662
19,5_3C_54PER_4C_NEWSTRUCTURE,150,8,158,0.998142393862624,0.9982481809395152,0.9982003240194778,0.669518065976472,0.330481934023528,0.9982323650920248,1-10,8.997122940079816e-05,0.001025357785885861,0.997207007306139,0.9992577228779107
19,5_3C_54PER_4C_NEWSTRUCTURE,150,9,159,0.998087426832128,0.9982317738030956,0.9981826294381576,0.669518065976472,0.330481934023528,0.9982155324783246,1-10,0.0001281056461965857,0.001025357785885861,0.9971901746924388,0.9992408902642105
19,5_3C_54PER_4C_NEWSTRUCTURE,150,10,160,0.998067769131392,0.9982153412534418,0.9981649348568372,0.669518065976472,0.330481934023528,0.9981986828500048,1-10,0.00013091371861284617,0.001025357785885861,0.9971733250641189,0.9992240406358907
19,5_3C_54PER_4C_NEWSTRUCTURE,150,11,161,0.998101960487649,0.9981988834103934,0.9981472402755168,0.669518065976472,0.330481934023528,0.9981818162873004,11-20,7.98557996514182e-05,0.0012867152290459982,0.9968951010582544,0.9994685315163464
19,5_3C_54PER_4C_NEWSTRUCTURE,150,12,162,0.997993889715827,0.9981824003924842,0.9981295456941964,0.669518065976472,0.330481934023528,0.998164932869572,11-20,0.00017104315374494306,0.0012867152290459982,0.996878217640526,0.999451648098618
19,5_3C_54PER_4C_NEWSTRUCTURE,150,13,163,0.998018298803946,0.9981658923169632,0.998111851112876,0.669518065976472,0.330481934023528,0.9981480326753196,11-20,0.00012973387137360515,0.0012867152290459982,0.9968613174462736,0.9994347479043656
19,5_3C_54PER_4C_NEWSTRUCTURE,150,14,164,0.997953549505311,0.9981493592998169,0.9980941565315556,0.669518065976472,0.330481934023528,0.9981311157821984,11-20,0.00017756627688736426,0.0012867152290459982,0.9968444005531524,0.9994178310112444
19,5_3C_54PER_4C_NEWSTRUCTURE,150,15,165,0.997931190035279,0.9981328014557904,0.9980764619502352,0.669518065976472,0.330481934023528,0.9981141822670327,11-20,0.00018299223175377577,0.0012867152290459982,0.9968274670379867,0.9994008974960787
19,5_3C_54PER_4C_NEWSTRUCTURE,150,16,166,0.997919823971346,0.9981162188984084,0.9980587673689147,0.669518065976472,0.330481934023528,0.9980972322058288,11-20,0.00017740823448275655,0.0012867152290459982,0.9968105169767828,0.9993839474348748
19,5_3C_54PER_4C_NEWSTRUCTURE,150,17,167,0.998006932740013,0.9980996117399952,0.9980410727875944,0.669518065976472,0.330481934023528,0.99808026567379,11-20,7.333293377709271e-05,0.0012867152290459982,0.996793550444744,0.999366980902836
19,5_3C_54PER_4C_NEWSTRUCTURE,150,18,168,0.997987275039276,0.998082980091694,0.998023378206274,0.669518065976472,0.330481934023528,0.9980632827453292,11-20,7.600770605320495e-05,0.0012867152290459982,0.9967765675162832,0.9993499979743752
19,5_3C_54PER_4C_NEWSTRUCTURE,150,19,169,0.997961561648739,0.9980663240634872,0.9980056836249538,0.669518065976472,0.330481934023528,0.9980462834940806,11-20,8.472184534169536e-05,0.0012867152290459982,0.9967595682650346,0.9993329987231266
19,5_3C_54PER_4C_NEWSTRUCTURE,150,20,170,0.99801196362077,0.9980496437642152,0.9979879890436334,0.669518065976472,0.330481934023528,0.9980292679929156,11-20,1.7304372145532376e-05,0.0012867152290459982,0.9967425527638696,0.9993159832219616
19,5_3C_54PER_4C_NEWSTRUCTURE,150,21,171,0.99794628267755,0.998032939301594,0.997970294462313,0.669518065976472,0.330481934023528,0.998012236313952,21-30,6.595363640193863e-05,0.0010819419350923676,0.9969302943788596,0.9990941782490443
19,5_3C_54PER_4C_NEWSTRUCTURE,150,22,172,0.9979055698092,0.9980162107822342,0.9979525998809926,0.669518065976472,0.330481934023528,0.997995188528567,21-30,8.961871936696841e-05,0.0010819419350923676,0.9969132465934746,0.9990771304636593
19,5_3C_54PER_4C_NEWSTRUCTURE,150,23,173,0.997922712069558,0.9979994583116588,0.9979349052996722,0.669518065976472,0.330481934023528,0.9979781247074104,21-30,5.541263785246997e-05,0.0010819419350923676,0.9968961827723181,0.9990600666425028
19,5_3C_54PER_4C_NEWSTRUCTURE,150,24,174,0.997898768803732,0.99798268199432,0.997917210718352,0.669518065976472,0.330481934023528,0.997961044920415,21-30,6.227611668307986e-05,0.0010819419350923676,0.9968791029853227,0.9990429868555074
19,5_3C_54PER_4C_NEWSTRUCTURE,150,25,175,0.997928115608149,0.9979658819336163,0.9978995161370317,0.669518065976472,0.330481934023528,0.997943949236808,21-30,1.583362865897886e-05,0.0010819419350923676,0.9968620073017156,0.9990258911719003
19,5_3C_54PER_4C_NEWSTRUCTURE,150,26,176,0.997967058351788,0.9979490582319092,0.9978818215557111,0.669518065976472,0.330481934023528,0.997926837725122,21-30,4.022062666597659e-05,0.0010819419350923676,0.9968448957900297,0.9990087796602144
19,5_3C_54PER_4C_NEWSTRUCTURE,150,27,177,0.997882371859042,0.9979322109905392,0.9978641269743908,0.669518065976472,0.330481934023528,0.9979097104532064,21-30,2.7338594164372232e-05,0.0010819419350923676,0.996827768518114,0.9989916523882988
19,5_3C_54PER_4C_NEWSTRUCTURE,150,28,178,0.997912184485751,0.997915340309842,0.9978464323930704,0.669518065976472,0.330481934023528,0.9978925674882376,21-30,1.9616997513405288e-05,0.0010819419350923676,0.9968106255531453,0.99897450942333
19,5_3C_54PER_4C_NEWSTRUCTURE,150,29,179,0.997869515163774,0.9978984462891644,0.99782873781175,0.669518065976472,0.330481934023528,0.9978754088967308,21-30,5.8937329567854135e-06,0.0010819419350923676,0.9967934669616384,0.9989573508318231
19,5_3C_54PER_4C_NEWSTRUCTURE,150,30,180,0.997882371859042,0.9978815290268784,0.9978110432304296,0.669518065976472,0.330481934023528,0.9978582347445468,21-30,2.4137114495226264e-05,0.0010819419350923676,0.9967762928094545,0.9989401766796392
19,5_3C_54PER_4C_NEWSTRUCTURE,150,31,181,0.997877713636118,0.9978645886203972,0.9977933486491092,0.669518065976472,0.330481934023528,0.9978410450969062,31-40,3.66685392118038e-05,0.001287928048889997,0.9965531170480162,0.9991289731457962
19,5_3C_54PER_4C_NEWSTRUCTURE,150,32,182,0.997746538078597,0.9978476251661892,0.9977756540677888,0.669518065976472,0.330481934023528,0.997823840018396,31-40,7.730193979893496e-05,0.001287928048889997,0.996535911969506,0.999111768067286
19,5_3C_54PER_4C_NEWSTRUCTURE,150,33,183,0.997662410572601,0.9978306387597924,0.9977579594864684,0.669518065976472,0.330481934023528,0.9978066195729808,31-40,0.00014420900037981355,0.001287928048889997,0.9965186915240908,0.9990945476218708
19,5_3C_54PER_4C_NEWSTRUCTURE,150,34,184,0.997804113713929,0.9978136294958292,0.9977402649051482,0.669518065976472,0.330481934023528,0.997789383824012,31-40,1.4729889916909045e-05,0.001287928048889997,0.9965014557751221,0.999077311872902
19,5_3C_54PER_4C_NEWSTRUCTURE,150,35,185,0.997755202373234,0.9977965974680184,0.9977225703238278,0.669518065976472,0.330481934023528,0.9977721328342362,31-40,1.6930461002151453e-05,0.001287928048889997,0.9964842047853462,0.9990600608831262
19,5_3C_54PER_4C_NEWSTRUCTURE,150,36,186,0.997746165420763,0.9977795427691908,0.9977048757425074,0.669518065976472,0.330481934023528,0.9977548666658048,31-40,8.701245041820016e-06,0.001287928048889997,0.9964669386169148,0.9990427947146948
19,5_3C_54PER_4C_NEWSTRUCTURE,150,37,187,0.997632877439267,0.9977624654913,0.997687181161187,0.669518065976472,0.330481934023528,0.9977375853802826,31-40,0.00010470794101558045,0.001287928048889997,0.9964496573313926,0.9990255134291726
19,5_3C_54PER_4C_NEWSTRUCTURE,150,38,188,0.99752331603611,0.9977453657254371,0.9976694865798666,0.669518065976472,0.330481934023528,0.997720289038657,31-40,0.00019697300254695183,0.001287928048889997,0.996432360989767,0.999008217087547
19,5_3C_54PER_4C_NEWSTRUCTURE,150,39,189,0.997426611328221,0.997728243561844,0.9976517919985464,0.669518065976472,0.330481934023528,0.9977029777013462,31-40,0.0002763663731252253,0.001287928048889997,0.9964150496524562,0.9989909057502362
19,5_3C_54PER_4C_NEWSTRUCTURE,150,40,190,0.997408071600986,0.9977110990899224,0.997634097417226,0.669518065976472,0.330481934023528,0.9976856514282066,31-40,0.0002775798272206531,0.001287928048889997,0.9963977233793166,0.9989735794770966
19,5_3C_54PER_4C_NEWSTRUCTURE,150,41,191,0.997302982091835,0.9976939323982498,0.9976164028359056,0.669518065976472,0.330481934023528,0.9976683102785422,41-50,0.00036532818670720335,0.0014857516834847484,0.9961825585950574,0.9991540619620269
19,5_3C_54PER_4C_NEWSTRUCTURE,150,42,192,0.997324503081741,0.9976767435745892,0.9975987082545852,0.669518065976472,0.330481934023528,0.9976509543111122,41-50,0.0003264512293711386,0.0014857516834847484,0.9961652026276274,0.9991367059945969
19,5_3C_54PER_4C_NEWSTRUCTURE,150,43,193,0.997358880766915,0.9976595327059016,0.9975810136732648,0.669518065976472,0.330481934023528,0.997633583584138,41-50,0.0002747028172229715,0.0014857516834847484,0.9961478319006533,0.9991193352676228
19,5_3C_54PER_4C_NEWSTRUCTURE,150,44,194,0.997272330984999,0.9976422998783564,0.9975633190919444,0.669518065976472,0.330481934023528,0.9976161981553122,41-50,0.0003438671703132057,0.0014857516834847484,0.9961304464718275,0.999101949838797
19,5_3C_54PER_4C_NEWSTRUCTURE,150,45,195,0.997211401429162,0.9976250451773452,0.997545624510624,0.669518065976472,0.330481934023528,0.9975987980818056,41-50,0.00038739665264364564,0.0014857516834847484,0.9961130463983209,0.9990845497652904
19,5_3C_54PER_4C_NEWSTRUCTURE,150,46,196,0.997232456596775,0.9976077686874888,0.9975279299293036,0.669518065976472,0.330481934023528,0.9975813834202736,41-50,0.0003489268234986298,0.0014857516834847484,0.9960956317367888,0.9990671351037583
19,5_3C_54PER_4C_NEWSTRUCTURE,150,47,197,0.997278666168175,0.9975904704926524,0.9975102353479832,0.669518065976472,0.330481934023528,0.9975639542268656,41-50,0.0002852880586906581,0.0014857516834847484,0.9960782025433809,0.9990497059103504
19,5_3C_54PER_4C_NEWSTRUCTURE,150,48,198,0.997309317275011,0.9975731506759524,0.9974925407666628,0.669518065976472,0.330481934023528,0.9975465105572288,41-50,0.00023719328221771807,0.0014857516834847484,0.996060758873744,0.9990322622407135
19,5_3C_54PER_4C_NEWSTRUCTURE,150,49,199,0.997287703120646,0.9975558093197696,0.9974748461853424,0.669518065976472,0.330481934023528,0.9975290524665196,41-50,0.00024134934587360934,0.0014857516834847484,0.9960433007830348,0.9990148041500043
19,5_3C_54PER_4C_NEWSTRUCTURE,150,50,200,0.997354502037367,0.9975384465057578,0.9974571516040224,0.669518065976472,0.330481934023528,0.997511580009406,41-50,0.0001570779720390103,0.0014857516834847484,0.9960258283259212,0.9989973316928907
20,4_8C_80PER_4_8C_NEWSTRUCTURE,150,1,151,0.99745756059526,0.9975262243507867,0.997558113628858,0.6638399616284777,0.3361600383715223,0.9975369442517268,1-10,7.938365646675827e-05,0.001025357785885861,0.9965115864658409,0.9985623020376126
20,4_8C_80PER_4_8C_NEWSTRUCTURE,150,2,152,0.997507701402666,0.9975021429871274,0.997535870179166,0.6638399616284777,0.3361600383715223,0.9975134807212972,1-10,5.779318631216057e-06,0.001025357785885861,0.9964881229354113,0.9985388385071831
20,4_8C_80PER_4_8C_NEWSTRUCTURE,150,3,153,0.997387983182736,0.997478053893658,0.997513626729474,0.6638399616284777,0.3361600383715223,0.9974900120595108,1-10,0.00010202887677479566,0.001025357785885861,0.996464654273625,0.9985153698453967
20,4_8C_80PER_4_8C_NEWSTRUCTURE,150,4,154,0.997164696965486,0.9974539571184446,0.997491383279782,0.6638399616284777,0.3361600383715223,0.997466538298276,1-10,0.00030184133278998715,0.001025357785885861,0.9964411805123902,0.9984918960841619
20,4_8C_80PER_4_8C_NEWSTRUCTURE,150,5,155,0.997277748523757,0.9974298527089436,0.99746913983009,0.6638399616284777,0.3361600383715223,0.9974430594690956,1-10,0.0001653109453386703,0.001025357785885861,0.9964177016832098,0.9984684172549815
20,4_8C_80PER_4_8C_NEWSTRUCTURE,150,6,156,0.997179814325022,0.9974057407120132,0.9974468963803982,0.6638399616284777,0.3361600383715223,0.9974195756030768,1-10,0.0002397612780548064,0.001025357785885861,0.996394217817191,0.9984449333889627
20,4_8C_80PER_4_8C_NEWSTRUCTURE,150,7,157,0.997070330839188,0.9973816211739264,0.997424652930706,0.6638399616284777,0.3361600383715223,0.9973960867309366,1-10,0.00032575589174865804,0.001025357785885861,0.9963707289450507,0.9984214445168225
20,4_8C_80PER_4_8C_NEWSTRUCTURE,150,8,158,0.997112020948717,0.9973574941403808,0.9974024094810142,0.6638399616284777,0.3361600383715223,0.9973725928830116,1-10,0.0002605719342946289,0.001025357785885861,0.9963472350971257,0.9983979506688975
20,4_8C_80PER_4_8C_NEWSTRUCTURE,150,9,159,0.99716328851584,0.9973333596565088,0.9973801660313224,0.6638399616284777,0.3361600383715223,0.9973490940892622,1-10,0.00018580557342218196,0.001025357785885861,0.9963237363033763,0.9983744518751481
20,4_8C_80PER_4_8C_NEWSTRUCTURE,150,10,160,0.997023758104219,0.9973092177668904,0.9973579225816304,0.6638399616284777,0.3361600383715223,0.9973255903792824,1-10,0.00030183227506341836,0.001025357785885861,0.9963002325933965,0.9983509481651682
20,4_8C_80PER_4_8C_NEWSTRUCTURE,150,11,161,0.995893805901366,0.99728506851556,0.9973356791319384,0.6638399616284777,0.3361600383715223,0.9973020817823036,11-20,0.001408275880937615,0.0012867152290459982,0.9960153665532576,0.9985887970113496
20,4_8C_80PER_4_8C_NEWSTRUCTURE,150,12,162,0.996921035176687,0.9972609119460192,0.9973134356822464,0.6638399616284777,0.3361600383715223,0.9972785683272049,11-20,0.0003575331505178969,0.0012867152290459982,0.9959918530981589,0.9985652835562508
20,4_8C_80PER_4_8C_NEWSTRUCTURE,150,13,163,0.996882631449666,0.997236748101246,0.9972911922325544,0.6638399616284777,0.3361600383715223,0.9972550500425156,11-20,0.0003724185928495327,0.0012867152290459982,0.9959683348134696,0.9985417652715616
20,4_8C_80PER_4_8C_NEWSTRUCTURE,150,14,164,0.996946575063606,0.997212577023703,0.9972689487828624,0.6638399616284777,0.3361600383715223,0.9972315269564253,11-20,0.0002849518928192962,0.0012867152290459982,0.9959448117273793,0.9985182421854712
20,4_8C_80PER_4_8C_NEWSTRUCTURE,150,15,165,0.996933241740288,0.997188398755348,0.9972467053331706,0.6638399616284777,0.3361600383715223,0.997207999096786,11-20,0.00027475735649806765,0.0012867152290459982,0.99592128386774,0.998494714325832
20,4_8C_80PER_4_8C_NEWSTRUCTURE,150,16,166,0.996917748794179,0.997164213337642,0.9972244618834788,0.6638399616284777,0.3361600383715223,0.9971844664911222,11-20,0.00026671769694319725,0.0012867152290459982,0.9958977512620762,0.9984711817201682
20,4_8C_80PER_4_8C_NEWSTRUCTURE,150,17,167,0.996972208847167,0.9971400208115592,0.9972022184337868,0.6638399616284777,0.3361600383715223,0.9971609291666338,11-20,0.00018872031946681744,0.0012867152290459982,0.9958742139375878,0.9984476443956798
20,4_8C_80PER_4_8C_NEWSTRUCTURE,150,18,168,0.996907889646656,0.9971158212175948,0.9971799749840948,0.6638399616284777,0.3361600383715223,0.9971373871502032,11-20,0.00022949750354717136,0.0012867152290459982,0.9958506719211572,0.9984241023792492
20,4_8C_80PER_4_8C_NEWSTRUCTURE,150,19,169,0.996710800592826,0.9970916145957732,0.9971577315344028,0.6638399616284777,0.3361600383715223,0.9971138404684,11-20,0.0004030398755739961,0.0012867152290459982,0.995827125239354,0.998400555697446
20,4_8C_80PER_4_8C_NEWSTRUCTURE,150,20,170,0.996850049314517,0.9970674009856576,0.9971354880847108,0.6638399616284777,0.3361600383715223,0.997090289147488,11-20,0.00024023983297094542,0.0012867152290459982,0.995803573918442,0.998377004376534
20,4_8C_80PER_4_8C_NEWSTRUCTURE,150,21,171,0.996871739439069,0.9970431804263556,0.9971132446350188,0.6638399616284777,0.3361600383715223,0.9970667332134284,21-30,0.00019499377435938658,0.0010819419350923676,0.9959847912783361,0.9981486751485208
20,4_8C_80PER_4_8C_NEWSTRUCTURE,150,22,172,0.996880471826876,0.9970189529565294,0.997091001185327,0.6638399616284777,0.3361600383715223,0.9970431726918868,21-30,0.00016270086501080083,0.0010819419350923676,0.9959612307567944,0.9981251146269792
20,4_8C_80PER_4_8C_NEWSTRUCTURE,150,23,173,0.995683477420862,0.9969947186144028,0.997068757735635,0.6638399616284777,0.3361600383715223,0.9970196076082372,21-30,0.0013361301873751064,0.0010819419350923676,0.9959376656731448,0.9981015495433295
20,4_8C_80PER_4_8C_NEWSTRUCTURE,150,24,174,0.996572209147636,0.9969704774377676,0.997046514285943,0.6638399616284777,0.3361600383715223,0.9969960379875678,21-30,0.00042382883993175025,0.0010819419350923676,0.9959140960524754,0.9980779799226601
20,4_8C_80PER_4_8C_NEWSTRUCTURE,150,25,175,0.996879251170516,0.9969462294639924,0.9970242708362512,0.6638399616284777,0.3361600383715223,0.9969724638546856,21-30,9.321268416961903e-05,0.0010819419350923676,0.9958905219195933,0.998054405789778
20,4_8C_80PER_4_8C_NEWSTRUCTURE,150,26,176,0.996811739484139,0.9969219747300287,0.9970020273865592,0.6638399616284777,0.3361600383715223,0.9969488852341196,21-30,0.00013714574998058282,0.0010819419350923676,0.9958669432990273,0.998030827169212
20,4_8C_80PER_4_8C_NEWSTRUCTURE,150,27,177,0.996819814595444,0.9968977132724184,0.9969797839368671,0.6638399616284777,0.3361600383715223,0.9969253021501286,21-30,0.00010548755468464677,0.0010819419350923676,0.9958433602150363,0.998007244085221
20,4_8C_80PER_4_8C_NEWSTRUCTURE,150,28,178,0.995650144112568,0.9968734451273008,0.9969575404871752,0.6638399616284777,0.3361600383715223,0.9969017146267032,21-30,0.0012515705141351585,0.0010819419350923676,0.9958197726916108,0.9979836565617956
20,4_8C_80PER_4_8C_NEWSTRUCTURE,150,29,179,0.996732960200593,0.996849170330418,0.9969352970374832,0.6638399616284777,0.3361600383715223,0.9968781226875698,21-30,0.0001451624869768242,0.0010819419350923676,0.9957961807524774,0.9979600646226622
20,4_8C_80PER_4_8C_NEWSTRUCTURE,150,30,180,0.996622819438258,0.9968248889171236,0.9969130535877914,0.6638399616284777,0.3361600383715223,0.9968545263561984,21-30,0.00023170691794038856,0.0010819419350923676,0.995772584421106,0.9979364682912908
20,4_8C_80PER_4_8C_NEWSTRUCTURE,150,31,181,0.996660565888777,0.9968006009223876,0.9968908101380994,0.6638399616284777,0.3361600383715223,0.9968309256558028,31-40,0.00017035976702572952,0.001287928048889997,0.9955429976069128,0.9981188537046928
20,4_8C_80PER_4_8C_NEWSTRUCTURE,150,32,182,0.996578594119366,0.9967763063808024,0.9968685666884076,0.6638399616284777,0.3361600383715223,0.9968073206093472,31-40,0.00022872648998117917,0.001287928048889997,0.9955193925604572,0.9980952486582372
20,4_8C_80PER_4_8C_NEWSTRUCTURE,150,33,183,0.996549580056654,0.99675200532659,0.9968463232387156,0.6638399616284777,0.3361600383715223,0.9967837112395492,31-40,0.0002341311828952808,0.001287928048889997,0.9954957831906592,0.9980716392884392
20,4_8C_80PER_4_8C_NEWSTRUCTURE,150,34,184,0.996536622319908,0.9967276977936074,0.9968240797890237,0.6638399616284777,0.3361600383715223,0.9967600975688848,31-40,0.00022347524897681215,0.001287928048889997,0.9954721695199948,0.9980480256177748
20,4_8C_80PER_4_8C_NEWSTRUCTURE,150,35,185,0.996464697491307,0.9967033838153524,0.9968018363393316,0.6638399616284777,0.3361600383715223,0.996736479619591,31-40,0.00027178212828404824,0.001287928048889997,0.995448551570701,0.998024407668481
20,4_8C_80PER_4_8C_NEWSTRUCTURE,150,36,186,0.996168829168955,0.9966790634249691,0.9967795928896396,0.6638399616284777,0.3361600383715223,0.9967128574136704,31-40,0.0005440282447154443,0.001287928048889997,0.9954249293647804,0.9980007854625604
20,4_8C_80PER_4_8C_NEWSTRUCTURE,150,37,187,0.996295307947187,0.9966547366552552,0.9967573494399478,0.6638399616284777,0.3361600383715223,0.9966892309728947,31-40,0.00039392302570773197,0.001287928048889997,0.9954013029240047,0.9979771590217847
20,4_8C_80PER_4_8C_NEWSTRUCTURE,150,38,188,0.996220754012579,0.996630403538664,0.9967351059902556,0.6638399616284777,0.3361600383715223,0.9966656003188086,31-40,0.00044484630622954047,0.001287928048889997,0.9953776722699186,0.9979535283676986
20,4_8C_80PER_4_8C_NEWSTRUCTURE,150,39,189,0.996186481737854,0.9966060641073138,0.9967128625405638,0.6638399616284777,0.3361600383715223,0.9966419654727332,31-40,0.0004554837348792473,0.001287928048889997,0.9953540374238432,0.9979298935216232
20,4_8C_80PER_4_8C_NEWSTRUCTURE,150,40,190,0.996147702424261,0.9965817183929904,0.996690619090872,0.6638399616284777,0.3361600383715223,0.9966183264557688,31-40,0.00047062403150777143,0.001287928048889997,0.9953303984068788,0.9979062545046588
20,4_8C_80PER_4_8C_NEWSTRUCTURE,150,41,191,0.994932773759419,0.9965573664271532,0.99666837564118,0.6638399616284777,0.3361600383715223,0.9965946832888,41-50,0.001661909529380945,0.0014857516834847484,0.9951089316053152,0.9980804349722847
20,4_8C_80PER_4_8C_NEWSTRUCTURE,150,42,192,0.996061223615982,0.9965330082409402,0.996646132191488,0.6638399616284777,0.3361600383715223,0.9965710359924972,41-50,0.0005098123765151508,0.0014857516834847484,0.9950852843090124,0.9980567876759819
20,4_8C_80PER_4_8C_NEWSTRUCTURE,150,43,193,0.995990425547098,0.9965086438651732,0.996623888741796,0.6638399616284777,0.3361600383715223,0.996547384587321,41-50,0.0005569590402229041,0.0014857516834847484,0.9950616329038362,0.9980331362708057
20,4_8C_80PER_4_8C_NEWSTRUCTURE,150,44,194,0.99587990919819,0.9964842733303618,0.996601645292104,0.6638399616284777,0.3361600383715223,0.9965237290935248,41-50,0.0006438198953347962,0.0014857516834847484,0.9950379774100401,0.9980094807770096
20,4_8C_80PER_4_8C_NEWSTRUCTURE,150,45,195,0.995889017172569,0.9964598966667092,0.996579401842412,0.6638399616284777,0.3361600383715223,0.9965000695311592,41-50,0.0006110523585902694,0.0014857516834847484,0.9950143178476745,0.997985821214644
20,4_8C_80PER_4_8C_NEWSTRUCTURE,150,46,196,0.995841974954385,0.9964355139041162,0.9965571583927202,0.6638399616284777,0.3361600383715223,0.996476405920073,41-50,0.0006344309656880487,0.0014857516834847484,0.9949906542365883,0.9979621576035578
20,4_8C_80PER_4_8C_NEWSTRUCTURE,150,47,197,0.995878125161972,0.9964111250721857,0.9965349149430284,0.6638399616284777,0.3361600383715223,0.9964527382799182,41-50,0.0005746131179461544,0.0014857516834847484,0.9949669865964335,0.997938489963403
20,4_8C_80PER_4_8C_NEWSTRUCTURE,150,48,198,0.996030895000267,0.9963867302002276,0.9965126714933364,0.6638399616284777,0.3361600383715223,0.9964290666301516,41-50,0.00039817162988464716,0.0014857516834847484,0.9949433149466669,0.9979148183136364
20,4_8C_80PER_4_8C_NEWSTRUCTURE,150,49,199,0.99597465091106,0.9963623293172628,0.9964904280436444,0.6638399616284777,0.3361600383715223,0.9964053909900386,41-50,0.00043074007897858646,0.0014857516834847484,0.9949196393065538,0.9978911426735233
20,4_8C_80PER_4_8C_NEWSTRUCTURE,150,50,200,0.996036810488781,0.9963379224520272,0.9964681845939524,0.6638399616284777,0.3361600383715223,0.9963817113786552,41-50,0.0003449008898741557,0.0014857516834847484,0.9948959596951704,0.9978674630621399
21,5_6C_19PER_4_6C_NEWSTRUCTURE,150,1,151,0.995672795985135,0.9956135927625992,0.9956366558191876,0.6665408412811359,0.3334591587188641,0.9956212833500466,1-10,5.151263508840209e-05,0.001025357785885861,0.9945959255641608,0.9966466411359325
21,5_6C_19PER_4_6C_NEWSTRUCTURE,150,2,152,0.995670274413321,0.9955684350479986,0.9955943030276798,0.6665408412811359,0.3334591587188641,0.9955770609627408,1-10,9.321345058022068e-05,0.001025357785885861,0.9945517031768549,0.9966024187486267
21,5_6C_19PER_4_6C_NEWSTRUCTURE,150,3,153,0.995595000825114,0.9955231815209812,0.995551950236172,0.6665408412811359,0.3334591587188641,0.9955327747125462,1-10,6.222611256778698e-05,0.001025357785885861,0.9945074169266603,0.9965581324984321
21,5_6C_19PER_4_6C_NEWSTRUCTURE,150,4,154,0.995482837575193,0.995477832606481,0.9955095974446642,0.6665408412811359,0.3334591587188641,0.9954884248826984,1-10,5.587307505439121e-06,0.001025357785885861,0.9944630670968125,0.9965137826685843
21,5_6C_19PER_4_6C_NEWSTRUCTURE,150,5,155,0.99545892933874,0.9954323887247976,0.9954672446531564,0.6665408412811359,0.3334591587188641,0.9954440117533444,1-10,1.4917585395624045e-05,0.001025357785885861,0.9944186539674585,0.9964693695392303
21,5_6C_19PER_4_6C_NEWSTRUCTURE,150,6,156,0.995364323699964,0.9953868502916758,0.9954248918616484,0.6665408412811359,0.3334591587188641,0.9953995356015952,1-10,3.52119016312491e-05,0.001025357785885861,0.9943741778157094,0.9964248933874811
21,5_6C_19PER_4_6C_NEWSTRUCTURE,150,7,157,0.995259631773934,0.9953412177183846,0.9953825390701406,0.6665408412811359,0.3334591587188641,0.9953549967015782,1-10,9.53649276442814e-05,0.001025357785885861,0.9943296389156924,0.9963803544874641
21,5_6C_19PER_4_6C_NEWSTRUCTURE,150,8,158,0.995280271306185,0.9952954914117929,0.9953401862786329,0.6665408412811359,0.3334591587188641,0.9953103953244884,1-10,3.0124018303379074e-05,0.001025357785885861,0.9942850375386025,0.9963357531103743
21,5_6C_19PER_4_6C_NEWSTRUCTURE,150,9,159,0.995215270788328,0.9952496717744445,0.995297833487125,0.6665408412811359,0.3334591587188641,0.9952657317386372,1-10,5.046095030913911e-05,0.001025357785885861,0.9942403739527513,0.996291089524523
21,5_6C_19PER_4_6C_NEWSTRUCTURE,150,10,160,0.995050528096521,0.9952037592046312,0.9952554806956172,0.6665408412811359,0.3334591587188641,0.995221006209503,1-10,0.00017047811298209758,0.001025357785885861,0.9941956484236172,0.9962463639953889
21,5_6C_19PER_4_6C_NEWSTRUCTURE,150,11,161,0.994977309122384,0.9951577540964636,0.9952131279041092,0.6665408412811359,0.3334591587188641,0.9951762189997762,11-20,0.0001989098773921283,0.0012867152290459982,0.9938895037707302,0.9964629342288222
21,5_6C_19PER_4_6C_NEWSTRUCTURE,150,12,162,0.994948731308499,0.9951116568399409,0.9951707751126015,0.6665408412811359,0.3334591587188641,0.9951313703694072,11-20,0.00018263906090820736,0.0012867152290459982,0.9938446551403612,0.9964180855984532
21,5_6C_19PER_4_6C_NEWSTRUCTURE,150,13,163,0.994915297134084,0.995065467821019,0.9951284223210936,0.6665408412811359,0.3334591587188641,0.9950864605756514,11-20,0.00017116344156742347,0.0012867152290459982,0.9937997453466054,0.9963731758046974
21,5_6C_19PER_4_6C_NEWSTRUCTURE,150,14,164,0.99477577016041,0.9950191874216774,0.995086069529586,0.6665408412811359,0.3334591587188641,0.995041489873114,11-20,0.00026571971270406003,0.0012867152290459982,0.993754774644068,0.99632820510216
21,5_6C_19PER_4_6C_NEWSTRUCTURE,150,15,165,0.994816582267168,0.994972816019983,0.995043716738078,0.6665408412811359,0.3334591587188641,0.9949964585137916,11-20,0.00017987624662363366,0.0012867152290459982,0.9937097432847456,0.9962831737428376
21,5_6C_19PER_4_6C_NEWSTRUCTURE,150,16,166,0.99486738726963,0.9949263539901548,0.9950013639465702,0.6665408412811359,0.3334591587188641,0.9949513667471166,11-20,8.39794774866176e-05,0.0012867152290459982,0.9936646515180706,0.9962380819761626
21,5_6C_19PER_4_6C_NEWSTRUCTURE,150,17,167,0.994846841128928,0.9948798017026258,0.9949590111550624,0.6665408412811359,0.3334591587188641,0.994906214819998,11-20,5.937369107000823e-05,0.0012867152290459982,0.993619499590952,0.996192930049044
21,5_6C_19PER_4_6C_NEWSTRUCTURE,150,18,168,0.994904276931344,0.9948331595241032,0.9949166583635546,0.6665408412811359,0.3334591587188641,0.9948610029768608,11-20,4.327395448322502e-05,0.0012867152290459982,0.9935742877478148,0.9961477182059068
21,5_6C_19PER_4_6C_NEWSTRUCTURE,150,19,169,0.994858701855606,0.9947864278176288,0.9948743055720468,0.6665408412811359,0.3334591587188641,0.9948157314596872,11-20,4.2970395918828785e-05,0.0012867152290459982,0.9935290162306412,0.9961024466887332
21,5_6C_19PER_4_6C_NEWSTRUCTURE,150,20,170,0.99482741568681,0.994739606942636,0.9948319527805388,0.6665408412811359,0.3334591587188641,0.9947704005080542,11-20,5.701517875578155e-05,0.0012867152290459982,0.9934836852790082,0.9960571157371002
21,5_6C_19PER_4_6C_NEWSTRUCTURE,150,21,171,0.994744297208517,0.9946926972550074,0.994789599989031,0.6665408412811359,0.3334591587188641,0.9947250103591724,21-30,1.9286849344601897e-05,0.0010819419350923676,0.99364306842408,0.9958069522942647
21,5_6C_19PER_4_6C_NEWSTRUCTURE,150,22,172,0.994802853709517,0.994645699107131,0.9947472471975232,0.6665408412811359,0.3334591587188641,0.9946795612479228,21-30,0.00012329246159425988,0.0010819419350923676,0.9935976193128304,0.9957615031830152
21,5_6C_19PER_4_6C_NEWSTRUCTURE,150,23,173,0.994617845051654,0.9945986128479531,0.9947048944060154,0.6665408412811359,0.3334591587188641,0.994634053406892,21-30,1.620835523807873e-05,0.0010819419350923676,0.9935521114717997,0.9957159953419844
21,5_6C_19PER_4_6C_NEWSTRUCTURE,150,24,174,0.994590014370158,0.9945514388230332,0.9946625416145076,0.6665408412811359,0.3334591587188641,0.9945884870664096,21-30,1.5273037484719865e-06,0.0010819419350923676,0.9935065451313172,0.9956704290015019
21,5_6C_19PER_4_6C_NEWSTRUCTURE,150,25,175,0.99453407283252,0.9945041773745952,0.9946201888229996,0.6665408412811359,0.3334591587188641,0.9945428624545818,21-30,8.789622061744495e-06,0.0010819419350923676,0.9934609205194894,0.9956248043896742
21,5_6C_19PER_4_6C_NEWSTRUCTURE,150,26,176,0.994543785553579,0.994456828841579,0.994577836031492,0.6665408412811359,0.3334591587188641,0.9944971797973264,21-30,4.6605756252593444e-05,0.0010819419350923676,0.9934152378622341,0.9955791217324188
21,5_6C_19PER_4_6C_NEWSTRUCTURE,150,27,177,0.994483454613155,0.99440939355969,0.994535483239984,0.6665408412811359,0.3334591587188641,0.994451439318404,21-30,3.201529475105325e-05,0.0010819419350923676,0.9933694973833116,0.9955333812534963
21,5_6C_19PER_4_6C_NEWSTRUCTURE,150,28,178,0.994464869694975,0.9943618718614484,0.9944931304484764,0.6665408412811359,0.3334591587188641,0.9944056412394532,21-30,5.922845552186473e-05,0.0010819419350923676,0.9933236993043608,0.9954875831745456
21,5_6C_19PER_4_6C_NEWSTRUCTURE,150,29,179,0.994384179396947,0.9943142640762378,0.9944507776569684,0.6665408412811359,0.3334591587188641,0.994359785780022,21-30,2.4393616924967e-05,0.0010819419350923676,0.9932778438449297,0.9954417277151144
21,5_6C_19PER_4_6C_NEWSTRUCTURE,150,30,180,0.994191325848997,0.9942665705303506,0.9944084248654608,0.6665408412811359,0.3334591587188641,0.9943138731575972,21-30,0.00012254730860017382,0.0010819419350923676,0.9932319312225049,0.9953958150926896
21,5_6C_19PER_4_6C_NEWSTRUCTURE,150,31,181,0.994292935853922,0.9942187915470356,0.9943660720739528,0.6665408412811359,0.3334591587188641,0.9942679035876372,31-40,2.5032266284807925e-05,0.001287928048889997,0.9929799755387472,0.9955558316365272
21,5_6C_19PER_4_6C_NEWSTRUCTURE,150,32,182,0.994196088817978,0.994170927446542,0.994323719282445,0.6665408412811359,0.3334591587188641,0.9942218772836012,31-40,2.5788465623177714e-05,0.001287928048889997,0.9929339492347112,0.9955098053324912
21,5_6C_19PER_4_6C_NEWSTRUCTURE,150,33,183,0.994158171849229,0.9941229785461644,0.9942813664909372,0.6665408412811359,0.3334591587188641,0.9941757944569796,31-40,1.76226077505115e-05,0.001287928048889997,0.9928878664080896,0.9954637225058696
21,5_6C_19PER_4_6C_NEWSTRUCTURE,150,34,184,0.994095879686283,0.994074945160285,0.9942390136994294,0.6665408412811359,0.3334591587188641,0.9941296553173204,31-40,3.3775631037458176e-05,0.001287928048889997,0.9928417272684305,0.9954175833662104
21,5_6C_19PER_4_6C_NEWSTRUCTURE,150,35,185,0.994037323185283,0.9940268276004176,0.9941966609079216,0.6665408412811359,0.3334591587188641,0.9940834600722604,31-40,4.613688697741036e-05,0.001287928048889997,0.9927955320233705,0.9953713881211504
21,5_6C_19PER_4_6C_NEWSTRUCTURE,150,36,186,0.993985304092689,0.9939786261752478,0.9941543081164136,0.6665408412811359,0.3334591587188641,0.9940372089275512,31-40,5.19048348621709e-05,0.001287928048889997,0.9927492808786612,0.9953251369764412
21,5_6C_19PER_4_6C_NEWSTRUCTURE,150,37,187,0.99392805507337,0.993930341190674,0.9941119553249058,0.6665408412811359,0.3334591587188641,0.9939909020870864,31-40,6.28470137163939e-05,0.001287928048889997,0.9927029740381964,0.9952788301359764
21,5_6C_19PER_4_6C_NEWSTRUCTURE,150,38,188,0.993831955169815,0.9938819729498476,0.994069602533398,0.6665408412811359,0.3334591587188641,0.9939445397529292,31-40,0.00011258458311413921,0.001287928048889997,0.9926566117040392,0.9952324678018192
21,5_6C_19PER_4_6C_NEWSTRUCTURE,150,39,189,0.99373725613949,0.9938335217532124,0.9940272497418902,0.6665408412811359,0.3334591587188641,0.9938981221253372,31-40,0.0001608659858471917,0.001287928048889997,0.9926101940764472,0.9951860501742272
21,5_6C_19PER_4_6C_NEWSTRUCTURE,150,40,190,0.993703074832687,0.9937849878985427,0.9939848969503824,0.6665408412811359,0.3334591587188641,0.9938516494027896,31-40,0.00014857457010253317,0.001287928048889997,0.9925637213538996,0.9951395774516796
21,5_6C_19PER_4_6C_NEWSTRUCTURE,150,41,191,0.993552154090078,0.9937363716809806,0.9939425441588744,0.6665408412811359,0.3334591587188641,0.99380512178201,41-50,0.000252967691931949,0.0014857516834847484,0.9923193700985252,0.9952908734654947
21,5_6C_19PER_4_6C_NEWSTRUCTURE,150,42,192,0.993494064546822,0.9936876733930736,0.9939001913673668,0.6665408412811359,0.3334591587188641,0.9937585394579942,41-50,0.0002644749111722078,0.0014857516834847484,0.9922727877745094,0.9952442911414789
21,5_6C_19PER_4_6C_NEWSTRUCTURE,150,43,193,0.99346735456391,0.9936388933248104,0.9938578385758589,0.6665408412811359,0.3334591587188641,0.9937119026240304,41-50,0.00024454806012041974,0.0014857516834847484,0.9922261509405457,0.9951976543075152
21,5_6C_19PER_4_6C_NEWSTRUCTURE,150,44,194,0.993279637551135,0.9935900317636563,0.9938154857843512,0.6665408412811359,0.3334591587188641,0.993665211471727,41-50,0.00038557392059201945,0.0014857516834847484,0.9921794597882423,0.9951509631552118
21,5_6C_19PER_4_6C_NEWSTRUCTURE,150,45,195,0.993193437151737,0.993541088994589,0.9937731329928432,0.6665408412811359,0.3334591587188641,0.9936184661910328,41-50,0.00042502903929575453,0.0014857516834847484,0.992132714507548,0.9951042178745175
21,5_6C_19PER_4_6C_NEWSTRUCTURE,150,46,196,0.993312698159355,0.9934920653001316,0.9937307802013354,0.6665408412811359,0.3334591587188641,0.9935716669702608,41-50,0.00025896881090581303,0.0014857516834847484,0.992085915286776,0.9950574186537455
21,5_6C_19PER_4_6C_NEWSTRUCTURE,150,47,197,0.993319235567761,0.9934429609603864,0.9936884274098275,0.6665408412811359,0.3334591587188641,0.9935248139961108,41-50,0.00020557842834978413,0.0014857516834847484,0.9920390623126261,0.9950105656795956
21,5_6C_19PER_4_6C_NEWSTRUCTURE,150,48,198,0.993386944440527,0.993393776253069,0.9936460746183198,0.6665408412811359,0.3334591587188641,0.9934779074536916,41-50,9.096301316458e-05,0.0014857516834847484,0.9919921557702068,0.9949636591371763
21,5_6C_19PER_4_6C_NEWSTRUCTURE,150,49,199,0.993317274345239,0.9933445114535387,0.993603721826812,0.6665408412811359,0.3334591587188641,0.9934309475265416,41-50,0.00011367318130262039,0.0014857516834847484,0.9919451958430568,0.9949166992100263
21,5_6C_19PER_4_6C_NEWSTRUCTURE,150,50,200,0.993320823224087,0.993295166834832,0.993561369035304,0.6665408412811359,0.3334591587188641,0.9933839343966504,41-50,6.311117256341259e-05,0.0014857516834847484,0.9918981827131657,0.9948696860801352
22,5_6C_36PER_4_3C_NEWSTRUCTURE,150,1,151,0.997898774586956,0.997952215092613,0.9979095637051416,0.6720732769279371,0.3279267230720629,0.997938228562885,1-10,3.9453975929082397e-05,0.001025357785885861,0.9969128707769992,0.9989635863487709
22,5_6C_36PER_4_3C_NEWSTRUCTURE,150,2,152,0.99793963097397,0.997935774051904,0.9978907363124092,0.6720732769279371,0.3279267230720629,0.9979210049735768,1-10,1.8626000393151543e-05,0.001025357785885861,0.996895647187691,0.9989463627594627
22,5_6C_36PER_4_3C_NEWSTRUCTURE,150,3,153,0.997891439008378,0.9979193477746582,0.9978719089196768,0.6720732769279371,0.3279267230720629,0.9979037913063978,1-10,1.2352298019879804e-05,0.001025357785885861,0.996878433520512,0.9989291490922837
22,5_6C_36PER_4_3C_NEWSTRUCTURE,150,4,154,0.997820404608229,0.997902936151253,0.9978530815269444,0.6720732769279371,0.3279267230720629,0.9978865874876734,1-10,6.618287944448742e-05,0.001025357785885861,0.9968612297017876,0.9989119452735593
22,5_6C_36PER_4_3C_NEWSTRUCTURE,150,5,155,0.997819104632279,0.9978865390735868,0.9978342541342118,0.6720732769279371,0.3279267230720629,0.9978693934447516,1-10,5.028881247259864e-05,0.001025357785885861,0.9968440356588657,0.9988947512306374
22,5_6C_36PER_4_3C_NEWSTRUCTURE,150,6,156,0.997724670665021,0.9978701564350472,0.9978154267414792,0.6720732769279371,0.3279267230720629,0.9978522091059808,1-10,0.00012753844095980682,0.001025357785885861,0.996826851320095,0.9988775668918667
22,5_6C_36PER_4_3C_NEWSTRUCTURE,150,7,157,0.997651779156371,0.9978537881304812,0.9977965993487468,0.6720732769279371,0.3279267230720629,0.9978350344006904,1-10,0.00018325524431939133,0.001025357785885861,0.9968096766148046,0.9988603921865763
22,5_6C_36PER_4_3C_NEWSTRUCTURE,150,8,158,0.997581859021322,0.9978374340561664,0.9977777719560142,0.6720732769279371,0.3279267230720629,0.997817869259172,1-10,0.00023601023785002617,0.001025357785885861,0.9967925114732862,0.9988432270450579
22,5_6C_36PER_4_3C_NEWSTRUCTURE,150,9,159,0.997589844587875,0.9978210941097824,0.9977589445632816,0.6720732769279371,0.3279267230720629,0.997800713612658,1-10,0.00021086902478295588,0.001025357785885861,0.9967753558267721,0.9988260713985438
22,5_6C_36PER_4_3C_NEWSTRUCTURE,150,10,160,0.997542859742809,0.9978047681903828,0.9977401171705492,0.6720732769279371,0.3279267230720629,0.9977835673933056,1-10,0.0002407076504966632,0.001025357785885861,0.9967582096074198,0.9988089251791915
22,5_6C_36PER_4_3C_NEWSTRUCTURE,150,11,161,0.997538216971557,0.9977884561983694,0.9977212897778168,0.6720732769279371,0.3279267230720629,0.9977664305341772,11-20,0.00022821356262026082,0.0012867152290459982,0.9964797153051312,0.9990531457632232
22,5_6C_36PER_4_3C_NEWSTRUCTURE,150,12,162,0.997551123875637,0.9977721580354646,0.9977024623850842,0.6720732769279371,0.3279267230720629,0.9977493029692228,11-20,0.0001981790935857708,0.0012867152290459982,0.9964625877401768,0.9990360181982688
22,5_6C_36PER_4_3C_NEWSTRUCTURE,150,13,163,0.997462632655582,0.9977558736046862,0.9976836349923516,0.6720732769279371,0.3279267230720629,0.997732184633264,11-20,0.0002695519776819699,0.0012867152290459982,0.996445469404218,0.99901889986231
22,5_6C_36PER_4_3C_NEWSTRUCTURE,150,14,164,0.997450654305752,0.9977396028103234,0.9976648075996192,0.6720732769279371,0.3279267230720629,0.9977150754619756,11-20,0.0002644211562236043,0.0012867152290459982,0.9964283602329296,0.9990017906910216
22,5_6C_36PER_4_3C_NEWSTRUCTURE,150,15,165,0.997403019472711,0.9977233455579112,0.9976459802068868,0.6720732769279371,0.3279267230720629,0.9976979753918704,11-20,0.0002949559191594009,0.0012867152290459982,0.9964112601628244,0.9989846906209164
22,5_6C_36PER_4_3C_NEWSTRUCTURE,150,16,166,0.997415833521366,0.9977071017542078,0.9976271528141542,0.6720732769279371,0.3279267230720629,0.9976808843602828,11-20,0.0002650508389168138,0.0012867152290459982,0.9963941691312368,0.9989675995893288
22,5_6C_36PER_4_3C_NEWSTRUCTURE,150,17,167,0.997449540040652,0.9976908713071706,0.9976083254214216,0.6720732769279371,0.3279267230720629,0.997663802305354,11-20,0.00021426226470200316,0.0012867152290459982,0.996377087076308,0.9989505175344
22,5_6C_36PER_4_3C_NEWSTRUCTURE,150,18,168,0.997491324981916,0.9976746541259344,0.9975894980286892,0.6720732769279371,0.3279267230720629,0.9976467291660152,11-20,0.00015540418409920598,0.0012867152290459982,0.9963600139369692,0.9989334443950612
22,5_6C_36PER_4_3C_NEWSTRUCTURE,150,19,169,0.997492810668717,0.9976584501207888,0.9975706706359566,0.6720732769279371,0.3279267230720629,0.9976296648819748,11-20,0.00013685421325781988,0.0012867152290459982,0.9963429496529288,0.9989163801110208
22,5_6C_36PER_4_3C_NEWSTRUCTURE,150,20,170,0.997541095489733,0.9976422592031576,0.9975518432432242,0.6720732769279371,0.3279267230720629,0.9976126093937032,11-20,7.151390397019952e-05,0.0012867152290459982,0.9963258941646572,0.9988993246227492
22,5_6C_36PER_4_3C_NEWSTRUCTURE,150,21,171,0.997470618222134,0.997626081285577,0.9975330158504916,0.6720732769279371,0.3279267230720629,0.997595562642418,21-30,0.00012494442028399,0.0010819419350923676,0.9965136207073256,0.9986775045775104
22,5_6C_36PER_4_3C_NEWSTRUCTURE,150,22,172,0.997438583100498,0.9976099162816756,0.9975141884577592,0.6720732769279371,0.3279267230720629,0.997578524570072,21-30,0.00013994146957396758,0.0010819419350923676,0.9964965826349796,0.9986604665051644
22,5_6C_36PER_4_3C_NEWSTRUCTURE,150,23,173,0.997456039920404,0.997593764106155,0.9974953610650268,0.6720732769279371,0.3279267230720629,0.9975614951193374,21-30,0.00010545519893345734,0.0010819419350923676,0.9964795531842451,0.9986434370544298
22,5_6C_36PER_4_3C_NEWSTRUCTURE,150,24,174,0.997380919881554,0.997577624674769,0.9974765336722942,0.6720732769279371,0.3279267230720629,0.9975444742335952,21-30,0.00016355435204118418,0.0010819419350923676,0.9964625322985028,0.9986264161686875
22,5_6C_36PER_4_3C_NEWSTRUCTURE,150,25,175,0.99739911954486,0.997561497904306,0.9974577062795617,0.6720732769279371,0.3279267230720629,0.9975274618569212,21-30,0.0001283423120611582,0.0010819419350923676,0.9964455199218288,0.9986094037920136
22,5_6C_36PER_4_3C_NEWSTRUCTURE,150,26,176,0.997382034146654,0.9975453837125702,0.9974388788868292,0.6720732769279371,0.3279267230720629,0.9975104579340736,21-30,0.0001284237874195071,0.0010819419350923676,0.9964285159989812,0.9985923998691659
22,5_6C_36PER_4_3C_NEWSTRUCTURE,150,27,177,0.997437933112523,0.9975292820183624,0.9974200514940966,0.6720732769279371,0.3279267230720629,0.9974934624104804,21-30,5.55292979573796e-05,0.0010819419350923676,0.9964115204753881,0.9985754043455728
22,5_6C_36PER_4_3C_NEWSTRUCTURE,150,28,178,0.99747275389691,0.997513192741464,0.997401224101364,0.6720732769279371,0.3279267230720629,0.9974764752322292,21-30,3.721335319117891e-06,0.0010819419350923676,0.9963945332971368,0.9985584171673215
22,5_6C_36PER_4_3C_NEWSTRUCTURE,150,29,179,0.997333192193087,0.9974971158026186,0.9973823967086316,0.6720732769279371,0.3279267230720629,0.9974594963460536,21-30,0.00012630415296654984,0.0010819419350923676,0.9963775544109612,0.9985414382811459
22,5_6C_36PER_4_3C_NEWSTRUCTURE,150,30,180,0.997353806097444,0.9974810511235152,0.9973635693158992,0.6720732769279371,0.3279267230720629,0.997442525699323,21-30,8.871960187906147e-05,0.0010819419350923676,0.9963605837642306,0.9985244676344154
22,5_6C_36PER_4_3C_NEWSTRUCTURE,150,31,181,0.997260114973587,0.9974649986267724,0.9973447419231666,0.6720732769279371,0.3279267230720629,0.9974255632400316,31-40,0.0001654482664446011,0.001287928048889997,0.9961376351911416,0.9987134912889216
22,5_6C_36PER_4_3C_NEWSTRUCTURE,150,32,182,0.997228544129076,0.997448958235922,0.997325914530434,0.6720732769279371,0.3279267230720629,0.9974086089167866,31-40,0.00018006478771059875,0.001287928048889997,0.9961206808678966,0.9986965369656766
22,5_6C_36PER_4_3C_NEWSTRUCTURE,150,33,183,0.997215172947872,0.9974329298753924,0.9973070871377016,0.6720732769279371,0.3279267230720629,0.9973916626787992,31-40,0.00017648973092720954,0.001287928048889997,0.9961037346299092,0.9986795907276892
22,5_6C_36PER_4_3C_NEWSTRUCTURE,150,34,184,0.997213687261071,0.9974169134704948,0.997288259744969,0.6720732769279371,0.3279267230720629,0.9973747244758722,31-40,0.00016103721480120736,0.001287928048889997,0.9960867964269822,0.9986626525247622
22,5_6C_36PER_4_3C_NEWSTRUCTURE,150,35,185,0.997141724306672,0.9974009089474072,0.9972694323522364,0.6720732769279371,0.3279267230720629,0.9973577942583922,31-40,0.00021606995172018806,0.001287928048889997,0.9960698662095022,0.9986457223072822
22,5_6C_36PER_4_3C_NEWSTRUCTURE,150,36,186,0.997153795511926,0.9973849162331592,0.997250604959504,0.6720732769279371,0.3279267230720629,0.9973408719773178,31-40,0.00018707646539184442,0.001287928048889997,0.9960529439284278,0.9986288000262078
22,5_6C_36PER_4_3C_NEWSTRUCTURE,150,37,187,0.997077189786275,0.9973689352556192,0.9972317775667716,0.6720732769279371,0.3279267230720629,0.9973239575841713,31-40,0.00024676779789623016,0.001287928048889997,0.9960360295352813,0.9986118856330612
22,5_6C_36PER_4_3C_NEWSTRUCTURE,150,38,188,0.996966598975062,0.9973529659434792,0.9972129501740392,0.6720732769279371,0.3279267230720629,0.9973070510310282,31-40,0.00034045205596622274,0.001287928048889997,0.9960191229821382,0.9985949790799182
22,5_6C_36PER_4_3C_NEWSTRUCTURE,150,39,189,0.9969322424678,0.9973370082262406,0.9971941227813066,0.6720732769279371,0.3279267230720629,0.9972901522705088,31-40,0.0003579098027087779,0.001287928048889997,0.9960022242216188,0.9985780803193988
22,5_6C_36PER_4_3C_NEWSTRUCTURE,150,40,190,0.996865850838902,0.9973210620342025,0.997175295388574,0.6720732769279371,0.3279267230720629,0.9972732612557682,31-40,0.00040741041686620516,0.001287928048889997,0.9959853332068782,0.9985611893046582
22,5_6C_36PER_4_3C_NEWSTRUCTURE,150,41,191,0.996790637944627,0.9973051272984468,0.9971564679958416,0.6720732769279371,0.3279267230720629,0.9972563779404892,41-50,0.00046573999586219106,0.0014857516834847484,0.9957706262570044,0.9987421296239739
22,5_6C_36PER_4_3C_NEWSTRUCTURE,150,42,192,0.996775595365771,0.9972892039508268,0.997137640603109,0.6720732769279371,0.3279267230720629,0.997239502278872,41-50,0.00046390691310105314,0.0014857516834847484,0.9957537505953873,0.9987252539623568
22,5_6C_36PER_4_3C_NEWSTRUCTURE,150,43,193,0.996698525362995,0.9972732919239524,0.9971188132103764,0.6720732769279371,0.3279267230720629,0.997222634225625,41-50,0.0005241088626299906,0.0014857516834847484,0.9957368825421402,0.9987083859091097
22,5_6C_36PER_4_3C_NEWSTRUCTURE,150,44,194,0.996647826300928,0.9972573911511812,0.997099985817644,0.6720732769279371,0.3279267230720629,0.9972057737359604,41-50,0.0005579474350324576,0.0014857516834847484,0.9957200220524757,0.9986915254194452
22,5_6C_36PER_4_3C_NEWSTRUCTURE,150,45,195,0.99661096269719,0.9972415015666032,0.9970811584249116,0.6720732769279371,0.3279267230720629,0.9971889207655812,41-50,0.0005779580683912267,0.0014857516834847484,0.9957031690820964,0.9986746724490659
22,5_6C_36PER_4_3C_NEWSTRUCTURE,150,46,196,0.996655347590355,0.9972256231050308,0.997062331032179,0.6720732769279371,0.3279267230720629,0.997172075270677,41-50,0.00051672768032196,0.0014857516834847484,0.9956863235871922,0.9986578269541617
22,5_6C_36PER_4_3C_NEWSTRUCTURE,150,47,197,0.996757395702465,0.9972097557019862,0.9970435036394464,0.6720732769279371,0.3279267230720629,0.9971552372079135,41-50,0.00039784150544852626,0.0014857516834847484,0.9956694855244288,0.9986409888913983
22,5_6C_36PER_4_3C_NEWSTRUCTURE,150,48,198,0.996798437800329,0.9971938992936916,0.997024676246714,0.6720732769279371,0.3279267230720629,0.997138406534428,41-50,0.0003399687340990276,0.0014857516834847484,0.9956526548509432,0.9986241582179127
22,5_6C_36PER_4_3C_NEWSTRUCTURE,150,49,199,0.996746995894862,0.9971780538170562,0.9970058488539816,0.6720732769279371,0.3279267230720629,0.9971215832078184,41-50,0.0003745873129563648,0.0014857516834847484,0.9956358315243337,0.9986073348913032
22,5_6C_36PER_4_3C_NEWSTRUCTURE,150,50,200,0.996783116655199,0.9971622192096667,0.996987021461249,0.6720732769279371,0.3279267230720629,0.9971047671861384,41-50,0.0003216505309393547,0.0014857516834847484,0.9956190155026536,0.9985905188696231
23,5_6C_19PER_4_6C_NEWSTRUCTURE,150,1,151,0.995706985693474,0.9957317146950242,0.9957765676770992,0.6627426870531489,0.3372573129468511,0.9957468416912364,1-10,3.985599776235027e-05,0.001025357785885861,0.9947214839053505,0.9967721994771223
23,5_6C_19PER_4_6C_NEWSTRUCTURE,150,2,152,0.995680154354058,0.9956866700078332,0.9957352923991,0.6627426870531489,0.3372573129468511,0.9957030682648608,1-10,2.2913910802779824e-05,0.001025357785885861,0.9946777104789749,0.9967284260507466
23,5_6C_19PER_4_6C_NEWSTRUCTURE,150,3,153,0.995598725445935,0.9956415243769275,0.9956940171211008,0.6627426870531489,0.3372573129468511,0.9956592279387766,1-10,6.050249284161868e-05,0.001025357785885861,0.9946338701528907,0.9966845857246625
23,5_6C_19PER_4_6C_NEWSTRUCTURE,150,4,154,0.995498879207273,0.9955962782380808,0.9956527418431016,0.6627426870531489,0.3372573129468511,0.9956153210017894,1-10,0.00011644179451641978,0.001025357785885861,0.9945899632159035,0.9966406787876753
23,5_6C_19PER_4_6C_NEWSTRUCTURE,150,5,155,0.995435774140703,0.995550932022364,0.9956114665651022,0.6627426870531489,0.3372573129468511,0.9955713477395884,1-10,0.0001355735988854967,0.001025357785885861,0.9945459899537026,0.9965967055254743
23,5_6C_19PER_4_6C_NEWSTRUCTURE,150,6,156,0.99539454549721,0.9955054861562272,0.9955701912871028,0.6627426870531489,0.3372573129468511,0.9955273084348002,1-10,0.00013276293759023616,0.001025357785885861,0.9945019506489143,0.9965526662206861
23,5_6C_19PER_4_6C_NEWSTRUCTURE,150,7,157,0.995252442236193,0.9954599410615782,0.9955289160091036,0.6627426870531489,0.3372573129468511,0.9954832033670412,1-10,0.0002307611308481894,0.001025357785885861,0.9944578455811554,0.9965085611529271
23,5_6C_19PER_4_6C_NEWSTRUCTURE,150,8,158,0.995248515698718,0.9954142971558592,0.9954876407311044,0.6627426870531489,0.3372573129468511,0.9954390328129684,1-10,0.0001905171142504436,0.001025357785885861,0.9944136750270826,0.9964643905988543
23,5_6C_19PER_4_6C_NEWSTRUCTURE,150,9,159,0.995180549204797,0.9953685548521234,0.9954463654531052,0.6627426870531489,0.3372573129468511,0.9953947970463292,1-10,0.0002142478415321225,0.001025357785885861,0.9943694392604433,0.996420154832215
23,5_6C_19PER_4_6C_NEWSTRUCTURE,150,10,160,0.995079394120309,0.9953227145591064,0.995405090175106,0.6627426870531489,0.3372573129468511,0.9953504963380108,1-10,0.00027110221770176857,0.001025357785885861,0.9943251385521249,0.9963758541238966
23,5_6C_19PER_4_6C_NEWSTRUCTURE,150,11,161,0.995037698031879,0.9952767766813,0.9953638148971066,0.6627426870531489,0.3372573129468511,0.9953061309560866,11-20,0.00026843292420752896,0.0012867152290459982,0.9940194157270406,0.9965928461851326
23,5_6C_19PER_4_6C_NEWSTRUCTURE,150,12,162,0.994958512859457,0.9952307416190214,0.9953225396191072,0.6627426870531489,0.3372573129468511,0.9952617011658642,11-20,0.0003031883064071872,0.0012867152290459982,0.9939749859368182,0.9965484163949102
23,5_6C_19PER_4_6C_NEWSTRUCTURE,150,13,163,0.99484193209203,0.9951846097684816,0.995281264341108,0.6627426870531489,0.3372573129468511,0.9952172072299296,11-20,0.0003752751378995889,0.0012867152290459982,0.9939304920008836,0.9965039224589756
23,5_6C_19PER_4_6C_NEWSTRUCTURE,150,14,164,0.994807341166651,0.9951383815218536,0.9952399890631088,0.6627426870531489,0.3372573129468511,0.9951726494081924,11-20,0.0003653082415413511,0.0012867152290459982,0.9938859341791464,0.9964593646372384
23,5_6C_19PER_4_6C_NEWSTRUCTURE,150,15,165,0.994776022355835,0.9950920572673364,0.9951987137851096,0.6627426870531489,0.3372573129468511,0.9951280279579288,11-20,0.0003520056020938078,0.0012867152290459982,0.9938413127288828,0.9964147431869748
23,5_6C_19PER_4_6C_NEWSTRUCTURE,150,16,166,0.994756202690482,0.9950456373892208,0.9951574385071102,0.6627426870531489,0.3372573129468511,0.9950833431338246,11-20,0.0003271404433425884,0.0012867152290459982,0.9937966279047786,0.9963700583628706
23,5_6C_19PER_4_6C_NEWSTRUCTURE,150,17,167,0.994744890522993,0.9949991222679502,0.995116163229111,0.6627426870531489,0.3372573129468511,0.995038595188016,11-20,0.00029370466502298687,0.0012867152290459982,0.99375187995897,0.996325310417062
23,5_6C_19PER_4_6C_NEWSTRUCTURE,150,18,168,0.994780229360273,0.994952512280184,0.9950748879511118,0.6627426870531489,0.3372573129468511,0.9949937843701312,11-20,0.00021355500985820175,0.0012867152290459982,0.9937070691410852,0.9962804995991772
23,5_6C_19PER_4_6C_NEWSTRUCTURE,150,19,169,0.994765832056196,0.9949058077988564,0.9950336126731124,0.6627426870531489,0.3372573129468511,0.9949489109273296,11-20,0.00018307887113366839,0.0012867152290459982,0.9936621956982836,0.9962356261563756
23,5_6C_19PER_4_6C_NEWSTRUCTURE,150,20,170,0.994763494831508,0.9948590091932344,0.9949923373951132,0.6627426870531489,0.3372573129468511,0.99490397510434,11-20,0.00014048027283197762,0.0012867152290459982,0.993617259875294,0.996190690333386
23,5_6C_19PER_4_6C_NEWSTRUCTURE,150,21,171,0.99477546142191,0.9948121168289767,0.994951062117114,0.6627426870531489,0.3372573129468511,0.9948589771435006,21-30,8.351572159059906e-05,0.0010819419350923676,0.9937770352084082,0.995940919078593
23,5_6C_19PER_4_6C_NEWSTRUCTURE,150,22,172,0.994702072566713,0.9947651310681898,0.9949097868391148,0.6627426870531489,0.3372573129468511,0.9948139172847942,21-30,0.0001118447180812332,0.0010819419350923676,0.9937319753497018,0.9958958592198865
23,5_6C_19PER_4_6C_NEWSTRUCTURE,150,23,173,0.994689171086436,0.9947180522694812,0.9948685115611154,0.6627426870531489,0.3372573129468511,0.9947687957658856,21-30,7.962467944966356e-05,0.0010819419350923676,0.9936868538307932,0.995850737700978
23,5_6C_19PER_4_6C_NEWSTRUCTURE,150,24,174,0.994622419949353,0.9946708807880154,0.9948272362831162,0.6627426870531489,0.3372573129468511,0.9947236128221576,21-30,0.00010119287280463407,0.0010819419350923676,0.9936416708870652,0.99580555475725
23,5_6C_19PER_4_6C_NEWSTRUCTURE,150,25,175,0.994544450133769,0.9946236169755652,0.9947859610051168,0.6627426870531489,0.3372573129468511,0.9946783686867448,21-30,0.0001339185529757314,0.0010819419350923676,0.9935964267516524,0.9957603106218371
23,5_6C_19PER_4_6C_NEWSTRUCTURE,150,26,176,0.994508830829527,0.9945762611805642,0.9947446857271176,0.6627426870531489,0.3372573129468511,0.9946330635905692,21-30,0.00012423276104223113,0.0010819419350923676,0.9935511216554769,0.9957150055256616
23,5_6C_19PER_4_6C_NEWSTRUCTURE,150,27,177,0.994420296758354,0.9945288137481566,0.9947034104491184,0.6627426870531489,0.3372573129468511,0.9945876977623724,21-30,0.0001674010040184637,0.0010819419350923676,0.9935057558272801,0.9956696396974648
23,5_6C_19PER_4_6C_NEWSTRUCTURE,150,28,178,0.994504997781039,0.9944812750202472,0.9946621351711192,0.6627426870531489,0.3372573129468511,0.9945422714287496,21-30,3.727364771066721e-05,0.0010819419350923676,0.9934603294936573,0.995624213363842
23,5_6C_19PER_4_6C_NEWSTRUCTURE,150,29,179,0.994422166538104,0.9944336453355488,0.99462085989312,0.6627426870531489,0.3372573129468511,0.9944967848141796,21-30,7.461827607557758e-05,0.0010819419350923676,0.9934148428790872,0.995578726749272
23,5_6C_19PER_4_6C_NEWSTRUCTURE,150,30,180,0.994335595735668,0.994385925029632,0.9945795846151204,0.6627426870531489,0.3372573129468511,0.9944512381410602,21-30,0.00011564240539219117,0.0010819419350923676,0.9933692962059678,0.9955331800761525
23,5_6C_19PER_4_6C_NEWSTRUCTURE,150,31,181,0.994232383893455,0.9943381144349686,0.9945383093371212,0.6627426870531489,0.3372573129468511,0.9944056316297344,31-40,0.0001732477362793583,0.001287928048889997,0.9931177035808444,0.9956935596786244
23,5_6C_19PER_4_6C_NEWSTRUCTURE,150,32,182,0.994233786228268,0.9942902138809796,0.994497034059122,0.6627426870531489,0.3372573129468511,0.9943599654985232,31-40,0.00012617927025526665,0.001287928048889997,0.9930720374496332,0.9956478935474132
23,5_6C_19PER_4_6C_NEWSTRUCTURE,150,33,183,0.994185452421725,0.994242223694079,0.9944557587811228,0.6627426870531489,0.3372573129468511,0.9943142399637552,31-40,0.0001287875420302731,0.001287928048889997,0.9930263119148652,0.9956021680126452
23,5_6C_19PER_4_6C_NEWSTRUCTURE,150,34,184,0.994154414077871,0.9941941441977172,0.9944144835031236,0.6627426870531489,0.3372573129468511,0.9942684552397952,31-40,0.00011404116192426095,0.001287928048889997,0.9929805271909052,0.9955563832886852
23,5_6C_19PER_4_6C_NEWSTRUCTURE,150,35,185,0.99406466464986,0.9941459757124244,0.9943732082251242,0.6627426870531489,0.3372573129468511,0.9942226115390717,31-40,0.00015794688921166866,0.001287928048889997,0.9929346834901817,0.9955105395879617
23,5_6C_19PER_4_6C_NEWSTRUCTURE,150,36,186,0.994027362543843,0.9940977185558524,0.994331932947125,0.6627426870531489,0.3372573129468511,0.9941767090721064,31-40,0.00014934652826337214,0.001287928048889997,0.9928887810232164,0.9954646371209964
23,5_6C_19PER_4_6C_NEWSTRUCTURE,150,37,187,0.993969212393611,0.9940493730428156,0.9942906576691256,0.6627426870531489,0.3372573129468511,0.9941307480475404,31-40,0.00016153565392940106,0.001287928048889997,0.9928428199986504,0.9954186760964304
23,5_6C_19PER_4_6C_NEWSTRUCTURE,150,38,188,0.99390461150324,0.994000939485332,0.9942493823911264,0.6627426870531489,0.3372573129468511,0.9940847286721608,31-40,0.00018011716892074592,0.001287928048889997,0.9927968006232708,0.9953726567210508
23,5_6C_19PER_4_6C_NEWSTRUCTURE,150,39,189,0.993800651749127,0.9939524181926618,0.9942081071131272,0.6627426870531489,0.3372573129468511,0.9940386511509284,31-40,0.0002379994018013587,0.001287928048889997,0.9927507231020384,0.9953265791998184
23,5_6C_19PER_4_6C_NEWSTRUCTURE,150,40,190,0.99365742662026,0.9939038094713476,0.994166831835128,0.6627426870531489,0.3372573129468511,0.9939925156870012,31-40,0.0003350890667411788,0.001287928048889997,0.9927045876381112,0.9952804437358912
23,5_6C_19PER_4_6C_NEWSTRUCTURE,150,41,191,0.993552064531335,0.9938551136252516,0.9941255565571286,0.6627426870531489,0.3372573129468511,0.993946322481762,41-50,0.0003942579504269128,0.0014857516834847484,0.9924605707982772,0.9954320741652467
23,5_6C_19PER_4_6C_NEWSTRUCTURE,150,42,192,0.99355561711286,0.9938063309555925,0.9940842812791294,0.6627426870531489,0.3372573129468511,0.9939000717348412,41-50,0.0003444546219811828,0.0014857516834847484,0.9924143200513564,0.9953858234183259
23,5_6C_19PER_4_6C_NEWSTRUCTURE,150,43,193,0.993461006257498,0.9937574617609832,0.9940430060011302,0.6627426870531489,0.3372573129468511,0.9938537636441428,41-50,0.0003927573866447931,0.0014857516834847484,0.992368011960658,0.9953395153276275
23,5_6C_19PER_4_6C_NEWSTRUCTURE,150,44,194,0.993383223419889,0.9937085063374668,0.9940017307231308,0.6627426870531489,0.3372573129468511,0.9938073984058664,41-50,0.0004241749859773547,0.0014857516834847484,0.9923216467223817,0.9952931500893512
23,5_6C_19PER_4_6C_NEWSTRUCTURE,150,45,195,0.99322690983277,0.99365946497855,0.9939604554451316,0.6627426870531489,0.3372573129468511,0.993760976214532,41-50,0.0005340663817620106,0.0014857516834847484,0.9922752245310472,0.9952467278980167
23,5_6C_19PER_4_6C_NEWSTRUCTURE,150,46,196,0.993196525911828,0.9936103379752405,0.9939191801671324,0.6627426870531489,0.3372573129468511,0.9937144972630024,41-50,0.0005179713511743733,0.0014857516834847484,0.9922287455795177,0.9952002489464872
23,5_6C_19PER_4_6C_NEWSTRUCTURE,150,47,197,0.993233080105945,0.9935611256160786,0.9938779048891332,0.6627426870531489,0.3372573129468511,0.9936679617425064,41-50,0.00043488163656135725,0.0014857516834847484,0.9921822100590216,0.9951537134259911
23,5_6C_19PER_4_6C_NEWSTRUCTURE,150,48,198,0.993322923022944,0.993511828187172,0.9938366296111338,0.6627426870531489,0.3372573129468511,0.9936213698426588,41-50,0.0002984468197148038,0.0014857516834847484,0.9921356181591741,0.9951071215261436
23,5_6C_19PER_4_6C_NEWSTRUCTURE,150,49,199,0.993276926441088,0.9934624459722275,0.9937953543331346,0.6627426870531489,0.3372573129468511,0.9935747217514846,41-50,0.0002977953103966424,0.0014857516834847484,0.9920889700679999,0.9950604734349694
23,5_6C_19PER_4_6C_NEWSTRUCTURE,150,50,200,0.993317781128631,0.9934129792525844,0.9937540790551352,0.6627426870531489,0.3372573129468511,0.9935280176554394,41-50,0.000210236526808405,0.0014857516834847484,0.9920422659719547,0.9950137693389242
26,5_3C_54PER_4C_NEWSTRUCTURE,150,1,151,0.995900195594036,0.9958763170052376,0.99594220393716,0.6830964719397637,0.3169035280602362,0.995897196806417,1-10,2.9987876190018525e-06,0.001025357785885861,0.9948718390205311,0.9969225545923028
26,5_3C_54PER_4C_NEWSTRUCTURE,150,2,152,0.995968386915124,0.995836631123236,0.9959102641216444,0.6830964719397637,0.3169035280602362,0.9958599656802132,1-10,0.00010842123491083822,0.001025357785885861,0.9948346078943273,0.996885323466099
26,5_3C_54PER_4C_NEWSTRUCTURE,150,3,153,0.995933028452338,0.995796646944752,0.9958783243061288,0.6830964719397637,0.3169035280602362,0.995822530788735,1-10,0.00011049766360304858,0.001025357785885861,0.9947971730028491,0.9968478885746208
26,5_3C_54PER_4C_NEWSTRUCTURE,150,4,154,0.995936863629518,0.9957563641992914,0.9958463844906134,0.6830964719397637,0.3169035280602362,0.9957848919472084,1-10,0.0001519716823096262,0.001025357785885861,0.9947595341613226,0.9968102497330943
26,5_3C_54PER_4C_NEWSTRUCTURE,150,5,155,0.995918342529963,0.9957157826178784,0.9958144446750978,0.6830964719397637,0.3169035280602362,0.9957470489718968,1-10,0.00017129355806622115,0.001025357785885861,0.994721691186011,0.9967724067577827
26,5_3C_54PER_4C_NEWSTRUCTURE,150,6,156,0.995883171148991,0.9956749019330384,0.9957825048595824,0.6830964719397637,0.3169035280602362,0.9957090016800898,1-10,0.00017416946890125296,0.001025357785885861,0.9946836438942039,0.9967343594659757
26,5_3C_54PER_4C_NEWSTRUCTURE,150,7,157,0.99571853915295,0.9956337218787809,0.9957505650440668,0.6830964719397637,0.3169035280602362,0.9956707498900896,1-10,4.77892628604204e-05,0.001025357785885861,0.9946453921042038,0.9966961076759755
26,5_3C_54PER_4C_NEWSTRUCTURE,150,8,158,0.995787946505826,0.995592242190579,0.9957186252285511,0.6830964719397637,0.3169035280602362,0.9956322934211994,1-10,0.00015565308462661687,0.001025357785885861,0.9946069356353135,0.9966576512070853
26,5_3C_54PER_4C_NEWSTRUCTURE,150,9,159,0.99568682878553,0.9955504626053552,0.9956866854130356,0.6830964719397637,0.3169035280602362,0.9955936320937114,1-10,9.319669181862e-05,0.001025357785885861,0.9945682743078256,0.9966189898795973
26,5_3C_54PER_4C_NEWSTRUCTURE,150,10,160,0.995735563597995,0.9955083828614626,0.9956547455975202,0.6830964719397637,0.3169035280602362,0.9955547657288958,1-10,0.00018079786909919182,0.001025357785885861,0.9945294079430099,0.9965801235147816
26,5_3C_54PER_4C_NEWSTRUCTURE,150,11,161,0.995666436867839,0.9954660026986686,0.9956228057820048,0.6830964719397637,0.3169035280602362,0.9955156941489886,11-20,0.00015074271885040513,0.0012867152290459982,0.9942289789199426,0.9968024093780345
26,5_3C_54PER_4C_NEWSTRUCTURE,150,12,162,0.995607599637435,0.9954233218581384,0.9955908659664892,0.6830964719397637,0.3169035280602362,0.9954764171771804,11-20,0.00013118246025456415,0.0012867152290459982,0.9941897019481344,0.9967631324062264
26,5_3C_54PER_4C_NEWSTRUCTURE,150,13,163,0.995583933788004,0.9953803400824192,0.9955589261509736,0.6830964719397637,0.3169035280602362,0.9954369346376064,11-20,0.0001469991503976198,0.0012867152290459982,0.9941502194085604,0.9967236498666524
26,5_3C_54PER_4C_NEWSTRUCTURE,150,14,164,0.995480290463224,0.995337057115424,0.995526986335458,0.6830964719397637,0.3169035280602362,0.9953972463553344,11-20,8.304410788950722e-05,0.0012867152290459982,0.9941105311262884,0.9966839615843804
26,5_3C_54PER_4C_NEWSTRUCTURE,150,15,165,0.995496192417387,0.995293472702416,0.9954950465199426,0.6830964719397637,0.3169035280602362,0.9953573521563548,11-20,0.0001388402610321693,0.0012867152290459982,0.9940706369273088,0.9966440673854008
26,5_3C_54PER_4C_NEWSTRUCTURE,150,16,166,0.995476081122416,0.995249586589994,0.9954631067044272,0.6830964719397637,0.3169035280602362,0.9953172518675696,11-20,0.00015882925484644872,0.0012867152290459982,0.9940305366385236,0.9966039670966156
26,5_3C_54PER_4C_NEWSTRUCTURE,150,17,167,0.995438197055145,0.9952053985260766,0.9954311668889116,0.6830964719397637,0.3169035280602362,0.9952769453167832,11-20,0.00016125173836178952,0.0012867152290459982,0.9939902300877372,0.9965636605458292
26,5_3C_54PER_4C_NEWSTRUCTURE,150,18,168,0.99538918161996,0.9951609082598872,0.995399227073396,0.6830964719397637,0.3169035280602362,0.9952364323326912,11-20,0.00015274928726882742,0.0012867152290459982,0.9939497171036452,0.9965231475617372
26,5_3C_54PER_4C_NEWSTRUCTURE,150,19,169,0.995389929947215,0.9951161155419412,0.9953672872578806,0.6830964719397637,0.3169035280602362,0.9951957127448714,11-20,0.00019421720234358286,0.0012867152290459982,0.9939089975158254,0.9964824279739174
26,5_3C_54PER_4C_NEWSTRUCTURE,150,20,170,0.995255511664083,0.9950710201240291,0.9953353474423652,0.6830964719397637,0.3169035280602362,0.9951547863837724,11-20,0.00010072528031057626,0.0012867152290459982,0.9938680711547264,0.9964415016128184
26,5_3C_54PER_4C_NEWSTRUCTURE,150,21,171,0.995304901262896,0.995025621759205,0.9953034076268495,0.6830964719397637,0.3169035280602362,0.9951136530807068,21-30,0.00019124818218918538,0.0010819419350923676,0.9940317111456144,0.9961955950157991
26,5_3C_54PER_4C_NEWSTRUCTURE,150,22,172,0.995307239785567,0.9949799202017708,0.995271467811334,0.6830964719397637,0.3169035280602362,0.995072312667839,21-30,0.0002349271177279899,0.0010819419350923676,0.9939903707327467,0.9961542546029314
26,5_3C_54PER_4C_NEWSTRUCTURE,150,23,173,0.995118287153747,0.9949339152072644,0.9952395279958184,0.6830964719397637,0.3169035280602362,0.9950307649781774,21-30,8.752217556950992e-05,0.0010819419350923676,0.9939488230430851,0.9961127069132698
26,5_3C_54PER_4C_NEWSTRUCTURE,150,24,174,0.995066746114077,0.9948876065324448,0.995207588180303,0.6830964719397637,0.3169035280602362,0.9949890098455656,21-30,7.773626851137472e-05,0.0010819419350923676,0.9939070679104732,0.996070951780658
26,5_3C_54PER_4C_NEWSTRUCTURE,150,25,175,0.994994345452181,0.9948409939352802,0.9951756483647874,0.6830964719397637,0.3169035280602362,0.994947047104672,21-30,4.729834750905049e-05,0.0010819419350923676,0.9938651051695796,0.9960289890397643
26,5_3C_54PER_4C_NEWSTRUCTURE,150,26,176,0.994928399112858,0.9947940771749342,0.995143708549272,0.6830964719397637,0.3169035280602362,0.9949048765909824,21-30,2.3522521875651847e-05,0.0010819419350923676,0.99382293465589,0.9959868185260747
26,5_3C_54PER_4C_NEWSTRUCTURE,150,27,177,0.994903517231638,0.9947468560117536,0.9951117687337564,0.6830964719397637,0.3169035280602362,0.9948624981407904,21-30,4.1019090847527195e-05,0.0010819419350923676,0.993780556205698,0.9959444400758828
26,5_3C_54PER_4C_NEWSTRUCTURE,150,28,178,0.994842622101284,0.994699330207256,0.9950798289182408,0.6830964719397637,0.3169035280602362,0.9948199115911894,21-30,2.2710510094614555e-05,0.0010819419350923676,0.9937379696560971,0.9959018535262818
26,5_3C_54PER_4C_NEWSTRUCTURE,150,29,179,0.994753103453437,0.9946514995241168,0.9950478891027252,0.6830964719397637,0.3169035280602362,0.9947771167800642,21-30,2.401332662715916e-05,0.0010819419350923676,0.9936951748449718,0.9958590587151566
26,5_3C_54PER_4C_NEWSTRUCTURE,150,30,180,0.994768350621252,0.9946033637261584,0.9950159492872098,0.6830964719397637,0.3169035280602362,0.9947341135460824,21-30,3.4237075169585296e-05,0.0010819419350923676,0.9936521716109901,0.9958160554811748
26,5_3C_54PER_4C_NEWSTRUCTURE,150,31,181,0.994716809581582,0.994554922578337,0.9949840094716944,0.6830964719397637,0.3169035280602362,0.9946909017286862,31-40,2.590785289580122e-05,0.001287928048889997,0.9934029736797962,0.9959788297775762
26,5_3C_54PER_4C_NEWSTRUCTURE,150,32,182,0.994760493185077,0.9945061758467316,0.9949520696561788,0.6830964719397637,0.3169035280602362,0.9946474811680855,31-40,0.00011301201699143171,0.001287928048889997,0.9933595531191955,0.9959354092169755
26,5_3C_54PER_4C_NEWSTRUCTURE,150,33,183,0.994810911733865,0.994457123298532,0.9949201298406632,0.6830964719397637,0.3169035280602362,0.9946038517052482,31-40,0.00020706002861681228,0.001287928048889997,0.9933159236563582,0.9958917797541382
26,5_3C_54PER_4C_NEWSTRUCTURE,150,34,184,0.994741130217361,0.9944077647020284,0.9948881900251476,0.6830964719397637,0.3169035280602362,0.9945600131818944,31-40,0.00018111703546663804,0.001287928048889997,0.9932720851330044,0.9958479412307844
26,5_3C_54PER_4C_NEWSTRUCTURE,150,35,185,0.994791829388869,0.9943580998265992,0.9948562502096322,0.6830964719397637,0.3169035280602362,0.9945159654404868,31-40,0.0002758639483821934,0.001287928048889997,0.9932280373915968,0.9958038934893768
26,5_3C_54PER_4C_NEWSTRUCTURE,150,36,186,0.994733085699373,0.9943081284427008,0.9948243103941168,0.6830964719397637,0.3169035280602362,0.9944717083242256,31-40,0.0002613773751474202,0.001287928048889997,0.9931837802753356,0.9957596363731156
26,5_3C_54PER_4C_NEWSTRUCTURE,150,37,187,0.994773495371128,0.9942578503218552,0.9947923705786011,0.6830964719397637,0.3169035280602362,0.9944272416770376,31-40,0.00034625369409047035,0.001287928048889997,0.9931393136281476,0.9957151697259276
26,5_3C_54PER_4C_NEWSTRUCTURE,150,38,188,0.994740007726479,0.9942072652366424,0.9947604307630856,0.6830964719397637,0.3169035280602362,0.9943825653435736,31-40,0.0003574423829053597,0.001287928048889997,0.9930946372946836,0.9956704933924636
26,5_3C_54PER_4C_NEWSTRUCTURE,150,39,189,0.994646934524171,0.9941563729606868,0.9947284909475702,0.6830964719397637,0.3169035280602362,0.9943376791691968,31-40,0.00030925535497416945,0.001287928048889997,0.9930497511203068,0.9956256072180868
26,5_3C_54PER_4C_NEWSTRUCTURE,150,40,190,0.994689495636784,0.9941051732686484,0.9946965511320548,0.6830964719397637,0.3169035280602362,0.9942925829999788,31-40,0.0003969126368051912,0.001287928048889997,0.9930046549510888,0.9955805110488688
26,5_3C_54PER_4C_NEWSTRUCTURE,150,41,191,0.994705865295482,0.9940536659362124,0.9946646113165392,0.6830964719397637,0.3169035280602362,0.99424727668269,41-50,0.00045858861279202134,0.0014857516834847484,0.9927615249992052,0.9957330283661747
26,5_3C_54PER_4C_NEWSTRUCTURE,150,42,192,0.994625233033784,0.9940018507400792,0.9946326715010236,0.6830964719397637,0.3169035280602362,0.994201760064796,41-50,0.00042347296898803677,0.0014857516834847484,0.9927160083813112,0.9956875117482807
26,5_3C_54PER_4C_NEWSTRUCTURE,150,43,193,0.994725976590453,0.9939497274579542,0.994600731685508,0.6830964719397637,0.3169035280602362,0.994156032994448,41-50,0.0005699435960050403,0.0014857516834847484,0.9926702813109632,0.9956417846779327
26,5_3C_54PER_4C_NEWSTRUCTURE,150,44,194,0.99460371862521,0.9938972958685388,0.9945687918699926,0.6830964719397637,0.3169035280602362,0.994110095320478,41-50,0.000493623304732016,0.0014857516834847484,0.9926243436369933,0.9955958470039628
26,5_3C_54PER_4C_NEWSTRUCTURE,150,45,195,0.994567050589729,0.9938445557515198,0.9945368520544772,0.6830964719397637,0.3169035280602362,0.99406394689239,41-50,0.0005031036973390801,0.0014857516834847484,0.9925781952089052,0.9955496985758747
26,5_3C_54PER_4C_NEWSTRUCTURE,150,46,196,0.994562934789828,0.9937915068875608,0.9945049122389616,0.6830964719397637,0.3169035280602362,0.9940175875603569,41-50,0.0005453472294711936,0.0014857516834847484,0.9925318358768721,0.9955033392438416
26,5_3C_54PER_4C_NEWSTRUCTURE,150,47,197,0.994509897095648,0.9937381490582928,0.994472972423446,0.6830964719397637,0.3169035280602362,0.993971017175211,41-50,0.0005388799204369965,0.0014857516834847484,0.9924852654917262,0.9954567688586957
26,5_3C_54PER_4C_NEWSTRUCTURE,150,48,198,0.99449979467771,0.9936844820463046,0.9944410326079304,0.6830964719397637,0.3169035280602362,0.9939242355884396,41-50,0.0005755590892704276,0.0014857516834847484,0.9924384839049548,0.9954099872719243
26,5_3C_54PER_4C_NEWSTRUCTURE,150,49,199,0.994392877421189,0.9936305056351336,0.994409092792415,0.6830964719397637,0.3169035280602362,0.9938772426521784,41-50,0.00051563476901062,0.0014857516834847484,0.9923914909686936,0.9953629943356631
26,5_3C_54PER_4C_NEWSTRUCTURE,150,50,200,0.994344142608725,0.993576219609258,0.9943771529768994,0.6830964719397637,0.3169035280602362,0.9938300382192048,41-50,0.0005141043895201536,0.0014857516834847484,0.99234428653572,0.9953157899026895
27,5_6C_19PER_4_6C_NEWSTRUCTURE,150,1,151,0.995686040642009,0.9956661717634954,0.9956571517942524,0.6753523335176,0.3246476664823999,0.9956632434515288,1-10,2.279719048026152e-05,0.001025357785885861,0.9946378856656429,0.9966886012374147
27,5_6C_19PER_4_6C_NEWSTRUCTURE,150,2,152,0.995586148458287,0.9956391835439832,0.995628038899536,0.6753523335176,0.3246476664823999,0.9956355654611696,1-10,4.941700288263462e-05,0.001025357785885861,0.9946102076752837,0.9966609232470555
27,5_6C_19PER_4_6C_NEWSTRUCTURE,150,3,153,0.995585120568651,0.9956122854943144,0.9955989260048193,0.6753523335176,0.3246476664823999,0.9956079483672244,1-10,2.2827798573432645e-05,0.001025357785885861,0.9945825905813386,0.9966333061531103
27,5_6C_19PER_4_6C_NEWSTRUCTURE,150,4,154,0.995510832181318,0.9955854767268132,0.9955698131101028,0.6753523335176,0.3246476664823999,0.9955803915701996,1-10,6.955938888164592e-05,0.001025357785885861,0.9945550337843138,0.9966057493560855
27,5_6C_19PER_4_6C_NEWSTRUCTURE,150,5,155,0.995669594407832,0.9955587563682412,0.995540700215386,0.6753523335176,0.3246476664823999,0.9955528944803512,1-10,0.00011669992748075675,0.001025357785885861,0.9945275366944654,0.9965782522662371
27,5_6C_19PER_4_6C_NEWSTRUCTURE,150,6,156,0.995624367263846,0.9955321235594694,0.9955115873206696,0.6753523335176,0.3246476664823999,0.9955254565174648,1-10,9.891074638113118e-05,0.001025357785885861,0.994500098731579,0.9965508143033507
27,5_6C_19PER_4_6C_NEWSTRUCTURE,150,7,157,0.995472333042223,0.9955055774551635,0.995482474425953,0.6753523335176,0.3246476664823999,0.9954980771106416,1-10,2.574406841859833e-05,0.001025357785885861,0.9944727193247558,0.9965234348965275
27,5_6C_19PER_4_6C_NEWSTRUCTURE,150,8,158,0.995332633496232,0.9954791172234748,0.9954533615312364,0.6753523335176,0.3246476664823999,0.9954707556980912,1-10,0.0001381222018591588,0.001025357785885861,0.9944453979122053,0.996496113483977
27,5_6C_19PER_4_6C_NEWSTRUCTURE,150,9,159,0.995372627747526,0.9954527420457416,0.9954242486365196,0.6753523335176,0.3246476664823999,0.9954434917269276,1-10,7.086397940159195e-05,0.001025357785885861,0.9944181339410417,0.9964688495128134
27,5_6C_19PER_4_6C_NEWSTRUCTURE,150,10,160,0.995279370124182,0.9954264511161984,0.9953951357418032,0.6753523335176,0.3246476664823999,0.995416284652976,1-10,0.00013691452879405208,0.001025357785885861,0.9943909268670902,0.9964416424388619
27,5_6C_19PER_4_6C_NEWSTRUCTURE,150,11,161,0.995152379031874,0.9954002436416935,0.9953660228470864,0.6753523335176,0.3246476664823999,0.9953891339405792,11-20,0.00023675490870511684,0.0012867152290459982,0.9941024187115332,0.9966758491696251
27,5_6C_19PER_4_6C_NEWSTRUCTURE,150,12,162,0.995201811178916,0.9953741188414156,0.99533690995237,0.6753523335176,0.3246476664823999,0.9953620390624144,11-20,0.00016022788349834283,0.0012867152290459982,0.9940753238333684,0.9966487542914604
27,5_6C_19PER_4_6C_NEWSTRUCTURE,150,13,163,0.995137521354407,0.995348075946625,0.9953077970576532,0.6753523335176,0.3246476664823999,0.9953349994993116,11-20,0.0001974781449045615,0.0012867152290459982,0.9940482842702656,0.9966217147283576
27,5_6C_19PER_4_6C_NEWSTRUCTURE,150,14,164,0.994998008697442,0.995322114200396,0.9952786841629369,0.6753523335176,0.3246476664823999,0.9953080147400796,11-20,0.00031000604263753395,0.0012867152290459982,0.9940212995110336,0.9965947299691256
27,5_6C_19PER_4_6C_NEWSTRUCTURE,150,15,165,0.994914469303384,0.9952962328573638,0.99524957126822,0.6753523335176,0.3246476664823999,0.9952810842813338,11-20,0.00036661497794976405,0.0012867152290459982,0.9939943690522878,0.9965677995103798
27,5_6C_19PER_4_6C_NEWSTRUCTURE,150,16,166,0.994797757107436,0.9952704311834782,0.9952204583735036,0.6753523335176,0.3246476664823999,0.9952542076273324,11-20,0.00045645051989640084,0.0012867152290459982,0.9939674923982864,0.9965409228563784
27,5_6C_19PER_4_6C_NEWSTRUCTURE,150,17,167,0.994742998623188,0.9952447084557666,0.995191345478787,0.6753523335176,0.3246476664823999,0.9952273842898136,11-20,0.00048438566662556415,0.0012867152290459982,0.9939406690607676,0.9965140995188596
27,5_6C_19PER_4_6C_NEWSTRUCTURE,150,18,168,0.994711601267033,0.9952190639621,0.9951622325840704,0.6753523335176,0.3246476664823999,0.9952006137878396,11-20,0.0004890125208066864,0.0012867152290459982,0.9939138985587936,0.9964873290168856
27,5_6C_19PER_4_6C_NEWSTRUCTURE,150,19,169,0.994661141230354,0.9951934970009676,0.9951331196893536,0.6753523335176,0.3246476664823999,0.9951738956476436,11-20,0.0005127544172895959,0.0012867152290459982,0.9938871804185976,0.9964606108766896
27,5_6C_19PER_4_6C_NEWSTRUCTURE,150,20,170,0.994592179180226,0.9951680068812568,0.9951040067946372,0.6753523335176,0.3246476664823999,0.9951472294024812,11-20,0.0005550502222552156,0.0012867152290459982,0.9938605141734352,0.9964339446315272
27,5_6C_19PER_4_6C_NEWSTRUCTURE,150,21,171,0.994554801375279,0.995142592922038,0.9950748938999204,0.6753523335176,0.3246476664823999,0.9951206145924844,21-30,0.0005658132172053909,0.0010819419350923676,0.994038672657392,0.9962025565275767
27,5_6C_19PER_4_6C_NEWSTRUCTURE,150,22,172,0.994548073370389,0.9951172544523578,0.995045781005204,0.6753523335176,0.3246476664823999,0.9950940507645238,21-30,0.0005459773941348667,0.0010819419350923676,0.9940121088294315,0.9961759926996162
27,5_6C_19PER_4_6C_NEWSTRUCTURE,150,23,173,0.994430707062854,0.9950919908110334,0.9950166681104874,0.6753523335176,0.3246476664823999,0.995067537472068,21-30,0.0006368304092140287,0.0010819419350923676,0.9939855955369756,0.9961494794071604
27,5_6C_19PER_4_6C_NEWSTRUCTURE,150,24,174,0.994433230064688,0.9950668013464564,0.9949875552157708,0.6753523335176,0.3246476664823999,0.9950410742750516,21-30,0.0006078442103636394,0.0010819419350923676,0.9939591323399593,0.996123016210144
27,5_6C_19PER_4_6C_NEWSTRUCTURE,150,25,175,0.994458740416564,0.9950416854164004,0.994958442321054,0.6753523335176,0.3246476664823999,0.9950146607397454,21-30,0.0005559203231814136,0.0010819419350923676,0.9939327188046531,0.9960966026748378
27,5_6C_19PER_4_6C_NEWSTRUCTURE,150,26,176,0.994534804249632,0.9950166423878304,0.9949293294263376,0.6753523335176,0.3246476664823999,0.994988296438628,21-30,0.0004534921889959298,0.0010819419350923676,0.9939063545035356,0.9960702383737203
27,5_6C_19PER_4_6C_NEWSTRUCTURE,150,27,177,0.994509013564219,0.9949916716367238,0.994900216531621,0.6753523335176,0.3246476664823999,0.9949619809502642,21-30,0.00045296738604527764,0.0010819419350923676,0.9938800390151719,0.9960439228853566
27,5_6C_19PER_4_6C_NEWSTRUCTURE,150,28,178,0.994429211950656,0.9949667725478886,0.9948711036369045,0.6753523335176,0.3246476664823999,0.9949357138591828,21-30,0.0005065019085267464,0.0010819419350923676,0.9938537719240904,0.9960176557942751
27,5_6C_19PER_4_6C_NEWSTRUCTURE,150,29,179,0.99444042529214,0.9949419445147916,0.9948419907421876,0.6753523335176,0.3246476664823999,0.9949094947557596,21-30,0.0004690694636195758,0.0010819419350923676,0.9938275528206673,0.995991436690852
27,5_6C_19PER_4_6C_NEWSTRUCTURE,150,30,180,0.994539943697813,0.9949171869393876,0.9948128778474712,0.6753523335176,0.3246476664823999,0.994883323236104,21-30,0.0003433795382909999,0.0010819419350923676,0.9938013813010116,0.9959652651711963
27,5_6C_19PER_4_6C_NEWSTRUCTURE,150,31,181,0.994426502059797,0.9948924992319556,0.9947837649527546,0.6753523335176,0.3246476664823999,0.9948571989019463,31-40,0.00043069684214935844,0.001287928048889997,0.9935692708530564,0.9961451269508363
27,5_6C_19PER_4_6C_NEWSTRUCTURE,150,32,182,0.994305771749818,0.9948678808109364,0.994754652058038,0.6753523335176,0.3246476664823999,0.9948311213605292,31-40,0.0005253496107111566,0.001287928048889997,0.9935431933116392,0.9961190494094192
27,5_6C_19PER_4_6C_NEWSTRUCTURE,150,33,183,0.994320255649235,0.9948433311027758,0.9947255391633214,0.6753523335176,0.3246476664823999,0.9948050902245014,31-40,0.00048483457526637963,0.001287928048889997,0.9935171621756114,0.9960930182733914
27,5_6C_19PER_4_6C_NEWSTRUCTURE,150,34,184,0.99421232723745,0.9948188495417718,0.9946964262686048,0.6753523335176,0.3246476664823999,0.9947791051118148,31-40,0.0005667778743647656,0.001287928048889997,0.9934911770629248,0.9960670331607048
27,5_6C_19PER_4_6C_NEWSTRUCTURE,150,35,185,0.994225035691132,0.9947944355699244,0.994667313373888,0.6753523335176,0.3246476664823999,0.994753165645623,31-40,0.0005281299544910301,0.001287928048889997,0.993465237596733,0.996041093694513
27,5_6C_19PER_4_6C_NEWSTRUCTURE,150,36,186,0.99428652218027,0.9947700886367908,0.9946382004791716,0.6753523335176,0.3246476664823999,0.994727271454183,31-40,0.00044074927391302143,0.001287928048889997,0.993439343405293,0.996015199503073
27,5_6C_19PER_4_6C_NEWSTRUCTURE,150,37,187,0.994225222580156,0.9947458081993412,0.994609087584455,0.6753523335176,0.3246476664823999,0.9947014221707584,31-40,0.0004761995906024108,0.001287928048889997,0.9934134941218684,0.9959893502196484
27,5_6C_19PER_4_6C_NEWSTRUCTURE,150,38,188,0.994124209062286,0.994721593721822,0.9945799746897384,0.6753523335176,0.3246476664823999,0.9946756174335264,31-40,0.0005514083712403473,0.001287928048889997,0.9933876893846364,0.9959635454824164
27,5_6C_19PER_4_6C_NEWSTRUCTURE,150,39,189,0.994076085138417,0.9946974446756182,0.9945508617950218,0.6753523335176,0.3246476664823999,0.9946498568854862,31-40,0.000573771747069185,0.001287928048889997,0.9933619288365962,0.9959377849343762
27,5_6C_19PER_4_6C_NEWSTRUCTURE,150,40,190,0.994036838443222,0.994673360539123,0.9945217489003052,0.6753523335176,0.3246476664823999,0.9946241401743692,31-40,0.0005873017311471829,0.001287928048889997,0.9933362121254792,0.9959120682232592
27,5_6C_19PER_4_6C_NEWSTRUCTURE,150,41,191,0.993975165065059,0.9946493407976068,0.9944926360055886,0.6753523335176,0.3246476664823999,0.9945984669525514,41-50,0.0006233018874923779,0.0014857516834847484,0.9931127152690666,0.9960842186360361
27,5_6C_19PER_4_6C_NEWSTRUCTURE,150,42,192,0.993952084270504,0.9946253849430926,0.994463523110872,0.6753523335176,0.3246476664823999,0.9945728368769696,41-50,0.0006207526064656577,0.0014857516834847484,0.9930870851934849,0.9960585885604544
27,5_6C_19PER_4_6C_NEWSTRUCTURE,150,43,193,0.993842941080058,0.9946014924742312,0.9944344102161554,0.6753523335176,0.3246476664823999,0.9945472496090364,41-50,0.0007043085289784035,0.0014857516834847484,0.9930614979255517,0.9960330012925211
27,5_6C_19PER_4_6C_NEWSTRUCTURE,150,44,194,0.993806871498284,0.994577662896182,0.9944052973214388,0.6753523335176,0.3246476664823999,0.9945217048145596,41-50,0.0007148333162756426,0.0014857516834847484,0.9930359531310748,0.9960074564980443
27,5_6C_19PER_4_6C_NEWSTRUCTURE,150,45,195,0.993845183748355,0.9945538957204948,0.9943761844267222,0.6753523335176,0.3246476664823999,0.994496202163664,41-50,0.0006510184153090126,0.0014857516834847484,0.9930104504801792,0.9959819538471487
27,5_6C_19PER_4_6C_NEWSTRUCTURE,150,46,196,0.993695579084053,0.9945301904649956,0.9943470715320056,0.6753523335176,0.3246476664823999,0.9944707413307116,41-50,0.0007751622466585228,0.0014857516834847484,0.9929849896472268,0.9959564930141963
27,5_6C_19PER_4_6C_NEWSTRUCTURE,150,47,197,0.993687729745014,0.9945065466536742,0.994317958637289,0.6753523335176,0.3246476664823999,0.9944453219942282,41-50,0.000757592249214234,0.0014857516834847484,0.9929595703107434,0.9959310736777129
27,5_6C_19PER_4_6C_NEWSTRUCTURE,150,48,198,0.993673058956572,0.9944829638165738,0.9942888457425724,0.6753523335176,0.3246476664823999,0.9944199438368272,41-50,0.0007468848802552053,0.0014857516834847484,0.9929341921533424,0.9959056955203119
27,5_6C_19PER_4_6C_NEWSTRUCTURE,150,49,199,0.993545039974628,0.9944594414896846,0.9942597328478558,0.6753523335176,0.3246476664823999,0.9943946065451386,41-50,0.000849566570510607,0.0014857516834847484,0.9929088548616538,0.9958803582286233
27,5_6C_19PER_4_6C_NEWSTRUCTURE,150,50,200,0.993470751587295,0.9944359792148392,0.9942306199531392,0.6753523335176,0.3246476664823999,0.9943693098097376,41-50,0.0008985582224425581,0.0014857516834847484,0.9928835581262528,0.9958550614932223
28,5_6C_36PER_4_3C_NEWSTRUCTURE,150,1,151,0.995834992783777,0.9955924088820292,0.9955613150380996,0.672004166773915,0.327995833226085,0.9955822102307812,1-10,0.00025278255299576724,0.001025357785885861,0.9945568524448953,0.9966075680166671
28,5_6C_36PER_4_3C_NEWSTRUCTURE,150,2,152,0.995800538914388,0.9955614036539522,0.9955276680338188,0.672004166773915,0.327995833226085,0.9955503385111172,1-10,0.00025020040327083937,0.001025357785885861,0.9945249807252313,0.996575696297003
28,5_6C_36PER_4_3C_NEWSTRUCTURE,150,3,153,0.995796534816054,0.9955304633513072,0.995494021029538,0.672004166773915,0.327995833226085,0.995518510421614,1-10,0.000278024394440024,0.001025357785885861,0.9944931526357281,0.9965438682074998
28,5_6C_36PER_4_3C_NEWSTRUCTURE,150,4,154,0.995703043775876,0.9954995874151128,0.9954603740252572,0.672004166773915,0.327995833226085,0.9954867255866336,1-10,0.00021631818924239266,0.001025357785885861,0.9944613678007478,0.9965120833725195
28,5_6C_36PER_4_3C_NEWSTRUCTURE,150,5,155,0.99561132198845,0.9954687752947944,0.9954267270209762,0.672004166773915,0.327995833226085,0.9954549836361876,1-10,0.00015633835226247506,0.001025357785885861,0.9944296258503017,0.9964803414220734
28,5_6C_36PER_4_3C_NEWSTRUCTURE,150,6,156,0.995578823608946,0.9954380264480056,0.9953930800166954,0.672004166773915,0.327995833226085,0.9954232842058176,1-10,0.00015553940312840187,0.001025357785885861,0.9943979264199317,0.9964486419917035
28,5_6C_36PER_4_3C_NEWSTRUCTURE,150,7,157,0.995408044159059,0.9954073403404528,0.9953594330124144,0.672004166773915,0.327995833226085,0.9953916269364752,1-10,1.6417222583831048e-05,0.001025357785885861,0.9943662691505893,0.9964169847223611
28,5_6C_36PER_4_3C_NEWSTRUCTURE,150,8,158,0.995340346961639,0.9953767164457248,0.9953257860081336,0.672004166773915,0.327995833226085,0.9953600114744104,1-10,1.9664512771466747e-05,0.001025357785885861,0.9943346536885246,0.9963853692602963
28,5_6C_36PER_4_3C_NEWSTRUCTURE,150,9,159,0.995368748124243,0.9953461542451278,0.9952921390038528,0.672004166773915,0.327995833226085,0.9953284374710588,1-10,4.031065318421678e-05,0.001025357785885861,0.994303079685173,0.9963537952569447
28,5_6C_36PER_4_3C_NEWSTRUCTURE,150,10,160,0.995349193225401,0.9953156532275248,0.9952584919995718,0.672004166773915,0.327995833226085,0.9952969045829342,1-10,5.228864246686893e-05,0.001025357785885861,0.9942715467970483,0.99632226236882
28,5_6C_36PER_4_3C_NEWSTRUCTURE,150,11,161,0.995236519760644,0.9952852128891782,0.9952248449952912,0.672004166773915,0.327995833226085,0.9952654124715226,11-20,2.8892710878580807e-05,0.0012867152290459982,0.9939786972424766,0.9965521277005686
28,5_6C_36PER_4_3C_NEWSTRUCTURE,150,12,162,0.995170498697411,0.9952548327335982,0.9951911979910102,0.672004166773915,0.327995833226085,0.9952339608031808,11-20,6.346210576979594e-05,0.0012867152290459982,0.9939472455741348,0.9965206760322268
28,5_6C_36PER_4_3C_NEWSTRUCTURE,150,13,163,0.995103453329953,0.995224512271394,0.9951575509867292,0.672004166773915,0.327995833226085,0.9952025492490364,11-20,9.909591908341397e-05,0.0012867152290459982,0.9939158340199904,0.9964892644780824
28,5_6C_36PER_4_3C_NEWSTRUCTURE,150,14,164,0.994985006514109,0.9951942510201296,0.9951239039824484,0.672004166773915,0.327995833226085,0.9951711774848904,11-20,0.00018617097078132971,0.0012867152290459982,0.9938844622558444,0.9964578927139364
28,5_6C_36PER_4_3C_NEWSTRUCTURE,150,15,165,0.994968431409377,0.9951640485041828,0.9950902569781676,0.672004166773915,0.327995833226085,0.9951398451911224,11-20,0.0001714137817454553,0.0012867152290459982,0.9938531299620764,0.9964265604201684
28,5_6C_36PER_4_3C_NEWSTRUCTURE,150,16,166,0.99491228091413,0.9951339042546096,0.9950566099738868,0.672004166773915,0.327995833226085,0.9951085520526002,11-20,0.00019627113847020539,0.0012867152290459982,0.9938218368235542,0.9963952672816462
28,5_6C_36PER_4_3C_NEWSTRUCTURE,150,17,167,0.994889466865481,0.9951038178090088,0.995022962969606,0.672004166773915,0.327995833226085,0.9950772977585884,11-20,0.0001878308931074768,0.0012867152290459982,0.9937905825295424,0.9963640129876344
28,5_6C_36PER_4_3C_NEWSTRUCTURE,150,18,168,0.994832757658839,0.9950737887113936,0.994989315965325,0.672004166773915,0.327995833226085,0.995046082002662,11-20,0.0002133243438229293,0.0012867152290459982,0.993759366773616,0.996332797231708
28,5_6C_36PER_4_3C_NEWSTRUCTURE,150,19,169,0.994810595440151,0.9950438165120646,0.994955668961044,0.672004166773915,0.327995833226085,0.9950149044826208,11-20,0.00020430904246970805,0.0012867152290459982,0.9937281892535748,0.9963016197116668
28,5_6C_36PER_4_3C_NEWSTRUCTURE,150,20,170,0.994678646432251,0.9950139007674864,0.9949220219567632,0.672004166773915,0.327995833226085,0.9949837649004074,11-20,0.00030511846815639565,0.0012867152290459982,0.9936970496713614,0.9962704801294534
28,5_6C_36PER_4_3C_NEWSTRUCTURE,150,21,171,0.994682091819189,0.9949840410401668,0.9948883749524824,0.672004166773915,0.327995833226085,0.9949526629620252,21-30,0.00027057114283624006,0.0010819419350923676,0.9938707210269329,0.9960346048971176
28,5_6C_36PER_4_3C_NEWSTRUCTURE,150,22,172,0.994501162445618,0.9949542368985416,0.9948547279482016,0.672004166773915,0.327995833226085,0.9949215983774614,21-30,0.000420435931843377,0.0010819419350923676,0.993839656442369,0.9960035403125538
28,5_6C_36PER_4_3C_NEWSTRUCTURE,150,23,173,0.994483376799528,0.9949244879168572,0.9948210809439209,0.672004166773915,0.327995833226085,0.9948905708606076,21-30,0.00040719406107958545,0.0010819419350923676,0.9938086289255152,0.9959725127957
28,5_6C_36PER_4_3C_NEWSTRUCTURE,150,24,174,0.994600054362619,0.9948947936750624,0.99478743393964,0.672004166773915,0.327995833226085,0.9948595801291876,21-30,0.0002595257665686246,0.0010819419350923676,0.9937776381940953,0.99594152206428
28,5_6C_36PER_4_3C_NEWSTRUCTURE,150,25,175,0.994581989360831,0.9948651537586976,0.994753786935359,0.672004166773915,0.327995833226085,0.9948286259046828,21-30,0.0002466365438518192,0.0010819419350923676,0.9937466839695904,0.9959105678397752
28,5_6C_36PER_4_3C_NEWSTRUCTURE,150,26,176,0.99465769475492,0.9948355677587898,0.994720139931078,0.672004166773915,0.327995833226085,0.994797707912262,21-30,0.00014001315734191166,0.0010819419350923676,0.9937157659771696,0.9958796498473543
28,5_6C_36PER_4_3C_NEWSTRUCTURE,150,27,177,0.994701181125202,0.994806035271749,0.9946864929267972,0.672004166773915,0.327995833226085,0.9947668258807107,21-30,6.564475550874249e-05,0.0010819419350923676,0.9936848839456184,0.9958487678158031
28,5_6C_36PER_4_3C_NEWSTRUCTURE,150,28,178,0.994666168544418,0.9947765558992672,0.9946528459225163,0.672004166773915,0.327995833226085,0.9947359795423644,21-30,6.981099794634016e-05,0.0010819419350923676,0.993654037607272,0.9958179214774567
28,5_6C_36PER_4_3C_NEWSTRUCTURE,150,29,179,0.994572305029976,0.9947471292482204,0.9946191989182356,0.672004166773915,0.327995833226085,0.994705168633042,21-30,0.00013286360306608014,0.0010819419350923676,0.9936232266979497,0.9957871105681344
28,5_6C_36PER_4_3C_NEWSTRUCTURE,150,30,180,0.994503583528331,0.9947177549305724,0.9945855519139548,0.672004166773915,0.327995833226085,0.994674392891982,21-30,0.0001708093636509922,0.0010819419350923676,0.9935924509568896,0.9957563348270744
28,5_6C_36PER_4_3C_NEWSTRUCTURE,150,31,181,0.994480676361116,0.9946884325632808,0.9945519049096738,0.672004166773915,0.327995833226085,0.9946436520617776,31-40,0.00016297570066159395,0.001287928048889997,0.9933557240128876,0.9959315801106676
28,5_6C_36PER_4_3C_NEWSTRUCTURE,150,32,182,0.994450785301458,0.9946591617682056,0.9945182579053928,0.672004166773915,0.327995833226085,0.9946129458883176,31-40,0.00016216058685958323,0.001287928048889997,0.9933250178394276,0.9959008739372076
28,5_6C_36PER_4_3C_NEWSTRUCTURE,150,33,183,0.994419590581877,0.9946299421720208,0.994484610901112,0.672004166773915,0.327995833226085,0.9945822741207252,31-40,0.0001626835388481851,0.001287928048889997,0.9932943460718352,0.9958702021696152
28,5_6C_36PER_4_3C_NEWSTRUCTURE,150,34,184,0.994340532919415,0.9946007734061256,0.9944509638968312,0.672004166773915,0.327995833226085,0.9945516365112994,31-40,0.00021110359188436512,0.001287928048889997,0.9932637084624094,0.9958395645601894
28,5_6C_36PER_4_3C_NEWSTRUCTURE,150,35,185,0.994385881661016,0.9945716551065604,0.9944173168925504,0.672004166773915,0.327995833226085,0.9945210328154576,31-40,0.00013515115444151515,0.001287928048889997,0.9932331047665676,0.9958089608643476
28,5_6C_36PER_4_3C_NEWSTRUCTURE,150,36,186,0.994328893098676,0.9945425869139236,0.9943836698882697,0.672004166773915,0.327995833226085,0.9944904627916804,31-40,0.00016156969300440416,0.001287928048889997,0.9932025347427904,0.9957783908405704
28,5_6C_36PER_4_3C_NEWSTRUCTURE,150,37,187,0.994309058844136,0.994513568473289,0.9943500228839888,0.672004166773915,0.327995833226085,0.994459926201456,31-40,0.00015086735731995038,0.001287928048889997,0.993171998152566,0.995747854250346
28,5_6C_36PER_4_3C_NEWSTRUCTURE,150,38,188,0.994157368700261,0.9944845994341288,0.9943163758797078,0.672004166773915,0.327995833226085,0.9944294228092282,31-40,0.0002720541089672457,0.001287928048889997,0.9931414947603382,0.9957173508581182
28,5_6C_36PER_4_3C_NEWSTRUCTURE,150,39,189,0.994153737076191,0.9944556794502334,0.9942827288754268,0.672004166773915,0.327995833226085,0.9943989523823428,31-40,0.0002452153061517359,0.001287928048889997,0.9931110243334528,0.9956868804312328
28,5_6C_36PER_4_3C_NEWSTRUCTURE,150,40,190,0.994184373084377,0.994426808179638,0.994249081871146,0.672004166773915,0.327995833226085,0.994368514690998,31-40,0.0001841416066209467,0.001287928048889997,0.993080586642108,0.995656442739888
28,5_6C_36PER_4_3C_NEWSTRUCTURE,150,41,191,0.994169380995264,0.9943979852845468,0.9942154348668653,0.672004166773915,0.327995833226085,0.9943381095081936,41-50,0.00016872851292959457,0.0014857516834847484,0.9928523578247088,0.9958238611916783
28,5_6C_36PER_4_3C_NEWSTRUCTURE,150,42,192,0.994042646627055,0.9943692104312618,0.9941817878625844,0.672004166773915,0.327995833226085,0.9943077366096832,41-50,0.00026508998262819716,0.0014857516834847484,0.9928219849261984,0.9957934882931679
28,5_6C_36PER_4_3C_NEWSTRUCTURE,150,43,193,0.993948317519783,0.9943404832901108,0.9941481408583036,0.672004166773915,0.327995833226085,0.9942773957739256,41-50,0.00032907825414263403,0.0014857516834847484,0.9927916440904409,0.9957631474574103
28,5_6C_36PER_4_3C_NEWSTRUCTURE,150,44,194,0.993889745941823,0.9943118035353792,0.9941144938540226,0.672004166773915,0.327995833226085,0.994247086782039,41-50,0.00035734084021599166,0.0014857516834847484,0.9927613350985542,0.9957328384655237
28,5_6C_36PER_4_3C_NEWSTRUCTURE,150,45,195,0.99393472220916,0.9942831708452422,0.9940808468497416,0.672004166773915,0.327995833226085,0.9942168094177564,41-50,0.00028208720859634884,0.0014857516834847484,0.9927310577342716,0.9957025611012411
28,5_6C_36PER_4_3C_NEWSTRUCTURE,150,46,196,0.993845793978712,0.9942545849016988,0.9940471998454607,0.672004166773915,0.327995833226085,0.9941865634673794,41-50,0.0003407694886674584,0.0014857516834847484,0.9927008117838947,0.9956723151508642
28,5_6C_36PER_4_3C_NEWSTRUCTURE,150,47,197,0.993793926937497,0.9942260453905064,0.99401355284118,0.672004166773915,0.327995833226085,0.9941563487197358,41-50,0.0003624217822387754,0.0014857516834847484,0.992670597036251,0.9956421004032205
28,5_6C_36PER_4_3C_NEWSTRUCTURE,150,48,198,0.993654714681455,0.994197552001118,0.9939799058368992,0.672004166773915,0.327995833226085,0.9941261649661366,41-50,0.0004714502846815405,0.0014857516834847484,0.9926404132826518,0.9956119166496213
28,5_6C_36PER_4_3C_NEWSTRUCTURE,150,49,199,0.993601916454582,0.9941691044266204,0.9939462588326184,0.672004166773915,0.327995833226085,0.994096012000335,41-50,0.0004940955457530816,0.0014857516834847484,0.9926102603168503,0.9955817636838198
28,5_6C_36PER_4_3C_NEWSTRUCTURE,150,50,200,0.993482445334513,0.994140702363674,0.9939126118283376,0.672004166773915,0.327995833226085,0.9940658896184852,41-50,0.0005834442839721676,0.0014857516834847484,0.9925801379350004,0.9955516413019699
29,5C_67PER_4C_NEWSTRUCTURE,150,1,151,0.997063881662475,0.9970729491346704,0.9970951517472272,0.6647318131711956,0.3352681868288044,0.9970803929643252,1-10,1.6511301850208326e-05,0.001025357785885861,0.9960550351784393,0.998105750750211
29,5C_67PER_4C_NEWSTRUCTURE,150,2,152,0.997065941373691,0.9970421220287172,0.9970664256384796,0.6647318131711956,0.3352681868288044,0.9970502702558957,1-10,1.567111779532393e-05,0.001025357785885861,0.9960249124700098,0.9980756280417815
29,5C_67PER_4C_NEWSTRUCTURE,150,3,153,0.997016508304522,0.9970112297857924,0.997037699529732,0.6647318131711956,0.3352681868288044,0.9970201042488488,1-10,3.5959443267508107e-06,0.001025357785885861,0.9959947464629629,0.9980454620347347
29,5C_67PER_4C_NEWSTRUCTURE,150,4,154,0.997012763375039,0.996980272695347,0.9970089734209844,0.6647318131711956,0.3352681868288044,0.996989895135592,1-10,2.2868239446971472e-05,0.001025357785885861,0.9959645373497061,0.9980152529214779
29,5C_67PER_4C_NEWSTRUCTURE,150,5,155,0.996895640705474,0.9969492510436724,0.9969802473122368,0.6647318131711956,0.3352681868288044,0.9969596431064324,1-10,6.400240095838505e-05,0.001025357785885861,0.9959342853205465,0.9979850008923182
29,5C_67PER_4C_NEWSTRUCTURE,150,6,156,0.996782543835102,0.9969181651139556,0.9969515212034892,0.6647318131711956,0.3352681868288044,0.9969293483496132,1-10,0.0001468045145112118,0.001025357785885861,0.9959039905637274,0.9979547061354991
29,5C_67PER_4C_NEWSTRUCTURE,150,7,157,0.99663471274378,0.9968870151863322,0.9969227950947416,0.6647318131711956,0.3352681868288044,0.9968990110513496,1-10,0.00026429830756957706,0.001025357785885861,0.9958736532654637,0.9979243688372355
29,5C_67PER_4C_NEWSTRUCTURE,150,8,158,0.996719441773322,0.996855801537938,0.9968940689859938,0.6647318131711956,0.3352681868288044,0.996868631395862,1-10,0.00014918962254006907,0.001025357785885861,0.9958432736099762,0.9978939891817479
29,5C_67PER_4C_NEWSTRUCTURE,150,9,159,0.996575261988245,0.9968245244429612,0.9968653428772462,0.6647318131711956,0.3352681868288044,0.9968382095654132,1-10,0.000262947577168271,0.001025357785885861,0.9958128517795274,0.9978635673512991
29,5C_67PER_4C_NEWSTRUCTURE,150,10,160,0.996504482821026,0.9967931841726908,0.9968366167684984,0.6647318131711956,0.3352681868288044,0.9968077457403366,1-10,0.00030326291931059846,0.001025357785885861,0.9957823879544507,0.9978331035262225
29,5C_67PER_4C_NEWSTRUCTURE,150,11,161,0.996430801333457,0.9967617809955658,0.9968078906597508,0.6647318131711956,0.3352681868288044,0.9967772400990724,11-20,0.0003464387656154644,0.0012867152290459982,0.9954905248700264,0.9980639553281184
29,5C_67PER_4C_NEWSTRUCTURE,150,12,162,0.996404961320028,0.996730315177223,0.9967791645510032,0.6647318131711956,0.3352681868288044,0.996746692818198,11-20,0.00034173149817007253,0.0012867152290459982,0.9954599775891521,0.998033408047244
29,5C_67PER_4C_NEWSTRUCTURE,150,13,163,0.996415915238764,0.9966987869805428,0.9967504384422556,0.6647318131711956,0.3352681868288044,0.9967161040724584,11-20,0.0003001888336943148,0.0012867152290459982,0.9954293888434124,0.9980028193015044
29,5C_67PER_4C_NEWSTRUCTURE,150,14,164,0.996335867371075,0.9966671966656944,0.996721712333508,0.6647318131711956,0.3352681868288044,0.996685474034796,11-20,0.0003496066637209694,0.0012867152290459982,0.99539875880575,0.997972189263842
29,5C_67PER_4C_NEWSTRUCTURE,150,15,165,0.996297107350931,0.9966355444901814,0.9966929862247602,0.6647318131711956,0.3352681868288044,0.996654802876382,11-20,0.00035769552545095173,0.0012867152290459982,0.995368087647336,0.997941518105428
29,5C_67PER_4C_NEWSTRUCTURE,150,16,166,0.996291209086997,0.9966038307088836,0.9966642601160126,0.6647318131711956,0.3352681868288044,0.9966240907666428,11-20,0.0003328816796458467,0.0012867152290459982,0.9953373755375968,0.9979108059956888
29,5C_67PER_4C_NEWSTRUCTURE,150,17,167,0.996259845302581,0.9965720555741,0.9966355340072648,0.6647318131711956,0.3352681868288044,0.99659333787329,11-20,0.00033349257070891536,0.0012867152290459982,0.995306622644244,0.997880053102336
29,5C_67PER_4C_NEWSTRUCTURE,150,18,168,0.996261062404662,0.9965402193355904,0.9966068078985172,0.6647318131711956,0.3352681868288044,0.9965625443623464,11-20,0.0003014819576844241,0.0012867152290459982,0.9952758291333004,0.9978492595913924
29,5C_67PER_4C_NEWSTRUCTURE,150,19,169,0.996379683046021,0.996508322240616,0.9965780817897696,0.6647318131711956,0.3352681868288044,0.9965317103981748,11-20,0.00015202735215380514,0.0012867152290459982,0.9952449951691288,0.9978184256272208
29,5C_67PER_4C_NEWSTRUCTURE,150,20,170,0.996330249976852,0.9964763645339786,0.996549355681022,0.6647318131711956,0.3352681868288044,0.9965008361435024,11-20,0.00017058616665033277,0.0012867152290459982,0.9952141209144564,0.9977875513725484
29,5C_67PER_4C_NEWSTRUCTURE,150,21,171,0.996314895765973,0.9964443464580598,0.9965206295722744,0.6647318131711956,0.3352681868288044,0.9964699217594482,21-30,0.00015502599347516632,0.0010819419350923676,0.9953879798243558,0.9975518636945405
29,5C_67PER_4C_NEWSTRUCTURE,150,22,172,0.996343918969463,0.9964122682528588,0.9964919034635268,0.6647318131711956,0.3352681868288044,0.9964389674055472,21-30,9.504843608421076e-05,0.0010819419350923676,0.9953570254704548,0.9975209093406395
29,5C_67PER_4C_NEWSTRUCTURE,150,23,173,0.996374814637694,0.9963801301560294,0.9964631773547792,0.6647318131711956,0.3352681868288044,0.9964079732397756,21-30,3.31586020816399e-05,0.0010819419350923676,0.9953260313046832,0.997489915174868
29,5C_67PER_4C_NEWSTRUCTURE,150,24,174,0.996243180366383,0.9963479324029167,0.9964344512460316,0.6647318131711956,0.3352681868288044,0.9963769394185744,21-30,0.0001337590521913734,0.0010819419350923676,0.995294997483482,0.9974588813536668
29,5C_67PER_4C_NEWSTRUCTURE,150,25,175,0.996270237481895,0.9963156752265924,0.9964057251372838,0.6647318131711956,0.3352681868288044,0.996345866096874,21-30,7.562861497900641e-05,0.0010819419350923676,0.9952639241617817,0.9974278080319664
29,5C_67PER_4C_NEWSTRUCTURE,150,26,176,0.996208727015144,0.99628335885789,0.9963769990285362,0.6647318131711956,0.3352681868288044,0.9963147534281168,21-30,0.00010602641297285942,0.0010819419350923676,0.9952328114930244,0.9973966953632092
29,5C_67PER_4C_NEWSTRUCTURE,150,27,177,0.99611866146109,0.9962509835254376,0.9963482729197884,0.6647318131711956,0.3352681868288044,0.9962836015642792,21-30,0.00016494010318923724,0.0010819419350923676,0.9952016596291868,0.9973655434993716
29,5C_67PER_4C_NEWSTRUCTURE,150,28,178,0.996169873371763,0.996218549455694,0.9963195468110408,0.6647318131711956,0.3352681868288044,0.9962524106558956,21-30,8.253728413265549e-05,0.0010819419350923676,0.9951704687208033,0.997334352590988
29,5C_67PER_4C_NEWSTRUCTURE,150,29,179,0.996109767253569,0.9961860568729785,0.9962908207022932,0.6647318131711956,0.3352681868288044,0.996221180852078,21-30,0.00011141359850896926,0.0010819419350923676,0.9951392389169856,0.9973031227871704
29,5C_67PER_4C_NEWSTRUCTURE,150,30,180,0.996053499688094,0.9961535059995044,0.9962620945935456,0.6647318131711956,0.3352681868288044,0.9961899123005388,21-30,0.00013641261244479175,0.0010819419350923676,0.9951079703654464,0.9972718542356311
29,5C_67PER_4C_NEWSTRUCTURE,150,31,181,0.995980754432897,0.9961208970554104,0.996233368484798,0.6647318131711956,0.3352681868288044,0.9961586051476112,31-40,0.00017785071471421166,0.001287928048889997,0.9948706770987212,0.9974465331965012
29,5C_67PER_4C_NEWSTRUCTURE,150,32,182,0.99590126830463,0.9960882302587908,0.9962046423760502,0.6647318131711956,0.3352681868288044,0.9961272595382692,31-40,0.00022599123363920004,0.001287928048889997,0.9948393314893792,0.9974151875871592
29,5C_67PER_4C_NEWSTRUCTURE,150,33,183,0.995898459607518,0.9960555058257264,0.9961759162673026,0.6647318131711956,0.3352681868288044,0.996095875616149,31-40,0.00019741600863099062,0.001287928048889997,0.994807947567259,0.997383803665039
29,5C_67PER_4C_NEWSTRUCTURE,150,34,184,0.99580118506421,0.9960227239703132,0.9961471901585548,0.6647318131711956,0.3352681868288044,0.9960644535235664,31-40,0.00026326845935642496,0.001287928048889997,0.9947765254746764,0.9973523815724564
29,5C_67PER_4C_NEWSTRUCTURE,150,35,185,0.995789014043392,0.9959898849046912,0.9961184640498072,0.6647318131711956,0.3352681868288044,0.9960329934015382,31-40,0.00024397935814612914,0.001287928048889997,0.9947450653526482,0.9973209214504282
29,5C_67PER_4C_NEWSTRUCTURE,150,36,186,0.99576645084326,0.995956988839074,0.9960897379410596,0.6647318131711956,0.3352681868288044,0.9960014953898,31-40,0.0002350445465399975,0.001287928048889997,0.99471356734091,0.99728942343869
29,5C_67PER_4C_NEWSTRUCTURE,150,37,187,0.99570653197154,0.9959240359817756,0.996061011832312,0.6647318131711956,0.3352681868288044,0.9959699596268244,31-40,0.0002634276552844206,0.001287928048889997,0.9946820315779344,0.9972578876757144
29,5C_67PER_4C_NEWSTRUCTURE,150,38,188,0.995735648798266,0.995891026539237,0.9960322857235644,0.6647318131711956,0.3352681868288044,0.9959383862498392,31-40,0.00020273745157317613,0.001287928048889997,0.9946504582009492,0.9972263142987292
29,5C_67PER_4C_NEWSTRUCTURE,150,39,189,0.995610942646499,0.9958579607160548,0.9960035596148168,0.6647318131711956,0.3352681868288044,0.9959067753948472,31-40,0.0002958327483482126,0.001287928048889997,0.9946188473459572,0.9971947034437372
29,5C_67PER_4C_NEWSTRUCTURE,150,40,190,0.995561884070278,0.9958248387150058,0.9959748335060692,0.6647318131711956,0.3352681868288044,0.9958751271966396,31-40,0.00031324312636160645,0.001287928048889997,0.9945871991477496,0.9971630552455296
29,5C_67PER_4C_NEWSTRUCTURE,150,41,191,0.995509642303997,0.995791660737073,0.9959461073973214,0.6647318131711956,0.3352681868288044,0.9958434417888162,41-50,0.0003337994848192638,0.0014857516834847484,0.9943576901053315,0.997329193472301
29,5C_67PER_4C_NEWSTRUCTURE,150,42,192,0.99546554575934,0.9957584269814714,0.9959173812885738,0.6647318131711956,0.3352681868288044,0.9958117193038024,41-50,0.00034617354446242476,0.0014857516834847484,0.9943259676203177,0.9972974709872872
29,5C_67PER_4C_NEWSTRUCTURE,150,43,193,0.99532052336513,0.995725137645672,0.9958886551798262,0.6647318131711956,0.3352681868288044,0.9957799598728628,41-50,0.0004594365077328355,0.0014857516834847484,0.9942942081893781,0.9972657115563476
29,5C_67PER_4C_NEWSTRUCTURE,150,44,194,0.995256578694216,0.995691792925426,0.9958599290710785,0.6647318131711956,0.3352681868288044,0.9957481636261192,41-50,0.0004915849319031551,0.0014857516834847484,0.9942624119426344,0.9972339153096039
29,5C_67PER_4C_NEWSTRUCTURE,150,45,195,0.995252740141497,0.9956583930147892,0.9958312029623309,0.6647318131711956,0.3352681868288044,0.9957163306925674,41-50,0.00046359055107036973,0.0014857516834847484,0.9942305790090826,0.9972020823760521
29,5C_67PER_4C_NEWSTRUCTURE,150,46,196,0.995208362727129,0.9956249381061452,0.9958024768535833,0.6647318131711956,0.3352681868288044,0.9956844612000906,41-50,0.0004760984729615947,0.0014857516834847484,0.9941987095166058,0.9971702128835753
29,5C_67PER_4C_NEWSTRUCTURE,150,47,197,0.995031133939369,0.9955914283902276,0.9957737507448357,0.6647318131711956,0.3352681868288044,0.9956525552754754,41-50,0.0006214213361063203,0.0014857516834847484,0.9941668035919906,0.9971383069589601
29,5C_67PER_4C_NEWSTRUCTURE,150,48,198,0.995167355749295,0.995557864056143,0.995745024636088,0.6647318131711956,0.3352681868288044,0.995620613044427,41-50,0.0004532572951319036,0.0014857516834847484,0.9941348613609422,0.9971063647279117
29,5C_67PER_4C_NEWSTRUCTURE,150,49,199,0.995264349422892,0.9955242452913928,0.9957162985273402,0.6647318131711956,0.3352681868288044,0.9955886346315836,41-50,0.0003242852086916548,0.0014857516834847484,0.9941028829480989,0.9970743863150684
29,5C_67PER_4C_NEWSTRUCTURE,150,50,200,0.995218754906443,0.9954905722818956,0.9956875724185926,0.6647318131711956,0.3352681868288044,0.995556620160531,41-50,0.00033786525408807666,0.0014857516834847484,0.9940708684770463,0.9970423718440158
30,3_7C_31PER_5_9C_NEWSTRUCTURE,150,1,151,0.978599260201702,0.9785851335976148,0.9785801514411078,0.668998462245141,0.3310015377548589,0.9785834844961496,1-10,1.577570555233443e-05,0.001025357785885861,0.9775581267102638,0.9796088422820355
30,3_7C_31PER_5_9C_NEWSTRUCTURE,150,2,152,0.978481172441161,0.9784401575874356,0.9784329647416672,0.668998462245141,0.3310015377548589,0.9784377767444254,1-10,4.339569673550425e-05,0.001025357785885861,0.9774124189585396,0.9794631345303113
30,3_7C_31PER_5_9C_NEWSTRUCTURE,150,3,153,0.978404911327975,0.9782953048179246,0.9782857780422268,0.668998462245141,0.3310015377548589,0.9782921514405188,1-10,0.00011275988745618193,0.001025357785885861,0.977266793654633,0.9793175092264047
30,3_7C_31PER_5_9C_NEWSTRUCTURE,150,4,154,0.978238540457737,0.9781505743798354,0.978138591342786,0.668998462245141,0.3310015377548589,0.9781466079761452,1-10,9.193248159178324e-05,0.001025357785885861,0.9771212501902593,0.979171965762031
30,3_7C_31PER_5_9C_NEWSTRUCTURE,150,5,155,0.978232083995394,0.9780059653764884,0.9779914046433456,0.668998462245141,0.3310015377548589,0.9780011457514272,1-10,0.00023093824396680507,0.001025357785885861,0.9769757879655413,0.979026503537313
30,3_7C_31PER_5_9C_NEWSTRUCTURE,150,6,156,0.978045127303191,0.9778614769235175,0.9778442179439052,0.668998462245141,0.3310015377548589,0.977855764174726,1-10,0.00018936312846506986,0.001025357785885861,0.9768304063888401,0.9788811219606118
30,3_7C_31PER_5_9C_NEWSTRUCTURE,150,7,157,0.977882312165837,0.977717108148622,0.9776970312444646,0.668998462245141,0.3310015377548589,0.9777104626624724,1-10,0.00017184950336457394,0.001025357785885861,0.9766851048765866,0.9787358204483583
30,3_7C_31PER_5_9C_NEWSTRUCTURE,150,8,158,0.977775733751213,0.9775728581913268,0.977549844545024,0.668998462245141,0.3310015377548589,0.9775652406390112,1-10,0.00021049311220178168,0.001025357785885861,0.9765398828531253,0.978590598424897
30,3_7C_31PER_5_9C_NEWSTRUCTURE,150,9,159,0.977571185538423,0.9774287262027492,0.9774026578455834,0.668998462245141,0.3310015377548589,0.9774200975364404,1-10,0.0001510880019826022,0.001025357785885861,0.9763947397505546,0.9784454553223263
30,3_7C_31PER_5_9C_NEWSTRUCTURE,150,10,160,0.977488187247139,0.9772847113453692,0.977255471146143,0.668998462245141,0.3310015377548589,0.977275032794461,1-10,0.00021315445267799937,0.001025357785885861,0.9762496750085752,0.9783003905803469
30,3_7C_31PER_5_9C_NEWSTRUCTURE,150,11,161,0.977483321507402,0.9771408127928088,0.9771082844467024,0.668998462245141,0.3310015377548589,0.977130045860227,11-20,0.000353275647175022,0.0012867152290459982,0.975843330631181,0.978416761089273
30,3_7C_31PER_5_9C_NEWSTRUCTURE,150,12,162,0.977394802472956,0.9769970297296142,0.976961097747262,0.668998462245141,0.3310015377548589,0.9769851361882012,11-20,0.00040966628475480604,0.0012867152290459982,0.9756984209591552,0.9782718514172472
30,3_7C_31PER_5_9C_NEWSTRUCTURE,150,13,163,0.977193248561542,0.976853361351046,0.9768139110478212,0.668998462245141,0.3310015377548589,0.9768403032400136,11-20,0.0003529453215284084,0.0012867152290459982,0.9755535880109676,0.9781270184690596
30,3_7C_31PER_5_9C_NEWSTRUCTURE,150,14,164,0.976985238187785,0.9767098068628728,0.9766667243483808,0.668998462245141,0.3310015377548589,0.9766955464843255,11-20,0.0002896917034594937,0.0012867152290459982,0.9754088312552796,0.9779822617133715
30,3_7C_31PER_5_9C_NEWSTRUCTURE,150,15,165,0.976890169119077,0.9765663654811716,0.9765195376489404,0.668998462245141,0.3310015377548589,0.9765508653966934,11-20,0.0003393037223835549,0.0012867152290459982,0.9752641501676474,0.9778375806257394
30,3_7C_31PER_5_9C_NEWSTRUCTURE,150,16,166,0.976722862529659,0.9764230364321312,0.9763723509494996,0.668998462245141,0.3310015377548589,0.9764062594594384,11-20,0.0003166030702206335,0.0012867152290459982,0.9751195442303924,0.9776929746884844
30,3_7C_31PER_5_9C_NEWSTRUCTURE,150,17,167,0.976460299727696,0.9762798189518628,0.9762251642500592,0.668998462245141,0.3310015377548589,0.9762617281615202,11-20,0.00019857156617575367,0.0012867152290459982,0.9749750129324742,0.9775484433905662
30,3_7C_31PER_5_9C_NEWSTRUCTURE,150,18,168,0.976282045223869,0.9761367122862138,0.9760779775506186,0.668998462245141,0.3310015377548589,0.9761172709984122,11-20,0.00016477422545679854,0.0012867152290459982,0.9748305557693662,0.9774039862274582
30,3_7C_31PER_5_9C_NEWSTRUCTURE,150,19,169,0.976045963274706,0.9759937156905856,0.9759307908511782,0.668998462245141,0.3310015377548589,0.9759728874719787,11-20,7.307580272730707e-05,0.0012867152290459982,0.9746861722429327,0.9772596027010247
30,3_7C_31PER_5_9C_NEWSTRUCTURE,150,20,170,0.975882586705844,0.9758508284297585,0.9757836041517376,0.668998462245141,0.3310015377548589,0.9758285770903592,11-20,5.400961548485128e-05,0.0012867152290459982,0.9745418618613132,0.9771152923194052
30,3_7C_31PER_5_9C_NEWSTRUCTURE,150,21,171,0.975652025499845,0.9757080497777172,0.975636417452297,0.668998462245141,0.3310015377548589,0.9756843393678502,21-30,3.2313868005173774e-05,0.0010819419350923676,0.9746023974327578,0.9767662813029425
30,3_7C_31PER_5_9C_NEWSTRUCTURE,150,22,172,0.975433909358942,0.9755653790174844,0.9754892307528564,0.668998462245141,0.3310015377548589,0.9755401738247952,21-30,0.00010626446585315641,0.0010819419350923676,0.9744582318897028,0.9766221157598876
30,3_7C_31PER_5_9C_NEWSTRUCTURE,150,23,173,0.975253689844836,0.975422815440954,0.975342044053416,0.668998462245141,0.3310015377548589,0.9753960799874722,21-30,0.0001423901426362839,0.0010819419350923676,0.9743141380523799,0.9764780219225646
30,3_7C_31PER_5_9C_NEWSTRUCTURE,150,24,174,0.975026871515557,0.9752803583487336,0.9751948573539756,0.668998462245141,0.3310015377548589,0.9752520573879891,21-30,0.00022518587243214316,0.0010819419350923676,0.9741701154528968,0.9763339993230815
30,3_7C_31PER_5_9C_NEWSTRUCTURE,150,25,175,0.974903075868018,0.9751380070499855,0.9750476706545348,0.668998462245141,0.3310015377548589,0.975108105564176,21-30,0.00020502969615798783,0.0010819419350923676,0.9740261636290837,0.9761900474992684
30,3_7C_31PER_5_9C_NEWSTRUCTURE,150,26,176,0.974764870145103,0.9749957608622748,0.9749004839550944,0.668998462245141,0.3310015377548589,0.9749642240594856,21-30,0.00019935391438252736,0.0010819419350923676,0.9738822821243932,0.9760461659945779
30,3_7C_31PER_5_9C_NEWSTRUCTURE,150,27,177,0.97459447568239,0.9748536191114195,0.9747532972556538,0.668998462245141,0.3310015377548589,0.9748204124228907,21-30,0.00022593674050075396,0.0010819419350923676,0.9737384704877984,0.9759023543579831
30,3_7C_31PER_5_9C_NEWSTRUCTURE,150,28,178,0.974371306657913,0.9747115811313456,0.9746061105562132,0.668998462245141,0.3310015377548589,0.9746766702087888,21-30,0.00030536355087573686,0.0010819419350923676,0.9735947282736964,0.9757586121438812
30,3_7C_31PER_5_9C_NEWSTRUCTURE,150,29,179,0.9743058063153,0.9745696462639436,0.9744589238567728,0.668998462245141,0.3310015377548589,0.974532996976906,21-30,0.00022719066160603596,0.0010819419350923676,0.9734510550418136,0.9756149389119984
30,3_7C_31PER_5_9C_NEWSTRUCTURE,150,30,180,0.974080765852463,0.9744278138589302,0.9743117371573322,0.668998462245141,0.3310015377548589,0.9743893922922038,21-30,0.00030862643974083337,0.0010819419350923676,0.9733074503571114,0.9754713342272961
30,3_7C_31PER_5_9C_NEWSTRUCTURE,150,31,181,0.973997486845426,0.9742860832737112,0.9741645504578916,0.668998462245141,0.3310015377548589,0.9742458557247872,31-40,0.0002483688793611938,0.001287928048889997,0.9729579276758972,0.9755337837736772
30,3_7C_31PER_5_9C_NEWSTRUCTURE,150,32,182,0.973808471571027,0.9741444538732495,0.9740173637584512,0.668998462245141,0.3310015377548589,0.974102386849818,31-40,0.00029391527879096824,0.001287928048889997,0.972814458800928,0.975390314898708
30,3_7C_31PER_5_9C_NEWSTRUCTURE,150,33,183,0.973851701797152,0.9740029250299352,0.9738701770590108,0.668998462245141,0.3310015377548589,0.9739589852474254,31-40,0.00010728345027344321,0.001287928048889997,0.9726710571985354,0.9752469132963154
30,3_7C_31PER_5_9C_NEWSTRUCTURE,150,34,184,0.973731742598251,0.973861496123458,0.97372299035957,0.668998462245141,0.3310015377548589,0.9738156505026232,31-40,8.390790437218243e-05,0.001287928048889997,0.9725277224537332,0.9751035785515132
30,3_7C_31PER_5_9C_NEWSTRUCTURE,150,35,185,0.973544598762212,0.9737201665406836,0.9735758036601296,0.668998462245141,0.3310015377548589,0.9736723822052256,31-40,0.0001277834430135627,0.001287928048889997,0.9723844541563356,0.9749603102541156
30,3_7C_31PER_5_9C_NEWSTRUCTURE,150,36,186,0.973437271772244,0.9735789356755322,0.973428616960689,0.668998462245141,0.3310015377548589,0.9735291799497658,31-40,9.190817752180447e-05,0.001287928048889997,0.9722412519008758,0.9748171079986558
30,3_7C_31PER_5_9C_NEWSTRUCTURE,150,37,187,0.973432312460589,0.97343780292886,0.9732814302612484,0.668998462245141,0.3310015377548589,0.9733860433354176,31-40,4.626912517147197e-05,0.001287928048889997,0.9720981152865276,0.9746739713843076
30,3_7C_31PER_5_9C_NEWSTRUCTURE,150,38,188,0.973229542114241,0.9732967677083432,0.973134243561808,0.668998462245141,0.3310015377548589,0.9732429719659176,31-40,1.3429851676627358e-05,0.001287928048889997,0.9719550439170276,0.9745309000148076
30,3_7C_31PER_5_9C_NEWSTRUCTURE,150,39,189,0.973041275415186,0.9731558294283638,0.9729870568623674,0.668998462245141,0.3310015377548589,0.973099965449488,31-40,5.8690034301922545e-05,0.001287928048889997,0.971812037400598,0.974387893498378
30,3_7C_31PER_5_9C_NEWSTRUCTURE,150,40,190,0.972945925630724,0.9730149875098998,0.9728398701629268,0.668998462245141,0.3310015377548589,0.9729570233987642,31-40,1.109776804020246e-05,0.001287928048889997,0.9716690953498742,0.9742449514476542
30,3_7C_31PER_5_9C_NEWSTRUCTURE,150,41,191,0.972768138986487,0.9728742413804156,0.9726926834634864,0.668998462245141,0.3310015377548589,0.9728141454307204,41-50,4.600644423347067e-05,0.0014857516834847484,0.9713283937472357,0.9742998971142052
30,3_7C_31PER_5_9C_NEWSTRUCTURE,150,42,192,0.972739318835737,0.9727335904737564,0.9725454967640458,0.668998462245141,0.3310015377548589,0.9726713311666002,41-50,6.798766913684862e-05,0.0014857516834847484,0.9711855794831155,0.974157082850085
30,3_7C_31PER_5_9C_NEWSTRUCTURE,150,43,193,0.972686918561646,0.9725930342300436,0.9723983100646052,0.668998462245141,0.3310015377548589,0.9725285802318456,41-50,0.0001583383298003893,0.0014857516834847484,0.9710428285483609,0.9740143319153304
30,3_7C_31PER_5_9C_NEWSTRUCTURE,150,44,194,0.972470486715267,0.9724525720955742,0.9722511233651648,0.668998462245141,0.3310015377548589,0.97238589225603,41-50,8.459445923703068e-05,0.0014857516834847484,0.9709001405725453,0.9738716439395148
30,3_7C_31PER_5_9C_NEWSTRUCTURE,150,45,195,0.972184905221472,0.9723122035227196,0.9721039366657244,0.668998462245141,0.3310015377548589,0.9722432668727908,41-50,5.836165131878346e-05,0.0014857516834847484,0.9707575151893061,0.9737290185562756
30,3_7C_31PER_5_9C_NEWSTRUCTURE,150,46,196,0.972108644108286,0.9721719279698297,0.9719567499662836,0.668998462245141,0.3310015377548589,0.9721007037197648,41-50,7.940388521254782e-06,0.0014857516834847484,0.97061495203628,0.9735864554032495
30,3_7C_31PER_5_9C_NEWSTRUCTURE,150,47,197,0.971765515884909,0.9720317449011362,0.9718095632668432,0.668998462245141,0.3310015377548589,0.9719582024385244,41-50,0.00019268655361537324,0.0014857516834847484,0.9704724507550396,0.9734439541220091
30,3_7C_31PER_5_9C_NEWSTRUCTURE,150,48,198,0.971731642850586,0.9718916537866604,0.9716623765674026,0.668998462245141,0.3310015377548589,0.971815762674514,41-50,8.411982392797501e-05,0.0014857516834847484,0.9703300109910292,0.9733015143579987
30,3_7C_31PER_5_9C_NEWSTRUCTURE,150,49,199,0.971585577086558,0.9717516541021204,0.971515189867962,0.668998462245141,0.3310015377548589,0.97167338407699,41-50,8.780699043198226e-05,0.0014857516834847484,0.9701876323935053,0.9731591357604747
30,3_7C_31PER_5_9C_NEWSTRUCTURE,150,50,200,0.971521106035042,0.9716117453288434,0.9713680031685216,0.668998462245141,0.3310015377548589,0.9715310662989612,41-50,9.960263919195356e-06,0.0014857516834847484,0.9700453146154765,0.973016817982446
31,5C_67PER_4C_NEWSTRUCTURE,150,1,151,0.997455592744144,0.997420033575816,0.9975268176249482,0.6742457940476667,0.3257542059523333,0.9974548189289494,1-10,7.738151945879679e-07,0.001025357785885861,0.9964294611430635,0.9984801767148352
31,5C_67PER_4C_NEWSTRUCTURE,150,2,152,0.997411069184759,0.9973791389200638,0.9974967810681404,0.6742457940476667,0.3257542059523333,0.997417461344597,1-10,6.392159837997902e-06,0.001025357785885861,0.9963921035587111,0.9984428191304828
31,5C_67PER_4C_NEWSTRUCTURE,150,3,153,0.997523519712949,0.9973378837573036,0.9974667445113328,0.6742457940476667,0.3257542059523333,0.9973798606899108,1-10,0.00014365902303814515,0.001025357785885861,0.9963545029040249,0.9984052184757967
31,5C_67PER_4C_NEWSTRUCTURE,150,4,154,0.997491458944759,0.9972962672969002,0.9974367079545248,0.6742457940476667,0.3257542059523333,0.9973420164318082,1-10,0.00014944251295079258,0.001025357785885861,0.9963166586459223,0.9983673742176941
31,5C_67PER_4C_NEWSTRUCTURE,150,5,155,0.997454260842795,0.9972542887516528,0.9974066713977172,0.6742457940476667,0.3257542059523333,0.9973039280395224,1-10,0.00015033280327259035,0.001025357785885861,0.9962785702536365,0.9983292858254083
31,5C_67PER_4C_NEWSTRUCTURE,150,6,156,0.997303470582913,0.9972119473377572,0.9973766348409092,0.6742457940476667,0.3257542059523333,0.9972655949845768,1-10,3.787559833623444e-05,0.001025357785885861,0.9962402371986909,0.9982909527704626
31,5C_67PER_4C_NEWSTRUCTURE,150,7,157,0.99716989990476,0.9971692422747684,0.9973465982841014,0.6742457940476667,0.3257542059523333,0.9972270167407596,1-10,5.711683599962658e-05,0.001025357785885861,0.9962016589548738,0.9982523745266455
31,5C_67PER_4C_NEWSTRUCTURE,150,8,158,0.997133272617659,0.9971261727855674,0.9973165617272935,0.6742457940476667,0.3257542059523333,0.9971881927841016,1-10,5.4920166442595786e-05,0.001025357785885861,0.9961628349982158,0.9982135505699875
31,5C_67PER_4C_NEWSTRUCTURE,150,9,159,0.997142500791292,0.9970827380963232,0.997286525170486,0.6742457940476667,0.3257542059523333,0.9971491225928504,1-10,6.621801558415186e-06,0.001025357785885861,0.9961237648069645,0.9981744803787362
31,5C_67PER_4C_NEWSTRUCTURE,150,10,160,0.997174181016239,0.99703893743646,0.997256488613678,0.6742457940476667,0.3257542059523333,0.9971098056474486,1-10,6.437536879044803e-05,0.001025357785885861,0.9960844478615627,0.9981351634333344
31,5C_67PER_4C_NEWSTRUCTURE,150,11,161,0.99711300868999,0.9969947700386228,0.9972264520568704,0.6742457940476667,0.3257542059523333,0.9970702414305104,11-20,4.276725947960358e-05,0.0012867152290459982,0.9957835262014644,0.9983569566595564
31,5C_67PER_4C_NEWSTRUCTURE,150,12,162,0.997151633829115,0.9969502351386436,0.9971964155000624,0.6742457940476667,0.3257542059523333,0.9970304294267986,11-20,0.00012120440231633278,0.0012867152290459982,0.9957437141977526,0.9983171446558446
31,5C_67PER_4C_NEWSTRUCTURE,150,13,163,0.997102163207576,0.996905331975508,0.9971663789432548,0.6742457940476667,0.3257542059523333,0.9969903691232028,11-20,0.00011179408437322902,0.0012867152290459982,0.9957036538941568,0.9982770843522488
31,5C_67PER_4C_NEWSTRUCTURE,150,14,164,0.997050980141446,0.9968600597913244,0.9971363423864468,0.6742457940476667,0.3257542059523333,0.9969500600087168,11-20,0.00010092013272922085,0.0012867152290459982,0.9956633447796708,0.9982367752377628
31,5C_67PER_4C_NEWSTRUCTURE,150,15,165,0.996967926578748,0.996814417831291,0.9971063058296392,0.6742457940476667,0.3257542059523333,0.99690950157442,11-20,5.84250043279555e-05,0.0012867152290459982,0.995622786345374,0.998196216803466
31,5C_67PER_4C_NEWSTRUCTURE,150,16,166,0.996973729863198,0.996768405343664,0.9970762692728312,0.6742457940476667,0.3257542059523333,0.9968686933134512,11-20,0.00010503654974680643,0.0012867152290459982,0.9955819780844052,0.9981554085424972
31,5C_67PER_4C_NEWSTRUCTURE,150,17,167,0.996860613384334,0.9967220215797286,0.9970462327160234,0.6742457940476667,0.3257542059523333,0.9968276347209932,11-20,3.297866334073252e-05,0.0012867152290459982,0.9955409194919472,0.9981143499500392
31,5C_67PER_4C_NEWSTRUCTURE,150,18,168,0.996871268595127,0.9966752657937664,0.9970161961592156,0.6742457940476667,0.3257542059523333,0.9967863252942484,11-20,8.49433008786038e-05,0.0012867152290459982,0.9954996100652024,0.9980730405232944
31,5C_67PER_4C_NEWSTRUCTURE,150,19,169,0.996781840933115,0.9966281372430276,0.996986159602408,0.6742457940476667,0.3257542059523333,0.9967447645324208,11-20,3.707640069416929e-05,0.0012867152290459982,0.9954580493033748,0.9980314797614668
31,5C_67PER_4C_NEWSTRUCTURE,150,20,170,0.996683470504902,0.9965806351877003,0.9969561230456,0.6742457940476667,0.3257542059523333,0.9967029519366952,11-20,1.9481431793200166e-05,0.0012867152290459982,0.9954162367076492,0.9979896671657412
31,5C_67PER_4C_NEWSTRUCTURE,150,21,171,0.996592235262488,0.9965327588908824,0.9969260864887924,0.6742457940476667,0.3257542059523333,0.9966608870102188,21-30,6.865174773085236e-05,0.0010819419350923676,0.9955789450751265,0.9977428289453112
31,5C_67PER_4C_NEWSTRUCTURE,150,22,172,0.996590998496949,0.9964845076185522,0.9968960499319844,0.6742457940476667,0.3257542059523333,0.99661856925808,21-30,2.7570761131023858e-05,0.0010819419350923676,0.9955366273229876,0.9977005111931724
31,5C_67PER_4C_NEWSTRUCTURE,150,23,173,0.996511940638299,0.9964358806395414,0.9968660133751768,0.6742457940476667,0.3257542059523333,0.9965759981872924,21-30,6.405754899341254e-05,0.0010819419350923676,0.9954940562522,0.9976579401223847
31,5C_67PER_4C_NEWSTRUCTURE,150,24,174,0.996551326863908,0.9963868772255068,0.9968359768183688,0.6742457940476667,0.3257542059523333,0.996533173306773,21-30,1.8153557134970022e-05,0.0010819419350923676,0.9954512313716807,0.9976151152418654
31,5C_67PER_4C_NEWSTRUCTURE,150,25,175,0.996509657378843,0.996337496650904,0.9968059402615612,0.6742457940476667,0.3257542059523333,0.996490094127327,21-30,1.9563251515974933e-05,0.0010819419350923676,0.9954081521922347,0.9975720360624194
31,5C_67PER_4C_NEWSTRUCTURE,150,26,176,0.996458474312713,0.9962877381929588,0.9967759037047532,0.6742457940476667,0.3257542059523333,0.9964467601616268,21-30,1.1714151086139601e-05,0.0010819419350923676,0.9953648182265344,0.9975287020967192
31,5C_67PER_4C_NEWSTRUCTURE,150,27,177,0.996405864209423,0.996237601131644,0.9967458671479456,0.6742457940476667,0.3257542059523333,0.9964031709241968,21-30,2.693285226174069e-06,0.0010819419350923676,0.9953212289891045,0.9974851128592892
31,5C_67PER_4C_NEWSTRUCTURE,150,28,178,0.996405769073612,0.99618708474965,0.9967158305911376,0.6742457940476667,0.3257542059523333,0.9963593259313944,21-30,4.644314221757817e-05,0.0010819419350923676,0.9952773839963021,0.9974412678664868
31,5C_67PER_4C_NEWSTRUCTURE,150,29,179,0.996375230478393,0.9961361883323618,0.99668579403433,0.6742457940476667,0.3257542059523333,0.9963152247013932,21-30,6.0005776999827454e-05,0.0010819419350923676,0.9952332827663009,0.9973971666364856
31,5C_67PER_4C_NEWSTRUCTURE,150,30,180,0.996442491496523,0.9960849111678324,0.996655757477522,0.6742457940476667,0.3257542059523333,0.9962708667541662,21-30,0.0001716247423567685,0.0010819419350923676,0.9951889248190738,0.9973528086892586
31,5C_67PER_4C_NEWSTRUCTURE,150,31,181,0.99633089719063,0.9960332525467588,0.9966257209207144,0.6742457940476667,0.3257542059523333,0.9962262516114686,31-40,0.00010464557916134432,0.001287928048889997,0.9949383235625786,0.9975141796603586
31,5C_67PER_4C_NEWSTRUCTURE,150,32,182,0.996245274961044,0.995981211762457,0.9965956843639066,0.6742457940476667,0.3257542059523333,0.9961813787968216,31-40,6.389616422242117e-05,0.001287928048889997,0.9948934507479316,0.9974693068457116
31,5C_67PER_4C_NEWSTRUCTURE,150,33,183,0.996232812169849,0.9959287881108388,0.9965656478070988,0.6742457940476667,0.3257542059523333,0.996136247835497,31-40,9.656433435201173e-05,0.001287928048889997,0.994848319786607,0.997424175884387
31,5C_67PER_4C_NEWSTRUCTURE,150,34,184,0.996264206987364,0.9958759808903868,0.9965356112502908,0.6742457940476667,0.3257542059523333,0.9960908582544994,31-40,0.00017334873286456443,0.001287928048889997,0.9948029302056094,0.9973787863033894
31,5C_67PER_4C_NEWSTRUCTURE,150,35,185,0.996140054754465,0.9958227894021324,0.9965055746934832,0.6742457940476667,0.3257542059523333,0.9960452095825524,31-40,9.484517191260533e-05,0.001287928048889997,0.9947572815336624,0.9973331376314424
31,5C_67PER_4C_NEWSTRUCTURE,150,36,186,0.996179250708453,0.9957692129496314,0.9964755381366752,0.6742457940476667,0.3257542059523333,0.995999301350081,31-40,0.00017994935837206683,0.001287928048889997,0.994711373301191,0.997287229398971
31,5C_67PER_4C_NEWSTRUCTURE,150,37,187,0.996135488235553,0.9957152508389427,0.9964455015798676,0.6742457940476667,0.3257542059523333,0.9959531330891987,31-40,0.00018235514635422945,0.001287928048889997,0.9946652050403088,0.9972410611380887
31,5C_67PER_4C_NEWSTRUCTURE,150,38,188,0.996135202828121,0.9956609023786052,0.9964154650230596,0.6742457940476667,0.3257542059523333,0.9959067043336908,31-40,0.00022849849443018488,0.001287928048889997,0.9946187762848008,0.9971946323825808
31,5C_67PER_4C_NEWSTRUCTURE,150,39,189,0.996010384644547,0.9956061668796152,0.996385428466252,0.6742457940476667,0.3257542059523333,0.9958600146189992,31-40,0.0001503700255478524,0.001287928048889997,0.9945720865701092,0.9971479426678892
31,5C_67PER_4C_NEWSTRUCTURE,150,40,190,0.996041684326252,0.9955510436554056,0.996355391909444,0.6742457940476667,0.3257542059523333,0.9958130634822092,31-40,0.0002286208440427373,0.001287928048889997,0.9945251354333192,0.9971009915310992
31,5C_67PER_4C_NEWSTRUCTURE,150,41,191,0.996027889633707,0.9954955320218244,0.9963253553526364,0.6742457940476667,0.3257542059523333,0.995765850462034,41-50,0.00026203917167300084,0.0014857516834847484,0.9942800987785493,0.9972516021455188
31,5C_67PER_4C_NEWSTRUCTURE,150,42,192,0.995809457812453,0.9954396312971128,0.9962953187958286,0.6742457940476667,0.3257542059523333,0.9957183750988002,41-50,9.10827136527681e-05,0.0014857516834847484,0.9942326234153155,0.997204126782285
31,5C_67PER_4C_NEWSTRUCTURE,150,43,193,0.995826201715128,0.9953833408018852,0.9962652822390208,0.6742457940476667,0.3257542059523333,0.9956706369344358,41-50,0.00015556478069223,0.0014857516834847484,0.9941848852509511,0.9971563886179206
31,5C_67PER_4C_NEWSTRUCTURE,150,44,194,0.995782629513849,0.995326659859108,0.9962352456822128,0.6742457940476667,0.3257542059523333,0.995622635512453,41-50,0.00015999400139599107,0.0014857516834847484,0.9941368838289683,0.9971083871959378
31,5C_67PER_4C_NEWSTRUCTURE,150,45,195,0.995744384917968,0.9952695877940796,0.9962052091254052,0.6742457940476667,0.3257542059523333,0.9955743703779376,41-50,0.0001700145400304054,0.0014857516834847484,0.9940886186944529,0.9970601220614224
31,5C_67PER_4C_NEWSTRUCTURE,150,46,196,0.995679692566725,0.9952121239344108,0.9961751725685972,0.6742457940476667,0.3257542059523333,0.9955258410775336,41-50,0.00015385148919133673,0.0014857516834847484,0.9940400893940489,0.9970115927610184
31,5C_67PER_4C_NEWSTRUCTURE,150,47,197,0.995386769405731,0.9951542676100046,0.9961451360117896,0.6742457940476667,0.3257542059523333,0.9954770471594314,41-50,9.027775370040736e-05,0.0014857516834847484,0.9939912954759467,0.9969627988429162
31,5C_67PER_4C_NEWSTRUCTURE,150,48,198,0.995495890180548,0.9950960181530362,0.9961150994549818,0.6742457940476667,0.3257542059523333,0.9954279881733524,41-50,6.790200719553052e-05,0.0014857516834847484,0.9939422364898677,0.9969137398568372
31,5C_67PER_4C_NEWSTRUCTURE,150,49,199,0.995356135674702,0.9950373748979352,0.996085062898174,0.6742457940476667,0.3257542059523333,0.9953786636705388,41-50,2.2527995836796322e-05,0.0014857516834847484,0.9938929119870541,0.9968644153540236
31,5C_67PER_4C_NEWSTRUCTURE,150,50,200,0.995277553495104,0.9949783371813656,0.996055026341366,0.6742457940476667,0.3257542059523333,0.995329073203739,41-50,5.1519708634928385e-05,0.0014857516834847484,0.9938433215202542,0.9968148248872237
32,5_3C_54PER_4C_NEWSTRUCTURE,150,1,151,0.99763663095318,0.997429704452792,0.9975167378818915,0.7032412175318195,0.2967587824681805,0.9974555323872456,1-10,0.0001810985659344011,0.001025357785885861,0.9964301746013597,0.9984808901731315
32,5_3C_54PER_4C_NEWSTRUCTURE,150,2,152,0.997650990806409,0.9973878000021854,0.9974855828514084,0.7032412175318195,0.2967587824681805,0.9974168179214672,1-10,0.00023417288494176347,0.001025357785885861,0.9963914601355813,0.998442175707353
32,5_3C_54PER_4C_NEWSTRUCTURE,150,3,153,0.997486931829647,0.997345485782455,0.9974544278209252,0.7032412175318195,0.2967587824681805,0.997377815289151,1-10,0.00010911654049594599,0.001025357785885861,0.9963524575032652,0.9984031730750369
32,5_3C_54PER_4C_NEWSTRUCTURE,150,4,154,0.997509457089614,0.9973027605041328,0.9974232727904422,0.7032412175318195,0.2967587824681805,0.9973385235834904,1-10,0.00017093350612362723,0.001025357785885861,0.9963131657976045,0.9983638813693763
32,5_3C_54PER_4C_NEWSTRUCTURE,150,5,155,0.997416540392249,0.9972596228821334,0.9973921177599592,0.7032412175318195,0.2967587824681805,0.9972989419007604,1-10,0.00011759849148862411,0.001025357785885861,0.9962735841148745,0.9983242996866463
32,5_3C_54PER_4C_NEWSTRUCTURE,150,6,156,0.997315833709145,0.9972160716357108,0.997360962729476,0.7032412175318195,0.2967587824681805,0.9972590693402872,1-10,5.67643688578201e-05,0.001025357785885861,0.9962337115544013,0.998284427126173
32,5_3C_54PER_4C_NEWSTRUCTURE,150,7,157,0.997339485232111,0.9971721054884156,0.9973298076989928,0.7032412175318195,0.2967587824681805,0.9972189050044192,1-10,0.00012058022769179111,0.001025357785885861,0.9961935472185334,0.9982442627903051
32,5_3C_54PER_4C_NEWSTRUCTURE,150,8,158,0.997481206659405,0.9971277231680528,0.9972986526685096,0.7032412175318195,0.2967587824681805,0.9971784479984962,1-10,0.0003027586609087862,0.001025357785885861,0.9961530902126103,0.9982038057843821
32,5_3C_54PER_4C_NEWSTRUCTURE,150,9,159,0.997371677582814,0.997082923406642,0.9972674976380266,0.7032412175318195,0.2967587824681805,0.9971376974308226,1-10,0.00023398015199138644,0.001025357785885861,0.9961123396449367,0.9981630552167085
32,5_3C_54PER_4C_NEWSTRUCTURE,150,10,160,0.997317335393143,0.9970377049403758,0.9972363426075436,0.7032412175318195,0.2967587824681805,0.9970966524126368,1-10,0.00022068298050625934,0.001025357785885861,0.9960712946267509,0.9981220101985226
32,5_3C_54PER_4C_NEWSTRUCTURE,150,11,161,0.997184717925086,0.9969920665095796,0.9972051875770604,0.7032412175318195,0.2967587824681805,0.9970553120580836,11-20,0.00012940586700238565,0.0012867152290459982,0.9957685968290376,0.9983420272871296
32,5_3C_54PER_4C_NEWSTRUCTURE,150,12,162,0.997076972098242,0.996946006858674,0.9971740325465772,0.7032412175318195,0.2967587824681805,0.9970136754841876,11-20,6.329661405435338e-05,0.0012867152290459982,0.9957269602551416,0.9983003907132336
32,5_3C_54PER_4C_NEWSTRUCTURE,150,13,163,0.99711310636944,0.996899524736134,0.9971428775160942,0.7032412175318195,0.2967587824681805,0.9969717418108252,11-20,0.00014136455861479824,0.0012867152290459982,0.9956850265817792,0.9982584570398711
32,5_3C_54PER_4C_NEWSTRUCTURE,150,14,164,0.997033047841306,0.9968526188944532,0.9971117224856112,0.7032412175318195,0.2967587824681805,0.9969295101606984,11-20,0.00010353768060755719,0.0012867152290459982,0.9956427949316524,0.9982162253897444
32,5_3C_54PER_4C_NEWSTRUCTURE,150,15,165,0.997055009969774,0.9968052880901048,0.997080567455128,0.7032412175318195,0.2967587824681805,0.9968869796593076,11-20,0.00016803031046641603,0.0012867152290459982,0.9956002644302616,0.9981736948883536
32,5_3C_54PER_4C_NEWSTRUCTURE,150,16,166,0.996922767922716,0.9967575310835056,0.9970494124246448,0.7032412175318195,0.2967587824681805,0.9968441494349272,11-20,7.861848778878411e-05,0.0012867152290459982,0.9955574342058812,0.9981308646639732
32,5_3C_54PER_4C_NEWSTRUCTURE,150,17,167,0.996782642034669,0.9967093466389784,0.9970182573941616,0.7032412175318195,0.2967587824681805,0.9968010186185778,11-20,1.8376583908796817e-05,0.0012867152290459982,0.9955143033895318,0.9980877338476238
32,5_3C_54PER_4C_NEWSTRUCTURE,150,18,168,0.996875277166285,0.9966607335247188,0.9969871023636786,0.7032412175318195,0.2967587824681805,0.996757586344004,11-20,0.00011769082228096917,0.0012867152290459982,0.995470871114958,0.99804430157305
32,5_3C_54PER_4C_NEWSTRUCTURE,150,19,169,0.996837922776839,0.996611690512757,0.9969559473331956,0.7032412175318195,0.2967587824681805,0.9967138517476468,11-20,0.00012407102919220758,0.0012867152290459982,0.9954271365186008,0.9980005669766928
32,5_3C_54PER_4C_NEWSTRUCTURE,150,20,170,0.996809953912379,0.9965622163789256,0.9969247923027124,0.7032412175318195,0.2967587824681805,0.9966698139686208,11-20,0.00014013994375827732,0.0012867152290459982,0.9953830987395748,0.9979565291976668
32,5_3C_54PER_4C_NEWSTRUCTURE,150,21,171,0.996956180391667,0.9965123099028236,0.9968936372722292,0.7032412175318195,0.2967587824681805,0.9966254721486902,21-30,0.0003307082429767627,0.0010819419350923676,0.9955435302135979,0.9977074140837826
32,5_3C_54PER_4C_NEWSTRUCTURE,150,22,172,0.997049472510032,0.9964619698677843,0.996862482241746,0.7032412175318195,0.2967587824681805,0.9965808254322448,21-30,0.0004686470777871543,0.0010819419350923676,0.9954988834971524,0.9976627673673372
32,5_3C_54PER_4C_NEWSTRUCTURE,150,23,173,0.996879594507778,0.9964111950608412,0.996831327211263,0.7032412175318195,0.2967587824681805,0.996535872966276,21-30,0.0003437215415019734,0.0010819419350923676,0.9954539310311836,0.9976178149013684
32,5_3C_54PER_4C_NEWSTRUCTURE,150,24,174,0.9969340305527,0.9963599842726948,0.99680017218078,0.7032412175318195,0.2967587824681805,0.9964906139003552,21-30,0.0004434166523448191,0.0010819419350923676,0.9954086719652628,0.9975725558354476
32,5_3C_54PER_4C_NEWSTRUCTURE,150,25,175,0.996966786034902,0.996308336297682,0.9967690171502968,0.7032412175318195,0.2967587824681805,0.9964450473866104,21-30,0.0005217386482915254,0.0010819419350923676,0.9953631054515181,0.9975269893217028
32,5_3C_54PER_4C_NEWSTRUCTURE,150,26,176,0.996897990136752,0.9962562499337432,0.9967378621198136,0.7032412175318195,0.2967587824681805,0.9963991725797032,21-30,0.0004988175570487252,0.0010819419350923676,0.9953172306446109,0.9974811145147956
32,5_3C_54PER_4C_NEWSTRUCTURE,150,27,177,0.996861292734055,0.9962037239823917,0.9967067070893306,0.7032412175318195,0.2967587824681805,0.996352988636809,21-30,0.000508304097246004,0.0010819419350923676,0.9952710467017166,0.9974349305719014
32,5_3C_54PER_4C_NEWSTRUCTURE,150,28,178,0.996738717777733,0.9961507572486814,0.9966755520588476,0.7032412175318195,0.2967587824681805,0.996306494717592,21-30,0.00043222306014101264,0.0010819419350923676,0.9952245527824997,0.9973884366526844
32,5_3C_54PER_4C_NEWSTRUCTURE,150,29,179,0.996806856689134,0.9960973485411788,0.9966443970283644,0.7032412175318195,0.2967587824681805,0.996259689984187,21-30,0.000547166704947033,0.0010819419350923676,0.9951777480490946,0.9973416319192794
32,5_3C_54PER_4C_NEWSTRUCTURE,150,30,180,0.996590144917199,0.9960434966719308,0.9966132419978811,0.7032412175318195,0.2967587824681805,0.9962125736011768,21-30,0.0003775713160222294,0.0010819419350923676,0.9951306316660844,0.9972945155362691
32,5_3C_54PER_4C_NEWSTRUCTURE,150,31,181,0.996747164750221,0.9959892004564372,0.996582086967398,0.7032412175318195,0.2967587824681805,0.9961651447355716,31-40,0.0005820200146493537,0.001287928048889997,0.9948772166866816,0.9974530727844616
32,5_3C_54PER_4C_NEWSTRUCTURE,150,32,182,0.996700424835788,0.9959344587136192,0.996550931936915,0.7032412175318195,0.2967587824681805,0.9961174025567888,31-40,0.0005830222789992012,0.001287928048889997,0.9948294745078988,0.9974053306056788
32,5_3C_54PER_4C_NEWSTRUCTURE,150,33,183,0.996689631482054,0.9958792702657928,0.996519776906432,0.7032412175318195,0.2967587824681805,0.9960693462366316,31-40,0.0006202852454224583,0.001287928048889997,0.9947814181877416,0.9973572742855216
32,5_3C_54PER_4C_NEWSTRUCTURE,150,34,184,0.996621492570653,0.9958236339386396,0.9964886218759488,0.7032412175318195,0.2967587824681805,0.9960209749492716,31-40,0.0006005176213814689,0.001287928048889997,0.9947330469003816,0.9973089029981616
32,5_3C_54PER_4C_NEWSTRUCTURE,150,35,185,0.99673402501524,0.9957675485611784,0.9964574668454655,0.7032412175318195,0.2967587824681805,0.995972287871226,31-40,0.000761737144013952,0.001287928048889997,0.994684359822336,0.997260215920116
32,5_3C_54PER_4C_NEWSTRUCTURE,150,36,186,0.996565085565485,0.9957110129657388,0.9964263118149824,0.7032412175318195,0.2967587824681805,0.9959232841813412,31-40,0.0006418013841437142,0.001287928048889997,0.9946353561324512,0.9972112122302312
32,5_3C_54PER_4C_NEWSTRUCTURE,150,37,187,0.996467663816126,0.9956540259879334,0.9963951567844994,0.7032412175318195,0.2967587824681805,0.995873963060772,31-40,0.0005937007553539209,0.001287928048889997,0.994586035011882,0.997161891109662
32,5_3C_54PER_4C_NEWSTRUCTURE,150,38,188,0.996447484937406,0.9955965864666304,0.9963640017540164,0.7032412175318195,0.2967587824681805,0.9958243236929624,31-40,0.0006231612444436152,0.001287928048889997,0.9945363956440724,0.9971122517418524
32,5_3C_54PER_4C_NEWSTRUCTURE,150,39,189,0.99647188730237,0.995538693243928,0.9963328467235332,0.7032412175318195,0.2967587824681805,0.9957743652636284,31-40,0.000697522038741627,0.001287928048889997,0.9944864372147384,0.9970622933125184
32,5_3C_54PER_4C_NEWSTRUCTURE,150,40,190,0.996465692855879,0.9954803451651284,0.9963016916930502,0.7032412175318195,0.2967587824681805,0.9957240869607388,31-40,0.0007416058951402738,0.001287928048889997,0.9944361589118488,0.9970120150096288
32,5_3C_54PER_4C_NEWSTRUCTURE,150,41,191,0.996445326266659,0.9954215410787114,0.996270536662567,0.7032412175318195,0.2967587824681805,0.9956734879744972,41-50,0.0007718382921618749,0.0014857516834847484,0.9941877362910124,0.9971592396579819
32,5_3C_54PER_4C_NEWSTRUCTURE,150,42,192,0.996373151579513,0.9953622798363092,0.996239381632084,0.7032412175318195,0.2967587824681805,0.995622567497324,41-50,0.0007505840821889764,0.0014857516834847484,0.9941368158138393,0.9971083191808088
32,5_3C_54PER_4C_NEWSTRUCTURE,150,43,193,0.996330353585576,0.9953025602926818,0.9962082266016008,0.7032412175318195,0.2967587824681805,0.995571324723839,41-50,0.0007590288617369545,0.0014857516834847484,0.9940855730403543,0.9970570764073238
32,5_3C_54PER_4C_NEWSTRUCTURE,150,44,194,0.996213034523246,0.9952423813056916,0.9961770715711176,0.7032412175318195,0.2967587824681805,0.9955197588508442,41-50,0.0006932756724018496,0.0014857516834847484,0.9940340071673595,0.997005510534329
32,5_3C_54PER_4C_NEWSTRUCTURE,150,45,195,0.99614095369135,0.9951817417362792,0.9961459165406346,0.7032412175318195,0.2967587824681805,0.9954678690773062,41-50,0.0006730846140438063,0.0014857516834847484,0.9939821173938215,0.996953620760791
32,5_3C_54PER_4C_NEWSTRUCTURE,150,46,196,0.996138513454854,0.9951206404484398,0.9961147615101514,0.7032412175318195,0.2967587824681805,0.9954156546043392,41-50,0.0007228588505148181,0.0014857516834847484,0.9939299029208545,0.996901406287824
32,5_3C_54PER_4C_NEWSTRUCTURE,150,47,197,0.995926776011161,0.9950590763091984,0.9960836064796684,0.7032412175318195,0.2967587824681805,0.9953631146351892,41-50,0.0005636613759717468,0.0014857516834847484,0.9938773629517045,0.996848866318674
32,5_3C_54PER_4C_NEWSTRUCTURE,150,48,198,0.995740661050681,0.9949970481885876,0.9960524514491852,0.7032412175318195,0.2967587824681805,0.9953102483752156,41-50,0.00043041267546539697,0.0014857516834847484,0.9938244966917309,0.9967960000587004
32,5_3C_54PER_4C_NEWSTRUCTURE,150,49,199,0.995567216548933,0.9949345549596232,0.996021296418702,0.7032412175318195,0.2967587824681805,0.9952570550318772,41-50,0.00031016151705576256,0.0014857516834847484,0.9937713033483925,0.996742806715362
32,5_3C_54PER_4C_NEWSTRUCTURE,150,50,200,0.99576891148089,0.994871595498282,0.995990141388219,0.7032412175318195,0.2967587824681805,0.9952035338147144,41-50,0.0005653776661755927,0.0014857516834847484,0.9937177821312296,0.9966892854981991
33,5_6C_19PER_4_6C_NEWSTRUCTURE,150,1,151,0.997256949301898,0.997178355052665,0.9972395505004203,0.668876114273829,0.331123885726171,0.9971986183271144,1-10,5.833097478358251e-05,0.001025357785885861,0.9961732605412286,0.9982239761130003
33,5_6C_19PER_4_6C_NEWSTRUCTURE,150,2,152,0.997172919554996,0.997141847997864,0.9972094597514862,0.668876114273829,0.331123885726171,0.997164235864444,1-10,8.683690551958279e-06,0.001025357785885861,0.9961388780785582,0.9981895936503299
33,5_6C_19PER_4_6C_NEWSTRUCTURE,150,3,153,0.997095303583023,0.9971051269406228,0.9971793690025522,0.668876114273829,0.331123885726171,0.9971297102606532,1-10,3.440667763021654e-05,0.001025357785885861,0.9961043524747674,0.9981550680465391
33,5_6C_19PER_4_6C_NEWSTRUCTURE,150,4,154,0.997104227095968,0.9970681920374788,0.997149278253618,0.668876114273829,0.331123885726171,0.9970950416204456,1-10,9.185475522421882e-06,0.001025357785885861,0.9960696838345597,0.9981203994063315
33,5_6C_19PER_4_6C_NEWSTRUCTURE,150,5,155,0.997047339700941,0.9970310434438346,0.997119187504684,0.668876114273829,0.331123885726171,0.9970602300477668,1-10,1.2890346825833454e-05,0.001025357785885861,0.9960348722618809,0.9980855878336526
33,5_6C_19PER_4_6C_NEWSTRUCTURE,150,6,156,0.997107294553543,0.9969936813139766,0.99708909675575,0.668876114273829,0.331123885726171,0.9970252756458148,1-10,8.201890772818743e-05,0.001025357785885861,0.9959999178599289,0.9980506334317006
33,5_6C_19PER_4_6C_NEWSTRUCTURE,150,7,157,0.997137225503214,0.9969561058010878,0.9970590060068156,0.668876114273829,0.331123885726171,0.9969901785170504,1-10,0.00014704698616363476,0.001025357785885861,0.9959648207311645,0.9980155363029363
33,5_6C_19PER_4_6C_NEWSTRUCTURE,150,8,158,0.997028098376153,0.996918317057264,0.9970289152578816,0.668876114273829,0.331123885726171,0.9969549387632068,1-10,7.315961294618312e-05,0.001025357785885861,0.995929580977321,0.9979802965490927
33,5_6C_19PER_4_6C_NEWSTRUCTURE,150,9,159,0.997043528617288,0.9968803152335272,0.9969988245089476,0.668876114273829,0.331123885726171,0.996919556485299,1-10,0.00012397213198900303,0.001025357785885861,0.9958941986994131,0.9979449142711848
33,5_6C_19PER_4_6C_NEWSTRUCTURE,150,10,160,0.996905957792713,0.9968421004798412,0.9969687337600134,0.668876114273829,0.331123885726171,0.996884031783634,1-10,2.1926009078909736e-05,0.001025357785885861,0.9958586739977482,0.9979093895695199
33,5_6C_19PER_4_6C_NEWSTRUCTURE,150,11,161,0.996813376345905,0.9968036729451256,0.9969386430110794,0.668876114273829,0.331123885726171,0.996848364757821,11-20,3.498841191607038e-05,0.0012867152290459982,0.995561649528775,0.998135079986867
33,5_6C_19PER_4_6C_NEWSTRUCTURE,150,12,162,0.996751655381366,0.9967650327772674,0.9969085522621453,0.668876114273829,0.331123885726171,0.9968125555067776,11-20,6.090012541160039e-05,0.0012867152290459982,0.9955258402777316,0.9980992707358236
33,5_6C_19PER_4_6C_NEWSTRUCTURE,150,13,163,0.996707595536198,0.9967261801231372,0.9968784615132112,0.668876114273829,0.331123885726171,0.9967766041287422,11-20,6.900859254421743e-05,0.0012867152290459982,0.9954898888996963,0.9980633193577882
33,5_6C_19PER_4_6C_NEWSTRUCTURE,150,14,164,0.996638810123911,0.9966871151286008,0.996848370764277,0.668876114273829,0.331123885726171,0.9967405107212812,11-20,0.00010170059737024673,0.0012867152290459982,0.9954537954922352,0.9980272259503272
33,5_6C_19PER_4_6C_NEWSTRUCTURE,150,15,165,0.996493803038549,0.9966478379385332,0.9968182800153428,0.668876114273829,0.331123885726171,0.9967042753812976,11-20,0.00021047234274862436,0.0012867152290459982,0.9954175601522516,0.9979909906103436
33,5_6C_19PER_4_6C_NEWSTRUCTURE,150,16,166,0.996445095530389,0.9966083486968298,0.9967881892664088,0.668876114273829,0.331123885726171,0.99666789820504,11-20,0.00022280267465102366,0.0012867152290459982,0.995381182975994,0.997954613434086
33,5_6C_19PER_4_6C_NEWSTRUCTURE,150,17,167,0.996414420954639,0.9965686475464204,0.9967580985174748,0.668876114273829,0.331123885726171,0.9966313792881104,11-20,0.00021695833347146198,0.0012867152290459982,0.9953446640590644,0.9979180945171564
33,5_6C_19PER_4_6C_NEWSTRUCTURE,150,18,168,0.996528846417512,0.9965287346292812,0.9967280077685404,0.668876114273829,0.331123885726171,0.9965947187254736,11-20,6.5872307961512e-05,0.0012867152290459982,0.9953080034964276,0.9978814339545196
33,5_6C_19PER_4_6C_NEWSTRUCTURE,150,19,169,0.996650708141172,0.9964886100864456,0.9966979170196064,0.668876114273829,0.331123885726171,0.9965579166114632,11-20,9.279152970875781e-05,0.0012867152290459982,0.9952712013824172,0.9978446318405092
33,5_6C_19PER_4_6C_NEWSTRUCTURE,150,20,170,0.996752491960705,0.9964482740580176,0.9966678262706724,0.668876114273829,0.331123885726171,0.9965209730397916,11-20,0.00023151892091344273,0.0012867152290459982,0.9952342578107456,0.9978076882688376
33,5_6C_19PER_4_6C_NEWSTRUCTURE,150,21,171,0.996573556935498,0.9964077266831828,0.9966377355217384,0.668876114273829,0.331123885726171,0.9964838881035568,21-30,8.966883194116981e-05,0.0010819419350923676,0.9954019461684644,0.9975658300386492
33,5_6C_19PER_4_6C_NEWSTRUCTURE,150,22,172,0.996632489302242,0.9963669681002189,0.9966076447728042,0.668876114273829,0.331123885726171,0.996446661895249,21-30,0.00018582740699302214,0.0010819419350923676,0.9953647199601566,0.9975286038303414
33,5_6C_19PER_4_6C_NEWSTRUCTURE,150,23,173,0.996628957078368,0.9963259984465076,0.99657755402387,0.668876114273829,0.331123885726171,0.99640929450676,21-30,0.00021966257160799252,0.0010819419350923676,0.9953273525716676,0.9974912364418523
33,5_6C_19PER_4_6C_NEWSTRUCTURE,150,24,174,0.996566027721451,0.9962848178585472,0.996547463274936,0.668876114273829,0.331123885726171,0.99637178602939,21-30,0.000194241692060948,0.0010819419350923676,0.9952898440942977,0.9974537279644824
33,5_6C_19PER_4_6C_NEWSTRUCTURE,150,25,175,0.996522897408881,0.9962434264719596,0.9965173725260018,0.668876114273829,0.331123885726171,0.9963341365538534,21-30,0.0001887608550276143,0.0010819419350923676,0.995252194618761,0.9974160784889458
33,5_6C_19PER_4_6C_NEWSTRUCTURE,150,26,176,0.996400942731961,0.9962018244215042,0.9964872817770676,0.668876114273829,0.331123885726171,0.9962963461702874,21-30,0.00010459656167360887,0.0010819419350923676,0.995214404235195,0.9973782881053798
33,5_6C_19PER_4_6C_NEWSTRUCTURE,150,27,177,0.996343590570635,0.9961600118410872,0.9964571910281336,0.668876114273829,0.331123885726171,0.996258414968259,21-30,8.517560237608635e-05,0.0010819419350923676,0.9951764730331666,0.9973403569033513
33,5_6C_19PER_4_6C_NEWSTRUCTURE,150,28,178,0.996268484336678,0.996117988863771,0.9964271002791996,0.668876114273829,0.331123885726171,0.99622034303677,21-30,4.814129990804439e-05,0.0010819419350923676,0.9951384011016776,0.9973022849718624
33,5_6C_19PER_4_6C_NEWSTRUCTURE,150,29,179,0.996236694321811,0.9960757556217856,0.9963970095302654,0.668876114273829,0.331123885726171,0.9961821304642662,21-30,5.456385754476489e-05,0.0010819419350923676,0.9951001885291738,0.9972640723993585
33,5_6C_19PER_4_6C_NEWSTRUCTURE,150,30,180,0.996308175378633,0.996033312246538,0.9963669187813312,0.668876114273829,0.331123885726171,0.9961437773386425,21-30,0.00016439803999057645,0.0010819419350923676,0.9950618354035501,0.9972257192737348
33,5_6C_19PER_4_6C_NEWSTRUCTURE,150,31,181,0.996211318081872,0.9959906588686204,0.9963368280323972,0.668876114273829,0.331123885726171,0.9961052837472488,31-40,0.00010603433462319511,0.001287928048889997,0.9948173556983588,0.9973932117961388
33,5_6C_19PER_4_6C_NEWSTRUCTURE,150,32,182,0.996313566667705,0.9959477956178224,0.9963067372834632,0.668876114273829,0.331123885726171,0.9960666497768984,31-40,0.0002469168908065811,0.001287928048889997,0.9947787217280084,0.9973545778257884
33,5_6C_19PER_4_6C_NEWSTRUCTURE,150,33,183,0.996247569853213,0.9959047226231382,0.996276646534529,0.668876114273829,0.331123885726171,0.9960278755138724,31-40,0.00021969433934065918,0.001287928048889997,0.9947399474649824,0.9973158035627624
33,5_6C_19PER_4_6C_NEWSTRUCTURE,150,34,184,0.996117342336166,0.9958614400127768,0.9962465557855948,0.668876114273829,0.331123885726171,0.9959889610439268,31-40,0.00012838129223924355,0.001287928048889997,0.9947010329950368,0.9972768890928168
33,5_6C_19PER_4_6C_NEWSTRUCTURE,150,35,185,0.996111579234056,0.9958179479141708,0.9962164650366608,0.668876114273829,0.331123885726171,0.995949906452298,31-40,0.00016167278175804878,0.001287928048889997,0.994661978403408,0.997237834501188
33,5_6C_19PER_4_6C_NEWSTRUCTURE,150,36,186,0.995958206355307,0.9957742464539848,0.9961863742877268,0.668876114273829,0.331123885726171,0.9959107118237094,31-40,4.749453159758055e-05,0.001287928048889997,0.9946227837748194,0.9971986398725994
33,5_6C_19PER_4_6C_NEWSTRUCTURE,150,37,187,0.995879010177917,0.9957303357581252,0.9961562835387926,0.668876114273829,0.331123885726171,0.9958713772423762,31-40,7.632935540846653e-06,0.001287928048889997,0.9945834491934862,0.9971593052912662
33,5_6C_19PER_4_6C_NEWSTRUCTURE,150,38,188,0.995837553024025,0.995686215951748,0.9961261927898584,0.668876114273829,0.331123885726171,0.9958319027920126,31-40,5.650232012377465e-06,0.001287928048889997,0.9945439747431226,0.9971198308409026
33,5_6C_19PER_4_6C_NEWSTRUCTURE,150,39,189,0.995958299308567,0.9956418871592668,0.9960961020409244,0.668876114273829,0.331123885726171,0.995792288555836,31-40,0.00016601075273103838,0.001287928048889997,0.994504360506946,0.997080216604726
33,5_6C_19PER_4_6C_NEWSTRUCTURE,150,40,190,0.995763748135706,0.9955973495043632,0.9960660112919902,0.668876114273829,0.331123885726171,0.9957525346165736,31-40,1.121351913235813e-05,0.001287928048889997,0.9944646065676837,0.9970404626654636
33,5_6C_19PER_4_6C_NEWSTRUCTURE,150,41,191,0.995874641374704,0.995552603109992,0.996035920543056,0.668876114273829,0.331123885726171,0.9957126410564674,41-50,0.00016200031823665473,0.0014857516834847484,0.9942268893729826,0.9971983927399521
33,5_6C_19PER_4_6C_NEWSTRUCTURE,150,42,192,0.995752128978225,0.9955076480983912,0.996005829794122,0.668876114273829,0.331123885726171,0.9956726079572792,41-50,7.952102094577196e-05,0.0014857516834847484,0.9941868562737944,0.9971583596407639
33,5_6C_19PER_4_6C_NEWSTRUCTURE,150,43,193,0.995683715378977,0.99546248459109,0.995975739045188,0.668876114273829,0.331123885726171,0.9956324354002972,41-50,5.127997867981904e-05,0.0014857516834847484,0.9941466837168125,0.997118187083782
33,5_6C_19PER_4_6C_NEWSTRUCTURE,150,44,194,0.995549026105458,0.9954171127089152,0.995945648296254,0.668876114273829,0.331123885726171,0.9955921234663394,41-50,4.309736088137228e-05,0.0014857516834847484,0.9941063717828547,0.9970778751498242
33,5_6C_19PER_4_6C_NEWSTRUCTURE,150,45,195,0.995510636409141,0.9953715325720004,0.9959155575473198,0.668876114273829,0.331123885726171,0.9955516722357602,41-50,4.103582661929561e-05,0.0014857516834847484,0.9940659205522755,0.997037423919245
33,5_6C_19PER_4_6C_NEWSTRUCTURE,150,46,196,0.995275650568246,0.9953257442997924,0.9958854667983856,0.668876114273829,0.331123885726171,0.9955110817884548,41-50,0.00023543122020885932,0.0014857516834847484,0.9940253301049701,0.9969968334719396
33,5_6C_19PER_4_6C_NEWSTRUCTURE,150,47,197,0.995205191997282,0.9952797480110592,0.9958553760494516,0.668876114273829,0.331123885726171,0.9954703522038646,41-50,0.0002651602065826264,0.0014857516834847484,0.9939846005203798,0.9969561038873493
33,5_6C_19PER_4_6C_NEWSTRUCTURE,150,48,198,0.995149420041373,0.9952335438238968,0.9958252853005174,0.668876114273829,0.331123885726171,0.9954294835609808,41-50,0.0002800635196078538,0.0014857516834847484,0.9939437318774961,0.9969152352444656
33,5_6C_19PER_4_6C_NEWSTRUCTURE,150,49,199,0.995137243164333,0.995187131855737,0.9957951945515832,0.668876114273829,0.331123885726171,0.9953884759383508,41-50,0.0002512327740177289,0.0014857516834847484,0.993902724254866,0.9968742276218355
33,5_6C_19PER_4_6C_NEWSTRUCTURE,150,50,200,0.995258547168434,0.9951405122233544,0.9957651038026492,0.668876114273829,0.331123885726171,0.9953473294140824,41-50,8.87822456484555e-05,0.0014857516834847484,0.9938615777305977,0.9968330810975672
34,5_6C_36PER_4_3C_NEWSTRUCTURE,150,1,151,0.996610276493288,0.9964313216082522,0.9964749785907971,0.6778514939880081,0.3221485060119918,0.996445385639956,1-10,0.00016489085333204478,0.001025357785885861,0.9954200278540701,0.9974707434258419
34,5_6C_36PER_4_3C_NEWSTRUCTURE,150,2,152,0.996551842703001,0.9963844272263912,0.9964343648701371,0.6778514939880081,0.3221485060119918,0.9964005145637176,1-10,0.00015132813928342426,0.001025357785885861,0.9953751567778317,0.9974258723496034
34,5_6C_36PER_4_3C_NEWSTRUCTURE,150,3,153,0.99647274101261,0.9963372711082052,0.9963937511494771,0.6778514939880081,0.3221485060119918,0.9963554660691204,1-10,0.0001172749434895648,0.001025357785885861,0.9953301082832345,0.9973808238550063
34,5_6C_36PER_4_3C_NEWSTRUCTURE,150,4,154,0.996388660237196,0.996289853517857,0.996353137428817,0.6778514939880081,0.3221485060119918,0.9963102403352272,1-10,7.841990196877369e-05,0.001025357785885861,0.9952848825493413,0.997335598121113
34,5_6C_36PER_4_3C_NEWSTRUCTURE,150,5,155,0.996351270127012,0.996242174717524,0.996312523708157,0.6778514939880081,0.3221485060119918,0.9962648375397558,1-10,8.643258725615777e-05,0.001025357785885861,0.99523947975387,0.9972901953256417
34,5_6C_36PER_4_3C_NEWSTRUCTURE,150,6,156,0.996309464601805,0.9961942349674262,0.996271909987497,0.6778514939880081,0.3221485060119918,0.9962192578590964,1-10,9.020674270865392e-05,0.001025357785885861,0.9951939000732105,0.9972446156449822
34,5_6C_36PER_4_3C_NEWSTRUCTURE,150,7,157,0.996260143476562,0.9961460345258536,0.996231296266837,0.6778514939880081,0.3221485060119918,0.9961735014683316,1-10,8.664200823038648e-05,0.001025357785885861,0.9951481436824458,0.9971988592542175
34,5_6C_36PER_4_3C_NEWSTRUCTURE,150,8,158,0.99623318126143,0.996097573649192,0.996190682546177,0.6778514939880081,0.3221485060119918,0.9961275685412522,1-10,0.00010561272017783896,0.001025357785885861,0.9951022107553663,0.997152926327138
34,5_6C_36PER_4_3C_NEWSTRUCTURE,150,9,159,0.996226793001398,0.9960488525919504,0.996150068825517,0.6778514939880081,0.3221485060119918,0.996081459250378,1-10,0.00014533375101999368,0.001025357785885861,0.9950561014644922,0.9971068170362639
34,5_6C_36PER_4_3C_NEWSTRUCTURE,150,10,160,0.996140739380974,0.9959998716067848,0.996109455104857,0.6778514939880081,0.3221485060119918,0.9960351737669724,1-10,0.00010556561400165698,0.001025357785885861,0.9950098159810865,0.9970605315528582
34,5_6C_36PER_4_3C_NEWSTRUCTURE,150,11,161,0.99607507182565,0.9959506309445252,0.996068841384197,0.6778514939880081,0.3221485060119918,0.9959887122610604,11-20,8.635956458957761e-05,0.0012867152290459982,0.9947019970320145,0.9972754274901064
34,5_6C_36PER_4_3C_NEWSTRUCTURE,150,12,162,0.996072253475636,0.9959011308541974,0.996028227663537,0.6778514939880081,0.3221485060119918,0.995942074901445,11-20,0.00013017857419095336,0.0012867152290459982,0.994655359672399,0.997228790130491
34,5_6C_36PER_4_3C_NEWSTRUCTURE,150,13,163,0.99598187838519,0.99585137158305,0.995987613942877,0.6778514939880081,0.3221485060119918,0.995895261855724,11-20,8.66165294660659e-05,0.0012867152290459982,0.994608546626678,0.99718197708477
34,5_6C_36PER_4_3C_NEWSTRUCTURE,150,14,164,0.995920062574886,0.9958013533765758,0.995947000222217,0.6778514939880081,0.3221485060119918,0.9958482732903045,11-20,7.178928458151379e-05,0.0012867152290459982,0.9945615580612585,0.9971349885193505
34,5_6C_36PER_4_3C_NEWSTRUCTURE,150,15,165,0.995808643804337,0.995751076478536,0.995906386501557,0.6778514939880081,0.3221485060119918,0.9958011093704208,11-20,7.534433916212002e-06,0.0012867152290459982,0.9945143941413748,0.9970878245994668
34,5_6C_36PER_4_3C_NEWSTRUCTURE,150,16,166,0.99576871717914,0.9957005411309828,0.995865772780897,0.6778514939880081,0.3221485060119918,0.9957537702601488,11-20,1.4946918991176616e-05,0.0012867152290459982,0.9944670550311028,0.9970404854891948
34,5_6C_36PER_4_3C_NEWSTRUCTURE,150,17,167,0.995577726993198,0.9956497475742804,0.995825159060237,0.6778514939880081,0.3221485060119918,0.9957062561224186,11-20,0.00012852912922056703,0.0012867152290459982,0.9944195408933726,0.9969929713514646
34,5_6C_36PER_4_3C_NEWSTRUCTURE,150,18,168,0.995634093993476,0.995598696047129,0.995784545339577,0.6778514939880081,0.3221485060119918,0.9956585671190346,11-20,2.447312555853287e-05,0.0012867152290459982,0.9943718518899886,0.9969452823480806
34,5_6C_36PER_4_3C_NEWSTRUCTURE,150,19,169,0.995617183893393,0.9955473867865844,0.995743931618917,0.6778514939880081,0.3221485060119918,0.9956107034106848,11-20,6.480482708237645e-06,0.0012867152290459982,0.9943239881816388,0.9968974186397308
34,5_6C_36PER_4_3C_NEWSTRUCTURE,150,20,170,0.995637757848494,0.9954958200280796,0.9957033178982572,0.6778514939880081,0.3221485060119918,0.995562665156958,11-20,7.509269153593845e-05,0.0012867152290459982,0.994275949927912,0.996849380386004
34,5_6C_36PER_4_3C_NEWSTRUCTURE,150,21,171,0.995660586483607,0.9954439960054452,0.9956627041775972,0.6778514939880081,0.3221485060119918,0.9955144525163566,21-30,0.00014613396725038363,0.0010819419350923676,0.9944325105812643,0.996596394451449
34,5_6C_36PER_4_3C_NEWSTRUCTURE,150,22,172,0.995691494388759,0.9953919149509306,0.9956220904569372,0.6778514939880081,0.3221485060119918,0.9954660656463112,21-30,0.00022542874244779743,0.0010819419350923676,0.9943841237112189,0.9965480075814036
34,5_6C_36PER_4_3C_NEWSTRUCTURE,150,23,173,0.995704083018821,0.9953395770952226,0.9955814767362772,0.6778514939880081,0.3221485060119918,0.9954175047031932,21-30,0.00028657831562772795,0.0010819419350923676,0.9943355627681009,0.9964994466382856
34,5_6C_36PER_4_3C_NEWSTRUCTURE,150,24,174,0.995666317128635,0.9952869826674654,0.9955408630156172,0.6778514939880081,0.3221485060119918,0.9953687698423282,21-30,0.0002975472863067097,0.0010819419350923676,0.9942868279072359,0.9964507117774206
34,5_6C_36PER_4_3C_NEWSTRUCTURE,150,25,175,0.995611077468363,0.9952341318952798,0.995500249294957,0.6778514939880081,0.3221485060119918,0.9953198612180096,21-30,0.0002912162503533322,0.0010819419350923676,0.9942379192829173,0.996401803153102
34,5_6C_36PER_4_3C_NEWSTRUCTURE,150,26,176,0.995529627152961,0.995181025004782,0.995459635574297,0.6778514939880081,0.3221485060119918,0.9952707789835104,21-30,0.0002588481694506539,0.0010819419350923676,0.994188837048418,0.9963527209186027
34,5_6C_36PER_4_3C_NEWSTRUCTURE,150,27,177,0.995522111552924,0.9951276622206024,0.995419021853637,0.6778514939880081,0.3221485060119918,0.9952215232910968,21-30,0.0003005882618272171,0.0010819419350923676,0.9941395813560044,0.9963034652261892
34,5_6C_36PER_4_3C_NEWSTRUCTURE,150,28,178,0.995414356637393,0.9950740437659024,0.995378408132977,0.6778514939880081,0.3221485060119918,0.9951720942920388,21-30,0.00024226234535418278,0.0010819419350923676,0.9940901523569464,0.9962540362271312
34,5_6C_36PER_4_3C_NEWSTRUCTURE,150,29,179,0.995432488022482,0.995020169862394,0.995337794412317,0.6778514939880081,0.3221485060119918,0.9951224921366244,21-30,0.0003099958858575613,0.0010819419350923676,0.994040550201532,0.9962044340717168
34,5_6C_36PER_4_3C_NEWSTRUCTURE,150,30,180,0.995325202831953,0.9949660407303564,0.995297180691657,0.6778514939880081,0.3221485060119918,0.9950727169741702,21-30,0.00025248585778281374,0.0010819419350923676,0.9939907750390778,0.9961546589092626
34,5_6C_36PER_4_3C_NEWSTRUCTURE,150,31,181,0.995321538976935,0.9949116565886524,0.995256566970997,0.6778514939880081,0.3221485060119918,0.9950227689530328,31-40,0.0002987700239022173,0.001287928048889997,0.9937348409041428,0.9963106970019228
34,5_6C_36PER_4_3C_NEWSTRUCTURE,150,32,182,0.995310077686879,0.9948570176547472,0.995215953250337,0.6778514939880081,0.3221485060119918,0.994972648220621,31-40,0.00033742946625792136,0.001287928048889997,0.993684720171731,0.996260576269511
34,5_6C_36PER_4_3C_NEWSTRUCTURE,150,33,183,0.995345119172051,0.9948021241447232,0.995175339529677,0.6778514939880081,0.3221485060119918,0.9949223549234067,31-40,0.00042276424864429174,0.001287928048889997,0.9936344268745168,0.9962102829722967
34,5_6C_36PER_4_3C_NEWSTRUCTURE,150,34,184,0.995334315496998,0.9947469762732974,0.995134725809017,0.6778514939880081,0.3221485060119918,0.9948718892069364,31-40,0.00046242629006165714,0.001287928048889997,0.9935839611580464,0.9961598172558264
34,5_6C_36PER_4_3C_NEWSTRUCTURE,150,35,185,0.995118429885934,0.9946915742538368,0.995094112088357,0.6778514939880081,0.3221485060119918,0.9948212512158408,31-40,0.0002971786700932677,0.001287928048889997,0.9935333231669508,0.9961091792647307
34,5_6C_36PER_4_3C_NEWSTRUCTURE,150,36,186,0.995129233560987,0.9946359182983742,0.995053498367697,0.6778514939880081,0.3221485060119918,0.9947704410938468,31-40,0.00035879246714021207,0.001287928048889997,0.9934825130449568,0.9960583691427368
34,5_6C_36PER_4_3C_NEWSTRUCTURE,150,37,187,0.99505886875564,0.9945800086176244,0.995012884647037,0.6778514939880081,0.3221485060119918,0.994719458983788,31-40,0.00033940977185198395,0.001287928048889997,0.993431530934898,0.996007387032678
34,5_6C_36PER_4_3C_NEWSTRUCTURE,150,38,188,0.995094004185813,0.9945238454209988,0.994972270926377,0.6778514939880081,0.3221485060119918,0.9946683050276142,31-40,0.000425699158198789,0.001287928048889997,0.9933803769787242,0.9959562330765042
34,5_6C_36PER_4_3C_NEWSTRUCTURE,150,39,189,0.994944725580077,0.99446742891662,0.994931657205717,0.6778514939880081,0.3221485060119918,0.994616979366401,31-40,0.00032774621367592793,0.001287928048889997,0.993329051317511,0.995904907415291
34,5_6C_36PER_4_3C_NEWSTRUCTURE,150,40,190,0.994816208819444,0.9944107593113376,0.994891043485057,0.6778514939880081,0.3221485060119918,0.9945654821403624,31-40,0.00025072667908154767,0.001287928048889997,0.9932775540914724,0.9958534101892524
34,5_6C_36PER_4_3C_NEWSTRUCTURE,150,41,191,0.994830300569513,0.9943538368107414,0.994850429764397,0.6778514939880081,0.3221485060119918,0.9945138134888576,41-50,0.0003164870806554587,0.0014857516834847484,0.9930280618053728,0.9959995651723423
34,5_6C_36PER_4_3C_NEWSTRUCTURE,150,42,192,0.994759090259162,0.9942966616191768,0.994809816043737,0.6778514939880081,0.3221485060119918,0.9944619735504024,41-50,0.0002971167087595372,0.0014857516834847484,0.9929762218669177,0.9959477252338872
34,5_6C_36PER_4_3C_NEWSTRUCTURE,150,43,193,0.994758432644159,0.994239233939758,0.994769202323077,0.6778514939880081,0.3221485060119918,0.9944099624626778,41-50,0.00034847018148120856,0.0014857516834847484,0.992924210779193,0.9958957141461625
34,5_6C_36PER_4_3C_NEWSTRUCTURE,150,44,194,0.99469774417386,0.9941815539743823,0.994728588602417,0.6778514939880081,0.3221485060119918,0.9943577803625404,41-50,0.0003399638113196213,0.0014857516834847484,0.9928720286790557,0.9958435320460252
34,5_6C_36PER_4_3C_NEWSTRUCTURE,150,45,195,0.994619957713476,0.9941236219237434,0.9946879748817568,0.6778514939880081,0.3221485060119918,0.9943054273860308,41-50,0.00031453032744521714,0.0014857516834847484,0.992819675702546,0.9957911790695155
34,5_6C_36PER_4_3C_NEWSTRUCTURE,150,46,196,0.994494353247857,0.9940654379873444,0.9946473611610968,0.6778514939880081,0.3221485060119918,0.9942529036683824,41-50,0.00024144957947458412,0.0014857516834847484,0.9927671519848976,0.9957386553518671
34,5_6C_36PER_4_3C_NEWSTRUCTURE,150,47,197,0.994386692277326,0.9940070023635112,0.9946067474404368,0.6778514939880081,0.3221485060119918,0.9942002093440307,41-50,0.00018648293329526222,0.0014857516834847484,0.992714457660546,0.9956859610275155
34,5_6C_36PER_4_3C_NEWSTRUCTURE,150,48,198,0.994317360866984,0.9939483152494056,0.9945661337197768,0.6778514939880081,0.3221485060119918,0.9941473445466223,41-50,0.00017001632036162118,0.0014857516834847484,0.9926615928631376,0.9956330962301071
34,5_6C_36PER_4_3C_NEWSTRUCTURE,150,49,199,0.994235816606582,0.9938893768410384,0.9945255199991168,0.6778514939880081,0.3221485060119918,0.9940943094090232,41-50,0.00014150719755878782,0.0014857516834847484,0.9926085577255385,0.995580061092508
34,5_6C_36PER_4_3C_NEWSTRUCTURE,150,50,200,0.994051590460674,0.9938301873332804,0.9944849062784568,0.6778514939880081,0.3221485060119918,0.9940411040633268,41-50,1.0486397347242438e-05,0.0014857516834847484,0.992555352379842,0.9955268557468115
35,3_7C_31PER_5_9C_NEWSTRUCTURE,150,1,151,0.970892900483852,0.9706513184631628,0.970788924049256,0.7104782453407054,0.2895217546592946,0.9706911582738992,1-10,0.00020174220995283765,0.001025357785885861,0.9696658004880133,0.971716516059785
35,3_7C_31PER_5_9C_NEWSTRUCTURE,150,2,152,0.970628437297099,0.970416221054754,0.9705647469505346,0.7104782453407054,0.2895217546592946,0.9704592225327128,1-10,0.0001692147643862496,0.001025357785885861,0.9694338647468269,0.9714845803185986
35,3_7C_31PER_5_9C_NEWSTRUCTURE,150,3,153,0.970329966272394,0.9701808967424984,0.9703405698518134,0.7104782453407054,0.2895217546592946,0.9702271255812792,1-10,0.00010284069111476946,0.001025357785885861,0.9692017677953934,0.9712524833671651
35,3_7C_31PER_5_9C_NEWSTRUCTURE,150,4,154,0.970158312185303,0.9699453467925938,0.970116392753092,0.7104782453407054,0.2895217546592946,0.9699948683192048,1-10,0.00016344386609823403,0.001025357785885861,0.9689695105333189,0.9710202261050906
35,3_7C_31PER_5_9C_NEWSTRUCTURE,150,5,155,0.969962434638218,0.9697095724559928,0.9698922156543708,0.7104782453407054,0.2895217546592946,0.969762451635264,1-10,0.00019998300295398508,0.001025357785885861,0.9687370938493781,0.9707878094211498
35,3_7C_31PER_5_9C_NEWSTRUCTURE,150,6,156,0.96985879622703,0.9694735749686824,0.9696680385556496,0.7104782453407054,0.2895217546592946,0.9695298764075984,1-10,0.00032891981943161674,0.001025357785885861,0.9685045186217125,0.9705552341934842
35,3_7C_31PER_5_9C_NEWSTRUCTURE,150,7,157,0.969602977490706,0.9692373555519574,0.9694438614569284,0.7104782453407054,0.2895217546592946,0.9692971435039122,1-10,0.00030583398679384644,0.001025357785885861,0.9682717857180263,0.970322501289798
35,3_7C_31PER_5_9C_NEWSTRUCTURE,150,8,158,0.969403015203309,0.9690009154126896,0.969219684358207,0.7104782453407054,0.2895217546592946,0.9690642537816608,1-10,0.00033876142164812606,0.001025357785885861,0.968038895995775,0.9700896115675467
35,3_7C_31PER_5_9C_NEWSTRUCTURE,150,9,159,0.969191273664777,0.968764255743586,0.9689955072594858,0.7104782453407054,0.2895217546592946,0.9688312080882368,1-10,0.000360065576540225,0.001025357785885861,0.9678058503023509,0.9698565658741226
35,3_7C_31PER_5_9C_NEWSTRUCTURE,150,10,160,0.968948374107116,0.9685273777234448,0.9687713301607646,0.7104782453407054,0.2895217546592946,0.968598007261151,1-10,0.0003503668459650111,0.001025357785885861,0.9675726494752651,0.9696233650470368
35,3_7C_31PER_5_9C_NEWSTRUCTURE,150,11,161,0.968750026717051,0.9682902825174028,0.9685471530620432,0.7104782453407054,0.2895217546592946,0.9683646521282072,11-20,0.00038537458884380094,0.0012867152290459982,0.9670779368991612,0.9696513673572532
35,3_7C_31PER_5_9C_NEWSTRUCTURE,150,12,162,0.968468464617362,0.9680529712771776,0.968322975963322,0.7104782453407054,0.2895217546592946,0.9681311435076764,11-20,0.000337321109685651,0.0012867152290459982,0.9668444282786304,0.9694178587367224
35,3_7C_31PER_5_9C_NEWSTRUCTURE,150,13,163,0.968247793646519,0.9678154451413052,0.9680987988646008,0.7104782453407054,0.2895217546592946,0.9678974822084632,11-20,0.0003503114380558614,0.0012867152290459982,0.9666107669794172,0.9691841974375092
35,3_7C_31PER_5_9C_NEWSTRUCTURE,150,14,164,0.967990170024941,0.9675777052353688,0.9678746217658796,0.7104782453407054,0.2895217546592946,0.9676636690302696,11-20,0.00032650099467146365,0.0012867152290459982,0.9663769538012236,0.9689503842593156
35,3_7C_31PER_5_9C_NEWSTRUCTURE,150,15,165,0.967792962562405,0.9673397526722262,0.9676504446671582,0.7104782453407054,0.2895217546592946,0.9674297047637574,11-20,0.0003632577986475427,0.0012867152290459982,0.9661429895347114,0.9687164199928034
35,3_7C_31PER_5_9C_NEWSTRUCTURE,150,16,166,0.967488506918173,0.9671015885522286,0.967426267568437,0.7104782453407054,0.2895217546592946,0.9671955901907024,11-20,0.0002929167274705602,0.0012867152290459982,0.9659088749616564,0.9684823054197484
35,3_7C_31PER_5_9C_NEWSTRUCTURE,150,17,167,0.967257101629764,0.9668632139634368,0.9672020904697156,0.7104782453407054,0.2895217546592946,0.9669613260841474,11-20,0.00029577554561655006,0.0012867152290459982,0.9656746108551014,0.9682480413131934
35,3_7C_31PER_5_9C_NEWSTRUCTURE,150,18,168,0.966855752145557,0.9666246299818309,0.9669779133709944,0.7104782453407054,0.2895217546592946,0.9667269132085534,11-20,0.0001288389370035503,0.0012867152290459982,0.9654401979795074,0.9680136284375994
35,3_7C_31PER_5_9C_NEWSTRUCTURE,150,19,169,0.966694452400189,0.966385837671514,0.9667537362722732,0.7104782453407054,0.2895217546592946,0.9664923523199423,11-20,0.00020210008024668102,0.0012867152290459982,0.9652056370908964,0.9677790675489883
35,3_7C_31PER_5_9C_NEWSTRUCTURE,150,20,170,0.966482710861657,0.9661468380849164,0.966529559173552,0.7104782453407054,0.2895217546592946,0.9662576441660432,11-20,0.0002250666956138403,0.0012867152290459982,0.9649709289369972,0.9675443593950892
35,3_7C_31PER_5_9C_NEWSTRUCTURE,150,21,171,0.966331100500286,0.9659076322629878,0.9663053820748309,0.7104782453407054,0.2895217546592946,0.966022789486428,21-30,0.0003083110138580869,0.0010819419350923676,0.9649408475513356,0.9671047314215203
35,3_7C_31PER_5_9C_NEWSTRUCTURE,150,22,172,0.96597610806893,0.9656682212353914,0.9660812049761096,0.7104782453407054,0.2895217546592946,0.96578778901265,21-30,0.00018831905627991752,0.0010819419350923676,0.9647058470775577,0.9668697309477424
35,3_7C_31PER_5_9C_NEWSTRUCTURE,150,23,173,0.965862400297901,0.96542860602069,0.965857027877388,0.7104782453407054,0.2895217546592946,0.9655526434683755,21-30,0.0003097568295254982,0.0010819419350923676,0.9644707015332832,0.9666345854034679
35,3_7C_31PER_5_9C_NEWSTRUCTURE,150,24,174,0.965614941030124,0.9651887876265304,0.9656328507786668,0.7104782453407054,0.2895217546592946,0.9653173535695164,21-30,0.00029758746060759567,0.0010819419350923676,0.9642354116344241,0.9663992955046088
35,3_7C_31PER_5_9C_NEWSTRUCTURE,150,25,175,0.965391800216301,0.9649487670498204,0.9654086736799457,0.7104782453407054,0.2895217546592946,0.9650819200243536,21-30,0.00030988019194744254,0.0010819419350923676,0.9639999780892612,0.9661638619594459
35,3_7C_31PER_5_9C_NEWSTRUCTURE,150,26,176,0.965245414522772,0.9647085452769064,0.9651844965812244,0.7104782453407054,0.2895217546592946,0.9648463435336648,21-30,0.0003990709891071864,0.0010819419350923676,0.9637644015985725,0.9659282854687572
35,3_7C_31PER_5_9C_NEWSTRUCTURE,150,27,177,0.965015149161892,0.9644681232837432,0.9649603194825032,0.7104782453407054,0.2895217546592946,0.9646106247908448,21-30,0.0004045243710472102,0.0010819419350923676,0.9635286828557524,0.9656925667259372
35,3_7C_31PER_5_9C_NEWSTRUCTURE,150,28,178,0.964866958583108,0.9642275020360616,0.964736142383782,0.7104782453407054,0.2895217546592946,0.9643747644820242,21-30,0.0004921941010838093,0.0010819419350923676,0.9632928225469318,0.9654567064171166
35,3_7C_31PER_5_9C_NEWSTRUCTURE,150,29,179,0.96352041918935,0.9639866824895336,0.9645119652850608,0.7104782453407054,0.2895217546592946,0.964138763286187,21-30,0.0006183440968369203,0.0010819419350923676,0.9630568213510946,0.9652207052212793
35,3_7C_31PER_5_9C_NEWSTRUCTURE,150,30,180,0.964415072311778,0.9637456655899308,0.9642877881863394,0.7104782453407054,0.2895217546592946,0.9639026218752836,21-30,0.0005124504364943938,0.0010819419350923676,0.9628206799401913,0.964984563810376
35,3_7C_31PER_5_9C_NEWSTRUCTURE,150,31,181,0.964172267748078,0.9635044522732836,0.964063611087618,0.7104782453407054,0.2895217546592946,0.9636663409143428,31-40,0.0005059268337351819,0.001287928048889997,0.9623784128654528,0.9649542689632328
35,3_7C_31PER_5_9C_NEWSTRUCTURE,150,32,182,0.963967935738485,0.9632630434660332,0.9638394339888968,0.7104782453407054,0.2895217546592946,0.9634299210615818,31-40,0.0005380146769032867,0.001287928048889997,0.9621419930126918,0.9647178491104718
35,3_7C_31PER_5_9C_NEWSTRUCTURE,150,33,183,0.96379960644002,0.9630214400851826,0.9636152568901756,0.7104782453407054,0.2895217546592946,0.9631933629685104,31-40,0.0006062434715096154,0.001287928048889997,0.9619054349196204,0.9644812910174004
35,3_7C_31PER_5_9C_NEWSTRUCTURE,150,34,184,0.963621302775676,0.962779643038444,0.9633910797914544,0.7104782453407054,0.2895217546592946,0.9629566672800388,31-40,0.0006646354956372225,0.001287928048889997,0.9616687392311488,0.9642445953289288
35,3_7C_31PER_5_9C_NEWSTRUCTURE,150,35,185,0.963393127281933,0.9625376532243828,0.9631669026927332,0.7104782453407054,0.2895217546592946,0.962719834634578,31-40,0.0006732926473550505,0.001287928048889997,0.961431906585688,0.964007762683468
35,3_7C_31PER_5_9C_NEWSTRUCTURE,150,36,186,0.963144718074548,0.962295471532558,0.9629427255940118,0.7104782453407054,0.2895217546592946,0.9624828656641404,31-40,0.0006618524104076151,0.001287928048889997,0.9611949376152504,0.9637707937130304
35,3_7C_31PER_5_9C_NEWSTRUCTURE,150,37,187,0.96307356759794,0.9620530988436624,0.9627185484952906,0.7104782453407054,0.2895217546592946,0.9622457609944391,31-40,0.0008278066035009024,0.001287928048889997,0.9609578329455492,0.9635336890433291
35,3_7C_31PER_5_9C_NEWSTRUCTURE,150,38,188,0.96279694518421,0.961810536029655,0.9624943713965692,0.7104782453407054,0.2895217546592946,0.9620085212449822,31-40,0.0007884239392278447,0.001287928048889997,0.9607205931960922,0.9632964492938721
35,3_7C_31PER_5_9C_NEWSTRUCTURE,150,39,189,0.962736149049324,0.9615677839538967,0.962270194297848,0.7104782453407054,0.2895217546592946,0.9617711470291684,31-40,0.000965002020155592,0.001287928048889997,0.9604832189802784,0.9630590750780584
35,3_7C_31PER_5_9C_NEWSTRUCTURE,150,40,190,0.962498759141387,0.9613248434712782,0.9620460171991267,0.7104782453407054,0.2895217546592946,0.9615336389543792,31-40,0.0009651201870078951,0.001287928048889997,0.9602457109054892,0.9628215670032692
35,3_7C_31PER_5_9C_NEWSTRUCTURE,150,41,191,0.962251109885689,0.9610817154283474,0.9618218401004056,0.7104782453407054,0.2895217546592946,0.9612959976220684,41-50,0.00095511226362055,0.0014857516834847484,0.9598102459385837,0.9627817493055532
35,3_7C_31PER_5_9C_NEWSTRUCTURE,150,42,192,0.96208354053891,0.9608384006634348,0.9615976630016844,0.7104782453407054,0.2895217546592946,0.9610582236278516,41-50,0.0010253169110583382,0.0014857516834847484,0.9595724719443669,0.9625439753113364
35,3_7C_31PER_5_9C_NEWSTRUCTURE,150,43,193,0.961854890075364,0.9605949000067752,0.961373485902963,0.7104782453407054,0.2895217546592946,0.9608203175615924,41-50,0.0010345725137715922,0.0014857516834847484,0.9593345658781076,0.9623060692450771
35,3_7C_31PER_5_9C_NEWSTRUCTURE,150,44,194,0.961717623802067,0.960351214280628,0.9611493088042418,0.7104782453407054,0.2895217546592946,0.9605822800074886,41-50,0.0011353437945784695,0.0014857516834847484,0.9590965283240038,0.9620680316909733
35,3_7C_31PER_5_9C_NEWSTRUCTURE,150,45,195,0.961385239933371,0.9601073442993932,0.9609251317055204,0.7104782453407054,0.2895217546592946,0.9603441115441532,41-50,0.0010411283892177714,0.0014857516834847484,0.9588583598606685,0.961829863227638
35,3_7C_31PER_5_9C_NEWSTRUCTURE,150,46,196,0.961140250508574,0.959863290869728,0.9607009546067992,0.7104782453407054,0.2895217546592946,0.9601058127446992,41-50,0.001034437763874796,0.0014857516834847484,0.9586200610612144,0.9615915644281839
35,3_7C_31PER_5_9C_NEWSTRUCTURE,150,47,197,0.96099709460971,0.9596190547906592,0.960476777508078,0.7104782453407054,0.2895217546592946,0.9598673841768176,41-50,0.001129710432892339,0.0014857516834847484,0.9583816324933329,0.9613531358603024
35,3_7C_31PER_5_9C_NEWSTRUCTURE,150,48,198,0.960765309345458,0.959374636853693,0.9602526004093568,0.7104782453407054,0.2895217546592946,0.9596288264028556,41-50,0.0011364829426023793,0.0014857516834847484,0.9581430747193709,0.9611145780863404
35,3_7C_31PER_5_9C_NEWSTRUCTURE,150,49,199,0.960477192662476,0.9591300378429236,0.9600284233106354,0.7104782453407054,0.2895217546592946,0.959390139979896,41-50,0.0010870526825800253,0.0014857516834847484,0.9579043882964112,0.9608758916633807
35,3_7C_31PER_5_9C_NEWSTRUCTURE,150,50,200,0.960114030750495,0.9588852585351404,0.9598042462119142,0.7104782453407054,0.2895217546592946,0.9591513254598304,41-50,0.0009627052906645561,0.0014857516834847484,0.9576655737763456,0.9606370771433151
36,5_3C_54PER_4C_NEWSTRUCTURE,150,1,151,0.997241452755927,0.997354275878765,0.9973888133715278,0.6627822259083241,0.3372177740916758,0.9973659225351972,1-10,0.00012446977927016434,0.001025357785885861,0.9963405647493113,0.998391280321083
36,5_3C_54PER_4C_NEWSTRUCTURE,150,2,152,0.997257119431732,0.9973215861187492,0.9973601299208508,0.6627822259083241,0.3372177740916758,0.9973345837738988,1-10,7.746434216682196e-05,0.001025357785885861,0.996309225988013,0.9983599415597847
36,5_3C_54PER_4C_NEWSTRUCTURE,150,3,153,0.997153887228656,0.9972887255939747,0.9973314464701738,0.6627822259083241,0.3372177740916758,0.997303131832754,1-10,0.00014924460409793117,0.001025357785885861,0.9962777740468681,0.9983284896186398
36,5_3C_54PER_4C_NEWSTRUCTURE,150,4,154,0.99707769869215,0.9972556945372562,0.9973027630194968,0.6627822259083241,0.3372177740916758,0.9972715668660672,1-10,0.0001938681739171999,0.001025357785885861,0.9962462090801814,0.9982969246519531
36,5_3C_54PER_4C_NEWSTRUCTURE,150,5,155,0.997142976508006,0.9972224931795776,0.9972740795688196,0.6627822259083241,0.3372177740916758,0.9972398890269312,1-10,9.691251892518515e-05,0.001025357785885861,0.9962145312410453,0.998265246812817
36,5_3C_54PER_4C_NEWSTRUCTURE,150,6,156,0.99708124234501,0.9971891217501172,0.9972453961181428,0.6627822259083241,0.3372177740916758,0.9972080984672412,1-10,0.00012685612223117815,0.001025357785885861,0.9961827406813554,0.9982334562531271
36,5_3C_54PER_4C_NEWSTRUCTURE,150,7,157,0.997011768098135,0.9971555804762754,0.9972167126674656,0.6627822259083241,0.3372177740916758,0.9971761953377138,1-10,0.00016442723957887928,0.001025357785885861,0.996150837551828,0.9982015531235997
36,5_3C_54PER_4C_NEWSTRUCTURE,150,8,158,0.99698770856029,0.997121869583697,0.9971880292167888,0.6627822259083241,0.3372177740916758,0.9971441797879028,1-10,0.00015647122761286436,0.001025357785885861,0.996118822002017,0.9981695375737887
36,5_3C_54PER_4C_NEWSTRUCTURE,150,9,159,0.996851557687218,0.9970879892962978,0.9971593457661116,0.6627822259083241,0.3372177740916758,0.9971120519662154,1-10,0.00026049427899743627,0.001025357785885861,0.9960866941803296,0.9981374097521013
36,5_3C_54PER_4C_NEWSTRUCTURE,150,10,160,0.996894081521548,0.997053939836288,0.9971306623154348,0.6627822259083241,0.3372177740916758,0.9970798120199288,1-10,0.00018573049838077615,0.001025357785885861,0.9960544542340429,0.9981051698058147
36,5_3C_54PER_4C_NEWSTRUCTURE,150,11,161,0.996810898933342,0.997019721424196,0.9971019788647576,0.6627822259083241,0.3372177740916758,0.9970474600952046,11-20,0.0002365611618626584,0.0012867152290459982,0.9957607448661586,0.9983341753242506
36,5_3C_54PER_4C_NEWSTRUCTURE,150,12,162,0.996823581480423,0.9969853342788908,0.9970732954140806,0.6627822259083241,0.3372177740916758,0.997014996337106,11-20,0.00019141485668294766,0.0012867152290459982,0.99572828110806,0.998301711566152
36,5_3C_54PER_4C_NEWSTRUCTURE,150,13,163,0.996742077464625,0.9969507786176058,0.9970446119634035,0.6627822259083241,0.3372177740916758,0.9969824208896112,11-20,0.00024034342498624461,0.0012867152290459982,0.9956957056605652,0.9982691361186572
36,5_3C_54PER_4C_NEWSTRUCTURE,150,14,164,0.99674720643587,0.9969160546559604,0.9970159285127266,0.6627822259083241,0.3372177740916758,0.996949733895629,11-20,0.00020252745975901654,0.0012867152290459982,0.995663018666583,0.998236449124675
36,5_3C_54PER_4C_NEWSTRUCTURE,150,15,165,0.996633343274212,0.9968811626079814,0.9969872450620496,0.6627822259083241,0.3372177740916758,0.9969169354970124,11-20,0.00028359222280038843,0.0012867152290459982,0.9956302202679664,0.9982036507260584
36,5_3C_54PER_4C_NEWSTRUCTURE,150,16,166,0.996605273813394,0.9968461026861254,0.9969585616113724,0.6627822259083241,0.3372177740916758,0.996884025834574,11-20,0.0002787520211799954,0.0012867152290459982,0.995597310605528,0.99817074106362
36,5_3C_54PER_4C_NEWSTRUCTURE,150,17,167,0.996587369041045,0.9968108751012984,0.9969298781606956,0.6627822259083241,0.3372177740916758,0.9968510050480984,11-20,0.00026363600705348045,0.0012867152290459982,0.9955642898190524,0.9981377202771444
36,5_3C_54PER_4C_NEWSTRUCTURE,150,18,168,0.996594456346766,0.996775480062878,0.9969011947100184,0.6627822259083241,0.3372177740916758,0.9968178732763574,11-20,0.00022341692959138015,0.0012867152290459982,0.9955311580473114,0.9981045885054034
36,5_3C_54PER_4C_NEWSTRUCTURE,150,19,169,0.996593244044472,0.996739917778732,0.9968725112593416,0.6627822259083241,0.3372177740916758,0.9967846306571222,11-20,0.00019138661265016843,0.0012867152290459982,0.9954979154280762,0.9980713458861682
36,5_3C_54PER_4C_NEWSTRUCTURE,150,20,170,0.996647704393701,0.9967041884552388,0.9968438278086644,0.6627822259083241,0.3372177740916758,0.9967512773271766,11-20,0.00010357293347562635,0.0012867152290459982,0.9954645620981306,0.9980379925562226
36,5_3C_54PER_4C_NEWSTRUCTURE,150,21,171,0.99663642065696,0.9966682922973068,0.9968151443579876,0.6627822259083241,0.3372177740916758,0.9967178134223303,21-30,8.139276537033613e-05,0.0010819419350923676,0.995635871487238,0.9977997553574227
36,5_3C_54PER_4C_NEWSTRUCTURE,150,22,172,0.996561257914702,0.9966322295083938,0.9967864609073104,0.6627822259083241,0.3372177740916758,0.9966842390774316,21-30,0.00012298116272968507,0.0010819419350923676,0.9956022971423393,0.997766181012524
36,5_3C_54PER_4C_NEWSTRUCTURE,150,23,173,0.996590539677815,0.996596000290525,0.9967577774566334,0.6627822259083241,0.3372177740916758,0.9966505544263788,21-30,6.0014748563874676e-05,0.0010819419350923676,0.9955686124912865,0.9977324963614712
36,5_3C_54PER_4C_NEWSTRUCTURE,150,24,174,0.996539995997537,0.9965596048443114,0.9967290940059564,0.6627822259083241,0.3372177740916758,0.996616759602134,21-30,7.676360459707432e-05,0.0010819419350923676,0.9955348176670417,0.9976987015372264
36,5_3C_54PER_4C_NEWSTRUCTURE,150,25,175,0.996453269756471,0.9965230433689684,0.9967004105552794,0.6627822259083241,0.3372177740916758,0.996582854736733,21-30,0.00012958498026205412,0.0010819419350923676,0.9955009128016407,0.9976647966718254
36,5_3C_54PER_4C_NEWSTRUCTURE,150,26,176,0.996462315396668,0.9964863160623328,0.9966717271046024,0.6627822259083241,0.3372177740916758,0.9965488399612992,21-30,8.652456463120739e-05,0.0010819419350923676,0.9954668980262068,0.9976307818963915
36,5_3C_54PER_4C_NEWSTRUCTURE,150,27,177,0.996359549463705,0.9964494231208804,0.9966430436539252,0.6627822259083241,0.3372177740916758,0.9965147154060522,21-30,0.00015516594234721293,0.0010819419350923676,0.9954327734709598,0.9975966573411446
36,5_3C_54PER_4C_NEWSTRUCTURE,150,28,178,0.996372138756764,0.9964123647397428,0.9966143602032485,0.6627822259083241,0.3372177740916758,0.9964804812003228,21-30,0.00010834244355883982,0.0010819419350923676,0.9953985392652305,0.9975624231354152
36,5_3C_54PER_4C_NEWSTRUCTURE,150,29,179,0.996397130834834,0.9963751411127248,0.9965856767525711,0.6627822259083241,0.3372177740916758,0.9964461374725608,21-30,4.900663772677838e-05,0.0010819419350923676,0.9953641955374685,0.9975280794076532
36,5_3C_54PER_4C_NEWSTRUCTURE,150,30,180,0.996338474054586,0.99633775243232,0.9965569933018944,0.6627822259083241,0.3372177740916758,0.996411684350348,21-30,7.321029576201621e-05,0.0010819419350923676,0.9953297424152556,0.9974936262854404
36,5_3C_54PER_4C_NEWSTRUCTURE,150,31,181,0.996329241906344,0.9963001988897272,0.9965283098512172,0.6627822259083241,0.3372177740916758,0.9963771219604068,31-40,4.788005406286544e-05,0.001287928048889997,0.9950891939115168,0.9976650500092968
36,5_3C_54PER_4C_NEWSTRUCTURE,150,32,182,0.99621976168375,0.9962624806748664,0.9964996264005402,0.6627822259083241,0.3372177740916758,0.9963424504286136,31-40,0.00012268874486354164,0.001287928048889997,0.9950545223797236,0.9976303784775036
36,5_3C_54PER_4C_NEWSTRUCTURE,150,33,183,0.996179848962055,0.996224597976394,0.9964709429498632,0.6627822259083241,0.3372177740916758,0.996307669880006,31-40,0.0001278209179509382,0.001287928048889997,0.995019741831116,0.997595597928896
36,5_3C_54PER_4C_NEWSTRUCTURE,150,34,184,0.996186283489618,0.9961865509817184,0.9964422594991862,0.6627822259083241,0.3372177740916758,0.9962727804387952,31-40,8.649694917717277e-05,0.001287928048889997,0.9949848523899052,0.9975607084876852
36,5_3C_54PER_4C_NEWSTRUCTURE,150,35,185,0.99611531717838,0.9961483398770152,0.9964135760485092,0.6627822259083241,0.3372177740916758,0.996237782228375,31-40,0.00012246504999502417,0.001287928048889997,0.994949854179485,0.997525710277265
36,5_3C_54PER_4C_NEWSTRUCTURE,150,36,186,0.996027192126973,0.9961099648472408,0.996384892597832,0.6627822259083241,0.3372177740916758,0.9962026753713312,31-40,0.00017548324435823215,0.001287928048889997,0.9949147473224412,0.9974906034202212
36,5_3C_54PER_4C_NEWSTRUCTURE,150,37,187,0.995962473835253,0.996071426076149,0.9963562091471552,0.6627822259083241,0.3372177740916758,0.9961674599894526,31-40,0.0002049861541995046,0.001287928048889997,0.9948795319405626,0.9974553880383425
36,5_3C_54PER_4C_NEWSTRUCTURE,150,38,188,0.995987745675391,0.9960327237463028,0.996327525696478,0.6627822259083241,0.3372177740916758,0.9961321362037387,31-40,0.0001443905283478042,0.001287928048889997,0.9948442081548488,0.9974200642526287
36,5_3C_54PER_4C_NEWSTRUCTURE,150,39,189,0.995909692058432,0.99599385803909,0.9962988422458012,0.6627822259083241,0.3372177740916758,0.9960967041344102,31-40,0.0001870120759781546,0.001287928048889997,0.9948087760855202,0.9973846321833002
36,5_3C_54PER_4C_NEWSTRUCTURE,150,40,190,0.995872483703393,0.9959548291347372,0.996270158795124,0.6627822259083241,0.3372177740916758,0.996061163900918,31-40,0.0001886801975250485,0.001287928048889997,0.994773235852028,0.997349091949808
36,5_3C_54PER_4C_NEWSTRUCTURE,150,41,191,0.995833317013879,0.9959156372123216,0.9962414753444472,0.6627822259083241,0.3372177740916758,0.9960255156219512,41-50,0.00019219860807218048,0.0014857516834847484,0.9945397639384664,0.9975112673054359
36,5_3C_54PER_4C_NEWSTRUCTURE,150,42,192,0.995813453907054,0.9958762824497858,0.99621279189377,0.6627822259083241,0.3372177740916758,0.995989759415447,41-50,0.0001763055083929821,0.0014857516834847484,0.9945040077319622,0.9974755110989317
36,5_3C_54PER_4C_NEWSTRUCTURE,150,43,193,0.995779136426719,0.9958367650239508,0.996184108443093,0.6627822259083241,0.3372177740916758,0.9959538953985994,41-50,0.00017475897188035106,0.0014857516834847484,0.9944681437151146,0.9974396470820841
36,5_3C_54PER_4C_NEWSTRUCTURE,150,44,194,0.995545162083884,0.9957970851105284,0.996155424992416,0.6627822259083241,0.3372177740916758,0.9959179236878668,41-50,0.00037276160398280744,0.0014857516834847484,0.994432172004382,0.9974036753713516
36,5_3C_54PER_4C_NEWSTRUCTURE,150,45,195,0.995450322742847,0.9957572428841338,0.996126741541739,0.6627822259083241,0.3372177740916758,0.9958818443989812,41-50,0.0004315216561342483,0.0014857516834847484,0.9943960927154964,0.997367596082466
36,5_3C_54PER_4C_NEWSTRUCTURE,150,46,196,0.995546933910315,0.995717238518298,0.996098058091062,0.6627822259083241,0.3372177740916758,0.995845657646956,41-50,0.0002987237366409712,0.0014857516834847484,0.9943599059634712,0.9973314093304407
36,5_3C_54PER_4C_NEWSTRUCTURE,150,47,197,0.995453773141685,0.995677072185481,0.9960693746403848,0.6627822259083241,0.3372177740916758,0.9958093635460944,41-50,0.0003555904044093561,0.0014857516834847484,0.9943236118626096,0.9972951152295791
36,5_3C_54PER_4C_NEWSTRUCTURE,150,48,198,0.995299157972128,0.995636744057082,0.996040691189708,0.6627822259083241,0.3372177740916758,0.9957729622099968,41-50,0.0004738042378688023,0.0014857516834847484,0.994287210526512,0.9972587138934815
36,5_3C_54PER_4C_NEWSTRUCTURE,150,49,199,0.995303820673261,0.9955962543034536,0.996012007739031,0.6627822259083241,0.3372177740916758,0.99573645375157,41-50,0.00043263307830909703,0.0014857516834847484,0.9942507020680853,0.9972222054350548
36,5_3C_54PER_4C_NEWSTRUCTURE,150,50,200,0.995357534990308,0.9955556030939112,0.995983324288354,0.6627822259083241,0.3372177740916758,0.9956998382830332,41-50,0.0003423032927252212,0.0014857516834847484,0.9942140865995485,0.997185589966518
37,5C_67PER_4C_NEWSTRUCTURE,150,1,151,0.99646557339787,0.9965144332350152,0.9965559747325607,0.6674966537995881,0.3325033462004119,0.9965282459219552,1-10,6.267252408520552e-05,0.001025357785885861,0.9955028881360694,0.9975536037078411
37,5C_67PER_4C_NEWSTRUCTURE,150,2,152,0.99646482075166,0.9964805909503326,0.9965247015100116,0.6674966537995881,0.3325033462004119,0.9964952578590286,1-10,3.0437107368608274e-05,0.001025357785885861,0.9954699000731427,0.9975206156449145
37,5C_67PER_4C_NEWSTRUCTURE,150,3,153,0.996529830568048,0.9964467162983812,0.9964934282874623,0.6674966537995881,0.3325033462004119,0.9964622481910584,1-10,6.758237698956115e-05,0.001025357785885861,0.9954368904051726,0.9974876059769443
37,5C_67PER_4C_NEWSTRUCTURE,150,4,154,0.996420038302166,0.9964128094600612,0.9964621550649132,0.6674966537995881,0.3325033462004119,0.9964292170387948,1-10,9.17873662886759e-06,0.001025357785885861,0.995403859252909,0.9974545748246807
37,5C_67PER_4C_NEWSTRUCTURE,150,5,155,0.996342045338655,0.9963788706140928,0.9964308818423638,0.6674966537995881,0.3325033462004119,0.9963961645215328,1-10,5.411918287778761e-05,0.001025357785885861,0.9953708067356469,0.9974215223074187
37,5C_67PER_4C_NEWSTRUCTURE,150,6,156,0.996368858359886,0.9963448999370564,0.9963996086198146,0.6674966537995881,0.3325033462004119,0.9963630907571396,1-10,5.767602746398204e-06,0.001025357785885861,0.9953377329712537,0.9973884485430254
37,5C_67PER_4C_NEWSTRUCTURE,150,7,157,0.996330567483953,0.9963108976034322,0.9963683353972652,0.6674966537995881,0.3325033462004119,0.99632999586208,1-10,5.716218729467926e-07,0.001025357785885861,0.9953046380761942,0.9973553536479659
37,5C_67PER_4C_NEWSTRUCTURE,150,8,158,0.996310246036283,0.9962768637856384,0.996337062174716,0.6674966537995881,0.3325033462004119,0.9962968799514428,1-10,1.3366084840260584e-05,0.001025357785885861,0.9952715221655569,0.9973222377373286
37,5C_67PER_4C_NEWSTRUCTURE,150,9,159,0.996346090812034,0.9962427986540682,0.9963057889521668,0.6674966537995881,0.3325033462004119,0.9962637431389642,1-10,8.234767306980473e-05,0.001025357785885861,0.9952383853530783,0.99728910092485
37,5C_67PER_4C_NEWSTRUCTURE,150,10,160,0.996329438514638,0.996208702377126,0.9962745157296176,0.6674966537995881,0.3325033462004119,0.996230585537054,1-10,9.885297758394085e-05,0.001025357785885861,0.9952052277511682,0.9972559433229399
37,5C_67PER_4C_NEWSTRUCTURE,150,11,161,0.996298297777699,0.9961745751212632,0.9962432425070684,0.6674966537995881,0.3325033462004119,0.9961974072568184,11-20,0.00010089052088058104,0.0012867152290459982,0.9949106920277724,0.9974841224858644
37,5C_67PER_4C_NEWSTRUCTURE,150,12,162,0.996219364006426,0.9961404170510132,0.996211969284519,0.6674966537995881,0.3325033462004119,0.996164208408082,11-20,5.51555983440144e-05,0.0012867152290459982,0.994877493179036,0.997450923637128
37,5C_67PER_4C_NEWSTRUCTURE,150,13,163,0.996200924174281,0.9961062283290244,0.9961806960619698,0.6674966537995881,0.3325033462004119,0.9961309890994128,11-20,6.993507486818817e-05,0.0012867152290459982,0.9948442738703668,0.9974177043284588
37,5C_67PER_4C_NEWSTRUCTURE,150,14,164,0.996051900224703,0.996072009116094,0.9961494228394204,0.6674966537995881,0.3325033462004119,0.996097749438142,11-20,4.584921343897541e-05,0.0012867152290459982,0.994811034209096,0.997384464667188
37,5C_67PER_4C_NEWSTRUCTURE,150,15,165,0.996075232257212,0.9960377595711994,0.9961181496168712,0.6674966537995881,0.3325033462004119,0.9960644895303864,11-20,1.0742726825552218e-05,0.0012867152290459982,0.9947777743013404,0.9973512047594324
37,5C_67PER_4C_NEWSTRUCTURE,150,16,166,0.996056039778857,0.9960034798515306,0.996086876394322,0.6674966537995881,0.3325033462004119,0.9960312094810704,11-20,2.4830297786659905e-05,0.0012867152290459982,0.9947444942520244,0.9973179247101164
37,5C_67PER_4C_NEWSTRUCTURE,150,17,167,0.99607504409566,0.9959691701125204,0.9960556031717728,0.6674966537995881,0.3325033462004119,0.9959979093939442,11-20,7.71347017157753e-05,0.0012867152290459982,0.9947111941648982,0.9972846246229902
37,5C_67PER_4C_NEWSTRUCTURE,150,18,168,0.995872582265172,0.9959348305078743,0.9960243299492236,0.6674966537995881,0.3325033462004119,0.995964589371606,11-20,9.200710643408883e-05,0.0012867152290459982,0.99467787414256,0.997251304600652
37,5C_67PER_4C_NEWSTRUCTURE,150,19,169,0.995904099325215,0.9959004611896008,0.9959930567266744,0.6674966537995881,0.3325033462004119,0.995931249515521,11-20,2.7150190306080013e-05,0.0012867152290459982,0.994644534286475,0.997217964744567
37,5C_67PER_4C_NEWSTRUCTURE,150,20,170,0.995726757061985,0.9958660623080392,0.995961783504125,0.6674966537995881,0.3325033462004119,0.99589788992604,11-20,0.0001711328640550125,0.0012867152290459982,0.994611174696994,0.997184605155086
37,5C_67PER_4C_NEWSTRUCTURE,150,21,171,0.995645659432858,0.995831634011887,0.9959305102815758,0.6674966537995881,0.3325033462004119,0.9958645107024184,21-30,0.00021885126956044942,0.0010819419350923676,0.9947825687673261,0.9969464526375108
37,5C_67PER_4C_NEWSTRUCTURE,150,22,172,0.995624491258202,0.9957971764482296,0.9958992370590264,0.6674966537995881,0.3325033462004119,0.9958311119428348,21-30,0.0002066206846328411,0.0010819419350923676,0.9947491700077424,0.9969130538779272
37,5C_67PER_4C_NEWSTRUCTURE,150,23,173,0.995597395994643,0.9957626897625648,0.9958679638364772,0.6674966537995881,0.3325033462004119,0.9957976937444089,21-30,0.00020029774976582093,0.0010819419350923676,0.9947157518093165,0.9968796356795012
37,5C_67PER_4C_NEWSTRUCTURE,150,24,174,0.995472833046889,0.99572817409883,0.995836690613928,0.6674966537995881,0.3325033462004119,0.995764256203218,21-30,0.00029142315632890714,0.0010819419350923676,0.9946823142681256,0.9968461981383103
37,5C_67PER_4C_NEWSTRUCTURE,150,25,175,0.995502186249078,0.9956936295994276,0.9958054173913788,0.6674966537995881,0.3325033462004119,0.995730799414316,21-30,0.00022861316523792308,0.0010819419350923676,0.9946488574792236,0.9968127413494083
37,5C_67PER_4C_NEWSTRUCTURE,150,26,176,0.995410175249907,0.9956590564052504,0.9957741441688296,0.6674966537995881,0.3325033462004119,0.9956973234717472,21-30,0.0002871482218401722,0.0010819419350923676,0.9946153815366549,0.9967792654068396
37,5C_67PER_4C_NEWSTRUCTURE,150,27,177,0.995461731515291,0.995624454655706,0.9957428709462802,0.6674966537995881,0.3325033462004119,0.9956638284685666,21-30,0.00020209695327555455,0.0010819419350923676,0.9945818865334742,0.996745770403659
37,5C_67PER_4C_NEWSTRUCTURE,150,28,178,0.995414408884838,0.9955898244887396,0.995711597723731,0.6674966537995881,0.3325033462004119,0.995630314496852,21-30,0.00021590561201401126,0.0010819419350923676,0.9945483725617597,0.9967122564319444
37,5C_67PER_4C_NEWSTRUCTURE,150,29,179,0.99535015171466,0.9955551660408596,0.9956803245011816,0.6674966537995881,0.3325033462004119,0.995596781647722,21-30,0.00024662993306201475,0.0010819419350923676,0.9945148397126297,0.9966787235828144
37,5C_67PER_4C_NEWSTRUCTURE,150,30,180,0.995393334790958,0.9955204794471588,0.9956490512786323,0.6674966537995881,0.3325033462004119,0.9955632300113508,21-30,0.0001698952203927906,0.0010819419350923676,0.9944812880762585,0.9966451719464432
37,5C_67PER_4C_NEWSTRUCTURE,150,31,181,0.995360782842376,0.9954857648413378,0.9956177780560832,0.6674966537995881,0.3325033462004119,0.9955296596769834,31-40,0.0001688768346074232,0.001287928048889997,0.9942417316280934,0.9968175877258734
37,5C_67PER_4C_NEWSTRUCTURE,150,32,182,0.995387501782831,0.995451022355726,0.995586504833534,0.6674966537995881,0.3325033462004119,0.9954960707329488,31-40,0.00010856895011779333,0.001287928048889997,0.9942081426840588,0.9967839987818388
37,5C_67PER_4C_NEWSTRUCTURE,150,33,183,0.995444608814014,0.995416252121304,0.9955552316109848,0.6674966537995881,0.3325033462004119,0.995462463266676,31-40,1.7854452662002807e-05,0.001287928048889997,0.994174535217786,0.996750391315566
37,5C_67PER_4C_NEWSTRUCTURE,150,34,184,0.99539004196379,0.995381454267725,0.9955239583884354,0.6674966537995881,0.3325033462004119,0.9954288373647086,31-40,3.879540091855649e-05,0.001287928048889997,0.9941409093158186,0.9967167654135985
37,5C_67PER_4C_NEWSTRUCTURE,150,35,185,0.99536369934644,0.9953466289233336,0.9954926851658862,0.6674966537995881,0.3325033462004119,0.9953951931127158,31-40,3.149376627586964e-05,0.001287928048889997,0.9941072650638259,0.9966831211616058
37,5C_67PER_4C_NEWSTRUCTURE,150,36,186,0.995348270099135,0.9953117762151882,0.9954614119433368,0.6674966537995881,0.3325033462004119,0.9953615305955088,31-40,1.3260496373845854e-05,0.001287928048889997,0.9940736025466188,0.9966494586443988
37,5C_67PER_4C_NEWSTRUCTURE,150,37,187,0.995291068987175,0.9952768962690792,0.9954301387207876,0.6674966537995881,0.3325033462004119,0.9953278498970524,31-40,3.678090987735416e-05,0.001287928048889997,0.9940399218481624,0.9966157779459424
37,5C_67PER_4C_NEWSTRUCTURE,150,38,188,0.995279591132473,0.9952419892095488,0.9953988654982384,0.6674966537995881,0.3325033462004119,0.9952941511004776,31-40,1.4559968004590473e-05,0.001287928048889997,0.9940062230515876,0.9965820791493676
37,5C_67PER_4C_NEWSTRUCTURE,150,39,189,0.995251555061151,0.9952070551599108,0.9953675922756892,0.6674966537995881,0.3325033462004119,0.9952604342880964,31-40,8.879226945368579e-06,0.001287928048889997,0.9939725062392064,0.9965483623369864
37,5C_67PER_4C_NEWSTRUCTURE,150,40,190,0.995237913348595,0.9951720942422672,0.99533631905314,0.6674966537995881,0.3325033462004119,0.9952266995414114,31-40,1.121380718360765e-05,0.001287928048889997,0.9939387714925214,0.9965146275903014
37,5C_67PER_4C_NEWSTRUCTURE,150,41,191,0.995166506039421,0.995137106577529,0.9953050458305908,0.6674966537995881,0.3325033462004119,0.9951929469411304,41-50,2.6440901709334774e-05,0.0014857516834847484,0.9937071952576456,0.9966786986246151
37,5C_67PER_4C_NEWSTRUCTURE,150,42,192,0.995234150117544,0.9951020922854312,0.9952737726080414,0.6674966537995881,0.3325033462004119,0.995159176567176,41-50,7.497355036800712e-05,0.0014857516834847484,0.9936734248836913,0.9966449282506608
37,5C_67PER_4C_NEWSTRUCTURE,150,43,193,0.995175161470836,0.9950670514845532,0.995242499385492,0.6674966537995881,0.3325033462004119,0.9951253884986992,41-50,4.977297213670795e-05,0.0014857516834847484,0.9936396368152145,0.996611140182184
37,5C_67PER_4C_NEWSTRUCTURE,150,44,194,0.995149007015039,0.9950319842923332,0.9952112261629428,0.6674966537995881,0.3325033462004119,0.99509158281409,41-50,5.74242009490078e-05,0.0014857516834847484,0.9936058311306053,0.9965773344975748
37,5C_67PER_4C_NEWSTRUCTURE,150,45,195,0.995029148106097,0.9949968908250868,0.9951799529403936,0.6674966537995881,0.3325033462004119,0.9950577595909889,41-50,2.8611484891860606e-05,0.0014857516834847484,0.9935720079075041,0.9965435112744736
37,5C_67PER_4C_NEWSTRUCTURE,150,46,196,0.994974299013544,0.9949617711980226,0.9951486797178444,0.6674966537995881,0.3325033462004119,0.9950239189062968,41-50,4.9619892752872374e-05,0.0014857516834847484,0.9935381672228121,0.9965096705897816
37,5C_67PER_4C_NEWSTRUCTURE,150,47,197,0.994941088499528,0.9949266255252592,0.9951174064952952,0.6674966537995881,0.3325033462004119,0.9949900608361876,41-50,4.897233665956957e-05,0.0014857516834847484,0.9935043091527028,0.9964758125196723
37,5C_67PER_4C_NEWSTRUCTURE,150,48,198,0.994931868583456,0.9948914539198396,0.995086133272746,0.6674966537995881,0.3325033462004119,0.9949561854561172,41-50,2.431687266124527e-05,0.0014857516834847484,0.9934704337726324,0.9964419371396019
37,5C_67PER_4C_NEWSTRUCTURE,150,49,199,0.994850959115882,0.994856256493748,0.9950548600501966,0.6674966537995881,0.3325033462004119,0.9949222928408344,41-50,7.133372495249368e-05,0.0014857516834847484,0.9934365411573497,0.9964080445243192
37,5C_67PER_4C_NEWSTRUCTURE,150,50,200,0.994815396582459,0.9948210333579244,0.9950235868276474,0.6674966537995881,0.3325033462004119,0.9948883830643918,41-50,7.298648193276858e-05,0.0014857516834847484,0.993402631380907,0.9963741347478765
38,5_3C_54PER_4C_NEWSTRUCTURE,150,1,151,0.995728747965405,0.9956331224903188,0.9956795736155116,0.6685305166165765,0.3314694833834235,0.9956485196207888,1-10,8.022834461618444e-05,0.001025357785885861,0.994623161834903,0.9966738774066747
38,5_3C_54PER_4C_NEWSTRUCTURE,150,2,152,0.9957684932162,0.9955934955392844,0.9956426685046008,0.6685305166165765,0.3314694833834235,0.9956097948766944,1-10,0.00015869833950554746,0.001025357785885861,0.9945844370908086,0.9966351526625803
38,5_3C_54PER_4C_NEWSTRUCTURE,150,3,153,0.995708640438998,0.995553832374937,0.99560576339369,0.6685305166165765,0.3314694833834235,0.9955710459228946,1-10,0.0001375945161034009,0.001025357785885861,0.9945456881370087,0.9965964037087804
38,5_3C_54PER_4C_NEWSTRUCTURE,150,4,154,0.995644935285242,0.9955141332011984,0.9955688582827792,0.6685305166165765,0.3314694833834235,0.995532272895718,1-10,0.00011266238952400975,0.001025357785885861,0.9945069151098321,0.9965576306816039
38,5_3C_54PER_4C_NEWSTRUCTURE,150,5,155,0.995640519146265,0.9954743982195244,0.9955319531718682,0.6685305166165765,0.3314694833834235,0.995493475929844,1-10,0.00014704321642089457,0.001025357785885861,0.9944681181439582,0.9965188337157299
38,5_3C_54PER_4C_NEWSTRUCTURE,150,6,156,0.99559081409267,0.9954346276289512,0.9954950480609572,0.6685305166165765,0.3314694833834235,0.995454655158334,1-10,0.0001361589343360503,0.001025357785885861,0.9944292973724481,0.9964800129442198
38,5_3C_54PER_4C_NEWSTRUCTURE,150,7,157,0.995472142102708,0.995394821626138,0.9954581429500464,0.6685305166165765,0.3314694833834235,0.995415810712661,1-10,5.633139004690424e-05,0.001025357785885861,0.9943904529267752,0.9964411684985469
38,5_3C_54PER_4C_NEWSTRUCTURE,150,8,158,0.99547890725178,0.9953549804054131,0.9954212378391356,0.6685305166165765,0.3314694833834235,0.9953769427227396,1-10,0.00010196452904043252,0.001025357785885861,0.9943515849368537,0.9964023005086254
38,5_3C_54PER_4C_NEWSTRUCTURE,150,9,159,0.995442168733905,0.995315104158814,0.9953843327282248,0.6685305166165765,0.3314694833834235,0.995338051316952,1-10,0.00010411741695304233,0.001025357785885861,0.9943126935310661,0.9963634091028378
38,5_3C_54PER_4C_NEWSTRUCTURE,150,10,160,0.995343416349543,0.9952751930761292,0.9953474276173138,0.6685305166165765,0.3314694833834235,0.9952991366221782,1-10,4.427972736487096e-05,0.001025357785885861,0.9942737788362923,0.996324494408064
38,5_3C_54PER_4C_NEWSTRUCTURE,150,11,161,0.995311845653876,0.995235247344939,0.995310522506403,0.6685305166165765,0.3314694833834235,0.995260198763821,11-20,5.164689005499046e-05,0.0012867152290459982,0.993973483534775,0.996546913992867
38,5_3C_54PER_4C_NEWSTRUCTURE,150,12,162,0.995263456045934,0.9951952671506537,0.995273617395492,0.6685305166165765,0.3314694833834235,0.9952212378658332,11-20,4.2218180100861424e-05,0.0012867152290459982,0.9939345226367872,0.9965079530948792
38,5_3C_54PER_4C_NEWSTRUCTURE,150,13,163,0.995120260390588,0.9951552526765526,0.9952367122845812,0.6685305166165765,0.3314694833834235,0.9951822540507425,11-20,6.199366015446905e-05,0.0012867152290459982,0.9938955388216965,0.9964689692797885
38,5_3C_54PER_4C_NEWSTRUCTURE,150,14,164,0.995128434945716,0.9951152041038218,0.9951998071736704,0.6685305166165765,0.3314694833834235,0.9951432474396772,11-20,1.481249396118045e-05,0.0012867152290459982,0.9938565322106312,0.9964299626687232
38,5_3C_54PER_4C_NEWSTRUCTURE,150,15,165,0.995062944544288,0.9950751216115902,0.9951629020627594,0.6685305166165765,0.3314694833834235,0.9951042181523904,11-20,4.1273608102354586e-05,0.0012867152290459982,0.9938175029233444,0.9963909333814364
38,5_3C_54PER_4C_NEWSTRUCTURE,150,16,166,0.995001682361029,0.995035005376965,0.9951259969518486,0.6685305166165765,0.3314694833834235,0.995065166307284,11-20,6.34839462549941e-05,0.0012867152290459982,0.993778451078238,0.99635188153633
38,5_3C_54PER_4C_NEWSTRUCTURE,150,17,167,0.994894473540327,0.994994855575067,0.9950890918409376,0.6685305166165765,0.3314694833834235,0.9950260920214312,11-20,0.00013161848110421204,0.0012867152290459982,0.9937393767923852,0.9963128072504772
38,5_3C_54PER_4C_NEWSTRUCTURE,150,18,168,0.995066702960439,0.9949546723790644,0.9950521867300268,0.6685305166165765,0.3314694833834235,0.9949869954106004,11-20,7.9707549838548e-05,0.0012867152290459982,0.9937002801815544,0.9962737106396464
38,5_3C_54PER_4C_NEWSTRUCTURE,150,19,169,0.994789895610931,0.9949144559602064,0.995015281619116,0.6685305166165765,0.3314694833834235,0.994947876589277,11-20,0.0001579809783459618,0.0012867152290459982,0.993661161360231,0.996234591818323
38,5_3C_54PER_4C_NEWSTRUCTURE,150,20,170,0.99470514332673,0.9948742064878552,0.994978376508205,0.6685305166165765,0.3314694833834235,0.9949087356706844,11-20,0.00020359234395439518,0.0012867152290459982,0.9936220204416384,0.9961954508997304
38,5_3C_54PER_4C_NEWSTRUCTURE,150,21,171,0.994725908575963,0.994833924129518,0.9949414713972942,0.6685305166165765,0.3314694833834235,0.9948695727668072,21-30,0.0001436641908442171,0.0010819419350923676,0.9937876308317148,0.9959515147018996
38,5_3C_54PER_4C_NEWSTRUCTURE,150,22,172,0.994716230654375,0.9947936090508784,0.9949045662863832,0.6685305166165765,0.3314694833834235,0.9948303879884088,21-30,0.00011415733403385975,0.0010819419350923676,0.9937484460533165,0.9959123299235012
38,5_3C_54PER_4C_NEWSTRUCTURE,150,23,173,0.994656095995962,0.9947532614158264,0.9948676611754724,0.6685305166165765,0.3314694833834235,0.9947911814450554,21-30,0.00013508544909335285,0.0010819419350923676,0.993709239509963,0.9958731233801478
38,5_3C_54PER_4C_NEWSTRUCTURE,150,24,174,0.994689733820512,0.9947128813864876,0.9948307560645616,0.6685305166165765,0.3314694833834235,0.9947519532451328,21-30,6.221942462081298e-05,0.0010819419350923676,0.9936700113100404,0.9958338951802251
38,5_3C_54PER_4C_NEWSTRUCTURE,150,25,175,0.994660981936958,0.9946724691232534,0.9947938509536506,0.6685305166165765,0.3314694833834235,0.9947127034958672,21-30,5.172155890920127e-05,0.0010819419350923676,0.9936307615607748,0.9957946454309595
38,5_3C_54PER_4C_NEWSTRUCTURE,150,26,176,0.994570592028531,0.994632024784808,0.9947569458427398,0.6685305166165765,0.3314694833834235,0.9946734323033444,21-30,0.00010284027481333169,0.0010819419350923676,0.993591490368252,0.9957553742384367
38,5_3C_54PER_4C_NEWSTRUCTURE,150,27,177,0.99448659142756,0.9945915485281578,0.9947200407318288,0.6685305166165765,0.3314694833834235,0.9946341397725276,21-30,0.00014754834496755187,0.0010819419350923676,0.9935521978374352,0.9957160817076199
38,5_3C_54PER_4C_NEWSTRUCTURE,150,28,178,0.994464134891059,0.9945510405086568,0.994683135620918,0.6685305166165765,0.3314694833834235,0.9945948260072754,21-30,0.00013069111621644147,0.0010819419350923676,0.9935128840721831,0.9956767679423678
38,5_3C_54PER_4C_NEWSTRUCTURE,150,29,179,0.994394698152673,0.994510500880034,0.9946462305100072,0.6685305166165765,0.3314694833834235,0.994555491110361,21-30,0.00016079295768800517,0.0010819419350923676,0.9934735491752686,0.9956374330454534
38,5_3C_54PER_4C_NEWSTRUCTURE,150,30,180,0.994438201819618,0.9944699297944198,0.9946093253990962,0.6685305166165765,0.3314694833834235,0.9945161351834878,21-30,7.793336386985317e-05,0.0010819419350923676,0.9934341932483954,0.9955980771185802
38,5_3C_54PER_4C_NEWSTRUCTURE,150,31,181,0.994431342710143,0.9944293274023708,0.9945724202881854,0.6685305166165765,0.3314694833834235,0.9944767583273076,31-40,4.5415617164645816e-05,0.001287928048889997,0.9931888302784176,0.9957646863761976
38,5_3C_54PER_4C_NEWSTRUCTURE,150,32,182,0.994469678554882,0.9943886938528947,0.9945355151772745,0.6685305166165765,0.3314694833834235,0.9944373606414364,31-40,3.2317913445600865e-05,0.001287928048889997,0.9931494325925464,0.9957252886903264
38,5_3C_54PER_4C_NEWSTRUCTURE,150,33,183,0.994354483099859,0.9943480292934752,0.9944986100663636,0.6685305166165765,0.3314694833834235,0.994397942224472,31-40,4.345912461301005e-05,0.001287928048889997,0.993110014175582,0.995685870273362
38,5_3C_54PER_4C_NEWSTRUCTURE,150,34,184,0.994343019930599,0.9943073338700948,0.9944617049554528,0.6685305166165765,0.3314694833834235,0.9943585031740078,31-40,1.5483243408720426e-05,0.001287928048889997,0.9930705751251178,0.9956464312228978
38,5_3C_54PER_4C_NEWSTRUCTURE,150,35,185,0.994355234783089,0.9942666077272594,0.9944247998445418,0.6685305166165765,0.3314694833834235,0.9943190435866504,31-40,3.6191196438606354e-05,0.001287928048889997,0.9930311155377604,0.9956069716355403
38,5_3C_54PER_4C_NEWSTRUCTURE,150,36,186,0.994344335376252,0.9942258510080204,0.994387894733631,0.6685305166165765,0.3314694833834235,0.9942795635580342,31-40,6.477181821784583e-05,0.001287928048889997,0.9929916355091442,0.9955674916069241
38,5_3C_54PER_4C_NEWSTRUCTURE,150,37,187,0.994341516564139,0.994185063853997,0.99435098962272,0.6685305166165765,0.3314694833834235,0.9942400631828356,31-40,0.00010145338130340686,0.001287928048889997,0.9929521351339456,0.9955279912317256
38,5_3C_54PER_4C_NEWSTRUCTURE,150,38,188,0.994257703883975,0.9941442464053988,0.9943140845118092,0.6685305166165765,0.3314694833834235,0.9942005425547896,31-40,5.716132918542893e-05,0.001287928048889997,0.9929126145058996,0.9954884706036796
38,5_3C_54PER_4C_NEWSTRUCTURE,150,39,189,0.994175394570273,0.9941033988010464,0.9942771794008984,0.6685305166165765,0.3314694833834235,0.9941610017667014,31-40,1.4392803571627866e-05,0.001287928048889997,0.9928730737178114,0.9954489298155914
38,5_3C_54PER_4C_NEWSTRUCTURE,150,40,190,0.994105675950675,0.9940625211783932,0.9942402742899874,0.6685305166165765,0.3314694833834235,0.9941214409104632,31-40,1.5764959788167054e-05,0.001287928048889997,0.9928335128615732,0.9954093689593532
38,5_3C_54PER_4C_NEWSTRUCTURE,150,41,191,0.994142790310164,0.9940216136735456,0.9942033691790764,0.6685305166165765,0.3314694833834235,0.994081860077066,41-50,6.093023309794443e-05,0.0014857516834847484,0.9925961083935813,0.9955676117605508
38,5_3C_54PER_4C_NEWSTRUCTURE,150,42,192,0.994130293576463,0.9939806764212826,0.9941664640681656,0.6685305166165765,0.3314694833834235,0.994042259356614,41-50,8.803421984893145e-05,0.0014857516834847484,0.9925565076731293,0.9955280110400988
38,5_3C_54PER_4C_NEWSTRUCTURE,150,43,193,0.994072038126125,0.9939397095550774,0.9941295589572549,0.6685305166165765,0.3314694833834235,0.9940026388383378,41-50,6.939928778715299e-05,0.0014857516834847484,0.9925168871548531,0.9954883905218226
38,5_3C_54PER_4C_NEWSTRUCTURE,150,44,194,0.994101447732505,0.9938987132071144,0.994092653846344,0.6685305166165765,0.3314694833834235,0.9939629986106068,41-50,0.0001384491218981987,0.0014857516834847484,0.992477246927122,0.9954487502940915
38,5_3C_54PER_4C_NEWSTRUCTURE,150,45,195,0.993924520292206,0.9938576875083104,0.994055748735433,0.6685305166165765,0.3314694833834235,0.993923338760943,41-50,1.1815312630503172e-06,0.0014857516834847484,0.9924375870774582,0.9954090904444277
38,5_3C_54PER_4C_NEWSTRUCTURE,150,46,196,0.9939941449514,0.9938166325883316,0.994018843624522,0.6685305166165765,0.3314694833834235,0.993883659376032,41-50,0.00011048557536808001,0.0014857516834847484,0.9923979076925472,0.9953694110595167
38,5_3C_54PER_4C_NEWSTRUCTURE,150,47,197,0.993901124151667,0.9937755485756128,0.9939819385136112,0.6685305166165765,0.3314694833834235,0.9938439605417366,41-50,5.7163609930355186e-05,0.0014857516834847484,0.9923582088582519,0.9953297122252214
38,5_3C_54PER_4C_NEWSTRUCTURE,150,48,198,0.99383939216639,0.9937344355973744,0.9939450334027004,0.6685305166165765,0.3314694833834235,0.9938042423431076,41-50,3.5149823282343284e-05,0.0014857516834847484,0.9923184906596229,0.9952899940265924
38,5_3C_54PER_4C_NEWSTRUCTURE,150,49,199,0.993832627017318,0.9936932937796412,0.9939081282917896,0.6685305166165765,0.3314694833834235,0.993764504864396,41-50,6.812215292195667e-05,0.0014857516834847484,0.9922787531809113,0.9952502565478808
38,5_3C_54PER_4C_NEWSTRUCTURE,150,50,200,0.993827835036726,0.9936521232472588,0.9938712231808786,0.6685305166165765,0.3314694833834235,0.9937247481890652,41-50,0.00010308684766080489,0.0014857516834847484,0.9922389965055805,0.99521049987255
39,5_6C_19PER_4_6C_NEWSTRUCTURE,150,1,151,0.996382868209618,0.9963794120703524,0.996364451727005,0.6686753748203924,0.3313246251796076,0.9963744553402004,1-10,8.41286941755115e-06,0.001025357785885861,0.9953490975543146,0.9973998131260863
39,5_6C_19PER_4_6C_NEWSTRUCTURE,150,2,152,0.996306748694283,0.996348079701028,0.9963326478826736,0.6686753748203924,0.3313246251796076,0.996342966759596,1-10,3.621806531295402e-05,0.001025357785885861,0.9953176089737101,0.9973683245454819
39,5_6C_19PER_4_6C_NEWSTRUCTURE,150,3,153,0.996381460327091,0.9963167198289768,0.996300844038342,0.6686753748203924,0.3313246251796076,0.9963114597885953,1-10,7.000053849570698e-05,0.001025357785885861,0.9952861020027094,0.9973368175744811
39,5_6C_19PER_4_6C_NEWSTRUCTURE,150,4,154,0.996326552908507,0.9962853326100524,0.9962690401940104,0.6686753748203924,0.3313246251796076,0.996279934531414,1-10,4.661837709307726e-05,0.001025357785885861,0.9952545767455281,0.9973052923172998
39,5_6C_19PER_4_6C_NEWSTRUCTURE,150,5,155,0.996272771795946,0.9962539181982188,0.9962372363496788,0.6686753748203924,0.3313246251796076,0.996248391091004,1-10,2.4380704941928677e-05,0.001025357785885861,0.9952230333051182,0.9972737488768899
39,5_6C_19PER_4_6C_NEWSTRUCTURE,150,6,156,0.996295016339885,0.9962224767455848,0.9962054325053472,0.6686753748203924,0.3313246251796076,0.9962168295690766,1-10,7.81867708083972e-05,0.001025357785885861,0.9951914717831908,0.9972421873549625
39,5_6C_19PER_4_6C_NEWSTRUCTURE,150,7,157,0.996272114784099,0.9961910084024383,0.9961736286610158,0.6686753748203924,0.3313246251796076,0.9961852500661256,1-10,8.686471797347828e-05,0.001025357785885861,0.9951598922802397,0.9972106078520114
39,5_6C_19PER_4_6C_NEWSTRUCTURE,150,8,158,0.996252122852205,0.99615951331728,0.9961418248166842,0.6686753748203924,0.3313246251796076,0.9961536526814502,1-10,9.847017075481634e-05,0.001025357785885861,0.9951282948955643,0.997179010467336
39,5_6C_19PER_4_6C_NEWSTRUCTURE,150,9,159,0.996195807551093,0.9961279916368546,0.9961100209723528,0.6686753748203924,0.3313246251796076,0.9961220375131744,1-10,7.377003791864123e-05,0.001025357785885861,0.9950966797272885,0.9971473952990603
39,5_6C_19PER_4_6C_NEWSTRUCTURE,150,10,160,0.996148596556995,0.996096443506184,0.9960782171280212,0.6686753748203924,0.3313246251796076,0.9960904046582708,1-10,5.819189872413588e-05,0.001025357785885861,0.995065046872385,0.9971157624441567
39,5_6C_19PER_4_6C_NEWSTRUCTURE,150,11,161,0.996094158432587,0.9960648690685971,0.9960464132836896,0.6686753748203924,0.3313246251796076,0.9960587542125804,11-20,3.540422000658516e-05,0.0012867152290459982,0.9947720389835344,0.9973454694416264
39,5_6C_19PER_4_6C_NEWSTRUCTURE,150,12,162,0.995940886954729,0.9960332684657603,0.996014609439358,0.6686753748203924,0.3313246251796076,0.9960270862708314,11-20,8.619931610232001e-05,0.0012867152290459982,0.9947403710417854,0.9973138014998774
39,5_6C_19PER_4_6C_NEWSTRUCTURE,150,13,163,0.995963225357504,0.9960016418377076,0.9959828055950264,0.6686753748203924,0.3313246251796076,0.9959954009266614,11-20,3.217556915735553e-05,0.0012867152290459982,0.9947086856976154,0.9972821161557074
39,5_6C_19PER_4_6C_NEWSTRUCTURE,150,14,164,0.995892174219268,0.9959699893228672,0.9959510017506948,0.6686753748203924,0.3313246251796076,0.995963698272634,11-20,7.152405336596779e-05,0.0012867152290459982,0.994676983043588,0.99725041350168
39,5_6C_19PER_4_6C_NEWSTRUCTURE,150,15,165,0.995821123081033,0.9959383110580928,0.9959191979063632,0.6686753748203924,0.3313246251796076,0.99593197840026,11-20,0.0001108553192270545,0.0012867152290459982,0.994645263171214,0.997218693629306
39,5_6C_19PER_4_6C_NEWSTRUCTURE,150,16,166,0.995779731334716,0.995906607178688,0.9958873940620316,0.6686753748203924,0.3313246251796076,0.9959002414000132,11-20,0.00012051006529723018,0.0012867152290459982,0.9946135261709672,0.9971869566290592
39,5_6C_19PER_4_6C_NEWSTRUCTURE,150,17,167,0.995701828501512,0.9958748778184348,0.9958555902177002,0.6686753748203924,0.3313246251796076,0.9958684873613508,11-20,0.00016665885983879747,0.0012867152290459982,0.9945817721323048,0.9971552025903968
39,5_6C_19PER_4_6C_NEWSTRUCTURE,150,18,168,0.995697604853928,0.9958431231096192,0.9958237863733688,0.6686753748203924,0.3313246251796076,0.9958367163727287,11-20,0.00013911151880074968,0.0012867152290459982,0.9945500011436827,0.9971234316017747
39,5_6C_19PER_4_6C_NEWSTRUCTURE,150,19,169,0.995661563061217,0.9958113431830568,0.9957919825290372,0.6686753748203924,0.3313246251796076,0.9958049285216204,11-20,0.0001433654604033885,0.0012867152290459982,0.9945182132925744,0.9970916437506664
39,5_6C_19PER_4_6C_NEWSTRUCTURE,150,20,170,0.995623362515297,0.9957795381681174,0.9957601786847056,0.6686753748203924,0.3313246251796076,0.9957731238945322,11-20,0.0001497613792351693,0.0012867152290459982,0.9944864086654862,0.9970598391235782
39,5_6C_19PER_4_6C_NEWSTRUCTURE,150,21,171,0.995512515230943,0.99574770819275,0.995728374840374,0.6686753748203924,0.3313246251796076,0.9957413025770206,21-30,0.0002287873460776746,0.0010819419350923676,0.9946593606419283,0.996823244512113
39,5_6C_19PER_4_6C_NEWSTRUCTURE,150,22,172,0.995377358508275,0.9957158533835064,0.9956965709960424,0.6686753748203924,0.3313246251796076,0.9957094646537074,21-30,0.0003321061454323315,0.0010819419350923676,0.994627522718615,0.9967914065887997
39,5_6C_19PER_4_6C_NEWSTRUCTURE,150,23,173,0.995452257858753,0.995683973865564,0.9956647671517108,0.6686753748203924,0.3313246251796076,0.9956776102082956,21-30,0.00022535234954257355,0.0010819419350923676,0.9945956682732032,0.996759552143388
39,5_6C_19PER_4_6C_NEWSTRUCTURE,150,24,174,0.995308559982084,0.9956520697627498,0.9956329633073792,0.6686753748203924,0.3313246251796076,0.9956457393235856,21-30,0.00033717934150157003,0.0010819419350923676,0.9945637973884932,0.9967276812586779
39,5_6C_19PER_4_6C_NEWSTRUCTURE,150,25,175,0.995357742011722,0.995620141197561,0.9956011594630476,0.6686753748203924,0.3313246251796076,0.995613852081488,21-30,0.00025611006976600237,0.0010819419350923676,0.9945319101463956,0.9966957940165804
39,5_6C_19PER_4_6C_NEWSTRUCTURE,150,26,176,0.995186825072849,0.9955881882911882,0.9955693556187162,0.6686753748203924,0.3313246251796076,0.9955819485630404,21-30,0.0003951234901914402,0.0010819419350923676,0.994500006627948,0.9966638904981328
39,5_6C_19PER_4_6C_NEWSTRUCTURE,150,27,177,0.99523028171354,0.995556211163536,0.9955375517743846,0.6686753748203924,0.3313246251796076,0.9955500288484194,21-30,0.0003197471348793668,0.0010819419350923676,0.994468086913327,0.9966319707835117
39,5_6C_19PER_4_6C_NEWSTRUCTURE,150,28,178,0.995215639735251,0.9955242099332442,0.9955057479300532,0.6686753748203924,0.3313246251796076,0.9955180930169568,21-30,0.00030245328170586117,0.0010819419350923676,0.9944361510818645,0.9966000349520492
39,5_6C_19PER_4_6C_NEWSTRUCTURE,150,29,179,0.995236945690838,0.9954921847177076,0.9954739440857217,0.6686753748203924,0.3313246251796076,0.9954861411471518,21-30,0.0002491954563138554,0.0010819419350923676,0.9944041992120595,0.9965680830822442
39,5_6C_19PER_4_6C_NEWSTRUCTURE,150,30,180,0.995321606360175,0.9954601356330964,0.99544214024139,0.6686753748203924,0.3313246251796076,0.9954541733166844,21-30,0.00013256695650942785,0.0010819419350923676,0.994372231381592,0.9965361152517768
39,5_6C_19PER_4_6C_NEWSTRUCTURE,150,31,181,0.995262099858667,0.9954280627943758,0.9954103363970584,0.6686753748203924,0.3313246251796076,0.9954221896024288,31-40,0.0001600897437618043,0.001287928048889997,0.9941342615535388,0.9967101176513188
39,5_6C_19PER_4_6C_NEWSTRUCTURE,150,32,182,0.995251306092621,0.9953959663153248,0.9953785325527268,0.6686753748203924,0.3313246251796076,0.9953901900804666,31-40,0.00013888398784556166,0.001287928048889997,0.9941022620315766,0.9966781181293566
39,5_6C_19PER_4_6C_NEWSTRUCTURE,150,33,183,0.995196117097532,0.9953638463085552,0.9953467287083952,0.6686753748203924,0.3313246251796076,0.9953581748260982,31-40,0.0001620577285662561,0.001287928048889997,0.9940702467772082,0.9966461028749882
39,5_6C_19PER_4_6C_NEWSTRUCTURE,150,34,184,0.995233848349277,0.9953317028855296,0.9953149248640636,0.6686753748203924,0.3313246251796076,0.995326143913856,31-40,9.229556457901467e-05,0.001287928048889997,0.994038215864966,0.996614071962746
39,5_6C_19PER_4_6C_NEWSTRUCTURE,150,35,185,0.995256749905062,0.9952995361565792,0.9952831210197322,0.6686753748203924,0.3313246251796076,0.995294097417516,31-40,3.734751245398904e-05,0.001287928048889997,0.994006169368626,0.996582025466406
39,5_6C_19PER_4_6C_NEWSTRUCTURE,150,36,186,0.995136329019519,0.9952673462309216,0.9952513171754006,0.6686753748203924,0.3313246251796076,0.9952620354101092,31-40,0.00012570639059017452,0.001287928048889997,0.9939741073612192,0.9965499634589992
39,5_6C_19PER_4_6C_NEWSTRUCTURE,150,37,187,0.994933875512023,0.995235133216678,0.9952195133310692,0.6686753748203924,0.3313246251796076,0.9952299579639332,31-40,0.0002960824519102623,0.001287928048889997,0.9939420299150432,0.9965178860128232
39,5_6C_19PER_4_6C_NEWSTRUCTURE,150,38,188,0.9949850285772,0.9952028972208904,0.9951877094867376,0.6686753748203924,0.3313246251796076,0.9951978651505649,31-40,0.00021283657336490514,0.001287928048889997,0.9939099371016749,0.9964857931994549
39,5_6C_19PER_4_6C_NEWSTRUCTURE,150,39,189,0.995025669452835,0.9951706383495368,0.995155905642406,0.6686753748203924,0.3313246251796076,0.9951657570408688,31-40,0.0001400875880338548,0.001287928048889997,0.9938778289919789,0.9964536850897588
39,5_6C_19PER_4_6C_NEWSTRUCTURE,150,40,190,0.995001829308698,0.9951383567075484,0.9951241017980744,0.6686753748203924,0.3313246251796076,0.9951336337050098,31-40,0.00013180439631188534,0.001287928048889997,0.9938457056561198,0.9964215617538998
39,5_6C_19PER_4_6C_NEWSTRUCTURE,150,41,191,0.994991129401487,0.9951060523988254,0.9950922979537428,0.6686753748203924,0.3313246251796076,0.995101495212464,41-50,0.00011036581097700893,0.0014857516834847484,0.9936157435289793,0.9965872468959488
39,5_6C_19PER_4_6C_NEWSTRUCTURE,150,42,192,0.994967852410361,0.995073725526252,0.9950604941094112,0.6686753748203924,0.3313246251796076,0.9950693416320266,41-50,0.00010148922166564045,0.0014857516834847484,0.9935835899485419,0.9965550933155114
39,5_6C_19PER_4_6C_NEWSTRUCTURE,150,43,193,0.994941947371849,0.9950413761917118,0.9950286902650798,0.6686753748203924,0.3313246251796076,0.9950371730318256,41-50,9.522565997654997e-05,0.0014857516834847484,0.9935514213483408,0.9965229247153103
39,5_6C_19PER_4_6C_NEWSTRUCTURE,150,44,194,0.994843958747916,0.9950090044961027,0.994996886420748,0.6686753748203924,0.3313246251796076,0.995004989479328,41-50,0.0001610307314120485,0.0014857516834847484,0.9935192377958433,0.9964907411628128
39,5_6C_19PER_4_6C_NEWSTRUCTURE,150,45,195,0.994725039603735,0.9949766105393516,0.9949650825764166,0.6686753748203924,0.3313246251796076,0.994972791041353,41-50,0.00024775143761801566,0.0014857516834847484,0.9934870393578683,0.9964585427248378
39,5_6C_19PER_4_6C_NEWSTRUCTURE,150,46,196,0.994802003848588,0.994944194420428,0.994933278732085,0.6686753748203924,0.3313246251796076,0.9949405777840792,41-50,0.00013857393549121522,0.0014857516834847484,0.9934548261005944,0.9964263294675639
39,5_6C_19PER_4_6C_NEWSTRUCTURE,150,47,197,0.994655114771522,0.994911756237359,0.9949014748877536,0.6686753748203924,0.3313246251796076,0.9949083497730546,41-50,0.0002532350015326257,0.0014857516834847484,0.9934225980895699,0.9963941014565394
39,5_6C_19PER_4_6C_NEWSTRUCTURE,150,48,198,0.994656898089391,0.9948792960872422,0.994869671043422,0.6686753748203924,0.3313246251796076,0.9948761070732062,41-50,0.00021920898381522225,0.0014857516834847484,0.9933903553897214,0.9963618587566909
39,5_6C_19PER_4_6C_NEWSTRUCTURE,150,49,199,0.994561068218666,0.99484681406626,0.9948378671990904,0.6686753748203924,0.3313246251796076,0.9948438497488484,41-50,0.0002827815301824632,0.0014857516834847484,0.9933580980653637,0.9963296014323332
39,5_6C_19PER_4_6C_NEWSTRUCTURE,150,50,200,0.994534412309474,0.9948143102696918,0.9948060633547589,0.6686753748203924,0.3313246251796076,0.9948115778636928,41-50,0.0002771655542187501,0.0014857516834847484,0.993325826180208,0.9962973295471775
40,5_6C_36PER_4_3C_NEWSTRUCTURE,150,1,151,0.995347465898702,0.9953092680387674,0.9953326253096348,0.6666103790404974,0.3333896209595026,0.9953170551104484,1-10,3.0410788253609766e-05,0.001025357785885861,0.9942916973245626,0.9963424128963343
40,5_6C_36PER_4_3C_NEWSTRUCTURE,150,2,152,0.995399700246501,0.9952692942964864,0.995294043549492,0.6666103790404974,0.3333896209595026,0.9952775454405648,1-10,0.0001221548059362476,0.001025357785885861,0.9942521876546789,0.9963029032264507
40,5_6C_36PER_4_3C_NEWSTRUCTURE,150,3,153,0.995328325875953,0.995229303516478,0.9952554617893492,0.6666103790404974,0.3333896209595026,0.9952380244131556,1-10,9.030146279742635e-05,0.001025357785885861,0.9942126666272697,0.9962633821990414
40,5_6C_36PER_4_3C_NEWSTRUCTURE,150,4,154,0.995177468553791,0.995189295802911,0.9952168800292064,0.6666103790404974,0.3333896209595026,0.99519849209766,1-10,2.1023543869014283e-05,0.001025357785885861,0.9941731343117741,0.9962238498835458
40,5_6C_36PER_4_3C_NEWSTRUCTURE,150,5,155,0.995110619902908,0.9951492712586446,0.9951782982690632,0.6666103790404974,0.3333896209595026,0.9951589485626456,1-10,4.832865973769529e-05,0.001025357785885861,0.9941335907767598,0.9961843063485315
40,5_6C_36PER_4_3C_NEWSTRUCTURE,150,6,156,0.995159837104264,0.9951092299852532,0.9951397165089204,0.6666103790404974,0.3333896209595026,0.9951193938758228,1-10,4.044322844121151e-05,0.001025357785885861,0.994094036089937,0.9961447516617087
40,5_6C_36PER_4_3C_NEWSTRUCTURE,150,7,157,0.995083277013267,0.9950691720830508,0.9951011347487776,0.6666103790404974,0.3333896209595026,0.9950798281040624,1-10,3.4489092046730008e-06,0.001025357785885861,0.9940544703181765,0.9961051858899482
40,5_6C_36PER_4_3C_NEWSTRUCTURE,150,8,158,0.995068568424356,0.9950290976511148,0.9950625529886348,0.6666103790404974,0.3333896209595026,0.9950402513134096,1-10,2.8317110946418644e-05,0.001025357785885861,0.9940148935275237,0.9960656090992954
40,5_6C_36PER_4_3C_NEWSTRUCTURE,150,9,159,0.99502038836709,0.9949890067873094,0.9950239712284916,0.6666103790404974,0.3333896209595026,0.9950006635691022,1-10,1.972479798773019e-05,0.001025357785885861,0.9939753057832164,0.9960260213549881
40,5_6C_36PER_4_3C_NEWSTRUCTURE,150,10,160,0.994993799764059,0.9949488995883063,0.9949853894683488,0.6666103790404974,0.3333896209595026,0.9949610649355826,1-10,3.273482847643283e-05,0.001025357785885861,0.9939357071496967,0.9959864227214684
40,5_6C_36PER_4_3C_NEWSTRUCTURE,150,11,161,0.994853596740275,0.9949087761496084,0.994946807708206,0.6666103790404974,0.3333896209595026,0.9949214554765138,11-20,6.785873623882388e-05,0.0012867152290459982,0.9936347402474678,0.9962081707055598
40,5_6C_36PER_4_3C_NEWSTRUCTURE,150,12,162,0.994885653921235,0.99486863656557,0.9949082259480632,0.6666103790404974,0.3333896209595026,0.9948818352547936,11-20,3.818666441390839e-06,0.0012867152290459982,0.9935951200257476,0.9961685504838396
40,5_6C_36PER_4_3C_NEWSTRUCTURE,150,13,163,0.994704719420467,0.9948284809294184,0.9948696441879202,0.6666103790404974,0.3333896209595026,0.9948422043325678,11-20,0.0001374849121007493,0.0012867152290459982,0.9935554891035218,0.9961289195616138
40,5_6C_36PER_4_3C_NEWSTRUCTURE,150,14,164,0.994726782303833,0.9947883093332736,0.9948310624277772,0.6666103790404974,0.3333896209595026,0.994802562771245,11-20,7.578046741196776e-05,0.0012867152290459982,0.993515847542199,0.996089278000291
40,5_6C_36PER_4_3C_NEWSTRUCTURE,150,15,165,0.99466172508365,0.9947481218681684,0.9947924806676344,0.6666103790404974,0.3333896209595026,0.9947629106315086,11-20,0.00010118554785853995,0.0012867152290459982,0.9934761954024626,0.9960496258605546
40,5_6C_36PER_4_3C_NEWSTRUCTURE,150,16,166,0.994568476401389,0.9947079186240676,0.9947538989074916,0.6666103790404974,0.3333896209595026,0.99472324797333,11-20,0.00015477157194099256,0.0012867152290459982,0.993436532744284,0.996009963202376
40,5_6C_36PER_4_3C_NEWSTRUCTURE,150,17,167,0.994589784998145,0.9946676996898868,0.9947153171473486,0.6666103790404974,0.3333896209595026,0.994683574855981,11-20,9.378985783603522e-05,0.0012867152290459982,0.993396859626935,0.995970290085027
40,5_6C_36PER_4_3C_NEWSTRUCTURE,150,18,168,0.99446278199005,0.9946274651535116,0.9946767353872058,0.6666103790404974,0.3333896209595026,0.9946438913380476,11-20,0.00018110934799764333,0.0012867152290459982,0.9933571761090016,0.9959306065670936
40,5_6C_36PER_4_3C_NEWSTRUCTURE,150,19,169,0.994398196198999,0.994587215101814,0.9946381536270628,0.6666103790404974,0.3333896209595026,0.9946041974774388,11-20,0.00020600127843972693,0.0012867152290459982,0.9933174822483928,0.9958909127064848
40,5_6C_36PER_4_3C_NEWSTRUCTURE,150,20,170,0.994435627672061,0.9945469496206724,0.99459957186692,0.6666103790404974,0.3333896209595026,0.9945644933314028,11-20,0.00012886565934189242,0.0012867152290459982,0.9932777781023568,0.9958512085604488
40,5_6C_36PER_4_3C_NEWSTRUCTURE,150,21,171,0.994231687429663,0.9945066687949864,0.9945609901067772,0.6666103790404974,0.3333896209595026,0.9945247789565343,21-30,0.00029309152687140294,0.0010819419350923676,0.993442837021442,0.9956067208916267
40,5_6C_36PER_4_3C_NEWSTRUCTURE,150,22,172,0.994224710278513,0.9944663727086944,0.9945224083466342,0.6666103790404974,0.3333896209595026,0.9944850544087872,21-30,0.0002603441302742038,0.0010819419350923676,0.9934031124736948,0.9955669963438796
40,5_6C_36PER_4_3C_NEWSTRUCTURE,150,23,173,0.994168515926008,0.9944260614447908,0.9944838265864914,0.6666103790404974,0.3333896209595026,0.994445319743487,21-30,0.00027680381747907656,0.0010819419350923676,0.9933633778083947,0.9955272616785794
40,5_6C_36PER_4_3C_NEWSTRUCTURE,150,24,174,0.994233950289495,0.9943857350853412,0.9944452448263484,0.6666103790404974,0.3333896209595026,0.9944055750153392,21-30,0.0001716247258441994,0.0010819419350923676,0.9933236330802468,0.9954875169504316
40,5_6C_36PER_4_3C_NEWSTRUCTURE,150,25,175,0.994032744336062,0.9943453937114984,0.9944066630662056,0.6666103790404974,0.3333896209595026,0.9943658202784408,21-30,0.0003330759423787466,0.0010819419350923676,0.9932838783433484,0.9954477622135331
40,5_6C_36PER_4_3C_NEWSTRUCTURE,150,26,176,0.99403019861875,0.9943050374035176,0.9943680813060628,0.6666103790404974,0.3333896209595026,0.994326055586291,21-30,0.000295856967540975,0.0010819419350923676,0.9932441136511986,0.9954079975213833
40,5_6C_36PER_4_3C_NEWSTRUCTURE,150,27,177,0.994008324307037,0.994264666240771,0.9943294995459198,0.6666103790404974,0.3333896209595026,0.9942862809918,21-30,0.0002779566847630477,0.0010819419350923676,0.9932043390567077,0.9953682229268924
40,5_6C_36PER_4_3C_NEWSTRUCTURE,150,28,178,0.993979849987479,0.9942242803017632,0.9942909177857768,0.6666103790404974,0.3333896209595026,0.9942464965473002,21-30,0.0002666465598212264,0.0010819419350923676,0.9931645546122079,0.9953284384823926
40,5_6C_36PER_4_3C_NEWSTRUCTURE,150,29,179,0.993838421247952,0.9941838796641448,0.994252336025634,0.6666103790404974,0.3333896209595026,0.994206702304554,21-30,0.0003682810566020267,0.0010819419350923676,0.9931247603694616,0.9952886442396464
40,5_6C_36PER_4_3C_NEWSTRUCTURE,150,30,180,0.993866612710031,0.9941434644047268,0.9942137542654912,0.6666103790404974,0.3333896209595026,0.9941668983147643,21-30,0.0003002856047333857,0.0010819419350923676,0.993084956379672,0.9952488402498567
40,5_6C_36PER_4_3C_NEWSTRUCTURE,150,31,181,0.993852092692773,0.9941030345994948,0.9941751725053484,0.6666103790404974,0.3333896209595026,0.994127084628584,31-40,0.000274991935811042,0.001287928048889997,0.992839156579694,0.995415012677474
40,5_6C_36PER_4_3C_NEWSTRUCTURE,150,32,182,0.993903007039003,0.9940625903236212,0.9941365907452052,0.6666103790404974,0.3333896209595026,0.994087261296124,31-40,0.00018425425712098598,0.001287928048889997,0.992799333247234,0.995375189345014
40,5_6C_36PER_4_3C_NEWSTRUCTURE,150,33,183,0.9937684611648,0.9940221316514786,0.9940980089850624,0.6666103790404974,0.3333896209595026,0.9940474283669616,31-40,0.0002789672021615841,0.001287928048889997,0.9927595003180716,0.9953353564158516
40,5_6C_36PER_4_3C_NEWSTRUCTURE,150,34,184,0.993826352662179,0.993981658656654,0.9940594272249196,0.6666103790404974,0.3333896209595026,0.9940075858901506,31-40,0.00018123322797158892,0.001287928048889997,0.9927196578412606,0.9952955139390406
40,5_6C_36PER_4_3C_NEWSTRUCTURE,150,35,185,0.993800518345759,0.9939411714119596,0.9940208454647766,0.6666103790404974,0.3333896209595026,0.9939677339142284,31-40,0.00016721556846943653,0.001287928048889997,0.9926798058653384,0.9952556619631184
40,5_6C_36PER_4_3C_NEWSTRUCTURE,150,36,186,0.993608458117482,0.9939006699894456,0.9939822637046338,0.6666103790404974,0.3333896209595026,0.9939278724872248,31-40,0.0003194143697428098,0.001287928048889997,0.9926399444383348,0.9952158005361148
40,5_6C_36PER_4_3C_NEWSTRUCTURE,150,37,187,0.993666443900688,0.9938601544604132,0.9939436819444908,0.6666103790404974,0.3333896209595026,0.9938880016566696,31-40,0.00022155775598153848,0.001287928048889997,0.9926000736077796,0.9951759297055596
40,5_6C_36PER_4_3C_NEWSTRUCTURE,150,38,188,0.993566595210582,0.9938196248954246,0.993905100184348,0.6666103790404974,0.3333896209595026,0.9938481214696002,31-40,0.0002815262590182277,0.001287928048889997,0.9925601934207102,0.9951360495184902
40,5_6C_36PER_4_3C_NEWSTRUCTURE,150,39,189,0.993622600991434,0.9937790813643166,0.9938665184242051,0.6666103790404974,0.3333896209595026,0.9938082319725706,31-40,0.0001856309811366641,0.001287928048889997,0.9925203039236806,0.9950961600214606
40,5_6C_36PER_4_3C_NEWSTRUCTURE,150,40,190,0.993400557870377,0.9937385239362098,0.9938279366640622,0.6666103790404974,0.3333896209595026,0.9937683332116576,31-40,0.0003677753412806295,0.001287928048889997,0.9924804051627676,0.9950562612605476
40,5_6C_36PER_4_3C_NEWSTRUCTURE,150,41,191,0.993409703595533,0.9936979526795212,0.9937893549039192,0.6666103790404974,0.3333896209595026,0.993728425232468,41-50,0.0003187216369349155,0.0014857516834847484,0.9922426735489832,0.9952141769159527
40,5_6C_36PER_4_3C_NEWSTRUCTURE,150,42,192,0.993448926499296,0.9936573676619742,0.9937507731437764,0.6666103790404974,0.3333896209595026,0.9936885080801476,41-50,0.0002395815808516888,0.0014857516834847484,0.9922027563966629,0.9951742597636324
40,5_6C_36PER_4_3C_NEWSTRUCTURE,150,43,193,0.993418943606516,0.9936167689506098,0.9937121913836336,0.6666103790404974,0.3333896209595026,0.9936485817993868,41-50,0.0002296381928708069,0.0014857516834847484,0.992162830115902,0.9951343334828715
40,5_6C_36PER_4_3C_NEWSTRUCTURE,150,44,194,0.99341677503251,0.9935761566117964,0.9936736096234908,0.6666103790404974,0.3333896209595026,0.9936086464344268,41-50,0.00019187140191678775,0.0014857516834847484,0.9921228947509421,0.9950943981179116
40,5_6C_36PER_4_3C_NEWSTRUCTURE,150,45,195,0.993406215019959,0.99353553071124,0.9936350278633478,0.6666103790404974,0.3333896209595026,0.9935687020290678,41-50,0.00016248700910881375,0.0014857516834847484,0.992082950345583,0.9950544537125525
40,5_6C_36PER_4_3C_NEWSTRUCTURE,150,46,196,0.99336303211149,0.9934948913139952,0.9935964461032047,0.6666103790404974,0.3333896209595026,0.9935287486266764,41-50,0.00016571651518637598,0.0014857516834847484,0.9920429969431916,0.9950145003101611
40,5_6C_36PER_4_3C_NEWSTRUCTURE,150,47,197,0.993250926263958,0.9934542384844732,0.993557864343062,0.6666103790404974,0.3333896209595026,0.9934887862701898,41-50,0.00023786000623182701,0.0014857516834847484,0.992003034586705,0.9949745379536745
40,5_6C_36PER_4_3C_NEWSTRUCTURE,150,48,198,0.993164183303715,0.9934135722864532,0.9935192825829192,0.6666103790404974,0.3333896209595026,0.9934488150021236,41-50,0.00028463169840853286,0.0014857516834847484,0.9919630633186388,0.9949345666856083
40,5_6C_36PER_4_3C_NEWSTRUCTURE,150,49,199,0.993059903179771,0.9933728927830898,0.9934807008227762,0.6666103790404974,0.3333896209595026,0.9934088348645772,41-50,0.0003489316848062085,0.0014857516834847484,0.9919230831810925,0.994894586548062
40,5_6C_36PER_4_3C_NEWSTRUCTURE,150,50,200,0.993010874550068,0.9933322000369248,0.9934421190626334,0.6666103790404974,0.3333896209595026,0.993368845899242,41-50,0.0003579713491740355,0.0014857516834847484,0.9918830942157573,0.9948545975827268
41,4_8C_80PER_4_8C_NEWSTRUCTURE,150,1,151,0.951655884452244,0.951590219591588,0.9515626788385216,0.67129296526288,0.32870703473712,0.9515811667523132,1-10,7.471769993083743e-05,0.001025357785885861,0.9505558089664273,0.952606524538199
41,4_8C_80PER_4_8C_NEWSTRUCTURE,150,2,152,0.951515405003614,0.9515594682504632,0.951529688819168,0.67129296526288,0.32870703473712,0.951549679541906,1-10,3.427453829196736e-05,0.001025357785885861,0.9505243217560201,0.9525750373277918
41,4_8C_80PER_4_8C_NEWSTRUCTURE,150,3,153,0.95156759607385,0.9515287654727824,0.9514966987998142,0.67129296526288,0.32870703473712,0.9515182249317972,1-10,4.9371142052834216e-05,0.001025357785885861,0.9504928671459113,0.952543582717683
41,4_8C_80PER_4_8C_NEWSTRUCTURE,150,4,154,0.95148021694755,0.9514981108651892,0.9514637087804604,0.67129296526288,0.32870703473712,0.9514868026579292,1-10,6.585710379147791e-06,0.001025357785885861,0.9504614448720433,0.952512160443815
41,4_8C_80PER_4_8C_NEWSTRUCTURE,150,5,155,0.95152640695396,0.9514675040400454,0.9514307187611069,0.67129296526288,0.32870703473712,0.9514554124600836,1-10,7.099449387637513e-05,0.001025357785885861,0.9504300546741977,0.9524807702459694
41,4_8C_80PER_4_8C_NEWSTRUCTURE,150,6,156,0.95151094966835,0.9514369446153113,0.9513977287417532,0.67129296526288,0.32870703473712,0.9514240540817992,1-10,8.689558655083918e-05,0.001025357785885861,0.9503986962959133,0.9524494118676851
41,4_8C_80PER_4_8C_NEWSTRUCTURE,150,7,157,0.951526225103541,0.951406432214429,0.9513647387223996,0.67129296526288,0.32870703473712,0.951392727270296,1-10,0.00013349783324501097,0.001025357785885861,0.9503673694844101,0.9524180850561819
41,4_8C_80PER_4_8C_NEWSTRUCTURE,150,8,158,0.95137919903983,0.9513759664662098,0.9513317487030456,0.67129296526288,0.32870703473712,0.9513614317763974,1-10,1.7767263432610925e-05,0.001025357785885861,0.9503360739905116,0.9523867895622833
41,4_8C_80PER_4_8C_NEWSTRUCTURE,150,9,159,0.95124908506508,0.9513455470047242,0.951298758683692,0.67129296526288,0.32870703473712,0.9513301673544574,1-10,8.108228937742101e-05,0.001025357785885861,0.9503048095685716,0.9523555251403433
41,4_8C_80PER_4_8C_NEWSTRUCTURE,150,10,160,0.951280363337137,0.9513151734691944,0.9512657686643384,0.67129296526288,0.32870703473712,0.9512989337622884,1-10,1.857042515140961e-05,0.001025357785885861,0.9502735759764025,0.9523242915481742
41,4_8C_80PER_4_8C_NEWSTRUCTURE,150,11,161,0.951251085419688,0.9512848455038904,0.9512327786449848,0.67129296526288,0.32870703473712,0.9512677307610914,11-20,1.664534140344287e-05,0.0012867152290459982,0.9499810155320454,0.9525544459901374
41,4_8C_80PER_4_8C_NEWSTRUCTURE,150,12,162,0.951159432808543,0.9512545627580288,0.9511997886256308,0.67129296526288,0.32870703473712,0.951236558115388,11-20,7.712530684500507e-05,0.0012867152290459982,0.949949842886342,0.952523273344434
41,4_8C_80PER_4_8C_NEWSTRUCTURE,150,13,163,0.951066325394047,0.9512243248856732,0.9511667986062772,0.67129296526288,0.32870703473712,0.9512054155929536,11-20,0.00013909019890656626,0.0012867152290459982,0.9499187003639076,0.9524921308219996
41,4_8C_80PER_4_8C_NEWSTRUCTURE,150,14,164,0.951088329294739,0.9511941315456378,0.9511338085869236,0.67129296526288,0.32870703473712,0.9511743029647524,11-20,8.597367001339506e-05,0.0012867152290459982,0.9498875877357064,0.9524610181937984
41,4_8C_80PER_4_8C_NEWSTRUCTURE,150,15,165,0.951001041093648,0.9511639824013948,0.95110081856757,0.67129296526288,0.32870703473712,0.9511432200048756,11-20,0.0001421789112275862,0.0012867152290459982,0.9498565047758296,0.9524299352339216
41,4_8C_80PER_4_8C_NEWSTRUCTURE,150,16,166,0.950900114111138,0.9511338771209822,0.951067828548216,0.67129296526288,0.32870703473712,0.9511121664904796,11-20,0.0002120523793416318,0.0012867152290459982,0.9498254512614336,0.9523988817195256
41,4_8C_80PER_4_8C_NEWSTRUCTURE,150,17,167,0.950782638740504,0.951103815376914,0.9510348385288624,0.67129296526288,0.32870703473712,0.9510811422017252,11-20,0.0002985034612212889,0.0012867152290459982,0.9497944269726792,0.9523678574307712
41,4_8C_80PER_4_8C_NEWSTRUCTURE,150,18,168,0.950745995881088,0.9510737968460952,0.9510018485095088,0.67129296526288,0.32870703473712,0.9510501469217216,11-20,0.00030415104063363785,0.0012867152290459982,0.9497634316926756,0.9523368621507676
41,4_8C_80PER_4_8C_NEWSTRUCTURE,150,19,169,0.950741358695405,0.9510438212097356,0.9509688584901552,0.67129296526288,0.32870703473712,0.9510191804364664,11-20,0.00027782174106139035,0.0012867152290459982,0.9497324652074204,0.9523058956655124
41,4_8C_80PER_4_8C_NEWSTRUCTURE,150,20,170,0.950638067657448,0.9510138881532676,0.9509358684708014,0.67129296526288,0.32870703473712,0.9509882425347932,11-20,0.0003501748773452329,0.0012867152290459982,0.9497015273057472,0.9522749577638392
41,4_8C_80PER_4_8C_NEWSTRUCTURE,150,21,171,0.950646705552348,0.950983997366267,0.9509028784514476,0.67129296526288,0.32870703473712,0.9509573330083156,21-30,0.0003106274559676603,0.0010819419350923676,0.9498753910732233,0.952039274943408
41,4_8C_80PER_4_8C_NEWSTRUCTURE,150,22,172,0.950515773250713,0.9509541485423728,0.950869888432094,0.67129296526288,0.32870703473712,0.9509264516513763,21-30,0.0004106784006633335,0.0010819419350923676,0.949844509716284,0.9520083935864687
41,4_8C_80PER_4_8C_NEWSTRUCTURE,150,23,173,0.950576965916685,0.9509243413792118,0.9508368984127404,0.67129296526288,0.32870703473712,0.9508955982609943,21-30,0.0003186323443093997,0.0010819419350923676,0.949813656325902,0.9519775401960867
41,4_8C_80PER_4_8C_NEWSTRUCTURE,150,24,174,0.950499861339056,0.9508945755783236,0.9508039083933866,0.67129296526288,0.32870703473712,0.9508647726368148,21-30,0.0003649112977588409,0.0010819419350923676,0.9497828307017224,0.9519467145719072
41,4_8C_80PER_4_8C_NEWSTRUCTURE,150,25,175,0.950477675587945,0.950864850845088,0.9507709183740328,0.67129296526288,0.32870703473712,0.950833974581062,21-30,0.0003562989931169547,0.0010819419350923676,0.9497520326459696,0.9519159165161544
41,4_8C_80PER_4_8C_NEWSTRUCTURE,150,26,176,0.950446670091516,0.9508351668886535,0.9507379283546792,0.67129296526288,0.32870703473712,0.9508032038984886,21-30,0.0003565338069726476,0.0010819419350923676,0.9497212619633962,0.951885145833581
41,4_8C_80PER_4_8C_NEWSTRUCTURE,150,27,177,0.950445306213374,0.9508055234218686,0.9507049383353255,0.67129296526288,0.32870703473712,0.9507724603963322,21-30,0.0003271541829582558,0.0010819419350923676,0.9496905184612399,0.9518544023314246
41,4_8C_80PER_4_8C_NEWSTRUCTURE,150,28,178,0.950526047799383,0.9507759201612138,0.9506719483159718,0.67129296526288,0.32870703473712,0.950741743884268,21-30,0.0002156960848850309,0.0010819419350923676,0.9496598019491757,0.9518236858193604
41,4_8C_80PER_4_8C_NEWSTRUCTURE,150,29,179,0.950479130391297,0.950746356826735,0.9506389582966182,0.67129296526288,0.32870703473712,0.9507110541743652,21-30,0.00023192378306824413,0.0010819419350923676,0.9496291122392728,0.9517929961094576
41,4_8C_80PER_4_8C_NEWSTRUCTURE,150,30,180,0.950472038224958,0.95071683314198,0.9506059682772644,0.67129296526288,0.32870703473712,0.9506803910810429,21-30,0.0002083528560848924,0.0010819419350923676,0.9495984491459505,0.9517623330161352
41,4_8C_80PER_4_8C_NEWSTRUCTURE,150,31,181,0.95052659335064,0.9506873488339348,0.9505729782579108,0.67129296526288,0.32870703473712,0.9506497544210288,31-40,0.00012316107038878865,0.001287928048889997,0.9493618263721388,0.9519376824699188
41,4_8C_80PER_4_8C_NEWSTRUCTURE,150,32,182,0.950408026877492,0.9506579036329622,0.950539988238557,0.67129296526288,0.32870703473712,0.9506191440133174,31-40,0.00021111713582533387,0.001287928048889997,0.9493312159644274,0.9519070720622074
41,4_8C_80PER_4_8C_NEWSTRUCTURE,150,33,183,0.950438941448711,0.9506284972727422,0.9505069982192034,0.67129296526288,0.32870703473712,0.95058855967913,31-40,0.00014961823041903521,0.001287928048889997,0.94930063163024,0.95187648772802
41,4_8C_80PER_4_8C_NEWSTRUCTURE,150,34,184,0.95036383722569,0.9505991294902124,0.9504740081998496,0.67129296526288,0.32870703473712,0.9505580012418748,31-40,0.00019416401618488344,0.001287928048889997,0.9492700731929848,0.9518459292907648
41,4_8C_80PER_4_8C_NEWSTRUCTURE,150,35,185,0.950276639949809,0.9505698000255116,0.950441018180496,0.67129296526288,0.32870703473712,0.9505274685271086,31-40,0.00025082857729952224,0.001287928048889997,0.9492395404782186,0.9518153965759986
41,4_8C_80PER_4_8C_NEWSTRUCTURE,150,36,186,0.950231359195494,0.9505405086219232,0.9504080281611422,0.67129296526288,0.32870703473712,0.9504969613624992,31-40,0.0002656021670052189,0.001287928048889997,0.9492090333136092,0.9517848894113892
41,4_8C_80PER_4_8C_NEWSTRUCTURE,150,37,187,0.95026454689695,0.9505112550258206,0.9503750381417886,0.67129296526288,0.32870703473712,0.9504664795777892,31-40,0.0002019326808392341,0.001287928048889997,0.9491785515288992,0.9517544076266792
41,4_8C_80PER_4_8C_NEWSTRUCTURE,150,38,188,0.950238633212251,0.9504820389866137,0.9503420481224348,0.67129296526288,0.32870703473712,0.9504360230047592,31-40,0.00019738979250816246,0.001287928048889997,0.9491480949558692,0.9517239510536492
41,4_8C_80PER_4_8C_NEWSTRUCTURE,150,39,189,0.950301189756366,0.9504528602566964,0.9503090581030812,0.67129296526288,0.32870703473712,0.9504055914771928,31-40,0.00010440172082681887,0.001287928048889997,0.9491176634283028,0.9516935195260828
41,4_8C_80PER_4_8C_NEWSTRUCTURE,150,40,190,0.950216811161979,0.9504237185913958,0.9502760680837274,0.67129296526288,0.32870703473712,0.9503751848308428,31-40,0.00015837366886384263,0.001287928048889997,0.9490872567819528,0.9516631128797328
41,4_8C_80PER_4_8C_NEWSTRUCTURE,150,41,191,0.950139161033092,0.9503946137489224,0.9502430780643738,0.67129296526288,0.32870703473712,0.9503448029033976,41-50,0.000205641870305584,0.0014857516834847484,0.9488590512199129,0.9518305545868824
41,4_8C_80PER_4_8C_NEWSTRUCTURE,150,42,192,0.950158073476662,0.9503655454903208,0.95021008804502,0.67129296526288,0.32870703473712,0.9503144455344482,41-50,0.00015637205778618046,0.0014857516834847484,0.9488286938509635,0.951800197217933
41,4_8C_80PER_4_8C_NEWSTRUCTURE,150,43,193,0.950131977941544,0.9503365135794216,0.9501770980256664,0.67129296526288,0.32870703473712,0.9502841125654558,41-50,0.00015213462391172605,0.0014857516834847484,0.948798360881971,0.9517698642489405
41,4_8C_80PER_4_8C_NEWSTRUCTURE,150,44,194,0.950063511258814,0.950307517782795,0.9501441080063128,0.67129296526288,0.32870703473712,0.9502538038397204,41-50,0.00019029258090630385,0.0014857516834847484,0.9487680521562356,0.9517395555232051
41,4_8C_80PER_4_8C_NEWSTRUCTURE,150,45,195,0.949947945317579,0.9502785578697058,0.950111117986959,0.67129296526288,0.32870703473712,0.9502235192023514,41-50,0.0002755738847723954,0.0014857516834847484,0.9487377675188666,0.9517092708858361
41,4_8C_80PER_4_8C_NEWSTRUCTURE,150,46,196,0.949957037838526,0.9502496336120674,0.9500781279676052,0.67129296526288,0.32870703473712,0.9501932585002356,41-50,0.00023622066170958522,0.0014857516834847484,0.9487075068167509,0.9516790101837204
41,4_8C_80PER_4_8C_NEWSTRUCTURE,150,47,197,0.949869476861807,0.9502207447843988,0.9500451379482516,0.67129296526288,0.32870703473712,0.9501630215820094,41-50,0.00029354472020237665,0.0014857516834847484,0.9486772698985246,0.9516487732654941
41,4_8C_80PER_4_8C_NEWSTRUCTURE,150,48,198,0.949803374234523,0.9501918911637814,0.950012147928898,0.67129296526288,0.32870703473712,0.9501328082980288,41-50,0.00032943406350582904,0.0014857516834847484,0.9486470566145441,0.9516185599815136
41,4_8C_80PER_4_8C_NEWSTRUCTURE,150,49,199,0.949698082841959,0.9501630725298176,0.9499791579095442,0.67129296526288,0.32870703473712,0.9501026185003428,41-50,0.0004045356583838311,0.0014857516834847484,0.9486168668168581,0.9515883701838276
41,4_8C_80PER_4_8C_NEWSTRUCTURE,150,50,200,0.949732816271975,0.9501342886645892,0.9499461678901904,0.67129296526288,0.32870703473712,0.950072452042664,41-50,0.0003396357706889619,0.0014857516834847484,0.9485867003591792,0.9515582037261487
42,5C_67PER_4C_NEWSTRUCTURE,150,1,151,0.997577509894593,0.9974813355090764,0.997521945389929,0.6675787608494436,0.3324212391505564,0.9974948350959912,1-10,8.26747986018006e-05,0.001025357785885861,0.9964694773101054,0.9985201928818771
42,5C_67PER_4C_NEWSTRUCTURE,150,2,152,0.997577136988669,0.9974574939052868,0.9975007983471512,0.6675787608494436,0.3324212391505564,0.997471889221512,1-10,0.0001052477671570351,0.001025357785885861,0.9964465314356261,0.9984972470073978
42,5C_67PER_4C_NEWSTRUCTURE,150,3,153,0.997497055441602,0.997433609137936,0.9974796513043735,0.6675787608494436,0.3324212391505564,0.9974489145319564,1-10,4.814090964566642e-05,0.001025357785885861,0.9964235567460705,0.9984742723178422
42,5C_67PER_4C_NEWSTRUCTURE,150,4,154,0.997495377364946,0.9974096814117624,0.997458504261596,0.6675787608494436,0.3324212391505564,0.997425911164003,1-10,6.946620094294698e-05,0.001025357785885861,0.9964005533781172,0.9984512689498889
42,5C_67PER_4C_NEWSTRUCTURE,150,5,155,0.997417067121015,0.9973857109292084,0.997437357218818,0.6675787608494436,0.3324212391505564,0.9974028792527978,1-10,1.4187868217163668e-05,0.001025357785885861,0.9963775214669119,0.9984282370386837
42,5C_67PER_4C_NEWSTRUCTURE,150,6,156,0.997418279065267,0.9973616978904624,0.9974162101760404,0.6675787608494436,0.3324212391505564,0.9973798189319832,1-10,3.846013328379083e-05,0.001025357785885861,0.9963544611460974,0.9984051767178691
42,5C_67PER_4C_NEWSTRUCTURE,150,7,157,0.997452120277822,0.997337642493496,0.9973950631332628,0.6675787608494436,0.3324212391505564,0.99735673033372,1-10,9.538994410207557e-05,0.001025357785885861,0.9963313725478341,0.9983820881196058
42,5C_67PER_4C_NEWSTRUCTURE,150,8,158,0.997448484445069,0.997313544934104,0.997373916090485,0.6675787608494436,0.3324212391505564,0.9973336135887172,1-10,0.00011487085635175642,0.001025357785885861,0.9963082558028313,0.998358971374603
42,5C_67PER_4C_NEWSTRUCTURE,150,9,159,0.997397396333552,0.997289405405942,0.9973527690477072,0.6675787608494436,0.3324212391505564,0.9973104688262548,1-10,8.692750729710763e-05,0.001025357785885861,0.996285111040369,0.9983358266121407
42,5C_67PER_4C_NEWSTRUCTURE,150,10,160,0.997386115929366,0.9972652241005622,0.9973316220049296,0.6675787608494436,0.3324212391505564,0.997287296174209,1-10,9.881975515702024e-05,0.001025357785885861,0.9962619383883231,0.9983126539600948
42,5C_67PER_4C_NEWSTRUCTURE,150,11,161,0.997361224458974,0.9972410012074496,0.997310474962152,0.6675787608494436,0.3324212391505564,0.9972640957590764,11-20,9.712869989764172e-05,0.0012867152290459982,0.9959773805300304,0.9985508109881224
42,5C_67PER_4C_NEWSTRUCTURE,150,12,162,0.99727722739971,0.9972167369140578,0.997289327919374,0.6675787608494436,0.3324212391505564,0.9972408677059962,11-20,3.635969371384995e-05,0.0012867152290459982,0.9959541524769502,0.9985275829350422
42,5C_67PER_4C_NEWSTRUCTURE,150,13,163,0.997281702270792,0.9971924314058418,0.9972681808765964,0.6675787608494436,0.3324212391505564,0.997217612138775,11-20,6.409013201702507e-05,0.0012867152290459982,0.995930896909729,0.998504327367821
42,5C_67PER_4C_NEWSTRUCTURE,150,14,164,0.997249539134892,0.9971680848662928,0.9972470338338186,0.6675787608494436,0.3324212391505564,0.9971943291799076,11-20,5.520995498442538e-05,0.0012867152290459982,0.9959076139508616,0.9984810444089536
42,5C_67PER_4C_NEWSTRUCTURE,150,15,165,0.997164796263781,0.9971436974769698,0.997225886791041,0.6675787608494436,0.3324212391505564,0.9971710189505982,11-20,6.222686817269896e-06,0.0012867152290459982,0.9958843037215522,0.9984577341796442
42,5C_67PER_4C_NEWSTRUCTURE,150,16,166,0.997104758410101,0.9971192694175324,0.9972047397482632,0.6675787608494436,0.3324212391505564,0.9971476815707844,11-20,4.292316068332802e-05,0.0012867152290459982,0.9958609663417384,0.9984343967998304
42,5C_67PER_4C_NEWSTRUCTURE,150,17,167,0.997031295943175,0.9970948008657712,0.9971835927054856,0.6675787608494436,0.3324212391505564,0.9971243171591556,11-20,9.302121598064872e-05,0.0012867152290459982,0.9958376019301096,0.9984110323882016
42,5C_67PER_4C_NEWSTRUCTURE,150,18,168,0.9970189900477,0.9970702919976392,0.9971624456627076,0.6675787608494436,0.3324212391505564,0.9971009258331734,11-20,8.193578547344149e-05,0.0012867152290459982,0.9958142106041274,0.9983876410622194
42,5C_67PER_4C_NEWSTRUCTURE,150,19,169,0.996949909225376,0.9970457429872804,0.99714129861993,0.6675787608494436,0.3324212391505564,0.9970775077090936,11-20,0.00012759848371768356,0.0012867152290459982,0.9957907924800476,0.9983642229381396
42,5C_67PER_4C_NEWSTRUCTURE,150,20,170,0.996910567650448,0.9970211540070608,0.9971201515771524,0.6675787608494436,0.3324212391505564,0.9970540629019836,11-20,0.00014349525153556364,0.0012867152290459982,0.9957673476729376,0.9983407781310296
42,5C_67PER_4C_NEWSTRUCTURE,150,21,171,0.996833096444846,0.996996525227595,0.9970990045343746,0.6675787608494436,0.3324212391505564,0.997030591525742,21-30,0.0001974950808960596,0.0010819419350923676,0.9959486495906497,0.9981125334608344
42,5C_67PER_4C_NEWSTRUCTURE,150,22,172,0.996868336054614,0.9969718568177752,0.9970778574915968,0.6675787608494436,0.3324212391505564,0.9970070936931178,21-30,0.00013875763850379474,0.0010819419350923676,0.9959251517580254,0.9980890356282102
42,5C_67PER_4C_NEWSTRUCTURE,150,23,173,0.996795899078978,0.9969471489447989,0.9970567104488192,0.6675787608494436,0.3324212391505564,0.9969835695157284,21-30,0.00018767043675038675,0.0010819419350923676,0.995901627580636,0.9980655114508208
42,5C_67PER_4C_NEWSTRUCTURE,150,24,174,0.996765600472696,0.9969224017741938,0.9970355634060416,0.6675787608494436,0.3324212391505564,0.996960019104077,21-30,0.00019441863138103255,0.0010819419350923676,0.9958780771689847,0.9980419610391694
42,5C_67PER_4C_NEWSTRUCTURE,150,25,175,0.996706961016228,0.9968976154698468,0.9970144163632636,0.6675787608494436,0.3324212391505564,0.9969364425675704,21-30,0.000229481551342392,0.0010819419350923676,0.995854500632478,0.9980183845026628
42,5C_67PER_4C_NEWSTRUCTURE,150,26,176,0.996677314995312,0.9968727901940266,0.996993269320486,0.6675787608494436,0.3324212391505564,0.996912840014536,21-30,0.00023552501922396996,0.0010819419350923676,0.9958308980794436,0.9979947819496283
42,5C_67PER_4C_NEWSTRUCTURE,150,27,177,0.996711249434348,0.996847926107411,0.9969721222777084,0.6675787608494436,0.3324212391505564,0.996889211552239,21-30,0.00017796211789100624,0.0010819419350923676,0.9958072696171466,0.9979711534873313
42,5C_67PER_4C_NEWSTRUCTURE,150,28,178,0.996673213030153,0.9968230233691102,0.9969509752349306,0.6675787608494436,0.3324212391505564,0.996865557286898,21-30,0.00019234425674496958,0.0010819419350923676,0.9957836153518056,0.9979474992219903
42,5C_67PER_4C_NEWSTRUCTURE,150,29,179,0.996771939873395,0.9967980821366914,0.9969298281921528,0.6675787608494436,0.3324212391505564,0.9968418773237012,21-30,6.993745030625664e-05,0.0010819419350923676,0.9957599353886089,0.9979238192587936
42,5C_67PER_4C_NEWSTRUCTURE,150,30,180,0.996799534911732,0.9967731025662018,0.9969086811493753,0.6675787608494436,0.3324212391505564,0.9968181717668224,21-30,1.8636855090403692e-05,0.0010819419350923676,0.99573622983173,0.9979001137019148
42,5C_67PER_4C_NEWSTRUCTURE,150,31,181,0.99668141696047,0.996748084812192,0.9968875341065974,0.6675787608494436,0.3324212391505564,0.9967944407194368,31-40,0.0001130237589668237,0.001287928048889997,0.9955065126705468,0.9980823687683268
42,5C_67PER_4C_NEWSTRUCTURE,150,32,182,0.996819205699196,0.9967230290277388,0.9968663870638196,0.6675787608494436,0.3324212391505564,0.9967706842837348,31-40,4.8521415461189044e-05,0.001287928048889997,0.9954827562348448,0.9980586123326248
42,5C_67PER_4C_NEWSTRUCTURE,150,33,183,0.99677464344134,0.9966979353644668,0.996845240021042,0.6675787608494436,0.3324212391505564,0.996746902560938,31-40,2.774088040202738e-05,0.001287928048889997,0.995458974512048,0.998034830609828
42,5C_67PER_4C_NEWSTRUCTURE,150,34,184,0.996781262521482,0.99667280397257,0.9968240929782642,0.6675787608494436,0.3324212391505564,0.9967230956513128,31-40,5.81668701692406e-05,0.001287928048889997,0.9954351676024228,0.9980110237002028
42,5C_67PER_4C_NEWSTRUCTURE,150,35,185,0.996781169295001,0.9966476350008332,0.9968029459354866,0.6675787608494436,0.3324212391505564,0.9966992636541844,31-40,8.190564081667073e-05,0.001287928048889997,0.9954113356052944,0.9979871917030744
42,5C_67PER_4C_NEWSTRUCTURE,150,36,186,0.99668570537859,0.9966224285966528,0.9967817988927088,0.6675787608494436,0.3324212391505564,0.9966754066679516,31-40,1.0298710638401154e-05,0.001287928048889997,0.9953874786190616,0.9979633347168416
42,5C_67PER_4C_NEWSTRUCTURE,150,37,187,0.996599191204342,0.9965971849060578,0.9967606518499312,0.6675787608494436,0.3324212391505564,0.9966515247901002,31-40,5.23335857581797e-05,0.001287928048889997,0.9953635967412102,0.9979394528389902
42,5C_67PER_4C_NEWSTRUCTURE,150,38,188,0.996566002577153,0.996571904073728,0.9967395048071532,0.6675787608494436,0.3324212391505564,0.9966276181172158,31-40,6.161554006278713e-05,0.001287928048889997,0.9953396900683258,0.9979155461661058
42,5C_67PER_4C_NEWSTRUCTURE,150,39,189,0.996542043371569,0.9965465862430154,0.9967183577643756,0.6675787608494436,0.3324212391505564,0.9966036867449968,31-40,6.16433734277333e-05,0.001287928048889997,0.9953157586961068,0.9978916147938868
42,5C_67PER_4C_NEWSTRUCTURE,150,40,190,0.996593411162529,0.9965212315559624,0.996697210721598,0.6675787608494436,0.3324212391505564,0.9965797307682676,31-40,1.3680394261417206e-05,0.001287928048889997,0.9952918027193776,0.9978676588171576
42,5C_67PER_4C_NEWSTRUCTURE,150,41,191,0.996524610019647,0.9964958401533206,0.9966760636788202,0.6675787608494436,0.3324212391505564,0.9965557502809912,41-50,3.114026134420911e-05,0.0014857516834847484,0.9950699985975064,0.9980415019644759
42,5C_67PER_4C_NEWSTRUCTURE,150,42,192,0.996529737476094,0.9964704121745698,0.9966549166360424,0.6675787608494436,0.3324212391505564,0.9965317453762812,41-50,2.0079001872286284e-06,0.0014857516834847484,0.9950459936927964,0.998017497059766
42,5C_67PER_4C_NEWSTRUCTURE,150,43,193,0.996455715650284,0.9964449477579354,0.9966337695932648,0.6675787608494436,0.3324212391505564,0.9965077161464142,41-50,5.200049613018898e-05,0.0014857516834847484,0.9950219644629295,0.997993467829899
42,5C_67PER_4C_NEWSTRUCTURE,150,44,194,0.996442291037038,0.9964194470404066,0.996612622550487,0.6675787608494436,0.3324212391505564,0.996483662682841,41-50,4.137164580308994e-05,0.0014857516834847484,0.9949979109993563,0.9979694143663258
42,5C_67PER_4C_NEWSTRUCTURE,150,45,195,0.996357548165927,0.9963939101577536,0.9965914755077092,0.6675787608494436,0.3324212391505564,0.996459585076199,41-50,0.00010203691027199646,0.0014857516834847484,0.9949738333927143,0.9979453367596838
42,5C_67PER_4C_NEWSTRUCTURE,150,46,196,0.996346267761742,0.9963683372445442,0.9965703284649317,0.6675787608494436,0.3324212391505564,0.9964354834163228,41-50,8.921565458086533e-05,0.0014857516834847484,0.9949497317328381,0.9979212350998076
42,5C_67PER_4C_NEWSTRUCTURE,150,47,197,0.996294433838379,0.9963427284341618,0.996549181422154,0.6675787608494436,0.3324212391505564,0.9964113577922564,41-50,0.0001169239538774125,0.0014857516834847484,0.9949256061087717,0.9978971094757412
42,5C_67PER_4C_NEWSTRUCTURE,150,48,198,0.996270194953352,0.9963170838588205,0.9965280343793762,0.6675787608494436,0.3324212391505564,0.9963872082922632,41-50,0.00011701333891123156,0.0014857516834847484,0.9949014566087785,0.997872959975748
42,5C_67PER_4C_NEWSTRUCTURE,150,49,199,0.996337877378464,0.9962914036495812,0.9965068873365984,0.6675787608494436,0.3324212391505564,0.9963630350038364,41-50,2.515762537236288e-05,0.0014857516834847484,0.9948772833203516,0.9978487866873211
42,5C_67PER_4C_NEWSTRUCTURE,150,50,200,0.996301705503886,0.9962656879363688,0.9964857402938208,0.6675787608494436,0.3324212391505564,0.996338838013711,41-50,3.713250982506633e-05,0.0014857516834847484,0.9948530863302263,0.9978245896971958
43,5_3C_54PER_4C_NEWSTRUCTURE,150,1,151,0.996179116026029,0.9963293465245652,0.9963624550611052,0.6681478375593136,0.3318521624406864,0.9963403336640112,1-10,0.00016121763798215838,0.001025357785885861,0.9953149758781253,0.9973656914498971
43,5_3C_54PER_4C_NEWSTRUCTURE,150,2,152,0.996245021210438,0.9962943648033789,0.996329452342651,0.6681478375593136,0.3318521624406864,0.9963060086791612,1-10,6.0987468723183724e-05,0.001025357785885861,0.9952806508932753,0.997331366465047
43,5_3C_54PER_4C_NEWSTRUCTURE,150,3,153,0.99605491375931,0.996259359457876,0.996296449624197,0.6681478375593136,0.3318521624406864,0.996271667909775,1-10,0.0002167541504649595,0.001025357785885861,0.9952463101238891,0.9972970256956608
43,5_3C_54PER_4C_NEWSTRUCTURE,150,4,154,0.996051014606985,0.9962243306266684,0.9962634469057428,0.6681478375593136,0.3318521624406864,0.9962373114484656,1-10,0.00018629684148063763,0.001025357785885861,0.9952119536625798,0.9972626692343515
43,5_3C_54PER_4C_NEWSTRUCTURE,150,5,155,0.996107314562497,0.9961892784466582,0.9962304441872888,0.6681478375593136,0.3318521624406864,0.9962029393867048,1-10,9.562482420777396e-05,0.001025357785885861,0.9951775816008189,0.9972282971725906
43,5_3C_54PER_4C_NEWSTRUCTURE,150,6,156,0.996065279798416,0.996154203053072,0.9961974414688346,0.6681478375593136,0.3318521624406864,0.9961685518148432,1-10,0.00010327201642723605,0.001025357785885861,0.9951431940289573,0.9971939096007291
43,5_3C_54PER_4C_NEWSTRUCTURE,150,7,157,0.996072031989026,0.9961191045794912,0.9961644387503804,0.6681478375593136,0.3318521624406864,0.9961341488221332,1-10,6.211683310719529e-05,0.001025357785885861,0.9951087910362474,0.9971595066080191
43,5_3C_54PER_4C_NEWSTRUCTURE,150,8,158,0.996096187713181,0.9960839831578818,0.9961314360319264,0.6681478375593136,0.3318521624406864,0.9960997304967476,1-10,3.5427835666235197e-06,0.001025357785885861,0.9950743727108617,0.9971250882826335
43,5_3C_54PER_4C_NEWSTRUCTURE,150,9,159,0.996038936744908,0.9960488389186244,0.9960984333134724,0.6681478375593136,0.3318521624406864,0.9960652969257996,1-10,2.6360180891638052e-05,0.001025357785885861,0.9950399391399137,0.9970906547116855
43,5_3C_54PER_4C_NEWSTRUCTURE,150,10,160,0.996096663219562,0.9960136719905438,0.9960654305950182,0.6681478375593136,0.3318521624406864,0.9960308481953636,1-10,6.581502419844565e-05,0.001025357785885861,0.9950054904094777,0.9970562059812494
43,5_3C_54PER_4C_NEWSTRUCTURE,150,11,161,0.996006602310999,0.995978482500936,0.996032427876564,0.6681478375593136,0.3318521624406864,0.9959963843904918,11-20,1.0217920507260558e-05,0.0012867152290459982,0.9947096691614458,0.9972830996195378
43,5_3C_54PER_4C_NEWSTRUCTURE,150,12,162,0.995927858454304,0.9959432705755966,0.99599942515811,0.6681478375593136,0.3318521624406864,0.9959619055952348,11-20,3.4047140930804076e-05,0.0012867152290459982,0.9946751903661888,0.9972486208242808
43,5_3C_54PER_4C_NEWSTRUCTURE,150,13,163,0.995889627741271,0.9959080363388474,0.9959664224396558,0.6681478375593136,0.3318521624406864,0.9959274118926572,11-20,3.778415138622204e-05,0.0012867152290459982,0.9946406966636112,0.9972141271217032
43,5_3C_54PER_4C_NEWSTRUCTURE,150,14,164,0.995898186856129,0.9958727799135624,0.9959334197212016,0.6681478375593136,0.3318521624406864,0.9958929033648576,11-20,5.2834912713795035e-06,0.0012867152290459982,0.9946061881358116,0.9971796185939036
43,5_3C_54PER_4C_NEWSTRUCTURE,150,15,165,0.99596751568648,0.9958375014211936,0.9959004170027476,0.6681478375593136,0.3318521624406864,0.9958583800929834,11-20,0.00010913559349656765,0.0012867152290459982,0.9945716648639374,0.9971450953220294
43,5_3C_54PER_4C_NEWSTRUCTURE,150,16,166,0.995874982144735,0.9958022009817958,0.9958674142842936,0.6681478375593136,0.3318521624406864,0.9958238421572496,11-20,5.11399874854046e-05,0.0012867152290459982,0.9945371269282036,0.9971105573862956
43,5_3C_54PER_4C_NEWSTRUCTURE,150,17,167,0.995837512241912,0.9957668787140516,0.9958344115658394,0.6681478375593136,0.3318521624406864,0.9957892896369532,11-20,4.8222604958736426e-05,0.0012867152290459982,0.9945025744079072,0.9970760048659992
43,5_3C_54PER_4C_NEWSTRUCTURE,150,18,168,0.995826004987491,0.9957315347352944,0.9958014088473852,0.6681478375593136,0.3318521624406864,0.9957547226104904,11-20,7.128237700060325e-05,0.0012867152290459982,0.9944680073814444,0.9970414378395364
43,5_3C_54PER_4C_NEWSTRUCTURE,150,19,169,0.995777408235352,0.9956961691615316,0.9957684061289312,0.6681478375593136,0.3318521624406864,0.9957201411553712,11-20,5.726707998077174e-05,0.0012867152290459982,0.9944334259263252,0.9970068563844172
43,5_3C_54PER_4C_NEWSTRUCTURE,150,20,170,0.995785586945105,0.9956607821074688,0.9957354034104772,0.6681478375593136,0.3318521624406864,0.9956855453482364,11-20,0.00010004159686860525,0.0012867152290459982,0.9943988301191904,0.9969722605772824
43,5_3C_54PER_4C_NEWSTRUCTURE,150,21,171,0.995595194190149,0.9956253736865296,0.9957024006920228,0.6681478375593136,0.3318521624406864,0.9956509352648688,21-30,5.574107471983947e-05,0.0010819419350923676,0.9945689933297764,0.9967328771999612
43,5_3C_54PER_4C_NEWSTRUCTURE,150,22,172,0.995602516988416,0.99558994401088,0.9956693979735688,0.6681478375593136,0.3318521624406864,0.9956163109802127,21-30,1.3793991796795524e-05,0.0010819419350923676,0.9945343690451204,0.9966982529153051
43,5_3C_54PER_4C_NEWSTRUCTURE,150,23,173,0.995524629043207,0.9955544931914472,0.9956363952551148,0.6681478375593136,0.3318521624406864,0.9955816725683836,21-30,5.704352517654776e-05,0.0010819419350923676,0.9944997306332912,0.996663614503476
43,5_3C_54PER_4C_NEWSTRUCTURE,150,24,174,0.99544769211076,0.995519021337942,0.9956033925366604,0.6681478375593136,0.3318521624406864,0.9955470201026844,21-30,9.932799192435837e-05,0.0010819419350923676,0.994465078167592,0.9966289620377767
43,5_3C_54PER_4C_NEWSTRUCTURE,150,25,175,0.995339371757165,0.9954835285588788,0.9955703898182064,0.6681478375593136,0.3318521624406864,0.995512353655619,21-30,0.00017298189845393885,0.0010819419350923676,0.9944304117205266,0.9965942955907113
43,5_3C_54PER_4C_NEWSTRUCTURE,150,26,176,0.995431334691253,0.995448014961594,0.9955373870997524,0.6681478375593136,0.3318521624406864,0.9954776732989038,21-30,4.633860765079767e-05,0.0010819419350923676,0.9943957313638114,0.9965596152339962
43,5_3C_54PER_4C_NEWSTRUCTURE,150,27,177,0.995331288148688,0.9954124806522676,0.9955043843812982,0.6681478375593136,0.3318521624406864,0.9954429791034828,21-30,0.0001116909547947964,0.0010819419350923676,0.9943610371683904,0.9965249210385752
43,5_3C_54PER_4C_NEWSTRUCTURE,150,28,178,0.995281074674853,0.9953769257359406,0.995471381662844,0.6681478375593136,0.3318521624406864,0.9954082711395388,21-30,0.00012719646468573043,0.0010819419350923676,0.9943263292044464,0.9964902130746311
43,5_3C_54PER_4C_NEWSTRUCTURE,150,29,179,0.995239325214601,0.9953413503165338,0.99543837894439,0.6681478375593136,0.3318521624406864,0.9953735494765066,21-30,0.0001342242619055689,0.0010819419350923676,0.9942916075414142,0.996455491411599
43,5_3C_54PER_4C_NEWSTRUCTURE,150,30,180,0.995204518147511,0.9953057544968664,0.995405376225936,0.6681478375593136,0.3318521624406864,0.9953388141830842,21-30,0.00013429603557324477,0.0010819419350923676,0.9942568722479919,0.9964207561181766
43,5_3C_54PER_4C_NEWSTRUCTURE,150,31,181,0.995182074246327,0.9952701383786732,0.9953723735074818,0.6681478375593136,0.3318521624406864,0.9953040653272456,31-40,0.00012199108091859312,0.001287928048889997,0.9940161372783556,0.9965919933761356
43,5_3C_54PER_4C_NEWSTRUCTURE,150,32,182,0.995130529354626,0.9952345020626224,0.9953393707890276,0.6681478375593136,0.3318521624406864,0.9952693029762524,31-40,0.00013877362162639795,0.001287928048889997,0.9939813749273624,0.9965572310251424
43,5_3C_54PER_4C_NEWSTRUCTURE,150,33,183,0.995008038910877,0.9951988456483328,0.9953063680705736,0.6681478375593136,0.3318521624406864,0.9952345271966644,31-40,0.00022648828578741842,0.001287928048889997,0.9939465991477744,0.9965224552455544
43,5_3C_54PER_4C_NEWSTRUCTURE,150,34,184,0.995068142917437,0.9951631692343887,0.9952733653521194,0.6681478375593136,0.3318521624406864,0.9951997380543502,31-40,0.00013159513691329838,0.001287928048889997,0.9939118100054603,0.9964876661032402
43,5_3C_54PER_4C_NEWSTRUCTURE,150,35,185,0.995030958318442,0.9951274729183592,0.9952403626336652,0.6681478375593136,0.3318521624406864,0.9951649356145008,31-40,0.00013397729605879594,0.001287928048889997,0.9938770075656108,0.9964528636633908
43,5_3C_54PER_4C_NEWSTRUCTURE,150,36,186,0.995040373344786,0.9950917567968116,0.9952073599152113,0.6681478375593136,0.3318521624406864,0.9951301199416374,31-40,8.974659685134778e-05,0.001287928048889997,0.9938421918927474,0.9964180479905274
43,5_3C_54PER_4C_NEWSTRUCTURE,150,37,187,0.995103900997289,0.9950560209653272,0.9951743571967572,0.6681478375593136,0.3318521624406864,0.9950952910996222,31-40,8.609897666711497e-06,0.001287928048889997,0.9938073630507323,0.9963832191485122
43,5_3C_54PER_4C_NEWSTRUCTURE,150,38,188,0.995087543577782,0.9950202655185184,0.995141354478303,0.6681478375593136,0.3318521624406864,0.9950604491516706,31-40,2.7094426111373693e-05,0.001287928048889997,0.9937725211027806,0.9963483772005606
43,5_3C_54PER_4C_NEWSTRUCTURE,150,39,189,0.995134713810778,0.994984490550042,0.9951083517598488,0.6681478375593136,0.3318521624406864,0.995025594160359,31-40,0.00010911965041904281,0.001287928048889997,0.993737666111469,0.996313522209249
43,5_3C_54PER_4C_NEWSTRUCTURE,150,40,190,0.995059108296198,0.9949486961526136,0.9950753490413948,0.6681478375593136,0.3318521624406864,0.994990726187635,31-40,6.838210856308091e-05,0.001287928048889997,0.993702798138745,0.996278654236525
43,5_3C_54PER_4C_NEWSTRUCTURE,150,41,191,0.99508535624843,0.994912882418024,0.9950423463229406,0.6681478375593136,0.3318521624406864,0.9949558452948286,41-50,0.0001295109536013639,0.0014857516834847484,0.9934700936113439,0.9964415969783134
43,5_3C_54PER_4C_NEWSTRUCTURE,150,42,192,0.99503828111671,0.9948770494371508,0.9950093436044866,0.6681478375593136,0.3318521624406864,0.9949209515426594,41-50,0.0001173295740506397,0.0014857516834847484,0.9934351998591746,0.9964067032261441
43,5_3C_54PER_4C_NEWSTRUCTURE,150,43,193,0.994955162601309,0.9948411972999738,0.9949763408860324,0.6681478375593136,0.3318521624406864,0.9948860449912472,41-50,6.91176100617863e-05,0.0014857516834847484,0.9934002933077625,0.996371796674732
43,5_3C_54PER_4C_NEWSTRUCTURE,150,44,194,0.994857398489373,0.9948053260955876,0.9949433381675784,0.6681478375593136,0.3318521624406864,0.9948511257001208,41-50,6.272789252248501e-06,0.0014857516834847484,0.993365374016636,0.9963368773836055
43,5_3C_54PER_4C_NEWSTRUCTURE,150,45,195,0.994787213747536,0.9947694359122156,0.9949103354491242,0.6681478375593136,0.3318521624406864,0.9948161937282256,41-50,2.897998068962515e-05,0.0014857516834847484,0.9933304420447409,0.9963019454117104
43,5_3C_54PER_4C_NEWSTRUCTURE,150,46,196,0.994775706493116,0.9947335268372224,0.99487733273067,0.6681478375593136,0.3318521624406864,0.9947812491339348,41-50,5.542640818867461e-06,0.0014857516834847484,0.9932954974504501,0.9962670008174196
43,5_3C_54PER_4C_NEWSTRUCTURE,150,47,197,0.994828202397579,0.9946975989571262,0.994844330012216,0.6681478375593136,0.3318521624406864,0.9947462919750548,41-50,8.191042252414515e-05,0.0014857516834847484,0.9932605402915701,0.9962320436585396
43,5_3C_54PER_4C_NEWSTRUCTURE,150,48,198,0.994733386425206,0.9946616523576124,0.994811327293762,0.6681478375593136,0.3318521624406864,0.9947113223088369,41-50,2.2064116369180375e-05,0.0014857516834847484,0.9932255706253521,0.9961970739923216
43,5_3C_54PER_4C_NEWSTRUCTURE,150,49,199,0.994653025846815,0.9946256871235446,0.9947783245753078,0.6681478375593136,0.3318521624406864,0.9946763401919816,41-50,2.3314345166558503e-05,0.0014857516834847484,0.9931905885084968,0.9961620918754663
43,5_3C_54PER_4C_NEWSTRUCTURE,150,50,200,0.994722830183547,0.9945897033389772,0.9947453218568536,0.6681478375593136,0.3318521624406864,0.9946413456806502,41-50,8.148450289680031e-05,0.0014857516834847484,0.9931555939971655,0.996127097364135
44,5_6C_19PER_4_6C_NEWSTRUCTURE,150,1,151,0.996256839063632,0.9962682924493236,0.9962998134116108,0.6631336552495727,0.3368663447504273,0.9962789108006724,1-10,2.2071737040385564e-05,0.001025357785885861,0.9952535530147866,0.9973042685865583
44,5_6C_19PER_4_6C_NEWSTRUCTURE,150,2,152,0.996155789416295,0.9962288731942472,0.9962632558536264,0.6631336552495727,0.3368663447504273,0.996240455555035,1-10,8.466613874003048e-05,0.001025357785885861,0.9952150977691492,0.9972658133409209
44,5_6C_19PER_4_6C_NEWSTRUCTURE,150,3,153,0.996146483448773,0.996189372762821,0.996226698295642,0.6631336552495727,0.3368663447504273,0.9962019464786284,1-10,5.546302985537377e-05,0.001025357785885861,0.9951765886927425,0.9972273042645142
44,5_6C_19PER_4_6C_NEWSTRUCTURE,150,4,154,0.996068745720077,0.9961497915200848,0.9961901407376575,0.6631336552495727,0.3368663447504273,0.996163383813522,1-10,9.463809344500973e-05,0.001025357785885861,0.9951380260276361,0.9971887415994078
44,5_6C_19PER_4_6C_NEWSTRUCTURE,150,5,155,0.995992323986789,0.9961101298270744,0.9961535831796732,0.6631336552495727,0.3368663447504273,0.9961247677991316,1-10,0.0001324438123425642,0.001025357785885861,0.9950994100132458,0.9971501255850175
44,5_6C_19PER_4_6C_NEWSTRUCTURE,150,6,156,0.996017233899854,0.996070388040892,0.9961170256216888,0.6631336552495727,0.3368663447504273,0.996086098672263,1-10,6.886477240908295e-05,0.001025357785885861,0.9950607408863772,0.9971114564581489
44,5_6C_19PER_4_6C_NEWSTRUCTURE,150,7,157,0.995899076312224,0.996030566514773,0.9960804680637044,0.6631336552495727,0.3368663447504273,0.9960473766671588,1-10,0.0001483003549348494,0.001025357785885861,0.995022018881273,0.9970727344530447
44,5_6C_19PER_4_6C_NEWSTRUCTURE,150,8,158,0.995832148545802,0.9959906655981524,0.9960439105057202,0.6631336552495727,0.3368663447504273,0.9960086020155412,1-10,0.00017645346973915732,0.001025357785885861,0.9949832442296553,0.9970339598014271
44,5_6C_19PER_4_6C_NEWSTRUCTURE,150,9,159,0.995799906658326,0.9959506856367304,0.996007352947736,0.6631336552495727,0.3368663447504273,0.9959697749466556,1-10,0.0001698682883296554,0.001025357785885861,0.9949444171607698,0.9969951327325415
44,5_6C_19PER_4_6C_NEWSTRUCTURE,150,10,160,0.995735986881406,0.9959106269725344,0.9959707953897516,0.6631336552495727,0.3368663447504273,0.9959308956873116,1-10,0.00019490880590566917,0.001025357785885861,0.9949055379014258,0.9969562534731975
44,5_6C_19PER_4_6C_NEWSTRUCTURE,150,11,161,0.995700267006068,0.9958704899439814,0.9959342378317672,0.6631336552495727,0.3368663447504273,0.9958919644619252,11-20,0.00019169745585723152,0.0012867152290459982,0.9946052492328792,0.9971786796909712
44,5_6C_19PER_4_6C_NEWSTRUCTURE,150,12,162,0.995609745321989,0.9958302748859384,0.9958976802737828,0.6631336552495727,0.3368663447504273,0.995852981492558,11-20,0.0002432361705689834,0.0012867152290459982,0.994566266263512,0.997139696721604
44,5_6C_19PER_4_6C_NEWSTRUCTURE,150,13,163,0.995532195592637,0.9957899821297812,0.9958611227157984,0.6631336552495727,0.3368663447504273,0.9958139469989562,11-20,0.0002817514063192528,0.0012867152290459982,0.9945272317699102,0.9971006622280022
44,5_6C_19PER_4_6C_NEWSTRUCTURE,150,14,164,0.995501175700897,0.9957496120034516,0.995824565157814,0.6631336552495727,0.3368663447504273,0.9957748611985892,11-20,0.00027368549769213324,0.0012867152290459982,0.9944881459695432,0.9970615764276352
44,5_6C_19PER_4_6C_NEWSTRUCTURE,150,15,165,0.995430205948581,0.9957091648315144,0.9957880075998298,0.6631336552495727,0.3368663447504273,0.9957357243066868,11-20,0.0003055183581057719,0.0012867152290459982,0.9944490090776408,0.9970224395357328
44,5_6C_19PER_4_6C_NEWSTRUCTURE,150,16,166,0.995425881963672,0.9956686409352118,0.9957514500418454,0.6631336552495727,0.3368663447504273,0.9956965365362755,11-20,0.00027065457260355696,0.0012867152290459982,0.9944098213072295,0.9969832517653215
44,5_6C_19PER_4_6C_NEWSTRUCTURE,150,17,167,0.995411406014193,0.9956280406325182,0.995714892483861,0.6631336552495727,0.3368663447504273,0.9956572980982148,11-20,0.00024589208402181484,0.0012867152290459982,0.9943705828691688,0.9969440133272608
44,5_6C_19PER_4_6C_NEWSTRUCTURE,150,18,168,0.995373148147713,0.9955873642381918,0.9956783349258768,0.6631336552495727,0.3368663447504273,0.9956180092012316,11-20,0.00024486105351850806,0.0012867152290459982,0.9943312939721856,0.9969047244302776
44,5_6C_19PER_4_6C_NEWSTRUCTURE,150,19,169,0.995306408380635,0.9955466120638264,0.9956417773678924,0.6631336552495727,0.3368663447504273,0.9955786700519542,11-20,0.0002722616713192183,0.0012867152290459982,0.9942919548229082,0.9968653852810002
44,5_6C_19PER_4_6C_NEWSTRUCTURE,150,20,170,0.995367226168381,0.9955057844179024,0.995605219809908,0.6631336552495727,0.3368663447504273,0.995539280854946,11-20,0.0001720546865650041,0.0012867152290459982,0.9942525656259,0.996825996083992
44,5_6C_19PER_4_6C_NEWSTRUCTURE,150,21,171,0.995338462268767,0.995464881605835,0.9955686622519236,0.6631336552495727,0.3368663447504273,0.9954998418127388,21-30,0.00016137954397177356,0.0010819419350923676,0.9944178998776464,0.9965817837478311
44,5_6C_19PER_4_6C_NEWSTRUCTURE,150,22,172,0.995364500177894,0.9954239039300232,0.9955321046939392,0.6631336552495727,0.3368663447504273,0.9954603531258628,21-30,9.585294796876642e-05,0.0010819419350923676,0.9943784111907704,0.9965422950609552
44,5_6C_19PER_4_6C_NEWSTRUCTURE,150,23,173,0.995255930556802,0.9953828516898968,0.9954955471359548,0.6631336552495727,0.3368663447504273,0.9954208149928804,21-30,0.0001648844360784274,0.0010819419350923676,0.994338873057788,0.9965027569279727
44,5_6C_19PER_4_6C_NEWSTRUCTURE,150,24,174,0.995207426726081,0.9953417251819626,0.9954589895779706,0.6631336552495727,0.3368663447504273,0.9953812276104153,21-30,0.0001738008843342742,0.0010819419350923676,0.9942992856753229,0.9964631695455076
44,5_6C_19PER_4_6C_NEWSTRUCTURE,150,25,175,0.99522481666539,0.995300524699849,0.9954224320199864,0.6631336552495727,0.3368663447504273,0.995341591173182,21-30,0.00011677450779201681,0.0010819419350923676,0.9942596492380896,0.9964235331082744
44,5_6C_19PER_4_6C_NEWSTRUCTURE,150,26,176,0.995121041027567,0.9952592505343512,0.995385874462002,0.6631336552495727,0.3368663447504273,0.9953019058740168,21-30,0.00018086484644974643,0.0010819419350923676,0.9942199639389244,0.9963838478091092
44,5_6C_19PER_4_6C_NEWSTRUCTURE,150,27,177,0.995065205222434,0.995217902973474,0.9953493169040176,0.6631336552495727,0.3368663447504273,0.9952621719039056,21-30,0.000196966681471622,0.0010819419350923676,0.9941802299688133,0.996344113838998
44,5_6C_19PER_4_6C_NEWSTRUCTURE,150,28,178,0.995076673182411,0.9951764823024736,0.9953127593460332,0.6631336552495727,0.3368663447504273,0.9952223894520108,21-30,0.00014571626959980488,0.0010819419350923676,0.9941404475169184,0.9963043313871032
44,5_6C_19PER_4_6C_NEWSTRUCTURE,150,29,179,0.995084475155182,0.9951349888039008,0.9952762017880488,0.6631336552495727,0.3368663447504273,0.995182558705702,21-30,9.808355052010054e-05,0.0010819419350923676,0.9941006167706097,0.9962645006407944
44,5_6C_19PER_4_6C_NEWSTRUCTURE,150,30,180,0.995017547388759,0.99509342275764,0.9952396442300644,0.6631336552495727,0.3368663447504273,0.9951426798505796,21-30,0.00012513246182055404,0.0010819419350923676,0.9940607379154872,0.996224621785672
44,5_6C_19PER_4_6C_NEWSTRUCTURE,150,31,181,0.994916121742735,0.9950517844409494,0.99520308667208,0.6631336552495727,0.3368663447504273,0.995102753070503,31-40,0.0001866313277679721,0.001287928048889997,0.993814825021613,0.996390681119393
44,5_6C_19PER_4_6C_NEWSTRUCTURE,150,32,182,0.994856055952365,0.995010074128501,0.9951665291140958,0.6631336552495727,0.3368663447504273,0.9950627785476164,31-40,0.00020672259525134073,0.001287928048889997,0.9937748504987264,0.9963507065965064
44,5_6C_19PER_4_6C_NEWSTRUCTURE,150,33,183,0.994791572177413,0.9949682920924174,0.9951299715561116,0.6631336552495727,0.3368663447504273,0.9950227564623734,31-40,0.000231184284960384,0.001287928048889997,0.9937348284134834,0.9963106845112634
44,5_6C_19PER_4_6C_NEWSTRUCTURE,150,34,184,0.99473235238409,0.9949264386023106,0.9950934139981272,0.6631336552495727,0.3368663447504273,0.9949826869935624,31-40,0.0002503346094724357,0.001287928048889997,0.9936947589446724,0.9962706150424524
44,5_6C_19PER_4_6C_NEWSTRUCTURE,150,35,185,0.994643992692465,0.9948845139253174,0.9950568564401427,0.6631336552495727,0.3368663447504273,0.9949425703183316,31-40,0.00029857762586660286,0.001287928048889997,0.9936546422694416,0.9962304983672216
44,5_6C_19PER_4_6C_NEWSTRUCTURE,150,36,186,0.994616920786946,0.9948425183261368,0.9950202988821584,0.6631336552495727,0.3368663447504273,0.9949024066122114,31-40,0.0002854858252654413,0.001287928048889997,0.9936144785633214,0.9961903346611014
44,5_6C_19PER_4_6C_NEWSTRUCTURE,150,37,187,0.994611938804334,0.9948004520670636,0.994983741324174,0.6631336552495727,0.3368663447504273,0.9948621960491384,31-40,0.00025025724480443046,0.001287928048889997,0.9935742680002484,0.9961501240980284
44,5_6C_19PER_4_6C_NEWSTRUCTURE,150,38,188,0.994582610906688,0.9947583154080252,0.9949471837661896,0.6631336552495727,0.3368663447504273,0.994821938801479,31-40,0.00023932789479097494,0.001287928048889997,0.993534010752589,0.996109866850369
44,5_6C_19PER_4_6C_NEWSTRUCTURE,150,39,189,0.994523579112709,0.9947161086066127,0.9949106262082054,0.6631336552495727,0.3368663447504273,0.9947816350400508,31-40,0.0002580559273417382,0.001287928048889997,0.9934937069911608,0.9960695630889408
44,5_6C_19PER_4_6C_NEWSTRUCTURE,150,40,190,0.994456651346287,0.9946738319181166,0.994874068650221,0.6631336552495727,0.3368663447504273,0.9947412849341456,31-40,0.00028463358785857373,0.001287928048889997,0.9934533568852556,0.9960292129830356
44,5_6C_19PER_4_6C_NEWSTRUCTURE,150,41,191,0.994273257986329,0.994631485595558,0.9948375110922366,0.6631336552495727,0.3368663447504273,0.9947008886515496,41-50,0.0004276306652205575,0.0014857516834847484,0.9932151369680648,0.9961866403350343
44,5_6C_19PER_4_6C_NEWSTRUCTURE,150,42,192,0.994278803966974,0.994589069889721,0.9948009535342522,0.6631336552495727,0.3368663447504273,0.9946604463585668,41-50,0.0003816423915927736,0.0014857516834847484,0.993174694675082,0.9961461980420515
44,5_6C_19PER_4_6C_NEWSTRUCTURE,150,43,193,0.994229078140517,0.994546585049184,0.994764395976268,0.6631336552495727,0.3368663447504273,0.9946199582200376,41-50,0.00039088007952059467,0.0014857516834847484,0.9931342065365528,0.9961057099035223
44,5_6C_19PER_4_6C_NEWSTRUCTURE,150,44,194,0.994139966451517,0.99450403132035,0.9947278384182836,0.6631336552495727,0.3368663447504273,0.9945794243993602,41-50,0.00043945794784316927,0.0014857516834847484,0.9930936727158755,0.996065176082845
44,5_6C_19PER_4_6C_NEWSTRUCTURE,150,45,195,0.993977723017747,0.994461408947478,0.9946912808602992,0.6631336552495727,0.3368663447504273,0.9945388450585108,41-50,0.0005611220407637507,0.0014857516834847484,0.993053093375026,0.9960245967419955
44,5_6C_19PER_4_6C_NEWSTRUCTURE,150,46,196,0.994016920880946,0.9944187181727112,0.9946547233023147,0.6631336552495727,0.3368663447504273,0.9944982203580632,41-50,0.0004812994771172807,0.0014857516834847484,0.9930124686745785,0.995983972041548
44,5_6C_19PER_4_6C_NEWSTRUCTURE,150,47,197,0.993900455287411,0.9943759592361064,0.9946181657443304,0.6631336552495727,0.3368663447504273,0.9944575504572066,41-50,0.0005570951697956295,0.0014857516834847484,0.9929717987737219,0.9959433021406914
44,5_6C_19PER_4_6C_NEWSTRUCTURE,150,48,198,0.993887389333011,0.9943331323756628,0.9945816081863462,0.6631336552495727,0.3368663447504273,0.9944168355137666,41-50,0.0005294461807555662,0.0014857516834847484,0.9929310838302818,0.9959025871972513
44,5_6C_19PER_4_6C_NEWSTRUCTURE,150,49,199,0.993821119564293,0.9942902378273502,0.9945450506283618,0.6631336552495727,0.3368663447504273,0.9943760756842226,41-50,0.0005549561199296171,0.0014857516834847484,0.9928903240007378,0.9958618273677073
44,5_6C_19PER_4_6C_NEWSTRUCTURE,150,50,200,0.993874511377955,0.9942472758251354,0.9945084930703776,0.6631336552495727,0.3368663447504273,0.994335271123726,41-50,0.0004607597457709778,0.0014857516834847484,0.9928495194402412,0.9958210228072107
45,5_6C_36PER_4_3C_NEWSTRUCTURE,150,1,151,0.998276492633596,0.9981760101622856,0.9982453397294778,0.6644305398219977,0.3355694601780022,0.9981992750477228,1-10,7.72175858732016e-05,0.001025357785885861,0.9971739172618369,0.9992246328336086
45,5_6C_36PER_4_3C_NEWSTRUCTURE,150,2,152,0.998154488674487,0.9981478305919618,0.9982237051304867,0.6644305398219977,0.3355694601780022,0.9981732917698958,1-10,1.880309540880365e-05,0.001025357785885861,0.9971479339840099,0.9991986495557816
45,5_6C_36PER_4_3C_NEWSTRUCTURE,150,3,153,0.998150317598962,0.9981194357396876,0.9982020705314956,0.6644305398219977,0.3355694601780022,0.9981471654521664,1-10,3.152146795581956e-06,0.001025357785885861,0.9971218076662806,0.9991725232380523
45,5_6C_36PER_4_3C_NEWSTRUCTURE,150,4,154,0.998181979854084,0.9980908253839816,0.9981804359325046,0.6644305398219977,0.3355694601780022,0.9981208959473756,1-10,6.108390670833685e-05,0.001025357785885861,0.9970955381614898,0.9991462537332615
45,5_6C_36PER_4_3C_NEWSTRUCTURE,150,5,155,0.998117138589103,0.9980619993045792,0.9981588013335134,0.6644305398219977,0.3355694601780022,0.9980944831091728,1-10,2.2655479930189237e-05,0.001025357785885861,0.997069125323287,0.9991198408950587
45,5_6C_36PER_4_3C_NEWSTRUCTURE,150,6,156,0.998094292470886,0.998032957282419,0.9981371667345224,0.6644305398219977,0.3355694601780022,0.9980679267920068,1-10,2.6365678879147758e-05,0.001025357785885861,0.997042569006121,0.9990932845778927
45,5_6C_36PER_4_3C_NEWSTRUCTURE,150,7,157,0.998052771309977,0.9980036990996278,0.9981155321355312,0.6644305398219977,0.3355694601780022,0.998041226851116,1-10,1.1544458861090234e-05,0.001025357785885861,0.9970158690652301,0.9990665846370018
45,5_6C_36PER_4_3C_NEWSTRUCTURE,150,8,158,0.998006889479201,0.9979742245395072,0.9980938975365402,0.6644305398219977,0.3355694601780022,0.9980143831425194,1-10,7.49366331842527e-06,0.001025357785885861,0.9969890253566336,0.9990397409284053
45,5_6C_36PER_4_3C_NEWSTRUCTURE,150,9,159,0.997920150067714,0.9979445333865188,0.9980722629375492,0.6644305398219977,0.3355694601780022,0.9979873955230067,1-10,6.724545529279702e-05,0.001025357785885861,0.9969620377371209,0.9990127533088926
45,5_6C_36PER_4_3C_NEWSTRUCTURE,150,10,160,0.997938256327379,0.9979146254262724,0.998050628338558,0.6644305398219977,0.3355694601780022,0.9979602638501308,1-10,2.2007522751832376e-05,0.001025357785885861,0.996934906064245,0.9989856216360167
45,5_6C_36PER_4_3C_NEWSTRUCTURE,150,11,161,0.99789483922305,0.9978845004455108,0.9980289937395668,0.6644305398219977,0.3355694601780022,0.9979329879821964,11-20,3.814875914642801e-05,0.0012867152290459982,0.9966462727531504,0.9992197032112424
45,5_6C_36PER_4_3C_NEWSTRUCTURE,150,12,162,0.997894080845682,0.9978541582320982,0.9980073591405758,0.6644305398219977,0.3355694601780022,0.9979055677782548,11-20,1.1486932572801756e-05,0.0012867152290459982,0.9966188525492088,0.9991922830073008
45,5_6C_36PER_4_3C_NEWSTRUCTURE,150,13,163,0.99778942476887,0.9978235985750072,0.9979857245415849,0.6644305398219977,0.3355694601780022,0.9978780030980924,11-20,8.85783292223774e-05,0.0012867152290459982,0.9965912878690464,0.9991647183271384
45,5_6C_36PER_4_3C_NEWSTRUCTURE,150,14,164,0.997756719744867,0.9977928212643052,0.9979640899425936,0.6644305398219977,0.3355694601780022,0.997850293802224,11-20,9.35740573569932e-05,0.0012867152290459982,0.996563578573178,0.99913700903127
45,5_6C_36PER_4_3C_NEWSTRUCTURE,150,15,165,0.997654528394502,0.9977618260911436,0.9979424553436026,0.6644305398219977,0.3355694601780022,0.9978224397518836,11-20,0.00016791135738158935,0.0012867152290459982,0.9965357245228376,0.9991091549809296
45,5_6C_36PER_4_3C_NEWSTRUCTURE,150,16,166,0.997612533247738,0.997730612847744,0.9979208207446116,0.6644305398219977,0.3355694601780022,0.9977944408090174,11-20,0.0001819075612793375,0.0012867152290459982,0.9965077255799714,0.9990811560380634
45,5_6C_36PER_4_3C_NEWSTRUCTURE,150,17,167,0.997595943742808,0.9976991813273878,0.9978991861456205,0.6644305398219977,0.3355694601780022,0.997766296836275,11-20,0.00017035309346702388,0.0012867152290459982,0.996479581607229,0.999053012065321
45,5_6C_36PER_4_3C_NEWSTRUCTURE,150,18,168,0.997538212265654,0.9976675313244032,0.9978775515466292,0.6644305398219977,0.3355694601780022,0.997738007697002,11-20,0.00019979543134807098,0.0012867152290459982,0.996451292467956,0.999024722926048
45,5_6C_36PER_4_3C_NEWSTRUCTURE,150,19,169,0.997516124524806,0.9976356626341552,0.9978559169476382,0.6644305398219977,0.3355694601780022,0.9977095732552326,11-20,0.00019344873042659305,0.0012867152290459982,0.9964228580261866,0.9989962884842786
45,5_6C_36PER_4_3C_NEWSTRUCTURE,150,20,170,0.997471759448766,0.9976035750530324,0.9978342823486472,0.6644305398219977,0.3355694601780022,0.997680993375681,11-20,0.00020923392691496456,0.0012867152290459982,0.996394278146635,0.998967708604727
45,5_6C_36PER_4_3C_NEWSTRUCTURE,150,21,171,0.997398481235564,0.9975712683784368,0.997812647749656,0.6644305398219977,0.3355694601780022,0.997652267923735,21-30,0.00025378668817099825,0.0010819419350923676,0.9965703259886426,0.9987342098588273
45,5_6C_36PER_4_3C_NEWSTRUCTURE,150,22,172,0.99732596139973,0.997538742408773,0.997791013150665,0.6644305398219977,0.3355694601780022,0.9976233967654484,21-30,0.00029743536571846807,0.0010819419350923676,0.996541454830356,0.9987053387005408
45,5_6C_36PER_4_3C_NEWSTRUCTURE,150,23,173,0.9973361994942,0.9975059969434378,0.997769378551674,0.6644305398219977,0.3355694601780022,0.9975943797675344,21-30,0.0002581802733343519,0.0010819419350923676,0.996512437832442,0.9986763217026268
45,5_6C_36PER_4_3C_NEWSTRUCTURE,150,24,174,0.997329658489399,0.997473031782808,0.9977477439526828,0.6644305398219977,0.3355694601780022,0.9975652167973572,21-30,0.00023555830795818355,0.0010819419350923676,0.9964832748622648,0.9986471587324496
45,5_6C_36PER_4_3C_NEWSTRUCTURE,150,25,175,0.997337431857423,0.9974398467282318,0.9977261093536915,0.6644305398219977,0.3355694601780022,0.9975359077229264,21-30,0.00019847586550347796,0.0010819419350923676,0.9964539657878341,0.9986178496580188
45,5_6C_36PER_4_3C_NEWSTRUCTURE,150,26,176,0.997349471098144,0.9974064415820172,0.9977044747547006,0.6644305398219977,0.3355694601780022,0.9975064524128896,21-30,0.00015698131474561894,0.0010819419350923676,0.9964245104777972,0.998588394347982
45,5_6C_36PER_4_3C_NEWSTRUCTURE,150,27,177,0.99738795874958,0.9973728161474232,0.9976828401557096,0.6644305398219977,0.3355694601780022,0.997476850736526,21-30,8.889198694606026e-05,0.0010819419350923676,0.9963949088014337,0.9985587926716184
45,5_6C_36PER_4_3C_NEWSTRUCTURE,150,28,178,0.997343498876369,0.9973389702286478,0.9976612055567184,0.6644305398219977,0.3355694601780022,0.9974471025637388,21-30,0.00010360368736983538,0.0010819419350923676,0.9963651606286464,0.9985290444988312
45,5_6C_36PER_4_3C_NEWSTRUCTURE,150,29,179,0.997365871008731,0.997304903630821,0.9976395709577274,0.6644305398219977,0.3355694601780022,0.9974172077650502,21-30,5.133675631918688e-05,0.0010819419350923676,0.9963352658299578,0.9984991497001425
45,5_6C_36PER_4_3C_NEWSTRUCTURE,150,30,180,0.997364638645508,0.9972706161599928,0.9976179363587362,0.6644305398219977,0.3355694601780022,0.997387166211594,21-30,2.2527566086005812e-05,0.0010819419350923676,0.9963052242765016,0.9984691081466863
45,5_6C_36PER_4_3C_NEWSTRUCTURE,150,31,181,0.997308992706116,0.9972361076231252,0.9975963017597452,0.6644305398219977,0.3355694601780022,0.99735697777511,31-40,4.798506899406085e-05,0.001287928048889997,0.99606904972622,0.998644905824
45,5_6C_36PER_4_3C_NEWSTRUCTURE,150,32,182,0.997255621898829,0.9972013778280822,0.997574667160754,0.6644305398219977,0.3355694601780022,0.9973266423279372,31-40,7.102042910822615e-05,0.001287928048889997,0.9960387142790472,0.9986145703768272
45,5_6C_36PER_4_3C_NEWSTRUCTURE,150,33,183,0.997198933190556,0.9971664265836204,0.997553032561763,0.6644305398219977,0.3355694601780022,0.9972961597430072,31-40,9.722655245125722e-05,0.001287928048889997,0.9960082316941172,0.9985840877918972
45,5_6C_36PER_4_3C_NEWSTRUCTURE,150,34,184,0.997230216256994,0.997131253699381,0.997531397962772,0.6644305398219977,0.3355694601780022,0.9972655298938404,31-40,3.531363684639022e-05,0.001287928048889997,0.9959776018449504,0.9985534579427304
45,5_6C_36PER_4_3C_NEWSTRUCTURE,150,35,185,0.99722708795035,0.99709585898588,0.9975097633637808,0.6644305398219977,0.3355694601780022,0.9972347526545376,31-40,7.664704187670957e-06,0.001287928048889997,0.9959468246056477,0.9985226807034276
45,5_6C_36PER_4_3C_NEWSTRUCTURE,150,36,186,0.997188315907401,0.9970602422544996,0.9974881287647896,0.6644305398219977,0.3355694601780022,0.997203827899775,31-40,1.5511992374039885e-05,0.001287928048889997,0.995915899850885,0.998491755948665
45,5_6C_36PER_4_3C_NEWSTRUCTURE,150,37,187,0.997203767846278,0.9970244033174802,0.9974664941657986,0.6644305398219977,0.3355694601780022,0.9971727555048,31-40,3.101234147795395e-05,0.001287928048889997,0.99588482745591,0.99846068355369
45,5_6C_36PER_4_3C_NEWSTRUCTURE,150,38,188,0.997104610005386,0.996988341987911,0.9974448595668076,0.6644305398219977,0.3355694601780022,0.997141535345423,31-40,3.692534003707504e-05,0.001287928048889997,0.995853607296533,0.998429463394313
45,5_6C_36PER_4_3C_NEWSTRUCTURE,150,39,189,0.99706612235395,0.9969520580797222,0.9974232249678164,0.6644305398219977,0.3355694601780022,0.9971101672980136,31-40,4.404494406362591e-05,0.001287928048889997,0.9958222392491236,0.9983980953469036
45,5_6C_36PER_4_3C_NEWSTRUCTURE,150,40,190,0.997009433645677,0.996915551407677,0.9974015903688254,0.6644305398219977,0.3355694601780022,0.9970786512394948,31-40,6.921759381783854e-05,0.001287928048889997,0.9957907231906048,0.9983665792883848
45,5_6C_36PER_4_3C_NEWSTRUCTURE,150,41,191,0.997051428792441,0.9968788217873624,0.9973799557698344,0.6644305398219977,0.3355694601780022,0.9970469870473374,41-50,4.441745103611616e-06,0.0014857516834847484,0.9955612353638527,0.9985327387308222
45,5_6C_36PER_4_3C_NEWSTRUCTURE,150,42,192,0.996903734799985,0.9968418690351832,0.9973583211708432,0.6644305398219977,0.3355694601780022,0.9970151745995544,41-50,0.00011143979956940164,0.0014857516834847484,0.9955294229160696,0.9985009262830391
45,5_6C_36PER_4_3C_NEWSTRUCTURE,150,43,193,0.996906389120773,0.9968046929683518,0.997336686571852,0.6644305398219977,0.3355694601780022,0.9969832137746966,41-50,7.68246539235573e-05,0.0014857516834847484,0.9954974620912118,0.9984689654581813
45,5_6C_36PER_4_3C_NEWSTRUCTURE,150,44,194,0.996873115313743,0.9967672934048822,0.997315051972861,0.6644305398219977,0.3355694601780022,0.9969511044518466,41-50,7.798913810364017e-05,0.0014857516834847484,0.9954653527683619,0.9984368561353314
45,5_6C_36PER_4_3C_NEWSTRUCTURE,150,45,195,0.996849890006843,0.9967296701635816,0.99729341737387,0.6644305398219977,0.3355694601780022,0.9969188465106148,41-50,6.895650377181095e-05,0.0014857516834847484,0.99543309482713,0.9984045981940995
45,5_6C_36PER_4_3C_NEWSTRUCTURE,150,46,196,0.996829034629217,0.9966918230640428,0.9972717827748788,0.6644305398219977,0.3355694601780022,0.996886439831133,41-50,5.74052019159943e-05,0.0014857516834847484,0.9954006881476483,0.9983721915146178
45,5_6C_36PER_4_3C_NEWSTRUCTURE,150,47,197,0.996720302274051,0.9966537519266372,0.9972501481758878,0.6644305398219977,0.3355694601780022,0.9968538842940504,41-50,0.0001335820199994675,0.0014857516834847484,0.9953681326105657,0.9983396359775352
45,5_6C_36PER_4_3C_NEWSTRUCTURE,150,48,198,0.996671766122487,0.9966154565725078,0.9972285135768968,0.6644305398219977,0.3355694601780022,0.996821179780529,41-50,0.0001494136580419969,0.0014857516834847484,0.9953354280970442,0.9983069314640137
45,5_6C_36PER_4_3C_NEWSTRUCTURE,150,49,199,0.996614129442504,0.9965769368235606,0.9972068789779056,0.6644305398219977,0.3355694601780022,0.9967883261722374,41-50,0.00017419672973340017,0.0014857516834847484,0.9953025744887527,0.9982740778557222
45,5_6C_36PER_4_3C_NEWSTRUCTURE,150,50,200,0.996554122833245,0.996538192502459,0.9971852443789144,0.6644305398219977,0.3355694601780022,0.9967553233513484,41-50,0.0002012005181034615,0.0014857516834847484,0.9952695716678637,0.9982410750348332
46,4_8C_80PER_4_8C_NEWSTRUCTURE,150,1,151,0.998221195835282,0.9981871980579006,0.9981870575320796,0.6690820536720826,0.3309179463279174,0.9981871515553844,1-10,3.404427989761594e-05,0.001025357785885861,0.9971617937694985,0.9992125093412703
46,4_8C_80PER_4_8C_NEWSTRUCTURE,150,2,152,0.998153905392441,0.9981617737315052,0.998163877015696,0.6690820536720826,0.3309179463279174,0.99816246974599,1-10,8.564353549012083e-06,0.001025357785885861,0.9971371119601041,0.9991878275318758
46,4_8C_80PER_4_8C_NEWSTRUCTURE,150,3,153,0.998154653064028,0.9981361703941332,0.9981406964993126,0.6690820536720826,0.3309179463279174,0.998137668163564,1-10,1.6984900463978825e-05,0.001025357785885861,0.9971123103776781,0.9991630259494498
46,4_8C_80PER_4_8C_NEWSTRUCTURE,150,4,154,0.99806568014516,0.9981103879677437,0.9981175159829292,0.6690820536720826,0.3309179463279174,0.9981127467558902,1-10,4.7066610730284175e-05,0.001025357785885861,0.9970873889700044,0.9991381045417761
46,4_8C_80PER_4_8C_NEWSTRUCTURE,150,5,155,0.998084465393787,0.9980844263747704,0.9980943354665456,0.6690820536720826,0.3309179463279174,0.9980877054710706,1-10,3.2400772835838865e-06,0.001025357785885861,0.9970623476851848,0.9991130632569565
46,4_8C_80PER_4_8C_NEWSTRUCTURE,150,6,156,0.998094185124419,0.9980582855381164,0.9980711549501622,0.6690820536720826,0.3309179463279174,0.9980625442575212,1-10,3.1640866897886255e-05,0.001025357785885861,0.9970371864716353,0.999087902043407
46,4_8C_80PER_4_8C_NEWSTRUCTURE,150,7,157,0.99794259471013,0.9980319653811466,0.9980479744337788,0.6690820536720826,0.3309179463279174,0.9980372630639665,1-10,9.466835383642458e-05,0.001025357785885861,0.9970119052780806,0.9990626208498523
46,4_8C_80PER_4_8C_NEWSTRUCTURE,150,8,158,0.997863902275585,0.998005465827684,0.9980247939173952,0.6690820536720826,0.3309179463279174,0.9980118618394376,1-10,0.00014795956385260656,0.001025357785885861,0.9969865040535517,0.9990372196253234
46,4_8C_80PER_4_8C_NEWSTRUCTURE,150,9,159,0.997878481871534,0.9979787868020036,0.9980016134010116,0.6690820536720826,0.3309179463279174,0.997986340533269,1-10,0.00010785866173490533,0.001025357785885861,0.9969609827473831,0.9990116983191548
46,4_8C_80PER_4_8C_NEWSTRUCTURE,150,10,160,0.997814649409783,0.997951928228825,0.9979784328846282,0.6690820536720826,0.3309179463279174,0.9979606990950914,1-10,0.00014604968530840257,0.001025357785885861,0.9969353413092056,0.9989860568809773
46,4_8C_80PER_4_8C_NEWSTRUCTURE,150,11,161,0.997804649302306,0.99792489003331,0.9979552523682448,0.6690820536720826,0.3309179463279174,0.9979349374748324,11-20,0.0001302881725264715,0.0012867152290459982,0.9966482222457864,0.9992216527038784
46,4_8C_80PER_4_8C_NEWSTRUCTURE,150,12,162,0.997728667177264,0.997897672141055,0.9979320718518612,0.6690820536720826,0.3309179463279174,0.9979090556227092,11-20,0.00018038844544510102,0.0012867152290459982,0.9966223403936632,0.9991957708517551
46,4_8C_80PER_4_8C_NEWSTRUCTURE,150,13,163,0.997745022493232,0.9978702744780868,0.9979088913354778,0.6690820536720826,0.3309179463279174,0.9978830534892285,11-20,0.00013803099599640767,0.0012867152290459982,0.9965963382601825,0.9991697687182745
46,4_8C_80PER_4_8C_NEWSTRUCTURE,150,14,164,0.997699694903263,0.9978426969708574,0.9978857108190944,0.6690820536720826,0.3309179463279174,0.9978569310251796,11-20,0.00015723612191653746,0.0012867152290459982,0.9965702157961336,0.9991436462542256
46,4_8C_80PER_4_8C_NEWSTRUCTURE,150,15,165,0.997822873797242,0.9978149395462386,0.9978625303027108,0.6690820536720826,0.3309179463279174,0.9978306881816346,11-20,7.814384392568208e-06,0.0012867152290459982,0.9965439729525886,0.9991174034106806
46,4_8C_80PER_4_8C_NEWSTRUCTURE,150,16,166,0.997881285639986,0.9977870021315172,0.9978393497863274,0.6690820536720826,0.3309179463279174,0.997804324909942,11-20,7.696073004404003e-05,0.0012867152290459982,0.996517609680896,0.999091040138988
46,4_8C_80PER_4_8C_NEWSTRUCTURE,150,17,167,0.997839602949004,0.9977588846543908,0.997816169269944,0.6690820536720826,0.3309179463279174,0.9977778411617256,11-20,6.176178727834714e-05,0.0012867152290459982,0.9964911259326796,0.9990645563907716
46,4_8C_80PER_4_8C_NEWSTRUCTURE,150,18,168,0.99782876171099,0.9977305870429618,0.9977929887535604,0.6690820536720826,0.3309179463279174,0.9977512368888805,11-20,7.752482210954259e-05,0.0012867152290459982,0.9964645216598345,0.9990379521179265
46,4_8C_80PER_4_8C_NEWSTRUCTURE,150,19,169,0.997813434443454,0.9977021092257335,0.9977698082371768,0.6690820536720826,0.3309179463279174,0.9977245120435688,11-20,8.892239988522732e-05,0.0012867152290459982,0.9964377968145228,0.9990112272726148
46,4_8C_80PER_4_8C_NEWSTRUCTURE,150,20,170,0.997753994552278,0.9976734511316062,0.9977466277207936,0.6690820536720826,0.3309179463279174,0.9976976665782192,11-20,5.6327974058745234e-05,0.0012867152290459982,0.9964109513491732,0.9989843818072652
46,4_8C_80PER_4_8C_NEWSTRUCTURE,150,21,171,0.997696236922173,0.9976446126898706,0.99772344720441,0.6690820536720826,0.3309179463279174,0.9976707004455218,21-30,2.5536476651266682e-05,0.0010819419350923676,0.9965887585104294,0.9987526423806141
46,4_8C_80PER_4_8C_NEWSTRUCTURE,150,22,172,0.997652498134326,0.9976155938302056,0.9977002666880264,0.6690820536720826,0.3309179463279174,0.9976436135984256,21-30,8.88453590042193e-06,0.0010819419350923676,0.9965616716633332,0.9987255555335179
46,4_8C_80PER_4_8C_NEWSTRUCTURE,150,23,173,0.997653526182758,0.9975863944826726,0.997677086171643,0.6690820536720826,0.3309179463279174,0.9976164059901356,21-30,3.712019262247512e-05,0.0010819419350923676,0.9965344640550432,0.9986983479252279
46,4_8C_80PER_4_8C_NEWSTRUCTURE,150,24,174,0.997588665672575,0.9975570145777116,0.9976539056552596,0.6690820536720826,0.3309179463279174,0.9975890775741112,21-30,4.1190153621251113e-07,0.0010819419350923676,0.9965071356390188,0.9986710195092036
46,4_8C_80PER_4_8C_NEWSTRUCTURE,150,25,175,0.997603619104317,0.9975274540461369,0.997630725138876,0.6690820536720826,0.3309179463279174,0.9975616283040613,21-30,4.199080025579782e-05,0.0010819419350923676,0.9964796863689689,0.9986435702391536
46,4_8C_80PER_4_8C_NEWSTRUCTURE,150,26,176,0.99761567530866,0.9974977128191328,0.9976075446224926,0.6690820536720826,0.3309179463279174,0.997534058133942,21-30,8.161717471799612e-05,0.0010819419350923676,0.9964521161988497,0.9986160000690344
46,4_8C_80PER_4_8C_NEWSTRUCTURE,150,27,177,0.997652030839584,0.9974677908282508,0.9975843641061092,0.6690820536720826,0.3309179463279174,0.9975063670179564,21-30,0.00014566382162761737,0.0010819419350923676,0.996424425082864,0.9985883089530487
46,4_8C_80PER_4_8C_NEWSTRUCTURE,150,28,178,0.997598105026362,0.9974376880054028,0.9975611835897256,0.6690820536720826,0.3309179463279174,0.9974785549105476,21-30,0.00011955011581443742,0.0010819419350923676,0.9963966129754552,0.99856049684564
46,4_8C_80PER_4_8C_NEWSTRUCTURE,150,29,179,0.997484272027223,0.9974074042828605,0.9975380030733422,0.6690820536720826,0.3309179463279174,0.9974506217663996,21-30,3.365026082335909e-05,0.0010819419350923676,0.9963686798313073,0.998532563701492
46,4_8C_80PER_4_8C_NEWSTRUCTURE,150,30,180,0.9974797859977,0.9973769395932486,0.9975148225569588,0.6690820536720826,0.3309179463279174,0.9974225675404332,21-30,5.721845726680552e-05,0.0010819419350923676,0.9963406256053409,0.9985045094755256
46,4_8C_80PER_4_8C_NEWSTRUCTURE,150,31,181,0.99748212247141,0.9973462938695432,0.9974916420405752,0.6690820536720826,0.3309179463279174,0.9973943921878036,31-40,8.773028360642421e-05,0.001287928048889997,0.9961064641389136,0.9986823202366936
46,4_8C_80PER_4_8C_NEWSTRUCTURE,150,32,182,0.997470627020758,0.9973154670450664,0.9974684615241916,0.6690820536720826,0.3309179463279174,0.997366095663898,31-40,0.0001045313568599493,0.001287928048889997,0.996078167615008,0.998654023712788
46,4_8C_80PER_4_8C_NEWSTRUCTURE,150,33,183,0.99751287046543,0.9972844590534838,0.9974452810078084,0.6690820536720826,0.3309179463279174,0.9973376779243334,31-40,0.00017519254109665816,0.001287928048889997,0.9960497498754434,0.9986256059732234
46,4_8C_80PER_4_8C_NEWSTRUCTURE,150,34,184,0.997390626160935,0.9972532698288004,0.9974221004914248,0.6690820536720826,0.3309179463279174,0.9973091389249532,31-40,8.148723598178087e-05,0.001287928048889997,0.9960212108760632,0.9985970669738432
46,4_8C_80PER_4_8C_NEWSTRUCTURE,150,35,185,0.997361840804831,0.9972218993053564,0.9973989199750412,0.6690820536720826,0.3309179463279174,0.997280478621826,31-40,8.136218300502929e-05,0.001287928048889997,0.995992550572936,0.998568406670716
46,4_8C_80PER_4_8C_NEWSTRUCTURE,150,36,186,0.997254830308924,0.9971903474178254,0.9973757394586578,0.6690820536720826,0.3309179463279174,0.9972516969712432,31-40,3.1333376808717617e-06,0.001287928048889997,0.9959637689223532,0.9985396250201332
46,4_8C_80PER_4_8C_NEWSTRUCTURE,150,37,187,0.997176698628069,0.9971586141012088,0.9973525589422744,0.6690820536720826,0.3309179463279174,0.9972227939297152,31-40,4.609530164623177e-05,0.001287928048889997,0.9959348658808252,0.9985107219786052
46,4_8C_80PER_4_8C_NEWSTRUCTURE,150,38,188,0.9971284738107,0.9971266992908334,0.9973293784258908,0.6690820536720826,0.3309179463279174,0.99719376945397,31-40,6.529564326995807e-05,0.001287928048889997,0.99590584140508,0.99848169750286
46,4_8C_80PER_4_8C_NEWSTRUCTURE,150,39,189,0.997088566839737,0.997094602922349,0.9973061979095074,0.6690820536720826,0.3309179463279174,0.9971646235009528,31-40,7.605666121579535e-05,0.001287928048889997,0.9958766954520628,0.9984525515498428
46,4_8C_80PER_4_8C_NEWSTRUCTURE,150,40,190,0.997085576153389,0.9970623249317232,0.997283017393124,0.6690820536720826,0.3309179463279174,0.99713535602782,31-40,4.9779874430999627e-05,0.001287928048889997,0.99584742797893,0.99842328407671
46,4_8C_80PER_4_8C_NEWSTRUCTURE,150,41,191,0.996978285280636,0.9970298652552398,0.9972598368767404,0.6690820536720826,0.3309179463279174,0.9971059669919404,41-50,0.00012768171130439487,0.0014857516834847484,0.9956202153084557,0.9985917186754252
46,4_8C_80PER_4_8C_NEWSTRUCTURE,150,42,192,0.996789217828042,0.9969972238294944,0.997236656360357,0.6690820536720826,0.3309179463279174,0.9970764563508916,41-50,0.0002872385228496199,0.0014857516834847484,0.9955907046674068,0.9985622080343763
46,4_8C_80PER_4_8C_NEWSTRUCTURE,150,43,193,0.996743236025434,0.996964400591392,0.9972134758439736,0.6690820536720826,0.3309179463279174,0.9970468240624576,41-50,0.0003035880370235722,0.0014857516834847484,0.9955610723789728,0.9985325757459423
46,4_8C_80PER_4_8C_NEWSTRUCTURE,150,44,194,0.997016136154734,0.9969313954781434,0.99719029532759,0.6690820536720826,0.3309179463279174,0.9970170700846268,41-50,9.339298928656703e-07,0.0014857516834847484,0.9955313184011421,0.9985028217681116
46,4_8C_80PER_4_8C_NEWSTRUCTURE,150,45,195,0.997185203392373,0.9968982084272624,0.9971671148112063,0.6690820536720826,0.3309179463279174,0.9969871943755916,41-50,0.0001980090167814641,0.0014857516834847484,0.9955014426921068,0.9984729460590763
46,4_8C_80PER_4_8C_NEWSTRUCTURE,150,46,196,0.997160343312101,0.9968648393765634,0.9971439342948232,0.6690820536720826,0.3309179463279174,0.9969571968937444,41-50,0.0002031464183566145,0.0014857516834847484,0.9954714452102597,0.9984429485772292
46,4_8C_80PER_4_8C_NEWSTRUCTURE,150,47,197,0.997132772922326,0.996831288264157,0.9971207537784396,0.6690820536720826,0.3309179463279174,0.9969270775976762,41-50,0.00020569532464986828,0.0014857516834847484,0.9954413259141914,0.9984128292811609
46,4_8C_80PER_4_8C_NEWSTRUCTURE,150,48,198,0.997126604631732,0.996797555028448,0.997097573262056,0.6690820536720826,0.3309179463279174,0.9968968364461746,41-50,0.00022976818555742184,0.0014857516834847484,0.9954110847626898,0.9983825881296593
46,4_8C_80PER_4_8C_NEWSTRUCTURE,150,49,199,0.997089688347118,0.9967636396081332,0.9970743927456726,0.6690820536720826,0.3309179463279174,0.9968664733982228,41-50,0.00022321494889521176,0.0014857516834847484,0.995380721714738,0.9983522250817075
46,4_8C_80PER_4_8C_NEWSTRUCTURE,150,50,200,0.996955200920384,0.9967295419421964,0.9970512122292892,0.6690820536720826,0.3309179463279174,0.996835988412996,41-50,0.00011921250738800016,0.0014857516834847484,0.9953502367295113,0.9983217400964808
47,5C_67PER_4C_NEWSTRUCTURE,150,1,151,0.998198044597488,0.9981428534979936,0.9982196832201236,0.6613240668100306,0.3386759331899693,0.9981688738758328,1-10,2.9170721655202847e-05,0.001025357785885861,0.9971435160899469,0.9991942316617186
47,5C_67PER_4C_NEWSTRUCTURE,150,2,152,0.998212578749951,0.9981160761351708,0.9981999648351984,0.6613240668100306,0.3386759331899693,0.9981444872189368,1-10,6.809153101416943e-05,0.001025357785885861,0.9971191294330509,0.9991698450048226
47,5C_67PER_4C_NEWSTRUCTURE,150,3,153,0.998165715425022,0.9980891026776516,0.9981802464502734,0.6613240668100306,0.3386759331899693,0.9981199708798988,1-10,4.5744545123183045e-05,0.001025357785885861,0.9970946130940129,0.9991453286657846
47,5C_67PER_4C_NEWSTRUCTURE,150,4,154,0.998103852109409,0.9980619329851488,0.9981605280653484,0.6613240668100306,0.3386759331899693,0.9980953247659432,1-10,8.527343465791759e-06,0.001025357785885861,0.9970699669800573,0.9991206825518291
47,5C_67PER_4C_NEWSTRUCTURE,150,5,155,0.998144752705122,0.9980345669181884,0.9981408096804232,0.6613240668100306,0.3386759331899693,0.9980705487848328,1-10,7.420392028922862e-05,0.001025357785885861,0.997045190998947,0.9990959065707187
47,5C_67PER_4C_NEWSTRUCTURE,150,6,156,0.998009007447821,0.9980070043381026,0.998121091295498,0.6613240668100306,0.3386759331899693,0.9980456428448634,1-10,3.663539704246155e-05,0.001025357785885861,0.9970202850589776,0.9990710006307493
47,5C_67PER_4C_NEWSTRUCTURE,150,7,157,0.998054939096311,0.9979792451070176,0.998101372910573,0.6613240668100306,0.3386759331899693,0.9980206068548552,1-10,3.4332241455881096e-05,0.001025357785885861,0.9969952490689693,0.999045964640741
47,5C_67PER_4C_NEWSTRUCTURE,150,8,158,0.997866181449577,0.997951289087845,0.998081654525648,0.6613240668100306,0.3386759331899693,0.9979954407241488,1-10,0.00012925927457185793,0.001025357785885861,0.996970082938263,0.9990207985100347
47,5C_67PER_4C_NEWSTRUCTURE,150,9,159,0.997865342940781,0.997923136144272,0.9980619361407228,0.6613240668100306,0.3386759331899693,0.9979701443625968,1-10,0.00010480142181579222,0.001025357785885861,0.9969447865767109,0.9989955021484827
47,5C_67PER_4C_NEWSTRUCTURE,150,10,160,0.997888821187067,0.997894786140752,0.9980422177557976,0.6613240668100306,0.3386759331899693,0.9979447176805594,1-10,5.589649349235781e-05,0.001025357785885861,0.9969193598946735,0.9989700754664452
47,5C_67PER_4C_NEWSTRUCTURE,150,11,161,0.997762579029454,0.9978662389424968,0.9980224993708726,0.6613240668100306,0.3386759331899693,0.9979191605888976,11-20,0.00015658155944364704,0.0012867152290459982,0.9966324453598516,0.9992058758179436
47,5C_67PER_4C_NEWSTRUCTURE,150,12,162,0.997807579001504,0.9978374944154658,0.9980027809859476,0.6613240668100306,0.3386759331899693,0.9978934729989676,11-20,8.589399746361526e-05,0.0012867152290459982,0.9966067577699216,0.9991801882280136
47,5C_67PER_4C_NEWSTRUCTURE,150,13,163,0.997688044914258,0.9978085524263584,0.9979830626010224,0.6613240668100306,0.3386759331899693,0.9978676548226136,11-20,0.00017960990835563795,0.0012867152290459982,0.9965809395935676,0.9991543700516596
47,5C_67PER_4C_NEWSTRUCTURE,150,14,164,0.997649100839068,0.9977794128426052,0.9979633442160974,0.6613240668100306,0.3386759331899693,0.9978417059721656,11-20,0.00019260513309760086,0.0012867152290459982,0.9965549907431196,0.9991284212012116
47,5C_67PER_4C_NEWSTRUCTURE,150,15,165,0.997654411394776,0.9977500755323592,0.9979436258311724,0.6613240668100306,0.3386759331899693,0.997815626360429,11-20,0.00016121496565302262,0.0012867152290459982,0.996528911131383,0.999102341589475
47,5C_67PER_4C_NEWSTRUCTURE,150,16,166,0.997509722043651,0.997720540364488,0.9979239074462471,0.6613240668100306,0.3386759331899693,0.9977894159006828,11-20,0.00027969385703185967,0.0012867152290459982,0.9965027006716368,0.9990761311297288
47,5C_67PER_4C_NEWSTRUCTURE,150,17,167,0.997592641246807,0.9976908072085652,0.9979041890613222,0.6613240668100306,0.3386759331899693,0.9977630745066736,11-20,0.00017043325986654256,0.0012867152290459982,0.9964763592776276,0.9990497897357196
47,5C_67PER_4C_NEWSTRUCTURE,150,18,168,0.997567485982928,0.9976608759348627,0.9978844706763972,0.6613240668100306,0.3386759331899693,0.9977366020926084,11-20,0.00016911610968040058,0.0012867152290459982,0.9964498868635624,0.9990233173216544
47,5C_67PER_4C_NEWSTRUCTURE,150,19,169,0.997619100857701,0.9976307464143428,0.997864752291472,0.6613240668100306,0.3386759331899693,0.9977099985731516,11-20,9.089771545056635e-05,0.0012867152290459982,0.9964232833441056,0.9989967138021976
47,5C_67PER_4C_NEWSTRUCTURE,150,20,170,0.997639504571736,0.9976004185186498,0.9978450339065468,0.6613240668100306,0.3386759331899693,0.9976832638634184,11-20,4.375929168243253e-05,0.0012867152290459982,0.9963965486343724,0.9989699790924644
47,5C_67PER_4C_NEWSTRUCTURE,150,21,171,0.99767761013813,0.9975698921201032,0.9978253155216218,0.6613240668100306,0.3386759331899693,0.997656397878971,21-30,2.1212259159075764e-05,0.0010819419350923676,0.9965744559438786,0.9987383398140633
47,5C_67PER_4C_NEWSTRUCTURE,150,22,172,0.997570001509316,0.99753916709169,0.9978055971366968,0.6613240668100306,0.3386759331899693,0.9976294005358126,21-30,5.939902649665374e-05,0.0010819419350923676,0.9965474586007202,0.998711342470905
47,5C_67PER_4C_NEWSTRUCTURE,150,23,173,0.997547920777689,0.9975082433070572,0.9977858787517716,0.6613240668100306,0.3386759331899693,0.9976022717503824,21-30,5.435097269346212e-05,0.0010819419350923676,0.99652032981529,0.9986842136854748
47,5C_67PER_4C_NEWSTRUCTURE,150,24,174,0.997446833883954,0.9974771206405044,0.9977661603668464,0.6613240668100306,0.3386759331899693,0.9975750114395524,21-30,0.0001281775555983522,0.0010819419350923676,0.99649306950446,0.9986569533746448
47,5C_67PER_4C_NEWSTRUCTURE,150,25,175,0.997582485973611,0.9974457989669776,0.9977464419819214,0.6613240668100306,0.3386759331899693,0.9975476195206208,21-30,3.4866452990223173e-05,0.0010819419350923676,0.9964656775855284,0.9986295614557131
47,5C_67PER_4C_NEWSTRUCTURE,150,26,176,0.997544194071929,0.9974142781620604,0.9977267235969964,0.6613240668100306,0.3386759331899693,0.9975200959113084,21-30,2.4098160620544817e-05,0.0010819419350923676,0.996438153976216,0.9986020378464008
47,5C_67PER_4C_NEWSTRUCTURE,150,27,177,0.997438355628351,0.9973825581019692,0.9977070052120712,0.6613240668100306,0.3386759331899693,0.9974924405297536,21-30,5.408490140257349e-05,0.0010819419350923676,0.9964104985946612,0.998574382464846
47,5C_67PER_4C_NEWSTRUCTURE,150,28,178,0.997446181710446,0.9973506386635448,0.997687286827146,0.6613240668100306,0.3386759331899693,0.9974646532945092,21-30,1.8471584063206592e-05,0.0010819419350923676,0.9963827113594168,0.9985465952296015
47,5C_67PER_4C_NEWSTRUCTURE,150,29,179,0.997372765606978,0.9973185197242466,0.997667568442221,0.6613240668100306,0.3386759331899693,0.9974367341245354,21-30,6.396851755741118e-05,0.0010819419350923676,0.996354792189443,0.9985186760596277
47,5C_67PER_4C_NEWSTRUCTURE,150,30,180,0.9974073308029,0.997286201162146,0.997647850057296,0.6613240668100306,0.3386759331899693,0.997408682939198,21-30,1.352136298038431e-06,0.0010819419350923676,0.9963267410041057,0.9984906248742904
47,5C_67PER_4C_NEWSTRUCTURE,150,31,181,0.997529566751822,0.9972536828559196,0.9976281316723709,0.6613240668100306,0.3386759331899693,0.9973804996582633,31-40,0.00014906709355877457,0.001287928048889997,0.9960925716093733,0.9986684277071533
47,5C_67PER_4C_NEWSTRUCTURE,150,32,182,0.997263479960571,0.997220964684843,0.9976084132874458,0.6613240668100306,0.3386759331899693,0.9973521842018926,31-40,8.870424132167987e-05,0.001287928048889997,0.9960642561530026,0.9986401122507826
47,5C_67PER_4C_NEWSTRUCTURE,150,33,183,0.99729143025377,0.9971880465287848,0.9975886949025208,0.6613240668100306,0.3386759331899693,0.9973237364906408,31-40,3.230623687078271e-05,0.001287928048889997,0.9960358084417508,0.9986116645395308
47,5C_67PER_4C_NEWSTRUCTURE,150,34,184,0.997369597907082,0.9971549282682,0.9975689765175956,0.6613240668100306,0.3386759331899693,0.9972951564454496,31-40,7.444146163237964e-05,0.001287928048889997,0.9960072283965596,0.9985830844943396
47,5C_67PER_4C_NEWSTRUCTURE,150,35,185,0.997291523421414,0.9971216097841242,0.9975492581326706,0.6613240668100306,0.3386759331899693,0.9972664439876452,31-40,2.507943376883759e-05,0.001287928048889997,0.9959785159387552,0.9985543720365352
47,5C_67PER_4C_NEWSTRUCTURE,150,36,186,0.997205063847786,0.997088090958168,0.9975295397477456,0.6613240668100306,0.3386759331899693,0.9972375990389338,31-40,3.253519114787551e-05,0.001287928048889997,0.9959496709900438,0.9985255270878238
47,5C_67PER_4C_NEWSTRUCTURE,150,37,187,0.997039039106187,0.9970543716725104,0.9975098213628204,0.6613240668100306,0.3386759331899693,0.9972086215213972,31-40,0.00016958241521025652,0.001287928048889997,0.9959206934725072,0.9984965495702872
47,5C_67PER_4C_NEWSTRUCTURE,150,38,188,0.997120560794683,0.9970204518098936,0.9974901029778952,0.6613240668100306,0.3386759331899693,0.9971795113574904,31-40,5.895056280735833e-05,0.001287928048889997,0.9958915833086004,0.9984674394063804
47,5C_67PER_4C_NEWSTRUCTURE,150,39,189,0.996948945994444,0.9969863312536174,0.9974703845929702,0.6613240668100306,0.3386759331899693,0.9971502684700364,31-40,0.00020132247559245808,0.001287928048889997,0.9958623404211464,0.9984381965189264
47,5C_67PER_4C_NEWSTRUCTURE,150,40,190,0.996917268995485,0.9969520098875326,0.9974506662080452,0.6613240668100306,0.3386759331899693,0.9971208927822234,31-40,0.00020362378673832726,0.001287928048889997,0.9958329647333334,0.9984088208311134
47,5C_67PER_4C_NEWSTRUCTURE,150,41,191,0.996915032972029,0.996917487596037,0.99743094782312,0.6613240668100306,0.3386759331899693,0.9970913842176004,41-50,0.00017635124557136006,0.0014857516834847484,0.9956056325341156,0.9985771359010851
47,5C_67PER_4C_NEWSTRUCTURE,150,42,192,0.99681571626353,0.9968827642640689,0.9974112294381948,0.6613240668100306,0.3386759331899693,0.9970617427000744,41-50,0.0002460264365443665,0.0014857516834847484,0.9955759910165897,0.9985474943835592
47,5C_67PER_4C_NEWSTRUCTURE,150,43,193,0.996674287779945,0.996847839777102,0.9973915110532698,0.6613240668100306,0.3386759331899693,0.9970319681539068,41-50,0.0003576803739617773,0.0014857516834847484,0.9955462164704221,0.9985177198373916
47,5C_67PER_4C_NEWSTRUCTURE,150,44,194,0.996685840567801,0.9968127140211402,0.9973717926683447,0.6613240668100306,0.3386759331899693,0.9970020605037088,41-50,0.0003162199359078022,0.0014857516834847484,0.995516308820224,0.9984878121871935
47,5C_67PER_4C_NEWSTRUCTURE,150,45,195,0.996595561120769,0.996777386882713,0.9973520742834197,0.6613240668100306,0.3386759331899693,0.9969720196744398,41-50,0.00037645855367085534,0.0014857516834847484,0.9954862679909551,0.9984577713579246
47,5C_67PER_4C_NEWSTRUCTURE,150,46,196,0.996515064276358,0.996741858248869,0.9973323558984946,0.6613240668100306,0.3386759331899693,0.9969418455914024,41-50,0.00042678131504436667,0.0014857516834847484,0.9954560939079177,0.9984275972748872
47,5C_67PER_4C_NEWSTRUCTURE,150,47,197,0.996440157490585,0.9967061280071722,0.9973126375135696,0.6613240668100306,0.3386759331899693,0.99691153818024,41-50,0.000471380689655021,0.0014857516834847484,0.9954257864967553,0.9983972898637248
47,5C_67PER_4C_NEWSTRUCTURE,150,48,198,0.996450126428493,0.9966701960456964,0.9972929191286444,0.6613240668100306,0.3386759331899693,0.9968810973669326,41-50,0.0004309709384396898,0.0014857516834847484,0.9953953456834479,0.9983668490504174
47,5C_67PER_4C_NEWSTRUCTURE,150,49,199,0.996493076712375,0.9966340622530204,0.9972732007437192,0.6613240668100306,0.3386759331899693,0.9968505230777956,41-50,0.0003574463654206772,0.0014857516834847484,0.9953647713943109,0.9983362747612804
47,5C_67PER_4C_NEWSTRUCTURE,150,50,200,0.996557735057307,0.9965977265182232,0.9972534823587942,0.6613240668100306,0.3386759331899693,0.9968198152394734,41-50,0.00026208018216633544,0.0014857516834847484,0.9953340635559886,0.9983055669229581
48,5_3C_54PER_4C_NEWSTRUCTURE,150,1,151,0.998181589449867,0.998142530185884,0.9981460318605608,0.6678770802419278,0.3321229197580722,0.9981436931723018,1-10,3.7896277565230285e-05,0.001025357785885861,0.9971183353864159,0.9991690509581876
48,5_3C_54PER_4C_NEWSTRUCTURE,150,2,152,0.998156913149386,0.9981234433450532,0.9981273707175516,0.6678770802419278,0.3321229197580722,0.9981247477154744,1-10,3.216543391160176e-05,0.001025357785885861,0.9970993899295886,0.9991501055013603
48,5_3C_54PER_4C_NEWSTRUCTURE,150,3,153,0.998183638048397,0.9981043326877956,0.9981087095745425,0.6678770802419278,0.3321229197580722,0.9981057863522014,1-10,7.785169619567434e-05,0.001025357785885861,0.9970804285663155,0.9991311441380872
48,5_3C_54PER_4C_NEWSTRUCTURE,150,4,154,0.998096200138392,0.9980851983403496,0.9980900484315332,0.6678770802419278,0.3321229197580722,0.9980868091667944,1-10,9.39097159757818e-06,0.001025357785885861,0.9970614513809085,0.9991121669526802
48,5_3C_54PER_4C_NEWSTRUCTURE,150,5,155,0.998138568880727,0.9980660404274668,0.998071387288524,0.6678770802419278,0.3321229197580722,0.9980678162425728,1-10,7.075263815425892e-05,0.001025357785885861,0.9970424584566869,0.9990931740284587
48,5_3C_54PER_4C_NEWSTRUCTURE,150,6,156,0.99802105381957,0.9980468590724428,0.9980527261455148,0.6678770802419278,0.3321229197580722,0.998048807661882,1-10,2.7753842312017163e-05,0.001025357785885861,0.9970234498759961,0.9990741654477678
48,5_3C_54PER_4C_NEWSTRUCTURE,150,7,157,0.997944138256562,0.99802765439714,0.9980340650025056,0.6678770802419278,0.3321229197580722,0.9980297835061114,1-10,8.564524954934871e-05,0.001025357785885861,0.9970044257202255,0.9990551412919972
48,5_3C_54PER_4C_NEWSTRUCTURE,150,8,158,0.997892271466496,0.9980084265220154,0.9980154038594964,0.6678770802419278,0.3321229197580722,0.9980107438557118,1-10,0.00011847238921580683,0.001025357785885861,0.9969853860698259,0.9990361016415976
48,5_3C_54PER_4C_NEWSTRUCTURE,150,9,159,0.997833234581572,0.9979891755661444,0.9979967427164872,0.6678770802419278,0.3321229197580722,0.9979916887902104,1-10,0.0001584542086383589,0.001025357785885861,0.9969663310043245,0.9990170465760962
48,5_3C_54PER_4C_NEWSTRUCTURE,150,10,160,0.99777773618502,0.997969901647246,0.997978081573478,0.6678770802419278,0.3321229197580722,0.9979726183882296,1-10,0.00019488220320962313,0.001025357785885861,0.9969472606023437,0.9989979761741155
48,5_3C_54PER_4C_NEWSTRUCTURE,150,11,161,0.997715160811726,0.997950604881706,0.9979594204304688,0.6678770802419278,0.3321229197580722,0.9979535327275004,11-20,0.00023837191577447125,0.0012867152290459982,0.9966668174984544,0.9992402479565464
48,5_3C_54PER_4C_NEWSTRUCTURE,150,12,162,0.997681917644663,0.9979312853846012,0.9979407592874596,0.6678770802419278,0.3321229197580722,0.99793443188488,11-20,0.0002525142402169944,0.0012867152290459982,0.996647716655834,0.999221147113926
48,5_3C_54PER_4C_NEWSTRUCTURE,150,13,163,0.997706687063259,0.9979119432697212,0.9979220981444504,0.6678770802419278,0.3321229197580722,0.997915315936366,11-20,0.00020862887310690859,0.0012867152290459982,0.99662860070732,0.999202031165412
48,5_3C_54PER_4C_NEWSTRUCTURE,150,14,164,0.997610216696097,0.9978925786495912,0.9979034370014414,0.6678770802419278,0.3321229197580722,0.9978961849571114,11-20,0.0002859682610144576,0.0012867152290459982,0.9966094697280654,0.9991829001861574
48,5_3C_54PER_4C_NEWSTRUCTURE,150,15,165,0.997652026729741,0.997873191635493,0.9978847758584322,0.6678770802419278,0.3321229197580722,0.9978770390214386,11-20,0.00022501229169769044,0.0012867152290459982,0.9965903237923927,0.9991637542504846
48,5_3C_54PER_4C_NEWSTRUCTURE,150,16,166,0.997648581359485,0.997853782337487,0.997866114715423,0.6678770802419278,0.3321229197580722,0.9978578782028548,11-20,0.00020929684336978838,0.0012867152290459982,0.9965711629738088,0.9991445934319008
48,5_3C_54PER_4C_NEWSTRUCTURE,150,17,167,0.997593269199163,0.9978343508644326,0.9978474535724138,0.6678770802419278,0.3321229197580722,0.997838702574064,11-20,0.00024543337490101624,0.0012867152290459982,0.996551987345018,0.99912541780311
48,5_3C_54PER_4C_NEWSTRUCTURE,150,18,168,0.997635451705267,0.997814897324008,0.9978287924294046,0.6678770802419278,0.3321229197580722,0.9978195122069826,11-20,0.0001840605017155994,0.0012867152290459982,0.9965327969779366,0.9991062274360286
48,5_3C_54PER_4C_NEWSTRUCTURE,150,19,169,0.997718606181981,0.9977954218227308,0.9978101312863954,0.6678770802419278,0.3321229197580722,0.9978003071727513,11-20,8.170099077020598e-05,0.0012867152290459982,0.9965135919437053,0.9990870224017973
48,5_3C_54PER_4C_NEWSTRUCTURE,150,20,170,0.997709108134249,0.9977759244659764,0.9977914701433862,0.6678770802419278,0.3321229197580722,0.9977810875417474,11-20,7.19794074984792e-05,0.0012867152290459982,0.9964943723127014,0.9990678027707934
48,5_3C_54PER_4C_NEWSTRUCTURE,150,21,171,0.997732015190544,0.9977564053579976,0.997772809000377,0.6678770802419278,0.3321229197580722,0.9977618533835992,21-30,2.9838193055242712e-05,0.0010819419350923676,0.9966799114485069,0.9988437953186916
48,5_3C_54PER_4C_NEWSTRUCTURE,150,22,172,0.997742444419427,0.9977368646019424,0.9977541478573678,0.6678770802419278,0.3321229197580722,0.9977426047671972,21-30,1.6034777017281954e-07,0.0010819419350923676,0.9966606628321049,0.9988245467022896
48,5_3C_54PER_4C_NEWSTRUCTURE,150,23,173,0.997677820447602,0.9977173022998732,0.9977354867143586,0.6678770802419278,0.3321229197580722,0.9977233417607062,21-30,4.5521313104202044e-05,0.0010819419350923676,0.9966413998256138,0.9988052836957986
48,5_3C_54PER_4C_NEWSTRUCTURE,150,24,174,0.997707525126294,0.9976977185527834,0.9977168255713494,0.6678770802419278,0.3321229197580722,0.9977040644315774,21-30,3.460694716572732e-06,0.0010819419350923676,0.9966221224964851,0.9987860063666698
48,5_3C_54PER_4C_NEWSTRUCTURE,150,25,175,0.997716278229106,0.9976781134606144,0.9976981644283404,0.6678770802419278,0.3321229197580722,0.9976847728465597,21-30,3.15053825463707e-05,0.0010819419350923676,0.9966028309114673,0.998766714781652
48,5_3C_54PER_4C_NEWSTRUCTURE,150,26,176,0.9976251155945,0.997658487122274,0.9976795032853312,0.6678770802419278,0.3321229197580722,0.9976654670717108,21-30,4.035147721082044e-05,0.0010819419350923676,0.9965835251366184,0.9987474090068031
48,5_3C_54PER_4C_NEWSTRUCTURE,150,27,177,0.997574366221813,0.997638839635651,0.997660842142322,0.6678770802419278,0.3321229197580722,0.9976461471724084,21-30,7.178095059545697e-05,0.0010819419350923676,0.996564205237316,0.9987280891075008
48,5_3C_54PER_4C_NEWSTRUCTURE,150,28,178,0.997636196650188,0.9976191710976334,0.9976421809993128,0.6678770802419278,0.3321229197580722,0.9976268132133626,21-30,9.383436825438629e-06,0.0010819419350923676,0.9965448712782702,0.9987087551484549
48,5_3C_54PER_4C_NEWSTRUCTURE,150,29,179,0.997614034538812,0.9975994816041226,0.9976235198563036,0.6678770802419278,0.3321229197580722,0.9976074652586228,21-30,6.569280189272497e-06,0.0010819419350923676,0.9965255233235304,0.9986894071937151
48,5_3C_54PER_4C_NEWSTRUCTURE,150,30,180,0.997578277182644,0.9975797712500496,0.9976048587132944,0.6678770802419278,0.3321229197580722,0.997588103371592,21-30,9.826188947958947e-06,0.0010819419350923676,0.9965061614364996,0.9986700453066844
48,5_3C_54PER_4C_NEWSTRUCTURE,150,31,181,0.997513001384015,0.99756004012939,0.9975861975702852,0.6678770802419278,0.3321229197580722,0.9975687276150336,31-40,5.5726231018571326e-05,0.001287928048889997,0.9962807995661436,0.9988566556639236
48,5_3C_54PER_4C_NEWSTRUCTURE,150,32,182,0.997505365698583,0.9975402883351792,0.997567536427276,0.6678770802419278,0.3321229197580722,0.9975493380510844,31-40,4.3972352501420175e-05,0.001287928048889997,0.9962614100021944,0.9988372660999744
48,5_3C_54PER_4C_NEWSTRUCTURE,150,33,183,0.99749456399724,0.9975205159595264,0.9975488752842668,0.6678770802419278,0.3321229197580722,0.9975299347412616,31-40,3.537074402160112e-05,0.001287928048889997,0.9962420066923716,0.9988178627901516
48,5_3C_54PER_4C_NEWSTRUCTURE,150,34,184,0.997467932216344,0.997500723093629,0.9975302141412576,0.6678770802419278,0.3321229197580722,0.997510517746474,31-40,4.2585530130034854e-05,0.001287928048889997,0.996222589697584,0.998798445795364
48,5_3C_54PER_4C_NEWSTRUCTURE,150,35,185,0.997490559918294,0.9974809098277866,0.9975115529982485,0.6678770802419278,0.3321229197580722,0.997491087127031,31-40,5.272087370000733e-07,0.001287928048889997,0.996203159078141,0.998779015175921
48,5_3C_54PER_4C_NEWSTRUCTURE,150,36,186,0.997412899410367,0.9974610762514148,0.9974928918552391,0.6678770802419278,0.3321229197580722,0.9974716429426508,31-40,5.874353228374485e-05,0.001287928048889997,0.9961837148937608,0.9987595709915408
48,5_3C_54PER_4C_NEWSTRUCTURE,150,37,187,0.997353117580523,0.9974412224530584,0.99747423071223,0.6678770802419278,0.3321229197580722,0.9974521852524706,31-40,9.906767194756139e-05,0.001287928048889997,0.9961642572035806,0.9987401133013606
48,5_3C_54PER_4C_NEWSTRUCTURE,150,38,188,0.997261210000997,0.9974213485204044,0.9974555695692208,0.6678770802419278,0.3321229197580722,0.9974327141150544,31-40,0.00017150411405741917,0.001287928048889997,0.9961447860661644,0.9987206421639444
48,5_3C_54PER_4C_NEWSTRUCTURE,150,39,189,0.997320619358381,0.9974014545402948,0.9974369084262116,0.6678770802419278,0.3321229197580722,0.9974132295884024,31-40,9.26102300213838e-05,0.001287928048889997,0.9961253015395124,0.9987011576372924
48,5_3C_54PER_4C_NEWSTRUCTURE,150,40,190,0.997244821212753,0.9973815405987396,0.9974182472832024,0.6678770802419278,0.3321229197580722,0.997393731729958,31-40,0.00014891051720500315,0.001287928048889997,0.996105803681068,0.998681659778848
48,5_3C_54PER_4C_NEWSTRUCTURE,150,41,191,0.997178334878629,0.9973616067809286,0.9973995861401932,0.6678770802419278,0.3321229197580722,0.997374220596618,41-50,0.00019588571798900833,0.0014857516834847484,0.9958884689131332,0.9988599722801027
48,5_3C_54PER_4C_NEWSTRUCTURE,150,42,192,0.99705486025811,0.9973416531712436,0.997380924997184,0.6678770802419278,0.3321229197580722,0.9973546962447392,41-50,0.0002998359866291933,0.0014857516834847484,0.9958689445612544,0.9988404479282239
48,5_3C_54PER_4C_NEWSTRUCTURE,150,43,193,0.996973475025582,0.9973216798532708,0.9973622638541748,0.6678770802419278,0.3321229197580722,0.9973351587301464,41-50,0.00036168370456446386,0.0014857516834847484,0.9958494070466617,0.9988209104136312
48,5_3C_54PER_4C_NEWSTRUCTURE,150,44,194,0.996981296947244,0.9973016869098116,0.9973436027111656,0.6678770802419278,0.3321229197580722,0.9973156081081412,41-50,0.000334311160897216,0.0014857516834847484,0.9958298564246565,0.998801359791626
48,5_3C_54PER_4C_NEWSTRUCTURE,150,45,195,0.996922539416665,0.9972816744228936,0.9973249415681564,0.6678770802419278,0.3321229197580722,0.997296044433508,41-50,0.0003735050168430787,0.0014857516834847484,0.9958102927500233,0.9987817961169928
48,5_3C_54PER_4C_NEWSTRUCTURE,150,46,196,0.99687868078449,0.997261642473784,0.9973062804251472,0.6678770802419278,0.3321229197580722,0.9972764677605228,41-50,0.0003977869760327657,0.0014857516834847484,0.9957907160770381,0.9987622194440076
48,5_3C_54PER_4C_NEWSTRUCTURE,150,47,197,0.99683156301829,0.9972415911429976,0.997287619282138,0.6678770802419278,0.3321229197580722,0.99725687814296,41-50,0.00042531512467003374,0.0014857516834847484,0.9957711264594753,0.9987426298264448
48,5_3C_54PER_4C_NEWSTRUCTURE,150,48,198,0.996923470597815,0.9972215205103095,0.9972689581391287,0.6678770802419278,0.3321229197580722,0.9972372756340994,41-50,0.0003138050362843092,0.0014857516834847484,0.9957515239506146,0.9987230273175841
48,5_3C_54PER_4C_NEWSTRUCTURE,150,49,199,0.996951312914207,0.997201430654765,0.9972502969961196,0.6678770802419278,0.3321229197580722,0.9972176602867336,41-50,0.0002663473725266208,0.0014857516834847484,0.9957319086032489,0.9987034119702184
48,5_3C_54PER_4C_NEWSTRUCTURE,150,50,200,0.996913786313853,0.9971813216546896,0.9972316358531104,0.6678770802419278,0.3321229197580722,0.9971980321531744,41-50,0.00028424583932140646,0.0014857516834847484,0.9957122804696896,0.9986837838366591
49,4_8C_80PER_4_8C_NEWSTRUCTURE,150,1,151,0.998301535231205,0.9982290216328102,0.9981871042867516,0.672784802228149,0.327215197771851,0.9982153056401296,1-10,8.622959107540407e-05,0.001025357785885861,0.9971899478542438,0.9992406634260155
49,4_8C_80PER_4_8C_NEWSTRUCTURE,150,2,152,0.998256765154927,0.9982143319775472,0.9981703884229972,0.672784802228149,0.327215197771851,0.9981999529786544,1-10,5.6812176272624804e-05,0.001025357785885861,0.9971745951927685,0.9992253107645402
49,4_8C_80PER_4_8C_NEWSTRUCTURE,150,3,153,0.998153141082542,0.9981996465778852,0.9981536725592433,0.672784802228149,0.327215197771851,0.9981846031802828,1-10,3.1462097740742045e-05,0.001025357785885861,0.9971592453943969,0.9992099609661687
49,4_8C_80PER_4_8C_NEWSTRUCTURE,150,4,154,0.998201828540495,0.998184965404788,0.9981369566954892,0.672784802228149,0.327215197771851,0.99816925622548,1-10,3.2572315014967046e-05,0.001025357785885861,0.9971438984395942,0.9991946140113659
49,4_8C_80PER_4_8C_NEWSTRUCTURE,150,5,155,0.998212927788572,0.9981702884296056,0.998120240831735,0.672784802228149,0.327215197771851,0.9981539120949704,1-10,5.901569360156067e-05,0.001025357785885861,0.9971285543090845,0.9991792698808563
49,4_8C_80PER_4_8C_NEWSTRUCTURE,150,6,156,0.998166199021457,0.9981556156240656,0.9981035249679808,0.672784802228149,0.327215197771851,0.9981385707697328,1-10,2.7628251724198805e-05,0.001025357785885861,0.9971132129838469,0.9991639285556186
49,4_8C_80PER_4_8C_NEWSTRUCTURE,150,7,157,0.998145306319194,0.9981409469602662,0.9980868091042268,0.672784802228149,0.327215197771851,0.9981232322309954,1-10,2.207408819854262e-05,0.001025357785885861,0.9970978744451096,0.9991485900168813
49,4_8C_80PER_4_8C_NEWSTRUCTURE,150,8,158,0.998016219265926,0.998126282410668,0.9980700932404728,0.672784802228149,0.327215197771851,0.99810789646023,1-10,9.167719430402954e-05,0.001025357785885861,0.9970825386743442,0.9991332542461159
49,4_8C_80PER_4_8C_NEWSTRUCTURE,150,9,159,0.997980309933911,0.998111621948089,0.9980533773767186,0.672784802228149,0.327215197771851,0.9980925634391488,1-10,0.00011225350523780264,0.001025357785885861,0.9970672056532629,0.9991179212250346
49,4_8C_80PER_4_8C_NEWSTRUCTURE,150,10,160,0.996894728855163,0.9980969655456956,0.9980366615129644,0.672784802228149,0.327215197771851,0.998077233149699,1-10,0.0011825042945360353,0.001025357785885861,0.9970518753638131,0.9991025909355848
49,4_8C_80PER_4_8C_NEWSTRUCTURE,150,11,161,0.997844134285232,0.9980823131769974,0.9980199456492104,0.672784802228149,0.327215197771851,0.998061905574058,11-20,0.0002177712888260519,0.0012867152290459982,0.996775190345012,0.999348620803104
49,4_8C_80PER_4_8C_NEWSTRUCTURE,150,12,162,0.997986279277415,0.9980676648158404,0.9980032297854564,0.672784802228149,0.327215197771851,0.99804658069463,11-20,6.030141721502513e-05,0.0012867152290459982,0.996759865465584,0.999333295923676
49,4_8C_80PER_4_8C_NEWSTRUCTURE,150,13,163,0.996741018259942,0.9980530204364,0.997986513921702,0.672784802228149,0.327215197771851,0.99803125849404,11-20,0.0012902402340979613,0.0012867152290459982,0.996744543264994,0.999317973723086
49,4_8C_80PER_4_8C_NEWSTRUCTURE,150,14,164,0.997874727170689,0.9980383800131764,0.997969798057948,0.672784802228149,0.327215197771851,0.9980159389551329,11-20,0.00014121178444381766,0.0012867152290459982,0.9967292237260869,0.9993026541841789
49,4_8C_80PER_4_8C_NEWSTRUCTURE,150,15,165,0.997851316151635,0.9980237435209868,0.997953082194194,0.672784802228149,0.327215197771851,0.9980006220609654,11-20,0.00014930590933037724,0.0012867152290459982,0.9967139068319194,0.9992873372900114
49,4_8C_80PER_4_8C_NEWSTRUCTURE,150,16,166,0.99772027040753,0.99800911093496,0.9979363663304398,0.672784802228149,0.327215197771851,0.9979853077948052,11-20,0.0002650373872752354,0.0012867152290459982,0.9966985925657592,0.9992720230238512
49,4_8C_80PER_4_8C_NEWSTRUCTURE,150,17,167,0.997877618571449,0.9979944822305324,0.9979196504666856,0.672784802228149,0.327215197771851,0.9979699961401256,11-20,9.237756867663816e-05,0.0012867152290459982,0.9966832809110796,0.9992567113691716
49,4_8C_80PER_4_8C_NEWSTRUCTURE,150,18,168,0.997899723796611,0.9979798573834396,0.9979029346029316,0.672784802228149,0.327215197771851,0.9979546870806024,11-20,5.496328399146044e-05,0.0012867152290459982,0.9966679718515564,0.9992414023096484
49,4_8C_80PER_4_8C_NEWSTRUCTURE,150,19,169,0.99795699218585,0.9979652363697128,0.9978862187391776,0.672784802228149,0.327215197771851,0.9979393806001098,11-20,1.7611585740207047e-05,0.0012867152290459982,0.9966526653710638,0.9992260958291558
49,4_8C_80PER_4_8C_NEWSTRUCTURE,150,20,170,0.997912688464533,0.9979506191656736,0.9978695028754232,0.672784802228149,0.327215197771851,0.9979240766827168,11-20,1.138821818380542e-05,0.0012867152290459982,0.9966373614536708,0.9992107919117628
49,4_8C_80PER_4_8C_NEWSTRUCTURE,150,21,171,0.997887038941665,0.997936005747928,0.9978527870116692,0.672784802228149,0.327215197771851,0.9979087753126848,21-30,2.173637101987591e-05,0.0010819419350923676,0.9968268333775925,0.9989907172477772
49,4_8C_80PER_4_8C_NEWSTRUCTURE,150,22,172,0.997957645082795,0.9979213960933612,0.9978360711479152,0.672784802228149,0.327215197771851,0.997893476474462,21-30,6.416860833302618e-05,0.0010819419350923676,0.9968115345393697,0.9989754184095544
49,4_8C_80PER_4_8C_NEWSTRUCTURE,150,23,173,0.997884800437851,0.9979067901791332,0.997819355284161,0.672784802228149,0.327215197771851,0.9978781801526828,21-30,6.620285168179585e-06,0.0010819419350923676,0.9967962382175904,0.9989601220877752
49,4_8C_80PER_4_8C_NEWSTRUCTURE,150,24,174,0.997675966686213,0.9978921879826744,0.9978026394204068,0.672784802228149,0.327215197771851,0.9978628863321618,21-30,0.00018691964594885757,0.0010819419350923676,0.9967809443970694,0.9989448282672542
49,4_8C_80PER_4_8C_NEWSTRUCTURE,150,25,175,0.997433089022405,0.9978775894816796,0.9977859235566529,0.672784802228149,0.327215197771851,0.997847594997893,21-30,0.00041450597548797763,0.0010819419350923676,0.9967656530628006,0.9989295369329854
49,4_8C_80PER_4_8C_NEWSTRUCTURE,150,26,176,0.997651063331284,0.9978629946541048,0.9977692076928988,0.672784802228149,0.327215197771851,0.9978323061350454,21-30,0.00018124280376141666,0.0010819419350923676,0.996750364199953,0.9989142480701377
49,4_8C_80PER_4_8C_NEWSTRUCTURE,150,27,177,0.997592955503114,0.9978484034781608,0.9977524918291446,0.672784802228149,0.327215197771851,0.9978170197289592,21-30,0.0002240642258451997,0.0010819419350923676,0.9967350777938668,0.9988989616640516
49,4_8C_80PER_4_8C_NEWSTRUCTURE,150,28,178,0.997684454346508,0.9978338159323116,0.9977357759653904,0.672784802228149,0.327215197771851,0.997801735765146,21-30,0.00011728141863798225,0.0010819419350923676,0.9967197938300536,0.9988836777002383
49,4_8C_80PER_4_8C_NEWSTRUCTURE,150,29,179,0.997778471506691,0.9978192319952672,0.9977190601016364,0.672784802228149,0.327215197771851,0.9977864542292816,21-30,7.982722590615943e-06,0.0010819419350923676,0.9967045122941892,0.998868396164374
49,4_8C_80PER_4_8C_NEWSTRUCTURE,150,30,180,0.997753568151762,0.9978046516459814,0.9977023442378824,0.672784802228149,0.327215197771851,0.9977711751072068,21-30,1.7606955444837702e-05,0.0010819419350923676,0.9966892331721144,0.9988531170422992
49,4_8C_80PER_4_8C_NEWSTRUCTURE,150,31,181,0.997591183354262,0.9977900748636466,0.997685628374128,0.672784802228149,0.327215197771851,0.9977558983849222,31-40,0.00016471503066017856,0.001287928048889997,0.9964679703360322,0.9990438264338122
49,4_8C_80PER_4_8C_NEWSTRUCTURE,150,32,182,0.997597152697765,0.99777550162769,0.997668912510374,0.672784802228149,0.327215197771851,0.9977406240485872,31-40,0.00014347135082215523,0.001287928048889997,0.9964526959996972,0.9990285520974772
49,4_8C_80PER_4_8C_NEWSTRUCTURE,150,33,183,0.997642016045036,0.9977609319177708,0.99765219664662,0.672784802228149,0.327215197771851,0.9977253520845164,31-40,8.333603948040835e-05,0.001287928048889997,0.9964374240356264,0.9990132801334064
49,4_8C_80PER_4_8C_NEWSTRUCTURE,150,34,184,0.997583068777936,0.997746365713774,0.9976354807828658,0.672784802228149,0.327215197771851,0.9977100824791768,31-40,0.0001270137012407968,0.001287928048889997,0.9964221544302868,0.9989980105280668
49,4_8C_80PER_4_8C_NEWSTRUCTURE,150,35,185,0.997393728663678,0.9977318029958092,0.9976187649191116,0.672784802228149,0.327215197771851,0.9976948152191868,31-40,0.00030108655550875607,0.001287928048889997,0.9964068871702968,0.9989827432680768
49,4_8C_80PER_4_8C_NEWSTRUCTURE,150,36,186,0.997417885850669,0.997717243744205,0.9976020490553577,0.672784802228149,0.327215197771851,0.9976795502913116,31-40,0.00026166444064257277,0.001287928048889997,0.9963916222424216,0.9989674783402016
49,4_8C_80PER_4_8C_NEWSTRUCTURE,150,37,187,0.996246308917071,0.9977026879395064,0.9975853331916036,0.672784802228149,0.327215197771851,0.997664287682462,31-40,0.0014179787653909592,0.001287928048889997,0.996376359633572,0.998952215731352
49,4_8C_80PER_4_8C_NEWSTRUCTURE,150,38,188,0.997437192946064,0.997688135562471,0.9975686173278492,0.672784802228149,0.327215197771851,0.997649027379692,31-40,0.0002118344336279332,0.001287928048889997,0.996361099330802,0.998936955428582
49,4_8C_80PER_4_8C_NEWSTRUCTURE,150,39,189,0.997389811282003,0.997673586594066,0.9975519014640952,0.672784802228149,0.327215197771851,0.9976337693701968,31-40,0.00024395808819377418,0.001287928048889997,0.9963458413213068,0.9989216974190868
49,4_8C_80PER_4_8C_NEWSTRUCTURE,150,40,190,0.997274528335588,0.9976590410154637,0.9975351856003412,0.672784802228149,0.327215197771851,0.9976185136413092,31-40,0.0003439853057211062,0.001287928048889997,0.9963305855924192,0.9989064416901992
49,4_8C_80PER_4_8C_NEWSTRUCTURE,150,41,191,0.997093302797654,0.9976444988080394,0.997518469736587,0.672784802228149,0.327215197771851,0.9976032601804992,41-50,0.0005099573828452053,0.0014857516834847484,0.9961175084970144,0.9990890118639839
49,4_8C_80PER_4_8C_NEWSTRUCTURE,150,42,192,0.996950504908526,0.9976299599533676,0.9975017538728328,0.672784802228149,0.327215197771851,0.99758800897537,41-50,0.0006375040668440413,0.0014857516834847484,0.9961022572918853,0.9990737606588548
49,4_8C_80PER_4_8C_NEWSTRUCTURE,150,43,193,0.997105148213669,0.9976154244332188,0.9974850380090788,0.672784802228149,0.327215197771851,0.997572760013657,41-50,0.0004676117999879992,0.0014857516834847484,0.9960870083301723,0.9990585116971418
49,4_8C_80PER_4_8C_NEWSTRUCTURE,150,44,194,0.997159898286118,0.997600892229557,0.9974683221453248,0.672784802228149,0.327215197771851,0.9975575132832264,41-50,0.00039761499710844195,0.0014857516834847484,0.9960717615997416,0.9990432649667111
49,4_8C_80PER_4_8C_NEWSTRUCTURE,150,45,195,0.997032117026741,0.9975863633245354,0.9974516062815706,0.672784802228149,0.327215197771851,0.9975422687720704,41-50,0.0005101517453294235,0.0014857516834847484,0.9960565170885857,0.9990280204555552
49,4_8C_80PER_4_8C_NEWSTRUCTURE,150,46,196,0.996841191305614,0.9975718377004952,0.9974348904178164,0.672784802228149,0.327215197771851,0.9975270264683092,41-50,0.0006858351626951587,0.0014857516834847484,0.9960412747848244,0.9990127781517939
49,4_8C_80PER_4_8C_NEWSTRUCTURE,150,47,197,0.996803603095739,0.9975573153399612,0.9974181745540625,0.672784802228149,0.327215197771851,0.9975117863601852,41-50,0.000708183264446216,0.0014857516834847484,0.9960260346767005,0.99899753804367
49,4_8C_80PER_4_8C_NEWSTRUCTURE,150,48,198,0.996931197813131,0.9975427962256392,0.9974014586903082,0.672784802228149,0.327215197771851,0.9974965484360634,41-50,0.0005653506229323924,0.0014857516834847484,0.9960107967525786,0.9989823001195481
49,4_8C_80PER_4_8C_NEWSTRUCTURE,150,49,199,0.995512172937104,0.9975282803404144,0.997384742826554,0.672784802228149,0.327215197771851,0.9974813126844287,41-50,0.0019691397473247108,0.0014857516834847484,0.995995561000944,0.9989670643679135
49,4_8C_80PER_4_8C_NEWSTRUCTURE,150,50,200,0.996944069210061,0.9975137676673472,0.9973680269628,0.672784802228149,0.327215197771851,0.9974660790938854,41-50,0.000522009883824448,0.0014857516834847484,0.9959803274104007,0.9989518307773702
